o,l,h,w,p,q
D288-999-999,6.1,8.66,2.36,0.95,700
D286-999-999,3.54,6.1,1.38,1.15,690
P1043-999-999,9.25,16.14,8.27,0.31,685
D284-999-999,9.06,12.8,2.77,7,426
D285-999-999,4.53,6.5,1.97,1.28,323
P1041-999-999,17.72,21.65,23.62,0.35,225
GH6-694-999,4.13,6.69,0.24,0.02,205
FN9-929-999,4.13,6.69,0.24,0.02,178
HF2-194-070,8.66,12.2,4.72,1.96,104
R08-001-060,4.33,11.02,4.53,0.93,95
FR1-399-060,9.06,12.6,4.92,1.9,91
HF2-001-060,8.66,12.2,4.72,1.87,81
ET3-339-055,8.27,11.81,4.53,1.74,81
GG5-001-005,12,14.63,0.26,0.4,81
GG5-031-005,12,14.63,0.26,0.4,77
P1055-999-999,1,1,1.01,1,68
ET3-339-065,8.27,11.81,4.53,1.83,67
HY2-001-070,8.27,11.81,4.53,2.07,59
GG5-194-006,12,14.63,0.26,0.14,53
ET3-339-070,8.27,11.81,4.53,1.83,48
GH5-925-999,4.13,6.69,0.24,0.03,46
FN8-A18-999,4.13,6.69,0.24,0.02,42
FN9-A38-999,4.13,6.69,0.24,0.02,40
GG5-001-004,12,14.63,0.26,0.4,40
SAS-906-999,7.48,4.92,0.16,0.03,37
ET3-339-060,8.27,11.81,4.53,1.74,37
IV9-090-060,9.06,11.81,4.72,2.65,37
JF7-A99-070,9.84,12.6,4.73,2,35
D289-999-999,1.06,11.94,2.09,0.26,35
SAK-910-999,7.48,4.92,0.16,0.03,34
DX7-090-070,9.06,11.61,4.72,1.06,32
GG8-399-006,12,14.63,0.26,0.14,32
DX7-090-060,9.06,11.61,4.72,0.99,31
E4T-090-060,8.27,11.81,4.53,1.68,30
SFC-011-999,4.25,6.1,0.16,0.04,30
GH4-A26-999,4.13,6.69,0.24,0.02,30
E4T-090-055,8.27,11.81,4.53,1.63,29
ET3-399-070,8.27,11.81,4.53,1.83,29
FW4-592-070,8.07,12.2,4.72,1.65,28
GG9-399-001,8,9.5,2.01,0.2,28
DX7-167-060,9.06,11.61,4.72,0.99,26
FH5-090-060,8.07,12.2,4.72,1.83,25
SFC-323-999,4.25,6.1,0.16,0.04,25
SAH-911-999,7.48,4.92,0.16,0.03,25
E5E-194-060,9.06,11.81,4.72,2.2,25
279-277-070,8.07,12.2,4.92,1.72,24
FC1-477-050,9.06,11.81,4.72,1.03,24
FN7-A17-999,4.13,6.69,0.24,0.02,24
HJ6-675-060,9.06,12.2,4.72,1.93,24
GM4-090-060,12.6,13.78,4.53,2.6,23
GO9-090-060,13.39,15.75,4.72,3.09,22
JG1-C26-065,9.84,12.6,4.72,0.44,22
E4T-090-065,8.27,11.81,4.53,1.72,21
E4T-090-040,7.48,11.42,4.33,1.5,20
EH4-861-070,7.28,12.2,4.92,1.57,20
SAY-906-999,7.48,4.92,0.16,0.03,20
ET3-399-060,8.27,11.81,4.53,1.74,20
GG8-399-007,8.5,10.5,2.01,1.4,20
GY6-090-080,4.13,12.01,1.89,0.26,20
SFD-904-999,4.25,6.1,0.16,0.05,19
ET3-399-045,8.27,10.83,4.33,1.65,19
ET3-399-055,8.27,11.81,4.53,1.74,19
FP6-A26-070,4.33,7.68,3.74,0.52,19
GY6-090-065,4.13,12.01,1.89,0.24,19
DX7-090-050,9.06,11.61,4.72,0.95,18
SAB-906-999,7.48,4.92,0.16,0.03,18
SAD-908-999,7.48,4.92,0.16,0.03,17
SAJ-905-999,7.48,4.92,0.16,0.03,17
E5E-194-080,9.84,12.6,4.72,2.2,17
O54-592-070,9.25,11.81,4.13,1.48,16
O54-592-080,9.65,12.2,4.33,1.54,16
SAG-909-999,7.48,4.92,0.16,0.03,16
SAN-913-999,7.48,4.92,0.16,0.03,16
SAR-908-999,7.48,4.92,0.16,0.03,16
FT1-477-050,3.94,11.02,2.09,0.3,16
HF1-001-050,4.5,12.52,4.1,1.2,16
E3Q-001-070,11.81,13.39,5.12,3.04,16
GY6-090-050,3.94,11.02,1.89,0.23,15
SFB-902-999,4.25,6.1,0.16,0.05,15
GY6-090-055,3.94,11.02,1.89,0.23,14
SAW-914-999,7.48,4.92,0.16,0.03,14
FP2-A34-010,5.91,9.45,3.94,0.59,14
SAA-905-999,7.48,4.92,0.16,0.03,13
SAI-910-999,7.48,4.92,0.16,0.03,13
SAV-905-999,7.48,4.92,0.16,0.03,13
FP2-001-130,4.33,8.66,3.94,0.5,13
GG5-001-003,7,11.5,0.51,0.4,13
GG6-031-006,8,14.5,2.01,1.6,13
E5E-194-050,9.06,11.81,4.72,2.02,13
E5E-194-070,9.06,11.81,4.72,2.2,13
JM1-194-050,8.07,11.42,4.54,1.6,12
CC6-090-060,8.66,11.61,4.72,1.37,12
JJ3-399-070,8.66,11.61,4.72,1.45,12
HF3-B25-060,8.66,12.2,4.72,1.87,12
HG3-A95-065,7.38,12,4.89,1.6,12
FD2-090-090,4.72,13.39,5.12,1.46,12
FR1-001-055,9.06,12.6,4.92,1.85,12
JJ3-011-060,8.66,11.61,4.72,1.42,12
JJ1-C26-070,7.5,12.5,5.01,1.4,12
HI9-B06-060,8.66,11.61,4.72,1.49,12
JJ3-011-040,7.87,10.63,4.33,1.21,12
E54-399-040,4.13,10.24,4.33,0.6,12
L05-277-100,8.27,12.6,5.12,1.87,12
R08-001-040,4.13,10.24,4.33,0.84,12
R08-194-060,4.33,11.02,4.53,0.93,12
X22-011-045,8.07,11.02,4.53,1.65,12
ES8-090-070,8.07,11.02,4.53,1.76,12
EB1-592-030,7.09,10.83,4.33,1.46,12
EJ8-090-080,9.06,12.2,4.72,1.52,12
FD2-090-030,4.53,11.42,4.72,1.08,12
FC7-001-055,8.07,11.42,4.53,1.43,12
FC7-001-070,8.07,11.42,4.53,1.57,12
FG9-751-050,9.45,12.2,4.72,2.41,12
FV6-592-060,8.66,11.61,4.72,1.6,12
FW4-090-060,8.07,12.2,4.72,1.59,12
GK7-592-040,7.28,12.2,4.92,1.59,12
GK7-592-060,7.48,12.6,5.12,1.76,12
GU3-090-110,10.04,13.39,5.31,2.34,12
HJ1-B06-050,8.66,11.61,4.72,1.37,12
HX8-001-050,6.2,11.5,4.11,1.5,12
HX8-001-060,6.2,11.5,4.11,1.5,12
HY2-001-080,9.06,12.6,4.92,2.25,12
HY2-001-090,9.06,12.6,4.92,2.29,12
IG5-011-070,8.66,11.61,4.72,1.45,12
IH2-011-055,6.2,11.3,4.11,1.4,12
IH2-011-060,6.2,11.3,4.11,1.4,12
IK8-646-030,9.06,12.2,4.72,1.63,12
HJ1-C23-070,8.66,11.61,4.72,1.45,12
IY9-C15-060,8.66,11.81,4.72,1.81,12
JC8-090-080,4.53,11.42,4.72,0.99,12
HX8-399-045,6.4,11.5,4.01,1.2,12
HX9-C32-040,6.5,11.5,4.01,1.4,12
JE7-090-060,9,11.3,4.51,1.6,12
JE9-090-070,9.3,13.2,5.21,1.8,12
IV9-675-070,9.06,11.81,4.72,2.65,12
JK6-C24-070,7.09,11.42,4.53,1.19,12
JK7-C53-030,4.53,11.42,4.72,1.15,12
JM1-001-040,7.48,11.42,4.34,1.57,12
JM1-090-080,8.27,11.81,4.54,1.71,12
HY8-B16-060,9.5,12.5,5.01,2.6,12
JF7-001-050,9.06,12.2,4.73,2,12
IF6-076-070,9.06,12.2,4.72,0.44,12
IH2-C89-050,6.3,11.42,4.13,1.06,12
IY1-C89-060,8.66,11.81,4.72,1.81,12
JF7-675-070,9.84,12.6,4.72,0.44,12
E3L-D20-040,5.91,10.63,3.94,1.1,12
E4T-001-070,8.27,11.81,4.53,1.76,12
E5T-011-030,7.8,12,4.51,1.4,12
EJ8-C97-060,8.07,11.02,4.53,1.32,12
I88-C88-080,9.06,12.2,4.72,1.85,12
IF6-817-050,9.06,12.2,4.72,0.44,12
IK8-C95-080,9.45,12.99,5.12,2.07,12
IU1-D01-060,9.3,12.7,5.01,1.6,12
E4L-D20-050,8.3,11.7,5.01,1.4,12
E1G-C88-070,9.5,12.8,5.01,1.6,12
E3J-011-045,5.91,10.63,3.94,1.12,12
E4T-011-070,8.27,11.81,4.53,1.76,12
E4T-194-045,7.48,11.42,4.33,1.54,12
E4T-194-055,8.27,11.81,4.53,1.63,12
E4T-194-070,8.27,11.81,4.53,1.76,12
E22-D26-070,9.06,12.6,4.92,2.2,12
E1Z-B44-040,8.27,11.81,4.53,2.02,12
E1Z-B44-055,8.27,11.81,4.53,2.2,12
E5Q-D07-040,7.48,11.42,4.33,0.44,12
E5Q-D07-070,8.07,12.2,4.72,0.44,12
E5R-090-070,9.06,12.2,4.72,1.85,12
E5S-090-070,8.66,12.6,4.92,1.85,12
E5S-892-050,8.66,12.6,4.92,1.85,12
E5S-892-065,8.66,12.6,4.92,1.85,12
E6J-C91-050,9,11.2,4.51,1.4,12
B1B-B41-060,8,11.2,4.51,1.4,12
B1J-592-050,8.4,12,4.51,1.6,12
B1K-001-050,8.4,12,4.51,1.6,12
H84-442-065,8.07,11.02,4.53,1.75,12
L85-001-060,8.66,11.61,4.72,1.37,12
L85-399-050,8.66,11.61,4.72,1.32,12
R08-194-030,4.13,10.24,4.33,0.82,12
X22-011-035,7.87,10.43,4.33,1.52,12
X22-011-065,8.07,11.02,4.53,1.92,12
X22-090-035,7.87,10.43,4.33,1.52,12
Z65-011-080,9.06,12.2,4.72,1.5,12
Y12-738-080,9.06,12.2,4.72,1.52,12
Y12-738-090,9.06,12.2,4.72,1.54,12
AS8-011-070,9.06,12.2,4.72,1.52,12
AS8-323-060,9.06,12.2,4.72,1.5,12
AQ3-001-070,8.07,12.2,4.92,1.53,12
AQ3-001-080,8.07,12.2,4.92,1.54,12
H84-090-050,8.07,11.02,4.53,1.69,12
I88-011-065,8.07,11.02,4.53,1.48,12
CK1-011-030,6.3,11.02,4.13,1.1,12
CK1-011-040,6.3,11.02,4.13,1.15,12
CK1-011-045,6.3,11.02,4.13,1.17,12
CK1-011-050,6.3,11.42,4.13,1.19,12
CK1-011-055,6.3,11.42,4.13,1.54,12
CK1-011-060,6.3,11.42,4.13,1.21,12
CK1-011-065,6.3,11.42,4.13,1.26,12
CK1-011-070,6.3,11.42,4.13,1.26,12
CK1-011-080,6.69,12.2,4.33,1.28,12
CK1-011-090,6.69,12.2,4.33,1.3,12
CK1-090-030,6.3,11.02,4.13,1.1,12
CK1-090-040,6.3,11.02,4.13,1.15,12
CK1-090-045,6.3,11.02,4.13,1.17,12
CK1-090-050,6.3,11.42,4.13,1.19,12
CK1-090-055,6.3,11.42,4.13,1.54,12
CK1-090-060,6.3,11.42,4.13,1.21,12
CK1-090-065,6.3,11.42,4.13,1.26,12
CK1-090-070,6.3,11.42,4.13,1.26,12
CK1-090-080,6.69,12.2,4.33,1.28,12
CK1-090-090,6.69,12.2,4.33,1.3,12
CK1-675-030,6.3,11.02,4.13,1.1,12
CK1-675-040,6.3,11.02,4.13,1.15,12
CK1-675-045,6.3,11.02,4.13,1.17,12
CK1-675-050,6.3,11.42,4.13,1.19,12
CK1-675-055,6.3,11.42,4.13,1.54,12
CK1-675-060,6.3,11.42,4.13,1.21,12
CK1-675-065,6.3,11.42,4.13,1.26,12
CK1-675-070,6.3,11.42,4.13,1.26,12
CK1-675-080,6.69,12.2,4.33,1.28,12
CK1-675-090,6.69,12.2,4.33,1.3,12
DX4-012-040,8.07,10.43,4.53,1.82,12
DR7-054-065,8.07,11.02,4.53,1.75,12
DX7-167-050,9.06,11.61,4.72,0.95,12
DZ2-861-065,8.27,11.81,4.53,1.47,12
EK8-090-030,8.66,11.02,4.33,1.46,12
EK8-194-035,8.66,11.02,4.33,1.48,12
SAF-910-999,7.48,4.92,0.16,0.03,12
SAL-182-999,7.48,4.92,0.16,0.03,12
ES8-592-055,8.07,11.02,4.53,1.71,12
ET3-399-080,9.06,12.2,4.72,1.94,12
EJ8-090-055,8.66,11.61,4.72,1.3,12
FB7-001-065,9.06,11.81,4.72,1.1,12
FC1-001-060,9.06,11.81,4.72,1.08,12
FC1-001-070,9.06,11.81,4.72,1.13,12
FC1-477-060,9.06,11.81,4.72,1.08,12
FC1-477-070,9.06,11.81,4.72,1.13,12
279-167-110,8.66,12.99,5.31,2.01,12
I88-A15-080,8.27,11.81,4.53,1.71,12
FD7-090-060,7.48,11.42,4.33,1.28,12
FG9-090-080,9.84,12.6,4.72,2.74,12
FV1-090-030,6.69,10.63,4.33,1.05,12
FV6-592-050,7.87,10.63,4.33,1.51,12
FW3-A21-060,8.27,11.81,4.72,1.7,12
GB3-090-030,6.69,10.63,4.33,0.93,12
H84-A48-065,8.07,11.02,4.53,1.54,12
FP6-694-060,4.33,7.68,3.74,0.51,12
FP8-A26-060,5.91,7.68,3.74,0.62,12
GG7-399-004,14,18,0.51,1.2,12
GI9-323-100,5.91,8.07,4.13,0.75,12
GF9-A83-115,10.04,13.39,5.31,2.36,12
GF1-399-080,8.07,12.2,4.92,1.87,12
GR5-A76-055,7.09,11.42,4.53,1.23,12
GU3-167-090,9.45,12.99,5.12,2.05,12
GU3-167-100,9.45,12.99,5.12,2.2,12
GN6-194-035,8.27,10.83,4.33,0.9,12
HC6-B18-130,6,9.5,4.01,2,12
HE9-001-030,7,11.5,4.51,2,12
HF2-194-035,8.27,10.83,4.33,1.65,12
HG2-194-070,8.27,11.81,4.72,1.85,12
HG3-A95-035,7.28,11.81,13.03,1.84,12
HI9-675-055,8.66,11.61,4.72,1.47,12
HM9-194-045,7,11.25,5.01,1.4,12
HN9-001-080,8.27,11.81,4.53,1.76,12
HU8-B24-065,4.33,11.02,4.53,0.42,12
DX9-A94-035,5.91,10.63,3.94,1,12
HA3-194-080,9.06,12.2,4.72,2.05,12
HX2-001-045,8.66,10.63,4.33,1.32,12
HX2-001-055,8.66,11.61,4.72,1.4,12
HX2-001-065,8.66,11.61,4.72,1.43,12
IB5-001-060,9.06,12.6,4.92,1.96,12
IB5-167-080,9.45,12.99,5.12,2.14,12
IE5-011-030,8.9,12.2,5.01,1.8,12
IK5-011-045,7.87,10.63,4.33,1.21,12
IK5-011-065,8.66,11.61,4.72,1.36,12
IK5-675-050,9,12.2,4.91,1.4,12
IK8-001-035,9.06,12.2,4.72,1.68,12
IK8-090-040,9.06,12.2,4.72,1.72,12
HE5-A20-080,8.66,12.99,5.31,2.01,12
HJ1-C22-050,8.66,11.61,4.72,1.37,12
HJ1-C22-060,8.66,11.61,4.72,1.42,12
HJ1-C22-070,8.66,11.61,4.72,1.45,12
HJ1-C22-080,9.06,12.2,4.72,1.56,12
IU9-090-045,8.66,10.63,4.33,1.36,12
IU9-090-055,8.66,11.61,4.72,1.43,12
IU9-090-065,8.66,11.61,4.72,1.49,12
IU9-399-045,8.66,10.63,4.33,1.36,12
IU9-399-055,8.66,11.61,4.72,1.43,12
IU9-399-065,8.66,11.61,4.72,1.49,12
IV4-C15-090,10.8,13.8,5.51,2.4,12
IW1-675-045,8.66,11.61,4.72,2.43,12
IY9-C15-040,8.66,10.63,4.33,1.63,12
JB5-090-030,7.87,11.61,4.72,0.44,12
JB6-002-050,7.87,11.61,4.72,0.44,12
HX8-399-065,6.4,11.5,4.01,1.2,12
HX8-C20-055,7.2,12.2,5.01,1.6,12
HX8-C20-080,7.2,12.2,5.01,1.6,12
HX9-399-055,6.4,11.5,4.01,1.2,12
HX9-C32-080,6.5,11.5,4.01,1.2,12
JE8-A99-080,8.5,12.4,5.01,1.6,12
JE9-090-055,7,12,5.01,1.4,12
HX8-C32-030,6.4,11.5,4.01,1.2,12
IB8-090-040,7.87,10.63,4.34,1.27,12
IJ7-C15-045,9.3,13.1,5.01,2.4,12
JA2-090-060,8.07,12.2,4.92,1.54,12
JL1-090-050,8.07,11.42,4.53,1.41,12
JL2-090-055,8.27,11.81,4.53,1.28,12
JL2-090-065,8.27,11.81,4.53,1.32,12
JL4-090-060,8.27,11.81,4.72,1.37,12
JL4-090-080,9.06,12.6,5.12,1.54,12
JL9-C70-040,7.48,11.42,4.33,1.57,12
JL9-C70-090,8.27,11.81,4.53,1.76,12
JM1-001-035,7.48,11.42,4.34,1.54,12
JM2-001-035,7.48,11.42,4.34,1.54,12
JM2-090-035,7.48,11.42,4.33,1.54,12
IV1-090-070,9.84,12.6,4.73,1.8,12
IV7-194-035,8.27,11.81,4.53,0.44,12
IV7-C16-035,8.27,11.81,4.53,0.44,12
IV7-C69-035,8.27,11.81,4.53,0.44,12
JA7-C20-040,5.51,10.83,4.34,0.8,12
JE5-C55-055,8.07,11.02,4.54,1.2,12
JE5-C55-065,8.07,11.02,4.54,1.2,12
JE6-C33-045,7.48,11.42,4.34,1.4,12
JE6-C33-055,8.07,11.02,4.54,1.4,12
JE6-C55-045,7.48,11.42,4.34,1.4,12
JE6-C55-050,8.07,11.02,4.54,1.4,12
JE6-C55-055,8.07,11.02,4.54,1.4,12
JE6-C55-065,8.07,11.02,4.54,1.4,12
JF4-C15-065,9.84,12.6,4.72,0.44,12
JF4-C15-070,9.84,12.6,4.72,0.44,12
JF7-A99-065,9.84,12.6,4.72,0.44,12
IV1-C18-060,9.06,11.81,4.73,1.8,12
HT9-B59-055,7.09,11.42,4.53,1.21,12
EJ8-C89-055,8.07,11.02,4.53,1.32,12
HX2-B41-055,8.66,11.61,4.72,1.4,12
HX2-B41-065,8.66,11.61,4.72,1.43,12
IK5-C89-045,8.2,11.3,4.51,1.4,12
IK5-C89-055,8.2,11.3,4.51,1.4,12
IK8-288-030,9.06,12.2,4.72,1.63,12
IN8-D13-070,9.45,12.99,5.12,2.39,12
IN8-D13-110,10.83,13.58,5.71,2.57,12
IW2-011-055,9.06,11.81,4.72,2.65,12
JM1-B93-035,7.5,12,5.01,1.4,12
E1G-090-030,8.5,11.5,4.51,1.4,12
E1G-090-045,8.5,11.5,4.51,1.4,12
E22-D24-040,8.27,11.81,4.53,2.02,12
E22-D24-050,9.06,11.81,4.72,2.02,12
E2E-011-035,8.5,12.2,4.51,1.8,12
E2E-011-040,8.5,12.2,4.51,1.8,12
E2E-011-045,8.5,12.2,4.51,1.8,12
E2E-011-050,9.4,12.5,4.51,2,12
E2E-011-055,9.4,12.2,4.51,2,12
E2E-011-060,9.4,12.5,4.51,2,12
E2E-011-065,9.4,12.5,4.51,2,12
E2E-011-070,10,13,4.81,2.2,12
E2E-011-080,10,13,4.81,2.2,12
E2M-D20-065,7.5,12.2,4.71,1.4,12
E5E-090-035,8.27,11.81,4.53,1.84,12
E5E-090-040,8.27,11.81,4.53,2.02,12
E5E-090-045,8.27,11.81,4.53,2.02,12
E5E-090-050,9.06,11.81,4.72,2.02,12
E5E-090-055,9.06,11.81,4.72,2.02,12
E5E-090-060,9.06,11.81,4.72,2.2,12
E5E-090-065,9.06,11.81,4.72,2.2,12
E5E-090-070,9.06,11.81,4.72,2.2,12
E5E-090-080,9.84,12.6,4.72,2.2,12
E5T-011-035,9,12,5.01,1.6,12
E7Q-001-115,9.45,12.99,5.12,0.44,12
AQ3-925-115,8.66,12.99,5.31,1.98,12
EJ8-C97-055,8.07,11.02,4.53,1.32,12
HH3-C88-080,8.07,11.02,4.53,1.59,12
I88-C88-045,8.27,11.81,4.53,1.74,12
IK8-C95-070,9.06,12.6,4.92,1.98,12
IW1-288-045,8.66,11.61,4.72,2.43,12
IW1-288-055,9.06,11.81,4.72,2.65,12
IY1-C90-050,8.66,11.81,4.72,1.76,12
JL2-C98-045,8.2,11.2,4.51,1.4,12
JL2-C98-065,9,12.3,5.01,1.8,12
JM1-D05-035,7.8,12,4.51,1.4,12
J80-925-080,4.33,11.81,4.72,0.83,12
J80-925-090,4.53,12.6,4.92,0.9,12
JE6-C93-045,8.3,11.5,4.51,1.2,12
JM1-D06-035,7.5,12,5.01,1.4,12
E3Z-C15-080,10.6,13.5,5.01,2.4,12
E1G-A99-045,8.5,11.5,4.51,1.4,12
E1G-C88-050,8.5,11.5,4.51,1.4,12
E1I-C88-070,9.3,12.8,5.01,1.6,12
E4H-011-035,7.87,11.81,4.53,0.44,12
E4H-011-090,9.45,12.2,4.72,0.44,12
E4T-011-035,7.48,11.42,4.33,1.46,12
E1G-C91-055,8.5,11.5,4.51,1.4,12
E4H-194-035,7.87,11.81,4.53,0.44,12
E4T-194-035,7.48,11.42,4.33,1.46,12
E5E-194-045,8.27,11.81,4.53,2.02,12
E7Q-194-070,8.07,12.2,4.72,0.44,12
E7Q-194-115,9.45,12.99,5.12,0.44,12
E4S-328-035,9.06,12.2,4.72,0.44,12
E1Z-B44-035,8.27,11.81,4.53,2.02,12
E4S-D29-035,9.06,12.2,4.72,0.44,12
E4S-D29-055,9.84,12.6,4.72,0.44,12
E6I-D24-035,7.48,11.42,4.33,1.39,12
E6N-D19-055,7.5,12.4,4.81,1.4,12
E6O-D19-030,9,12.2,5.01,1.6,12
E5S-892-030,8.07,12.2,4.72,0.24,12
E6K-C91-045,8,11,4.51,1.4,12
E6K-C91-055,8,11,4.51,1.4,12
E6J-C98-045,9,11.2,4.51,1.4,12
E6J-C98-055,9,11.2,4.51,1.4,12
E6K-C98-045,8,11,4.51,1.4,12
B1A-001-060,9,11.2,4.51,1.4,12
B1B-001-045,8,12,5.01,1.4,12
B1B-001-055,8,12,5.01,1.4,12
B1B-001-060,8,11.2,4.51,1.4,12
B1B-001-065,8,12,5.01,1.4,12
B1B-288-045,8,12,5.01,1.4,12
E4X-B84-045,8.5,11.2,4.51,1.6,12
E4X-B84-055,8.5,11.2,4.51,1.6,12
E4X-B84-065,9.4,12.2,5.01,1.8,12
E4X-C91-055,8.4,11.2,4.51,1.6,12
E4X-C91-065,9.4,12.2,5.01,1.8,12
E4X-D01-045,8.4,12.2,4.51,1.6,12
E4X-D01-055,8.4,11.2,4.51,1.6,12
E4X-D01-065,9.4,12.2,5.01,1.8,12
B5R-090-045,8.5,11.2,4.51,1.6,12
B5R-090-055,8.5,11.2,4.51,1.6,12
B5R-090-065,9.4,12.2,5.01,1.8,12
E4T-090-030,7.48,11.42,4.33,0.23,12
FR1-001-080,9.45,12.99,5.12,2.07,11
X03-339-040,7.87,10.04,4.13,1.6,11
CC6-011-090,9.06,12.2,4.72,1.54,11
IK8-646-055,9.06,12.6,4.92,1.85,11
HG3-A95-070,7.38,12,4.89,1.6,11
FR1-194-090,9.45,12.99,5.12,2.16,11
HX9-A99-080,7.5,12,5.01,1.6,11
JM1-001-080,8.27,11.81,4.54,1.71,11
JM1-194-090,8.27,11.81,4.54,1.76,11
JF7-C15-080,10.24,12.99,4.73,2,11
E54-090-030,4.13,10.24,4.33,0.55,11
E54-194-080,4.53,11.42,4.72,0.71,11
279-277-110,8.66,12.99,5.31,2.01,11
E54-011-040,4.13,10.24,4.33,0.6,11
E54-011-060,4.33,11.02,4.53,0.64,11
R08-001-065,4.33,11.02,4.53,0.95,11
X22-090-060,8.07,11.02,4.53,1.85,11
Q68-731-060,8.27,11.81,4.53,1.22,11
Q68-731-080,9.06,12.2,4.72,1.36,11
I88-024-070,8.07,11.02,4.53,1.76,11
268-592-080,8.66,12.6,4.72,1.62,11
DG5-137-080,4.53,11.42,4.72,0.99,11
DG5-399-065,4.33,11.02,4.53,0.95,11
X22-399-080,9.06,12.2,4.72,1.94,11
FB7-399-040,7.87,11.81,4.53,1,11
FC7-001-065,8.07,11.42,4.53,1.52,11
FG8-751-070,12.6,13.19,4.92,2.85,11
GK5-090-065,9.06,12.6,4.92,1.94,11
GK5-090-070,9.06,12.6,4.92,1.98,11
GI9-011-080,5.91,7.68,3.74,0.67,11
GS7-090-065,9.84,12.6,4.72,3.09,11
HF2-001-030,8.27,10.83,4.33,1.61,11
HF2-001-035,8.27,10.83,4.33,1.65,11
HG4-592-060,7.09,11.42,4.53,1.34,11
HG4-A94-040,6.69,10.63,4.33,1.19,11
HI9-675-030,8.66,10.63,4.33,1.31,11
HI9-B06-040,8.66,10.63,4.33,1.34,11
HO1-001-030,7.87,10.04,4.13,1.43,11
HO1-001-070,8.07,11.02,4.53,1.68,11
HT5-010-070,8.27,11.81,4.72,1.59,11
HA6-001-110,8.66,12.99,5.31,1.76,11
HX8-B41-045,6.2,11.3,4.11,1.4,11
IC5-A20-065,8.27,11.81,4.72,1.55,11
IC5-A20-070,8.27,11.81,4.72,1.59,11
IF6-001-050,8.66,12.2,4.72,1.68,11
IK5-011-060,9,12.1,4.91,1.5,11
IK8-090-050,9.06,12.6,4.92,1.81,11
IO2-687-100,9.45,12.99,5.12,2.23,11
IP1-001-080,9.06,12.6,4.92,2.07,11
IK8-C19-040,9.7,13.5,5.51,2.2,11
IW1-675-070,9.06,11.81,4.72,2.65,11
IY9-090-070,8.66,11.81,4.72,1.85,11
IY9-C15-050,8.66,11.81,4.72,1.76,11
IZ1-C15-065,8.07,12.2,4.92,1.39,11
IH2-675-055,6.4,11.5,4.01,1.2,11
JJ1-C24-080,7.5,12.2,5.01,1.4,11
JK4-C21-040,8.8,11.7,4.71,1.6,11
JK6-C24-055,7.09,11.42,4.53,1.12,11
JM1-090-055,8.07,11.42,4.54,1.61,11
JM1-C70-060,8.07,11.42,4.53,1.64,11
JM2-090-070,8.07,11.42,4.53,1.68,11
JM2-090-090,8.27,11.81,4.53,1.76,11
JA6-090-030,5.51,10.83,4.34,0.8,11
JF7-001-055,9.84,12.6,4.72,0.44,11
JG1-C24-080,10.24,12.99,4.73,2,11
HK8-675-050,8.66,11.61,4.72,1.93,11
IH2-C89-055,6.3,11.42,4.13,1.12,11
IK5-C89-060,8.2,11.3,4.51,1.4,11
IK8-288-055,9.06,12.6,4.92,1.85,11
IN8-D13-090,10.04,13.39,5.31,2.39,11
IW2-011-065,9.06,11.81,4.72,2.65,11
IW2-011-070,9.06,11.81,4.72,2.65,11
JE6-442-060,9.3,12.8,5.01,1.6,11
E1G-090-070,9.5,12.8,5.01,1.6,11
E2H-D07-060,12,12.8,5.01,2.2,11
E2M-D20-060,7.5,12.2,4.71,1.4,11
E2M-D20-070,7.2,12.2,4.71,1.4,11
E3J-001-070,6.3,11.42,4.13,1.32,11
E4F-D26-070,8.27,11.81,4.53,1.65,11
E4R-001-090,9.3,12.8,5.01,1.8,11
E5P-090-065,8.07,12.2,4.72,0.44,11
E5T-011-080,9.3,12.8,5.01,1.8,11
HI9-C98-040,8.66,10.63,4.33,1.34,11
I88-C88-030,8.27,10.83,4.33,1.65,11
IU1-D01-050,9,11.3,4.51,1.4,11
IY1-C90-080,9.06,12.6,5.12,1.94,11
JC8-A20-060,4.33,11.02,4.53,0.93,11
JE6-C93-055,8.5,11.5,4.51,1.4,11
E3D-D07-040,6,10.6,4.01,1.2,11
E3J-B41-070,6.3,11.42,4.13,1.32,11
E1G-A99-060,9.5,12.8,5.01,1.6,11
E1I-A99-090,9.5,12.8,5.01,1.6,11
E5R-288-040,8.66,11.02,4.33,1.61,11
E4T-011-050,8.27,11.81,4.53,1.59,11
E5S-090-060,8.66,12.6,4.92,1.85,11
E6I-D24-045,7.48,11.42,4.33,1.46,11
E6K-565-070,8.5,12.2,5.01,1.6,11
E6N-D19-045,7.5,12.4,4.81,1.4,11
E6V-090-060,9.3,13.2,5.01,2,11
E5R-892-050,9.06,12.2,4.72,1.7,11
E6K-C98-055,8,11,4.51,1.4,11
E7A-001-070,8.66,11.81,4.72,0.44,11
E7A-C88-070,8.66,11.81,4.72,0.44,11
E7A-C88-080,9.45,12.6,4.72,0.44,11
E7A-194-060,8.66,11.81,4.72,0.44,11
B1B-288-065,8,12,5.01,1.4,11
B1B-B41-050,8,11.2,4.51,1.4,11
B1H-592-040,8.4,12,4.51,1.6,11
B1J-001-070,9,13.2,5.01,2,11
HJ5-B58-070,9.3,12.8,4.91,2.2,11
E54-194-090,4.53,11.42,4.72,1.1,11
J80-001-120,4.72,13.39,5.12,1.26,11
J80-399-100,4.53,12.6,4.92,1.15,11
K03-001-040,7.87,10.04,4.13,1.6,11
K03-001-050,8.07,11.02,4.53,1.69,11
K03-001-080,8.27,11.81,4.53,1.89,11
E54-399-090,4.53,11.42,4.72,1.1,11
L85-001-055,8.66,11.61,4.72,1.34,11
N28-645-040,8.07,10.83,3.74,1.78,11
K26-054-090,8.27,11.81,4.53,1.71,11
I88-323-045,7.87,10.04,4.13,1.65,11
Q68-731-070,8.27,11.81,4.53,1.27,11
279-005-100,8.27,12.6,5.12,1.87,11
X03-399-040,7.87,10.04,4.13,1.6,11
CR2-810-070,9.06,12.2,4.72,1.9,11
DR7-399-055,8.07,10.43,4.53,1.71,11
DR6-001-120,9.45,13.39,5.12,2.31,11
DR6-024-115,9.45,13.39,5.12,2.27,11
EH4-861-090,7.48,12.6,5.12,1.7,11
SAE-909-999,7.48,4.92,0.16,0.03,11
SAT-909-999,7.48,4.92,0.16,0.03,11
EO8-090-065,6.3,11.22,4.72,1.16,11
ES7-090-070,8.66,11.61,4.72,1.52,11
ES8-090-090,8.27,11.81,4.53,1.94,11
EJ8-090-050,8.66,11.61,4.72,1.28,11
EJ8-090-070,8.66,11.61,4.72,1.37,11
FB8-399-040,7.87,11.81,4.53,1.54,11
I88-A15-040,7.87,10.04,4.13,1.71,11
FV6-592-090,9.06,12.2,4.72,1.76,11
GB3-090-070,7.09,11.42,4.53,1.12,11
GF9-646-085,9.06,12.2,4.72,2.09,11
FP6-A34-070,4.33,7.68,3.74,0.4,11
ES8-194-065,8.07,11.02,4.53,1.32,11
GL4-231-030,8.27,10.83,4.33,1.61,11
GU8-A74-120,10.04,13.39,5.31,2.4,11
GT4-001-110,8.66,12.99,5.31,1.76,11
HE9-194-060,7.8,11.5,4.51,2,11
HF2-399-035,8.27,10.83,4.33,1.65,11
HO1-001-065,8.07,11.02,4.53,1.32,11
HT2-011-060,4.6,11.4,4.06,1.2,11
HH3-001-040,7.87,10.04,4.13,1.37,11
HA6-001-080,8.07,12.2,4.92,1.54,11
HA6-001-120,8.66,12.99,5.31,1.98,11
FZ8-A94-080,9.06,12.2,4.72,1.39,11
HX8-A69-035,6,10.6,4.01,0.7,11
HY2-001-040,8.07,11.02,4.53,1.85,11
HY7-001-055,9,12,5.01,1.6,11
IA8-001-060,6.3,11.42,4.13,1.37,11
IB8-399-080,8.9,12.2,4.91,1.6,11
IC5-A20-060,8.27,11.81,4.72,1.52,11
ID7-090-060,9.45,12.99,5.12,1.85,11
ID7-090-070,9.45,12.99,5.12,1.94,11
ID4-194-070,9.06,12.6,4.93,1.5,11
ID4-194-080,9.45,12.99,5.13,1.54,11
IE4-011-070,8.9,12.2,5.01,1.8,11
IH5-011-040,5.91,10.63,3.94,1.23,11
IH5-011-050,6.3,11.42,4.13,1.28,11
IK5-011-055,8.66,11.61,4.72,1.32,11
IK5-054-045,7.87,10.63,4.33,1.21,11
IK5-054-055,8.66,11.61,4.72,1.32,11
IK5-675-030,9,12.2,4.91,1.4,11
IK8-090-030,9.06,12.2,4.72,1.63,11
IN8-090-115,10.83,13.58,5.71,2.36,11
IO2-687-110,10.04,13.39,5.31,2.31,11
IO8-001-115,10.83,13.58,5.71,2.36,11
IP1-001-120,10.04,13.39,5.31,2.43,11
HJ1-C22-040,7.87,10.63,4.33,1.27,11
HJ1-C22-045,7.87,10.63,4.33,1.32,11
HJ1-C22-055,8.66,11.61,4.72,1.4,11
HJ1-C23-045,7.87,10.63,4.33,1.34,11
HJ1-C23-055,8.66,11.61,4.72,1.4,11
IU9-090-040,8.66,10.63,4.33,1.32,11
IW1-675-080,9.06,12.6,4.92,2.65,11
IW2-090-045,8.66,11.61,4.72,2.43,11
IZ7-090-030,9.2,13.1,5.21,2,11
JC8-090-070,4.33,11.02,4.53,0.97,11
HO1-194-055,8.07,11.02,4.53,1.98,11
HO1-194-065,8.07,11.02,4.53,2.2,11
HX8-A99-060,7.5,12,5.01,1.6,11
HX9-399-060,6.4,11.5,4.01,1.2,11
IU1-675-040,8.66,10.63,4.33,1.27,11
JE9-090-045,7,12,5.01,1.4,11
IB8-090-030,7.87,10.63,4.34,1.23,11
IH2-675-035,6,11,4.01,1.2,11
IJ7-C15-030,9.3,13.1,4.01,2.4,11
IJ7-C15-050,9.3,13.1,5.01,2.4,11
IX1-090-070,7.5,12.7,5.01,1.6,11
JC9-C55-115,4.72,13.39,5.12,0.97,11
JJ3-090-040,7.87,10.63,4.33,1.21,11
JJ5-231-100,9.3,13.2,5.01,2.2,11
JL1-090-045,7.87,10.43,4.33,1.37,11
JL1-090-055,8.07,11.42,4.53,1.41,11
JL2-090-045,7.87,10.63,4.33,1.37,11
JL5-675-030,7.87,10.63,4.33,1.23,11
JL8-054-030,9,12,5.01,1.2,11
JM2-056-040,7.48,11.42,4.33,1.57,11
JA7-C20-065,5.71,11.81,4.54,0.8,11
JE6-C33-065,8.07,11.02,4.54,1.4,11
JF5-A99-090,10.24,12.99,4.73,1.8,11
JG7-687-035,9.06,12.2,4.73,1.4,11
AQ3-040-090,8.27,12.6,5.12,1.64,11
EJ8-C89-065,8.07,11.02,4.53,1.32,11
FV8-C88-080,9.06,11.81,4.72,2.43,11
HI9-C90-050,8.66,11.61,4.72,1.45,11
HI9-C90-060,8.66,11.61,4.72,1.49,11
HL1-D16-030,9.06,11.81,4.72,3.02,11
HX2-B41-045,8.66,10.63,4.33,1.32,11
IK5-C89-090,9.3,12.7,5.01,1.6,11
IN8-D13-100,10.04,13.39,5.31,2.39,11
JF3-B41-070,8.27,11.81,4.53,1.61,11
JF7-675-090,10.24,12.99,4.72,0.44,11
JL2-C90-030,8.2,11.2,4.51,1.4,11
JL2-C90-045,8.2,11.2,4.51,1.4,11
JL2-C90-055,8.2,11.2,4.51,1.4,11
JL2-C90-065,9,12.3,5.01,1.8,11
E1D-090-050,8.66,11.61,4.72,2.2,11
E1G-090-055,8.5,11.5,4.51,1.4,11
E1I-001-060,8.5,11.5,4.51,1.4,11
E1K-001-070,8.66,11.61,4.72,1.58,11
E2A-040-045,7.87,11.81,4.53,0.44,11
E2A-040-050,8.27,11.81,4.72,0.44,11
E2N-D20-030,6.7,10.7,4.31,1.2,11
E2N-D20-040,6.7,10.7,4.31,1.2,11
E2W-090-035,8.27,11.81,4.72,1.72,11
E4V-231-050,9,12.3,5.01,2,11
E4V-231-055,9,12.3,5.01,2,11
E4V-231-060,9,12.3,5.01,2,11
E4V-231-080,9,12,5.01,1.8,11
E5B-090-035,7.48,11.42,4.33,0.2,11
E6F-001-050,8.66,11.61,4.72,2.2,11
E6H-001-060,8.66,11.61,4.72,2.2,11
E6H-001-090,9.06,11.81,4.72,2.65,11
E7Q-001-070,8.07,12.2,4.72,0.44,11
E7Q-001-110,9.45,12.99,5.12,0.44,11
EJ8-C97-045,7.87,10.04,4.13,1.1,11
EJ8-C97-065,8.07,11.02,4.53,1.32,11
HI9-C98-055,8.66,11.61,4.72,1.47,11
HI9-C98-065,8.66,11.61,4.72,1.52,11
I88-C88-055,8.27,11.81,4.53,1.74,11
IY1-C90-065,8.66,11.81,4.72,1.83,11
JC8-A20-080,4.53,11.42,4.72,0.99,11
JL1-C98-045,8,11,4.51,1.4,11
JL2-C98-055,9,12.3,5.01,1.8,11
JM2-D05-035,8,12,4.51,1.4,11
IW2-C15-045,8.66,11.61,4.72,2.43,11
IW2-C15-055,9.06,11.81,4.72,2.65,11
IW2-C15-065,9.06,11.81,4.72,2.65,11
IY1-C91-065,8.66,11.81,4.72,1.83,11
J80-925-100,4.53,12.6,4.92,0.9,11
JE6-C93-090,9.3,12.8,5.01,1.6,11
JM1-D06-030,7.5,12,5.01,1.4,11
JM2-D06-035,8,12,4.51,1.4,11
J80-D11-080,4.33,11.81,4.72,0.83,11
J80-D11-115,4.72,13.39,5.12,0.97,11
E1X-926-045,8.27,11.81,4.53,1.84,11
E1G-A99-055,8.5,11.5,4.51,1.4,11
E1I-A99-045,8.5,11.5,4.51,1.4,11
E1I-A99-080,9.5,12.8,5.01,1.6,11
E2W-A99-035,8.27,11.81,4.72,1.72,11
E1G-C88-045,8.5,11.5,4.51,1.4,11
E1I-C88-080,9.5,12.8,5.01,1.6,11
E1K-288-070,8.66,11.61,4.72,1.58,11
E5H-288-060,7.5,12.7,4.71,1.6,11
E4H-011-030,7.87,11.81,4.53,0.44,11
E1G-C91-045,8.5,11.5,4.51,1.4,11
E6F-C91-030,8.27,10.83,4.33,1.98,11
E6H-C91-090,9.06,11.81,4.72,2.65,11
E1D-194-040,8.27,10.83,4.33,1.98,11
E1D-194-080,9.06,11.81,4.72,2.43,11
E21-194-035,8.27,11.81,4.53,0.44,11
E4H-194-030,7.87,11.81,4.53,0.44,11
E5B-194-035,7.48,11.42,4.33,0.2,11
E5E-194-035,8.27,11.81,4.53,1.84,11
E5E-194-040,8.27,11.81,4.53,2.02,11
E7Q-194-120,9.45,12.99,5.12,0.44,11
E6K-565-045,8,11,4.51,1.4,11
E7B-001-090,8.5,12.5,4.71,1.6,11
E5S-892-090,8.66,12.99,5.12,2.17,11
E6N-D20-080,7.8,13,5.31,1.8,11
E7B-090-080,8.5,12.5,4.71,1.6,11
E7B-D06-060,8.5,12.5,4.71,1.6,11
E7B-D06-065,8.5,12.5,4.71,1.6,11
E6J-C98-030,9,11.2,4.51,1.4,11
E7A-194-035,8.07,11.42,4.53,0.44,11
B1B-001-050,8,11.2,4.51,1.4,11
B1K-001-070,9,13.2,5.01,2,11
B1K-001-090,9,13.2,5.01,2,11
E4X-B84-090,9.4,12.2,5.01,1.8,11
E4X-C91-045,8.4,11.2,4.51,1.66,11
IK8-D39-050,9.06,12.6,4.92,1.81,11
E7B-D05-050,8,12,4.51,1.6,11
B5R-090-090,9.4,12.2,5.01,1.8,11
R49-001-050,8.07,11.02,4.53,1.46,10
CC6-011-080,9.06,12.2,4.72,1.5,10
JM1-194-055,8.07,11.42,4.54,1.61,10
FR1-194-065,9.06,12.6,4.92,1.94,10
HE6-328-050,9,12.5,5.01,1.8,10
I88-001-040,7.87,10.04,4.13,1.61,10
HG3-A95-055,7.38,12,4.89,1.6,10
JJ3-011-080,9.06,12.2,4.72,1.56,10
J80-001-080,4.53,11.42,4.72,1.08,10
L66-001-080,8.07,12.2,4.92,1.73,10
I88-592-070,8.07,11.02,4.53,1.76,10
GQ5-090-065,9.45,12.2,4.72,3.24,10
HF3-B25-055,8.66,12.2,4.72,1.83,10
JM1-194-035,7.48,11.42,4.34,1.54,10
E54-011-030,4.13,10.24,4.33,0.55,10
E54-012-090,4.53,11.42,4.72,1.1,10
Q68-001-070,8.27,11.81,4.53,1.32,10
I88-323-065,8.07,11.02,4.53,1.74,10
I88-592-080,8.27,11.81,4.53,1.9,10
X03-399-050,8.07,11.02,4.53,1.69,10
X03-399-055,8.07,11.02,4.53,1.71,10
X03-399-060,8.07,11.02,4.53,1.73,10
FR1-399-080,9.45,12.99,5.12,2.07,10
FV8-592-060,8.27,11.81,4.53,1.54,10
FP2-A26-120,4.33,8.66,3.94,0.62,10
ES8-194-050,8.07,11.02,4.53,1.32,10
GK7-592-070,7.48,12.6,5.12,1.85,10
GR6-A76-080,6.69,11.81,4.33,1.21,10
GS7-090-050,9.84,12.6,4.72,2.87,10
GY6-090-060,3.94,11.02,1.89,0.24,10
HF2-001-050,8.66,12.2,4.72,1.79,10
HF2-001-090,9.45,12.6,4.72,2.14,10
HF2-A89-070,8.66,12.2,4.72,1.96,10
HI9-B06-030,8.66,10.63,4.33,1.31,10
HJ1-B06-070,8.66,11.61,4.72,1.45,10
HX8-A69-070,6.2,11.3,4.11,1.4,10
HX9-001-060,7.38,12,5.01,1.6,10
HY2-001-045,8.07,11.02,4.53,1.87,10
IB5-167-030,8.66,11.61,4.72,1.7,10
IB8-399-070,8.9,12.2,4.91,1.6,10
IC1-090-060,9,12,5.01,1.8,10
IY9-090-050,8.66,11.81,4.72,1.76,10
IZ7-090-060,9.2,13.1,5.21,2,10
JB6-B41-070,8.07,12.2,4.92,0.44,10
HX9-399-070,6.4,11.5,4.01,1.2,10
HX9-A99-040,7.5,12,5.01,1.6,10
JE8-090-050,8.1,11,4.51,1.4,10
JJ1-C24-040,7,12,5.01,1.4,10
JJ4-090-050,9.06,11.81,4.72,2.65,10
JJ4-090-055,9.06,11.81,4.72,2.65,10
JK4-090-060,8.8,11.7,4.71,1.6,10
JM1-090-065,8.07,11.42,4.54,1.65,10
JM1-C70-080,8.27,11.81,4.53,1.71,10
JM2-090-045,7.48,11.42,4.33,1.59,10
JM2-A99-065,8.07,11.42,4.54,1.65,10
IZ5-C74-090,10.2,14,5.51,2.2,10
JF5-675-065,9.84,12.6,4.73,1.8,10
JF5-A99-080,10.24,12.99,4.73,1.8,10
JF5-C15-040,9.06,12.2,4.73,1.8,10
GS2-616-045,7.48,11.42,4.34,1.4,10
EJ8-C89-050,8.07,11.02,4.53,1.32,10
GS7-076-060,15.35,20.67,13.58,1.98,10
HX8-288-050,6.3,11.42,4.13,1.06,10
IF6-076-090,9.45,12.6,4.72,0.44,10
IH2-C89-040,5.91,10.63,3.94,1.01,10
IW1-011-055,9.06,11.81,4.72,2.65,10
E2M-D20-050,6.7,10.7,4.31,1.3,10
E2M-D20-090,7.35,12.2,4.71,1.4,10
E3J-001-090,7.28,12.2,4.92,1.41,10
E3Y-675-045,9.5,13,5.01,1.8,10
E3Y-675-065,10.5,13.2,5.01,2.2,10
E4K-D28-045,7.87,11.81,4.53,0.44,10
E4R-001-050,8.5,11.5,4.51,1.4,10
E4R-001-055,7.7,12,4.51,1.4,10
E4T-001-040,7.48,11.42,4.33,1.5,10
E5H-001-080,7.5,12.7,4.71,1.6,10
E7Q-001-080,8.07,12.2,4.72,0.44,10
EJ8-C97-070,8.07,11.02,4.53,1.32,10
JL1-C98-050,8,11,4.51,1.4,10
E4L-D20-040,8.3,11.7,5.01,1.4,10
E4L-D20-070,8.5,13,5.01,1.6,10
E3I-C15-045,5.91,10.63,3.94,0.77,10
E3Z-C15-055,9.5,12.8,5.01,2,10
E3Z-C15-065,9.5,12.8,5.01,2,10
E3J-011-060,6.3,11.42,4.13,1.19,10
E1Z-B44-070,8.27,11.81,4.53,2.2,10
E5R-090-080,9.45,12.6,4.72,1.94,10
E5S-090-080,8.66,12.99,5.12,2.17,10
E6M-090-060,8.6,12.5,4.81,1.6,10
E5R-892-060,9.06,12.2,4.72,1.74,10
E6V-B41-060,9.3,13.2,5.01,2,10
E6V-B41-080,9.3,13.2,5.01,2,10
E6K-C98-060,8.5,12.2,5.01,1.6,10
E7A-C88-040,8.07,11.42,4.53,0.44,10
B1H-001-070,9,13.2,5.01,2,10
B1H-592-070,9,13.2,5.01,2,10
E4R-090-060,8,12,5.01,1.4,10
E4R-090-065,8,12,5.01,1.4,10
HJ7-B58-040,9,11.3,4.51,1.8,10
HJ7-B58-050,9,11.3,4.51,1.8,10
E54-010-030,4.13,10.24,4.33,0.55,10
E54-137-030,4.13,10.24,4.33,0.55,10
K03-001-030,7.87,10.04,4.13,1.56,10
K03-001-060,8.07,11.02,4.53,1.73,10
K03-001-070,8.07,11.02,4.53,1.76,10
L05-277-080,8.07,12.2,4.92,1.73,10
R08-194-040,4.13,10.24,4.33,0.84,10
R49-001-045,7.87,10.43,4.33,1.41,10
R49-011-045,7.87,10.43,4.33,1.41,10
I88-024-090,8.27,11.81,4.53,1.94,10
CC6-011-055,8.66,11.61,4.72,1.32,10
CM3-826-040,7.87,10.43,4.33,1.52,10
CM3-826-050,8.07,11.02,4.53,1.65,10
CM3-826-070,8.07,11.02,4.53,1.92,10
CM3-826-080,8.66,11.61,4.53,2.05,10
H88-841-120,8.27,12.6,5.12,2.09,10
DR6-024-100,8.66,12.6,4.53,2.2,10
DX7-167-030,8.66,11.02,4.53,0.84,10
DX7-167-040,8.66,11.02,4.53,0.9,10
SAQ-911-999,7.48,4.92,0.16,0.03,10
SAU-907-999,7.48,4.92,0.16,0.03,10
EQ4-399-120,4.72,13.39,5.12,1.53,10
EB1-675-090,8.27,12.6,5.12,1.75,10
EK1-090-065,8.07,11.02,4.53,1.37,10
FB8-399-030,7.87,11.81,4.53,1.45,10
FB7-090-040,8.27,10.83,4.33,0.87,10
FB7-090-080,9.06,12.2,4.72,1.04,10
FC7-001-035,7.48,11.02,4.33,1.26,10
FE5-A01-070,9.3,13,5.01,1.4,10
FE5-A01-090,9.3,13,5.01,1.4,10
FV6-090-040,7.87,10.63,4.33,1.48,10
FV6-090-090,9.06,12.2,4.72,1.76,10
FV8-090-065,8.27,11.81,4.53,1.57,10
FE5-675-090,9.06,12.2,4.72,1.65,10
FP4-694-110,5.91,9.45,3.94,0.84,10
FP4-694-120,5.91,9.45,3.94,0.87,10
FP6-A40-060,4.33,7.68,3.74,0.39,10
FP8-A34-100,5.91,8.07,4.13,0.57,10
FP8-A40-060,5.91,7.68,3.74,0.46,10
FP8-A40-080,5.91,7.68,3.74,0.49,10
GG9-800-001,4,9.5,1.01,0.2,10
GL9-090-080,9.45,12.99,5.12,2.27,10
GR6-A76-035,5.91,10.63,3.94,0.92,10
GU8-A74-090,9.06,12.99,5.12,2.14,10
GT2-001-080,8.07,12.2,4.92,1.54,10
GT4-001-115,8.66,12.99,5.31,1.98,10
GY6-090-030,3.94,11.02,1.9,0.2,10
HC6-B18-110,6,9.5,4.01,2,10
HE9-194-050,7,11.5,4.51,2,10
HE9-194-070,7.8,11.5,4.51,2,10
HG4-A94-035,6.69,10.63,4.33,1.14,10
HI4-011-045,7.48,11.02,4.33,1.34,10
HI7-B06-050,8.07,11.02,4.53,1.32,10
HI9-675-090,9.06,12.2,4.72,1.65,10
HM9-194-050,7,11.25,5.01,1.4,10
HT9-011-040,6.75,10.75,4.39,1.2,10
HH3-001-030,7.87,10.04,4.13,1.32,10
HR1-675-060,8.07,11.02,4.53,1.32,10
GY7-167-115,10.04,13.39,5.31,2.16,10
GY7-592-110,10.04,13.39,5.31,2.12,10
HA3-194-115,10.04,13.39,5.31,2.36,10
HA3-194-120,10.04,13.39,5.31,2.4,10
HS5-B09-090,9.84,12.6,4.72,2.36,10
HY7-001-045,8.7,10.8,4.51,1.4,10
IB5-A20-040,8.66,11.61,4.72,1.79,10
IB5-A20-065,9.06,12.6,4.92,2.01,10
IG7-011-030,7.2,11.3,4.51,1.4,10
IH2-B94-030,6.2,11.3,4.11,1.3,10
II7-B58-030,4.8,11.5,4.51,1.2,10
IK5-054-080,9,12.3,4.91,1.4,10
IK5-675-045,7.87,10.63,4.33,1.21,10
IK5-675-060,9,12.2,4.91,1.4,10
IK5-675-065,8.66,11.61,4.72,1.36,10
HE7-B41-090,8.66,12.6,4.92,0.44,10
HJ1-C22-065,8.66,11.61,4.72,1.43,10
HJ1-C23-065,8.66,11.61,4.72,1.43,10
IV3-011-080,9,12.5,5.01,2,10
IW1-A99-055,9.06,11.81,4.72,2.65,10
IW2-A99-065,9.06,11.81,4.72,2.65,10
IZ8-090-040,8.46,11.02,4.53,1.5,10
JB6-090-065,8.07,12.2,4.92,0.44,10
JB6-B41-080,8.27,12.6,5.12,0.44,10
HO1-194-045,7.87,10.04,4.13,1.98,10
HX8-399-030,6.4,11.5,4.01,1.2,10
IW1-C14-045,8.66,11.61,4.72,2.43,10
IW2-675-045,8.66,11.61,4.72,2.43,10
IW2-675-060,9.06,11.81,4.72,2.65,10
IX1-C80-115,7.7,12.9,5.01,1.8,10
JA2-090-115,8.66,12.99,5.31,1.98,10
JJ1-C24-030,7,12,5.01,1.4,10
JJ3-090-070,8.66,11.61,4.72,1.45,10
JJ4-090-045,8.66,11.61,4.72,2.43,10
JK4-B41-060,8.8,11.7,4.71,1.6,10
JK6-C24-065,7.09,11.42,4.53,1.16,10
JL3-090-055,8.27,11.81,4.72,1.37,10
JL9-001-070,8.07,11.42,4.55,1.68,10
JM1-090-035,7.48,11.42,4.34,1.54,10
JM1-090-050,8.07,11.42,4.54,1.6,10
JM2-056-035,7.48,11.42,4.33,1.54,10
JM2-A99-055,8.07,11.42,4.54,1.61,10
IV1-090-030,7.87,11.81,4.54,1.8,10
IV1-B43-070,9.84,12.06,4.73,1.8,10
JE5-C55-060,8.07,11.02,4.54,1.2,10
JE5-C55-090,7.87,11.81,4.54,1.2,10
JE6-C33-060,8.07,11.02,4.54,1.4,10
JL6-C20-070,9.84,12.6,4.72,0.44,10
EJ8-C89-090,8.27,11.81,4.53,1.54,10
IN8-D13-080,9.45,12.99,5.12,2.39,10
IU1-C90-090,9.3,12.7,5.01,1.6,10
IW2-011-045,8.66,11.61,4.72,2.43,10
JE6-442-040,8.3,11.5,4.51,1.2,10
JF7-675-065,9.84,12.6,4.72,0.44,10
JM1-B93-060,8.5,12.2,5.01,1.6,10
JM2-B93-035,7.8,12,4.51,1.4,10
E1E-090-040,8.66,10.63,4.33,1.65,10
E1E-090-080,9.06,12.6,5.12,1.81,10
E1K-001-040,8.66,10.63,4.33,1.38,10
E1K-001-060,8.66,11.61,4.72,1.53,10
E1V-001-055,9.06,11.81,4.72,0.44,10
E1V-001-080,9.84,12.6,4.72,0.44,10
E1X-090-035,8.27,11.81,4.53,1.84,10
E4F-D26-090,9.06,12.2,4.72,1.85,10
E4R-001-035,8.5,11.5,4.51,1.4,10
E5B-090-070,8.27,11.81,4.53,0.23,10
E5B-090-080,9.06,12.2,4.72,0.27,10
E7S-167-100,9.06,12.99,5.12,0.44,10
HH3-C88-040,7.87,10.04,4.13,1.37,10
HH3-C88-050,8.07,11.02,4.53,1.5,10
HI9-C98-045,8.66,10.63,4.33,1.4,10
HX2-C99-045,8.66,10.63,4.33,1.32,10
HX2-C99-055,8.66,11.61,4.72,1.4,10
IW1-288-030,8.66,11.61,4.72,2.43,10
IY1-C90-070,8.66,11.81,4.72,1.85,10
JL1-C98-055,8,11,4.51,1.4,10
JL2-C98-050,8.2,11.2,4.51,1.4,10
JL2-C98-080,9,12.3,5.01,1.8,10
JM2-D05-040,8,12,4.51,1.4,10
JM2-D05-055,8,12,4.51,1.4,10
JM2-D05-090,8.5,12.5,4.71,1.6,10
IW2-C15-050,9.06,11.81,4.72,2.65,10
IW2-C15-070,9.06,11.81,4.72,2.65,10
J80-925-115,4.72,13.39,5.12,0.97,10
JM1-D06-090,8.5,12.2,5.01,1.6,10
JM2-D06-030,8,12,4.51,1.4,10
J80-D11-120,4.72,13.39,5.12,0.99,10
E5H-B41-090,7.5,12.7,4.71,1.6,10
E1X-926-070,9.06,11.81,4.72,2.2,10
E1X-D21-035,8.27,11.81,4.53,1.84,10
E1X-D21-040,8.27,11.81,4.53,1.84,10
E5T-675-030,7.8,12,4.51,1.4,10
E1G-C88-055,8.5,11.5,4.51,1.4,10
E1I-C88-060,9.5,12.8,5.01,1.6,10
E1K-288-040,8.66,10.63,4.33,1.38,10
E4H-011-040,7.87,11.81,4.53,0.44,10
E6F-C91-090,9.06,11.81,4.72,2.65,10
E6H-C91-030,8.27,10.83,4.33,1.98,10
E6H-C91-080,9.06,11.81,4.72,2.43,10
E4H-194-070,9.06,11.81,4.72,0.44,10
E22-D26-030,9.06,12.2,4.72,2.03,10
E7O-D33-100,10.3,14,5.51,2.4,10
E4S-D29-040,9.06,12.2,4.72,0.44,10
E6J-565-045,9,11.2,4.51,1.4,10
E6K-565-055,8,11,4.56,1.4,10
E6N-D19-065,7.8,13,5.31,1.8,10
E6O-D19-040,9,12.2,5.01,1.6,10
E6O-D19-090,9.4,13.2,5.01,1.8,10
E6Y-001-055,7.7,12,4.51,1.4,10
E7B-001-030,8,12,4.51,1.4,10
E7B-001-045,8,12,4.51,1.4,10
E7M-030-070,8.07,12.2,4.72,0.44,10
E6T-B41-040,5.91,10.63,3.94,1.28,10
E6J-C91-045,9,11.2,4.51,1.4,10
E6J-C91-055,9,11.2,4.51,1.4,10
E6K-C91-030,8,11,4.51,1.4,10
E6K-C91-060,8.5,12.2,5.01,1.6,10
E6Y-C88-055,7.7,12,4.51,1.4,10
E6J-C98-065,9.2,13.2,5.41,1.8,10
E6J-C98-080,9.2,13.2,5.41,1.8,10
F65-137-090,9.06,12.2,4.72,1.69,10
E7A-C88-035,8.07,11.42,4.53,0.44,10
B1A-001-030,9,11.2,4.51,1.6,10
B1A-001-090,9.2,13,5.41,1.8,10
B1A-288-030,9,11.2,4.51,1.6,10
B1A-288-090,9.2,13,5.41,1.8,10
B1B-288-030,8,11.2,4.51,1.4,10
B1B-288-055,8,12,5.01,1.4,10
B1J-592-040,8.4,12,4.51,1.6,10
IK8-D39-030,9.06,12.2,4.72,1.63,10
IK8-D39-080,9.45,12.99,5.12,2.07,10
E7B-D05-060,8.5,12.5,4.71,1.6,10
E7B-D05-070,8.5,12.5,4.71,1.6,10
E7C-001-080,8.5,12.5,4.71,1.8,10
HJ5-B58-055,9,12.2,4.81,2,10
HJ7-B58-060,9,12.2,4.81,2,10
CC6-194-040,7.87,10.63,4.33,1.23,9
R49-011-030,7.87,10.43,4.33,1.32,9
FR1-001-065,9.06,12.6,4.92,1.94,9
FR1-194-070,9.06,12.6,4.92,1.98,9
HF2-A89-060,8.66,12.2,4.72,1.87,9
R49-011-050,8.07,11.02,4.53,1.46,9
R49-011-090,8.27,11.81,4.53,1.7,9
CC6-090-030,7.87,10.63,4.33,1.19,9
CC6-675-080,9.06,12.2,4.72,1.5,9
279-005-110,8.66,12.99,5.31,2.01,9
HF3-C05-060,9.1,12.8,4.91,2,9
HF3-C05-070,9.5,12.5,5.01,2,9
DW9-137-060,8.2,11.2,4.51,1.4,9
FQ1-090-050,8.27,11.81,4.53,1.15,9
FV8-090-030,8.27,10.83,4.33,1.37,9
HY8-610-045,7.87,11.81,4.53,0.9,9
HY8-610-060,9.06,11.81,4.72,0.97,9
JM1-001-070,8.07,11.42,4.54,1.68,9
E7A-001-050,8.66,11.81,4.72,0.44,9
E54-090-070,4.33,11.02,4.53,0.68,9
E54-137-050,4.33,11.02,4.53,0.62,9
E54-137-070,4.33,11.02,4.53,0.68,9
E54-012-050,4.33,11.02,4.53,0.62,9
E54-012-060,4.33,11.02,4.53,0.64,9
Q68-001-060,8.27,11.81,4.53,1.27,9
Q68-001-065,8.27,11.81,4.53,1.29,9
Q68-644-040,8.07,10.43,4.53,1.36,9
Q68-644-050,8.27,11.81,4.53,1.4,9
X22-090-040,7.87,10.43,4.33,1.59,9
X22-194-080,8.66,11.61,4.53,2.26,9
X03-399-065,8.07,11.02,4.53,1.75,9
CC6-675-045,7.87,10.63,4.33,1.26,9
CC6-675-055,8.66,11.61,4.72,1.32,9
EJ9-090-050,8.07,11.02,4.53,1.26,9
EJ9-090-080,8.27,11.81,4.53,1.43,9
FB7-001-050,9.06,11.81,4.72,1.03,9
FR1-399-030,8.27,11.81,4.53,1.63,9
GF9-646-090,9.06,12.99,5.12,2.14,9
FP8-A34-070,5.91,7.68,3.74,0.48,9
GK5-090-050,9.06,12.6,4.92,1.81,9
I88-675-040,7.87,10.04,4.13,1.5,9
GS9-001-080,4.53,12.6,4.92,1.31,9
GK7-592-050,7.48,12.6,5.12,1.68,9
GR5-001-030,6.69,10.63,4.33,1.07,9
GU8-194-100,9.06,12.99,5.12,2.23,9
GX5-231-050,8.07,11.02,4.53,1.32,9
GX5-231-065,8.07,11.02,4.53,1.32,9
GY6-090-090,4.13,12.01,1.89,0.26,9
HG4-592-050,7.09,11.42,4.53,1.27,9
HX8-001-065,6.2,11.5,4.11,1.5,9
HX8-001-070,6.2,11.5,4.11,1.5,9
IA4-001-060,10.5,13.5,5.01,2.4,9
IC5-A20-050,8.07,11.02,4.53,1.4,9
IC5-B06-050,8.07,11.02,4.53,1.4,9
ID7-090-055,9.45,12.99,5.12,1.81,9
ID4-090-090,9.45,12.99,5.13,1.57,9
IF6-A69-065,8.66,12.2,4.72,1.81,9
IH5-011-070,6.3,11.42,4.13,1.41,9
IK1-A20-060,9,13,1.81,2,9
IK8-090-055,9.06,12.6,4.92,1.85,9
IM3-675-060,8.27,11.81,4.72,1.65,9
IT4-001-090,7.28,12.2,4.92,1.63,9
IB8-090-060,8.66,11.61,4.73,1.45,9
JF4-C14-070,9.84,12.6,4.72,0.44,9
JL6-090-070,9.84,12.6,4.73,2.2,9
GS2-616-060,8.27,11.81,4.54,1.4,9
DG5-288-060,4.33,11.02,4.53,0.93,9
IU1-C90-060,9.3,12.7,5.01,1.6,9
E2Q-D20-070,9.06,12.6,4.92,1.94,9
E3L-D20-045,5.91,10.63,3.94,1.12,9
E3Y-675-040,9.5,13,5.01,1.8,9
E4C-076-080,10.24,12.99,4.72,0.44,9
E4I-D27-040,7.87,11.81,4.53,0.44,9
E7T-167-110,10.04,13.39,5.31,0.44,9
FV6-C88-040,7.87,10.04,4.13,1.98,9
HI9-C98-080,9.06,12.2,4.72,1.64,9
IW1-288-065,9.06,11.81,4.72,2.65,9
JC8-A20-090,4.53,11.42,4.72,1.06,9
JM2-D05-060,8.5,12.5,4.51,1.6,9
JE6-C93-050,8.3,11.5,4.51,1.2,9
JE6-C93-065,9.3,12.8,5.01,1.6,9
E2T-D20-070,4.5,11.1,4.51,0.6,9
E4L-D20-060,8.3,11.7,5.01,1.4,9
E3J-B41-080,7.28,12.2,4.92,1.37,9
E1I-C15-050,8.5,11.5,4.51,1.4,9
E5S-288-070,8.66,12.6,4.92,1.85,9
E1G-C91-080,9.5,12.8,5.01,1.6,9
E5X-090-050,6.3,11.42,4.14,1.2,9
E6C-001-060,9.84,12.6,4.72,0.44,9
E6J-565-060,9.2,13.2,5.41,1.8,9
E6K-565-050,8,11,4.51,1.4,9
E6K-565-065,8.5,12.2,5.01,1.6,9
E5X-B41-045,5.91,10.63,3.95,1.2,9
E6C-C91-050,9.84,12.6,4.72,0.44,9
E6C-C91-070,9.84,12.6,4.72,0.44,9
E6N-D20-070,7.8,13,5.31,1.8,9
E6K-C91-065,8.5,12.2,5.01,1.6,9
E6K-C98-065,8.5,12.2,5.01,1.6,9
B1H-592-065,9,13.2,5.01,2,9
B1K-001-040,8.4,12,4.51,1.6,9
HJ7-B58-065,9,12.2,4.81,2,9
268-001-080,8.66,12.6,4.72,1.62,9
E54-194-070,4.33,11.02,4.53,0.68,9
L66-001-110,8.66,12.99,5.31,2,9
N28-001-090,8.27,12.2,4.13,2.13,9
Q74-001-065,6.3,11.42,4.13,1.52,9
R08-194-070,4.33,11.02,4.53,0.97,9
R08-194-080,4.53,11.42,4.72,0.99,9
Y12-090-080,9.06,12.2,4.72,1.52,9
Q68-731-090,9.06,12.2,4.72,1.47,9
L05-399-110,8.66,12.99,5.31,2,9
I88-011-080,8.27,11.81,4.53,1.61,9
I88-592-045,7.87,10.04,4.13,1.65,9
O96-031-090,8.66,11.61,4.53,1.65,9
CC6-011-045,7.87,10.63,4.33,1.26,9
CM3-231-050,8.07,11.02,4.53,1.65,9
CM3-231-070,8.07,11.02,4.53,1.92,9
ED4-090-030,8.27,10.83,4.33,1.65,9
SAC-907-999,7.48,4.92,0.16,0.03,9
SAM-907-999,7.48,4.92,0.16,0.03,9
SAX-182-999,7.48,4.92,0.16,0.03,9
ES7-090-065,8.66,11.61,4.72,1.5,9
ES8-090-080,8.27,11.81,4.53,1.9,9
ES8-592-050,8.07,11.02,4.53,1.7,9
FB7-477-050,9.06,11.81,4.72,1.03,9
279-167-115,8.66,12.99,5.31,2.04,9
EM7-959-050,7,9,4.51,1.2,9
EM7-959-070,8,10,5.01,1.4,9
I88-A15-030,7.87,10.04,4.13,1.71,9
FE5-A01-045,9.3,13,5.01,1.4,9
FV6-592-070,8.66,11.61,4.72,1.64,9
GB7-090-030,8.27,10.83,4.33,1.61,9
FZ4-442-080,8.27,11.81,4.53,1.9,9
GC1-A32-060,8.07,11.02,4.53,1.72,9
GC1-A32-070,8.07,11.02,4.53,1.76,9
FD2-399-070,4.53,12.6,4.92,1.3,9
GD1-001-110,8.66,12.99,5.31,1.76,9
GD2-001-100,8.27,12.6,5.12,1.76,9
GF9-646-100,9.06,12.99,5.12,2.23,9
FP8-A26-070,5.91,7.68,3.74,0.63,9
FP8-A26-090,5.91,8.07,4.13,0.73,9
GK5-090-055,9.06,12.6,4.92,1.85,9
GB7-A85-040,8.27,10.83,4.33,1.7,9
GF1-399-110,8.66,12.99,5.31,2.12,9
GR6-001-035,5.91,10.63,3.94,0.92,9
GU3-167-110,10.04,13.39,5.31,2.31,9
GT2-001-090,8.27,12.6,5.12,1.76,9
GX5-231-045,7.87,10.04,4.13,1.32,9
HC7-A90-080,4.5,7.5,4.01,1.5,9
HE7-167-060,7.48,12.6,5.12,1.76,9
HF1-001-040,4.5,12.52,4.1,1.2,9
HF1-194-040,4.5,12.6,4.06,1.2,9
HF2-194-030,8.27,10.83,4.33,1.61,9
HF5-001-070,8.27,11.81,4.72,1.74,9
HG1-B09-030,8.07,11.02,4.53,1.39,9
HI9-675-065,8.66,11.61,4.72,1.52,9
HM9-194-070,7,11.25,5.01,1.4,9
HM9-194-080,7,11.25,5.01,1.4,9
HN9-001-040,7.87,10.04,4.13,1.5,9
HP6-592-080,8.66,12.99,5.12,1.83,9
HF9-194-035,7.48,11.02,4.33,1.26,9
HH3-A99-040,7.87,10.04,4.13,1.37,9
HH3-A99-070,8.07,11.02,4.53,1.54,9
HJ9-B12-060,8.07,11.42,4.53,1.76,9
HJ9-B12-070,8.07,11.42,4.53,1.76,9
HK7-001-070,4.53,12.6,4.92,1.08,9
HL5-A89-060,8.07,11.42,4.53,1.54,9
HL5-A89-070,8.07,11.42,4.53,1.54,9
HL5-B26-060,8.07,11.42,4.53,1.54,9
HA6-001-115,8.66,12.99,5.31,1.98,9
HX2-001-030,8.66,10.63,4.33,1.25,9
HX2-399-060,8.66,11.61,4.72,1.42,9
HX2-399-070,8.66,11.61,4.72,1.45,9
IB5-001-040,8.66,11.61,4.72,1.79,9
IH5-011-055,6.3,11.42,4.13,1.32,9
IH5-011-065,6.3,11.42,4.13,1.39,9
II7-B58-060,7.5,12.6,5.11,1.6,9
IJ5-619-070,8.27,11.81,4.72,1.74,9
IK5-054-065,8.66,11.61,4.72,1.36,9
IK5-675-080,9,12.2,4.91,1.4,9
IB4-535-060,8.2,12.8,5.11,2,9
IB4-535-070,8.2,12.8,5.11,2,9
FV6-B37-080,8.3,11.5,4.61,1.4,9
EJ8-012-070,8.07,11.02,4.53,1.32,9
IN8-B97-075,9.45,12.99,5.12,2.01,9
IN8-B97-085,9.45,12.99,5.12,2.09,9
HJ1-C23-040,7.87,10.63,4.33,1.29,9
IV3-011-090,9,12.5,5.01,2,9
IV6-C15-090,9.3,13.2,5.21,2,9
IW1-A99-045,8.66,11.61,4.72,2.43,9
IW1-C20-055,9.06,11.81,4.72,2.65,9
IW2-A99-045,8.66,11.61,4.72,2.43,9
IY1-090-070,8.66,11.81,4.72,1.85,9
IZ7-B41-050,8.4,12.7,5.01,1.8,9
IW1-C14-055,9.06,11.81,4.72,2.65,9
JA3-011-050,7.09,11.42,4.53,1.21,9
JA3-011-080,7.48,12.2,4.72,1.38,9
R08-C42-065,4.33,11.02,4.53,0.71,9
IB8-090-070,8.66,11.61,4.73,1.49,9
IW2-675-050,9.06,11.81,4.72,2.65,9
IW8-090-080,9.2,13.2,5.01,2.2,9
IX1-C75-115,7.8,12.8,5.01,1.8,9
JJ4-090-090,9.06,12.6,4.92,2.65,9
JJ8-090-100,9.3,13.2,5.01,2,9
JJ8-090-115,10.3,14,5.51,2.4,9
JL1-090-065,8.07,11.42,4.53,1.5,9
JL2-399-030,7.87,10.63,4.33,1.19,9
JL2-C35-060,8.27,11.81,4.53,1.23,9
JL2-C35-080,8.66,11.81,4.72,1.41,9
JL2-C35-090,8.66,11.81,4.72,1.5,9
JL9-001-050,8.07,11.42,4.55,1.6,9
JL9-090-090,8.27,11.81,4.54,1.76,9
JM1-C70-035,7.48,11.42,4.33,1.54,9
IX1-399-115,7.7,12.9,5.01,1.8,9
IZ4-090-110,10.2,14,5.51,2.2,9
IZ5-C74-110,10.2,14,5.51,2.2,9
HI9-011-060,8.66,11.61,4.72,1.48,9
IB8-011-060,8.66,11.61,4.73,1.45,9
IB8-011-070,8.66,11.61,4.73,1.49,9
JA7-C20-060,5.71,11.81,4.54,0.8,9
JE5-C55-045,7.48,11.42,4.34,1.2,9
JE6-C33-070,8.07,11.02,4.54,1.4,9
JE6-C55-080,7.87,11.81,4.54,1.8,9
JF4-C14-090,10.24,12.99,4.72,0.44,9
JF5-A99-060,9.84,12.6,4.73,1.8,9
HT9-B59-040,6.69,10.63,4.33,1.08,9
EJ8-C89-070,8.07,11.02,4.53,1.32,9
FV8-C88-070,8.66,11.61,4.72,2.2,9
HX2-B41-030,8.66,10.63,4.33,1.25,9
HX8-288-030,5.91,10.63,3.94,0.97,9
I88-817-045,8.27,11.81,4.53,1.74,9
I88-817-055,8.27,11.81,4.53,1.74,9
IH2-C89-045,5.91,10.63,3.94,1.04,9
IK5-C89-050,8.2,11.3,4.51,1.4,9
IW1-011-070,9.06,11.81,4.72,2.65,9
JE6-442-045,8.3,11.5,4.51,1.2,9
JE6-442-055,8.3,11.5,4.51,1.2,9
JJ5-076-115,10.3,14,5.21,2.4,9
JJ5-076-120,10.3,14,5.21,2.4,9
JM2-B93-045,7.8,12,4.51,1.4,9
E1E-090-070,8.27,11.81,4.72,1.79,9
E1G-090-040,8.5,11.5,4.51,1.4,9
E1G-090-065,9.5,12.8,5.01,1.6,9
E1V-001-065,9.06,11.81,4.72,0.44,9
E21-001-035,8.27,11.81,4.53,0.44,9
E22-D24-045,8.27,11.81,4.53,2.02,9
E22-D24-065,9.06,11.81,4.72,2.2,9
E2A-040-080,8.66,12.6,4.72,0.44,9
E2M-D20-030,6.7,10.7,4.31,1.2,9
E2Q-D20-030,8.66,11.61,4.72,1.56,9
E3Z-001-090,10.5,13.5,5.01,2.4,9
E4F-D26-040,7.48,11.42,4.33,1.43,9
E4I-D27-055,8.66,11.81,4.72,0.44,9
E4I-D27-065,8.66,11.81,4.72,0.44,9
E4V-231-030,9,12,5.01,1.8,9
E5B-090-040,7.48,11.42,4.33,0.2,9
E5B-090-065,8.27,11.81,4.53,0.23,9
E6H-001-070,8.66,11.61,4.72,2.2,9
E7S-167-115,10.04,13.39,5.31,0.44,9
E7T-167-070,8.27,12.6,5.12,0.44,9
HF4-C88-065,8.4,12.5,5.01,1.6,9
HX2-C99-065,8.66,11.61,4.72,1.43,9
IW1-288-050,9.06,11.81,4.72,2.65,9
JL1-C98-030,8,11,4.51,1.4,9
JL1-C98-090,8.5,12,5.01,1.8,9
JM2-D06-090,8.5,12.5,4.71,1.6,9
E2T-D20-050,4.3,10.3,4.31,0.6,9
E2T-D20-090,4.5,11.1,4.51,0.6,9
E5H-B41-050,6.6,10.6,4.31,1.2,9
E1X-926-035,8.27,11.81,4.53,1.84,9
E1X-926-050,9.06,11.81,4.72,2.02,9
E3Z-C15-040,9.5,12.8,5.01,2,9
E1X-D21-080,9.84,12.6,4.72,2.2,9
E4V-D18-060,9,12.3,5.01,2,9
E7O-442-090,9.7,13.5,5.31,2.2,9
E7O-442-115,11.2,14.3,6.01,2.6,9
E1I-A99-055,8.5,11.5,4.51,1.4,9
E1G-C88-065,9.5,12.8,5.01,1.6,9
E5S-288-040,8.07,12.2,4.72,1.63,9
E4H-011-045,7.87,11.81,4.53,0.44,9
E4H-011-080,9.45,12.2,4.72,0.44,9
E4H-194-060,9.06,11.81,4.72,0.44,9
E4H-194-080,9.45,12.2,4.72,0.44,9
E5E-194-065,9.06,11.81,4.72,2.2,9
E7Q-194-090,8.66,12.6,4.72,0.44,9
E4S-328-040,9.06,12.2,4.72,0.44,9
E7O-D33-115,11.2,14.3,6.01,2.6,9
E5X-090-040,5.91,10.63,3.95,1.2,9
E6V-090-070,9.3,13.2,5.01,2,9
E7B-001-050,8,12,4.51,1.4,9
E5X-B41-040,5.91,10.63,3.95,1.2,9
E5X-B41-080,7.28,12.2,4.92,10.58,9
E6O-D20-070,9.4,13.2,5.01,1.8,9
E6T-B41-045,5.91,10.63,3.94,1.3,9
E7B-090-030,7.8,12,4.51,1.4,9
E7X-D31-100,7.7,13.2,5.31,2,9
E6J-C91-080,9.2,13.2,5.41,1.8,9
E6K-C91-080,8.5,12.2,5.01,1.6,9
E6M-B41-040,8.2,10.6,4.31,1.4,9
E6J-C98-040,9,11.2,4.51,1.4,9
F65-137-070,8.66,11.61,4.72,1.54,9
E7A-001-035,8.07,11.42,4.53,0.44,9
B1A-288-040,9,11.2,4.51,1.6,9
B1A-288-080,9.2,13,5.41,1.8,9
B1B-B41-030,8,11.2,4.51,1.4,9
B1B-B41-090,9,12.5,5.01,1.8,9
E4X-C91-090,9.4,12.2,5.01,1.8,9
E4X-D01-030,8.4,11.2,4.51,1.6,9
E4X-D01-090,9.4,12.2,5.01,1.8,9
IK8-D39-040,9.06,12.2,4.72,1.72,9
IK8-D39-090,9.45,12.99,5.12,2.16,9
B5R-090-040,8.5,11.2,4.51,1.6,9
JM1-194-070,8.07,11.42,4.54,1.68,8
GB7-646-060,8.66,12.2,4.72,1.87,8
R49-001-090,8.27,11.81,4.53,1.7,8
CC6-011-040,7.87,10.63,4.33,1.23,8
R49-011-060,8.07,11.02,4.53,1.52,8
CC6-194-050,8.66,11.61,4.72,1.3,8
FR1-194-040,8.27,11.81,4.53,1.72,8
HF3-B25-070,8.66,12.2,4.72,1.96,8
FR1-194-030,8.27,11.81,4.53,1.63,8
HF2-A06-065,8.66,12.2,4.72,1.92,8
HY8-610-050,9.06,11.81,4.72,0.93,8
HX9-C32-050,6.5,11.5,4.01,1.4,8
GS2-616-065,8.27,11.81,4.54,1.4,8
HF2-A06-050,8.66,12.2,4.72,1.79,8
HF2-A89-050,8.66,12.2,4.72,1.79,8
HE6-328-035,8.12,11.13,4.89,1.8,8
HY8-610-055,9.06,11.81,4.72,0.95,8
IK8-646-040,9.06,12.2,4.72,1.72,8
JM1-194-030,7.48,11.42,4.34,1.52,8
279-277-100,8.27,12.6,5.12,1.87,8
E54-011-070,4.33,11.02,4.53,0.68,8
E54-012-040,4.13,10.24,4.33,0.6,8
L05-001-110,8.66,12.99,5.31,2,8
X22-194-030,7.87,10.43,4.33,1.46,8
X22-194-070,8.66,11.61,4.53,2.05,8
Q68-731-040,8.07,10.43,4.53,1.08,8
X03-339-030,7.87,10.04,4.13,1.56,8
CC6-090-045,7.87,10.63,4.33,1.26,8
H88-841-090,8.27,12.6,5.12,1.92,8
DR6-024-090,8.66,12.6,4.53,2.14,8
EO8-592-030,5.51,10.63,4.33,1.07,8
EB1-592-070,7.87,11.61,4.72,1.68,8
FB7-001-070,9.06,11.81,4.72,1.13,8
FB7-399-030,7.87,11.81,4.53,0.98,8
FB8-399-050,9.06,11.81,4.72,1.64,8
FB7-090-055,8.27,11.81,4.53,0.9,8
FH4-090-060,12.2,13.39,4.33,1.54,8
FH5-090-055,8.07,12.2,4.72,1.81,8
FD7-090-070,7.48,11.42,4.33,1.37,8
GB3-090-050,7.09,11.42,4.53,1.04,8
GB7-090-080,9.45,12.6,4.72,2.05,8
GB7-A85-030,8.27,10.83,4.33,1.61,8
GS7-090-090,10.24,13.39,4.92,3.31,8
GS7-A69-060,9.84,12.6,4.72,3.09,8
GS7-A69-080,10.24,13.39,4.92,3.31,8
GM1-167-065,12.99,14.17,4.72,2.71,8
GP1-A69-070,11.42,12.6,4.72,3.09,8
GU3-167-115,10.04,13.39,5.31,2.38,8
GX5-231-055,8.07,11.02,4.53,1.32,8
HE7-001-065,7.48,12.6,5.12,1.81,8
HF1-001-060,4.5,12.52,4.1,1.2,8
HF4-001-065,8.27,11.81,4.72,1.55,8
HG3-A95-045,7.38,12,4.39,1.6,8
HH3-001-060,8.07,11.02,4.53,1.52,8
GZ6-167-115,8.5,11.8,5.31,2.6,8
HV1-001-045,8.07,11.02,4.53,1.52,8
IC5-B06-070,8.27,11.81,4.72,1.59,8
ID6-090-050,9.7,13.2,5.21,2.4,8
IK8-001-045,9.06,12.2,4.72,1.76,8
IK8-001-065,9.06,12.6,4.92,1.94,8
IA9-001-060,11.02,12.99,4.72,3.09,8
ID5-B78-060,12,14,5.01,3.4,8
ID5-B78-065,13.1,14.3,5.01,3.6,8
ID9-001-040,12,14,5.21,2.6,8
IL4-090-040,11.02,11.81,4.53,2.56,8
HS8-011-070,8.66,11.61,4.72,1.56,8
IP1-001-070,9.06,12.6,4.92,1.98,8
JC8-090-090,4.53,11.42,4.72,1.06,8
JE9-090-060,9.3,13.2,5.21,1.8,8
JI9-C14-050,11.02,12.99,4.72,3,8
HY8-001-060,9.8,12.5,5.01,1.8,8
IB8-090-050,8.66,11.61,4.73,1.4,8
IH2-675-030,6.4,11.5,4.01,1.2,8
IU1-565-080,9.06,12.2,4.72,1.58,8
IW8-090-100,9.2,13.2,5.01,2.2,8
JM2-A99-050,8.07,11.42,4.54,1.6,8
JA6-090-065,5.71,11.81,4.54,0.8,8
JG1-C25-065,9.84,12.6,4.72,0.44,8
JG7-C41-055,9.84,12.6,4.73,1.4,8
JL6-C20-055,9.84,12.6,4.72,0.44,8
JL6-B41-055,9.84,12.6,4.73,2,8
HL1-D16-060,9.45,12.2,4.72,3.42,8
HL1-D16-070,9.45,12.2,4.72,3.51,8
HX8-288-065,6.3,11.42,4.13,1.21,8
IY1-C89-055,8.66,11.81,4.72,1.79,8
JE6-442-065,9.3,12.8,5.01,1.6,8
JF7-675-060,9.84,12.6,4.72,0.44,8
E21-001-045,8.27,11.81,4.53,0.44,8
E2A-040-060,8.27,11.81,4.72,0.44,8
E2N-D20-080,7.5,12.2,4.71,1.4,8
E2Q-D20-050,8.66,11.61,4.72,1.72,8
E2Z-090-060,11.7,13,5.01,2.6,8
E3A-090-065,12.6,13.19,4.92,2.82,8
E3A-090-080,13.19,13.39,5.31,2.89,8
E3J-001-065,6.3,11.42,4.13,1.23,8
E4I-D27-045,7.87,11.81,4.53,0.44,8
E4K-D28-040,7.87,11.81,4.53,0.44,8
E5S-076-070,8.66,12.6,4.92,1.85,8
E5T-011-055,7.8,12,4.51,1.4,8
JM2-D05-070,8.5,12.5,4.71,1.6,8
IY1-C91-050,8.66,11.81,4.72,1.76,8
JM1-D06-065,8.5,12.2,5.01,1.6,8
E3Z-C15-045,9.5,12.8,5.01,2,8
E3A-A69-060,12.6,13.19,4.92,2.78,8
E3Y-C89-045,9.5,13,5.01,1.8,8
E3Y-C89-055,9.5,13,5.01,2,8
E7O-442-100,10.3,14,5.51,2.4,8
E1G-A99-050,8.5,11.5,4.51,1.4,8
E1G-A99-065,9.5,12.8,5.01,1.6,8
E1I-C88-090,9.5,12.8,5.01,1.6,8
E3J-011-080,7.28,12.2,4.92,1.37,8
E1G-C91-040,8.5,11.5,4.51,1.4,8
E1G-C91-050,8.5,11.5,4.51,1.4,8
E1G-C91-060,9.5,12.8,5.01,1.6,8
E4R-194-065,9.3,12.8,5.01,1.8,8
E4T-194-065,8.27,11.81,4.53,1.72,8
E7Q-194-080,8.07,12.2,4.72,0.44,8
E7Q-194-100,8.66,12.6,4.72,0.44,8
E5R-090-050,9.06,12.2,4.72,1.7,8
E6J-565-055,9,11.2,4.51,1.4,8
E6M-090-050,8.2,10.6,4.31,1.4,8
E6T-001-065,6.3,11.42,4.13,1.48,8
E5R-892-065,9.06,12.2,4.72,1.79,8
E6C-C91-060,9.84,12.6,4.72,0.44,8
E6O-D20-040,9,12.2,5.01,1.6,8
E6M-B41-060,8.2,12.5,4.81,1.6,8
E7A-C88-055,8.66,11.81,4.72,0.44,8
E7A-C88-065,8.66,11.81,4.72,0.44,8
B1B-001-070,9,12.5,5.01,1.8,8
HX7-A25-040,9.06,12.2,4.72,1.72,8
B1S-090-065,9.45,12.99,5.12,2.31,8
E4R-090-070,8,12,5.01,1.4,8
268-001-050,8.07,12.2,4.72,1.47,8
279-090-090,8.27,12.6,5.12,1.82,8
HE7-194-030,7.28,12.2,4.92,1.5,8
E5R-288-050,9.06,12.2,4.72,1.7,8
E54-137-040,4.13,10.24,4.33,0.6,8
J80-399-115,4.72,13.39,5.12,1.23,8
E54-399-050,4.33,11.02,4.53,0.62,8
L85-001-080,9.06,12.2,4.72,1.46,8
Z64-399-090,8.27,11.81,4.53,1.47,8
Q68-731-030,8.07,10.43,4.53,1.06,8
279-005-120,8.66,12.99,5.31,2.13,8
AQ3-399-110,8.66,12.99,5.31,2,8
O54-592-045,9.06,11.02,4.13,1.37,8
O54-592-055,9.25,11.81,4.13,1.43,8
O54-592-065,9.25,11.81,4.13,1.46,8
CR2-810-090,9.45,12.6,4.72,2.07,8
CM2-090-040,8.66,10.63,4.33,1.26,8
CM3-826-060,8.07,11.02,4.53,1.79,8
R08-399-065,4.33,11.02,4.53,0.95,8
DR1-005-090,9.45,12.6,4.72,2.14,8
DR6-001-110,9.45,13.39,5.12,2.23,8
DG5-137-030,4.13,10.24,4.33,0.82,8
DG5-137-065,4.33,11.02,4.53,0.95,8
DG5-399-030,4.13,10.24,4.33,0.82,8
DG5-399-050,4.33,11.02,4.53,0.93,8
DX7-167-045,8.66,11.02,4.53,0.93,8
DX7-167-055,9.06,11.61,4.72,0.97,8
DX7-167-065,9.06,11.61,4.72,1.04,8
EB1-090-065,7.87,11.61,4.72,1.65,8
EK8-194-030,8.66,11.02,4.33,1.46,8
X22-399-030,8.27,10.83,4.33,1.65,8
ES8-592-030,7.87,10.04,4.13,1.57,8
ES8-592-090,8.27,11.81,4.53,1.94,8
X03-323-070,8.27,11.81,4.53,1.83,8
X03-323-080,9.06,12.2,4.72,1.94,8
EO8-137-030,6.69,10.63,4.33,1.23,8
EO8-137-040,6.69,10.63,4.33,1.26,8
FJ4-090-090,8.27,11.81,4.53,1.94,8
FD7-090-030,7.09,10.63,4.13,1.01,8
FD7-090-080,7.48,12.6,5.12,1.46,8
FE5-090-040,7.87,10.63,4.33,1.23,8
FE5-090-080,9.06,12.2,4.72,1.23,8
FE5-A01-030,9.3,13,5.01,1.4,8
FE5-A01-080,9.3,13,5.01,1.4,8
FG9-090-060,9.45,12.2,4.72,2.52,8
FV6-090-030,7.87,10.63,4.33,1.44,8
FW5-477-090,8.66,12.6,5.12,1.94,8
GB7-A54-070,8.66,12.2,4.72,1.96,8
GC1-A32-040,7.87,10.04,4.13,1.61,8
GC1-A32-080,8.27,11.81,4.53,1.9,8
GF9-231-070,9.06,12.2,4.72,1.96,8
H84-A31-090,8.27,11.81,4.53,1.61,8
FP2-A26-130,4.33,8.66,3.94,0.63,8
FP4-A40-010,7.09,10.43,4.13,0.84,8
FP6-A26-090,5.91,8.07,4.13,0.69,8
FP8-A26-100,5.91,8.07,4.13,0.74,8
GF1-399-070,8.07,12.2,4.92,1.83,8
GL1-A76-070,12.2,13.39,4.33,2.65,8
GN4-090-035,10.24,12.99,4.72,2.09,8
GO9-A69-045,12.99,14.96,4.53,2.65,8
GP1-090-030,11.02,11.81,4.53,2.65,8
GS6-090-035,11.02,12.99,4.72,2.65,8
GS6-167-060,11.81,13.39,5.12,3.09,8
GS6-167-080,12.6,14.17,5.51,3.31,8
GS6-A69-035,11.02,12.99,4.72,2.65,8
GY2-442-040,7.87,10.04,4.13,1.1,8
FT1-090-050,3.94,11.02,2.09,0.3,8
HC7-A90-060,4.5,7.5,3.81,1.5,8
HC7-A90-070,4.5,7.5,4.01,1.6,8
HE5-B20-030,8.83,11.83,4.84,1.8,8
HE8-001-070,7.48,12.6,5.12,1.85,8
HE9-001-065,7.8,11.5,4.51,2,8
HE9-194-030,7,11.5,4.51,2,8
HE9-194-090,7.5,12.5,5.01,2,8
HF1-001-065,4.5,12.52,4.1,1.2,8
HF2-399-070,8.66,12.2,4.72,1.96,8
HF5-001-060,8.27,11.81,4.72,1.65,8
HN2-A89-030,7.28,12.2,4.92,1.5,8
HP6-592-070,8.27,11.81,4.72,1.74,8
HF9-194-060,8.07,11.42,4.53,1.48,8
HH3-399-065,8.07,11.02,4.53,1.54,8
DX9-A94-080,6.69,11.81,4.33,1.3,8
GK6-A89-030,7.09,10.63,4.13,0.99,8
EJ8-A94-065,8.07,11.02,4.54,1.32,8
EJ8-A94-070,8.07,11.02,4.53,1.32,8
GY7-167-080,9.06,12.6,5.12,1.85,8
GY7-167-090,9.45,12.99,5.12,1.94,8
GY8-592-110,10.04,13.39,5.31,2.12,8
GZ6-001-100,8.5,11.8,5.31,2.6,8
GZ6-001-115,8.5,11.8,5.31,2.6,8
GZ7-001-090,8.5,11.8,5.31,2.6,8
HA3-001-100,9.06,12.99,5.12,2.23,8
HA3-001-120,10.04,13.39,5.31,2.4,8
HA3-194-110,10.04,13.39,5.31,2.31,8
HI5-B04-070,4.33,11.02,4.53,0.42,8
HX3-001-060,6.8,10.8,4.41,1.4,8
HX8-001-035,6,10.6,4.01,0.7,8
HX8-B41-050,6.2,11.3,4.11,1.4,8
ID7-B43-055,9.45,12.99,5.12,1.81,8
IE4-011-030,8.9,12.2,5.01,1.8,8
IF6-A69-040,8.66,11.02,4.33,1.59,8
IH2-B94-065,6.2,11.3,4.11,1.3,8
II3-011-040,7.38,12,5.01,1.6,8
IK1-001-040,9,13,1.81,2,8
IK1-A20-040,9,13,1.81,2,8
IK1-A20-070,9,13,1.81,2,8
IK5-011-080,9,12.1,4.91,1.5,8
IK5-675-055,8.66,11.61,4.72,1.32,8
IK5-675-070,9,12.2,4.91,1.4,8
IK9-A20-080,8.4,12.2,4.81,2.2,8
IA9-001-050,11.02,12.99,4.72,3,8
ID9-001-070,12,14,5.21,2.6,8
IN1-001-060,10.43,13.19,5.32,1.6,8
IC1-477-040,8.27,10.83,4.31,1.72,8
IC1-477-060,8.27,10.33,4.31,1.72,8
HJ1-B84-080,9.06,12.2,4.72,1.55,8
HF3-C05-035,8.5,12.15,4.71,1.6,8
HJ1-C23-090,9.06,12.2,4.72,1.56,8
IW1-675-050,9.06,11.81,4.72,2.65,8
IW1-A99-065,9.06,11.81,4.72,2.65,8
IW1-C20-065,9.06,11.81,4.72,2.65,8
IW2-090-040,8.66,11.61,4.72,2.43,8
IW2-C20-065,9.06,11.81,4.72,2.65,8
IY2-B41-080,9.4,13.2,5.31,2,8
HX9-399-030,6.4,11.5,4.01,1.2,8
IC5-C14-030,8.07,11.02,4.53,1.32,8
IU1-675-030,8.66,10.63,4.33,1.23,8
IW4-675-070,9.06,11.81,4.72,2.65,8
IW4-675-080,9.06,12.6,4.92,2.65,8
JE7-A99-090,9.3,13.1,5.31,2,8
JE9-A99-045,7,12,5.01,1.4,8
IJ7-C15-080,9.3,13.5,5.01,2.4,8
IU1-565-070,8.66,11.61,4.72,1.47,8
JJ8-475-100,9.3,13.2,5.01,1.8,8
JK3-090-040,8.2,11.5,4.71,1.4,8
JK6-C26-045,6.69,10.63,4.33,1.07,8
JL2-399-080,8.66,11.81,4.72,1.41,8
JL3-090-030,8.66,10.63,4.33,1.41,8
JL9-001-040,7.48,11.42,4.34,1.57,8
JL9-001-080,8.27,11.81,4.54,1.71,8
JL9-090-080,8.27,11.81,4.54,1.71,8
JL9-A99-090,8.27,11.81,4.54,1.76,8
JL9-C70-070,8.07,11.42,4.53,1.68,8
JL9-C70-080,8.27,11.81,4.53,1.71,8
JM2-001-055,8.07,11.42,4.54,1.61,8
JM2-A99-060,8.07,11.42,4.54,1.64,8
IZ4-090-070,10.2,14,5.51,2.2,8
IZ4-090-090,10.5,14,5.51,2.2,8
HI9-011-070,8.66,11.61,4.72,1.53,8
IV1-C17-040,7.87,11.81,4.54,1.8,8
JA6-090-055,5.71,11.81,4.54,0.8,8
JA6-A99-055,5.71,11.81,4.54,1.2,8
JA7-C20-045,5.51,10.83,4.34,0.8,8
JA7-C20-050,5.51,10.83,4.34,0.8,8
JE5-C55-040,7.48,11.42,4.34,1.2,8
JE6-C33-090,7.87,11.81,4.54,1.8,8
JF6-C15-080,10.24,12.99,4.73,2.2,8
JG1-C24-065,9.84,12.6,4.72,0.44,8
JL6-C20-065,9.84,12.6,4.72,0.44,8
JL6-090-090,10.24,12.99,4.73,2.2,8
GS2-616-080,9.06,12.2,4.73,1.4,8
HT9-B59-045,6.69,10.63,4.33,1.14,8
HT9-B59-065,7.09,11.42,4.53,1.25,8
E2D-A69-055,9.06,11.81,4.72,2.02,8
E2D-A69-060,9.06,11.81,4.72,2.2,8
HI9-C90-055,8.66,11.61,4.72,1.47,8
HX9-040-040,6,10.6,4.01,1.2,8
I88-817-070,9.06,12.2,4.72,1.85,8
IC5-040-030,8.4,11.6,5.01,1.4,8
IU1-C90-055,9,11.3,4.51,1.4,8
IW2-011-030,8.66,11.61,4.72,2.43,8
JM1-B93-030,7.5,12,5.01,1.4,8
JM1-B93-040,7.5,12,5.01,1.4,8
E1D-090-030,8.27,10.83,4.33,1.98,8
E1D-090-040,8.27,10.83,4.33,1.98,8
E1D-090-070,8.66,11.61,4.72,2.2,8
E1E-090-060,8.27,11.81,4.72,1.74,8
E1Q-001-030,10.43,13.19,5.31,0.44,8
E1Q-001-040,10.43,13.19,5.31,0.44,8
E1Q-001-045,10.43,13.19,5.31,0.44,8
E1Q-001-050,10.83,13.58,5.71,0.44,8
E1Q-001-055,10.83,13.58,5.71,0.44,8
E1Q-001-060,10.83,13.58,5.71,0.44,8
E1Q-001-065,10.83,13.58,5.71,0.44,8
E1Q-001-080,11.42,14.17,5.71,0.44,8
E1Q-001-090,11.42,14.17,5.71,0.44,8
E1R-001-050,10.43,13.19,5.31,0.44,8
E1S-001-040,12.6,13.78,4.53,0.44,8
E1T-167-060,10.43,13.19,5.31,0.44,8
E1U-090-035,12.6,13.78,4.53,0.44,8
E2A-040-055,8.27,11.81,4.72,0.44,8
E3A-090-030,11.81,12.2,4.72,2.62,8
E3B-040-030,11.81,12.2,4.72,2.62,8
E3E-001-040,6,10.7,4.01,1.2,8
E3E-001-045,6,10.7,4.01,1.2,8
E3E-001-050,6.3,11.5,4.01,1.4,8
E3P-090-090,9.06,12.6,4.92,2.38,8
E3Q-001-035,11.02,12.99,4.72,2.76,8
E3Q-001-040,11.02,12.99,4.72,2.82,8
E3Q-001-045,11.02,12.99,4.72,2.84,8
E3Q-001-050,11.81,13.39,5.12,2.87,8
E3Q-001-055,11.81,13.39,5.12,2.93,8
E3Q-001-060,11.81,13.39,5.12,2.95,8
E3Q-001-065,11.81,13.39,5.12,3,8
E3Q-001-080,12.6,14.17,5.51,3.09,8
E3T-001-040,8.07,11.02,4.53,2.07,8
E3W-090-035,11.02,12.99,4.72,2.67,8
E3W-090-045,11.02,12.99,4.72,2.76,8
E3Z-001-065,9.5,12.8,5.01,2,8
E4K-D28-065,8.66,11.81,4.72,0.44,8
E4R-001-040,8.5,11.5,4.51,1.4,8
E5B-090-045,7.48,11.42,4.33,0.2,8
E5B-090-050,8.27,11.81,4.53,0.23,8
E5B-090-055,8.27,11.81,4.53,0.23,8
E5B-090-060,8.27,11.81,4.53,0.23,8
E5D-090-040,9.45,12.99,5.12,0.44,8
E6F-001-080,9.06,11.81,4.72,2.43,8
E7T-167-090,9.06,12.99,5.12,0.44,8
E7T-167-115,10.04,13.39,5.31,0.44,8
AQ3-925-100,8.27,12.6,5.12,1.76,8
EJ8-C97-050,8.07,11.02,4.53,1.32,8
EJ8-C97-090,8.27,11.81,4.53,1.54,8
FV6-C88-055,8.07,11.02,4.53,1.98,8
FV6-C88-070,8.07,11.02,4.53,2.2,8
HH3-C88-070,8.07,11.02,4.53,1.54,8
HI9-C98-090,9.06,12.2,4.72,1.65,8
JM1-D05-050,7.8,12,4.51,1.4,8
JE6-C93-040,8.3,11.5,4.51,1.2,8
JM1-D06-050,7.5,12,5.01,1.4,8
JM1-D06-060,8.5,12.2,5.01,1.6,8
E35-D07-045,11.02,11.81,4.53,2.49,8
E35-D07-070,11.81,12.2,4.72,2.65,8
E1X-926-065,9.06,11.81,4.72,2.02,8
E1I-C15-080,9.5,12.8,5.01,1.6,8
E3Z-C15-050,9.5,12.8,5.01,2,8
E1X-D21-045,8.27,11.81,4.53,1.84,8
E4V-D18-040,9,12.3,5.01,2,8
E3W-A69-035,11.02,12.99,4.72,2.67,8
E2Z-A99-035,11.3,12.3,4.71,2.2,8
E2Z-A99-065,11.7,13,5.01,2.6,8
E1D-C88-050,8.66,11.61,4.72,2.2,8
E5H-288-045,6.6,10.6,4.31,1.2,8
E4H-011-065,9.06,11.81,4.72,0.44,8
E1G-C91-065,9.5,12.8,5.01,1.6,8
E6F-C91-040,8.27,10.83,4.33,1.98,8
E1D-194-050,8.66,11.61,4.72,2.2,8
E1D-194-070,8.66,11.61,4.72,2.2,8
E1E-194-080,9.06,12.6,5.12,1.81,8
E4S-328-050,9.84,12.6,4.72,0.44,8
E4S-328-070,10.24,12.99,4.72,0.44,8
E4S-D29-045,9.06,12.2,4.72,0.44,8
E4S-D29-050,9.84,12.6,4.72,0.44,8
E4S-D29-070,10.24,12.99,4.72,0.44,8
E4S-D29-080,10.24,12.99,4.72,0.44,8
E1U-076-045,12.6,13.78,4.53,0.44,8
E6O-D19-080,9.4,13.2,5.01,1.8,8
E6T-001-040,5.91,10.63,3.94,1.28,8
E6T-001-090,7.28,12.2,4.92,1.65,8
E6Y-001-040,7.7,12,4.51,1.4,8
E7C-C88-055,7.8,12,4.51,1.4,8
E7C-C88-060,8.5,12.5,4.71,1.6,8
E7M-030-120,9.45,12.99,5.12,0.44,8
E7X-D12-115,7.7,13.2,5.31,2,8
E7X-D12-120,7.7,13.2,5.31,2,8
E5X-B41-050,6.3,11.42,4.14,1.2,8
E6T-B41-050,6.3,11.42,4.13,1.32,8
E6Y-C88-040,7.7,12,4.51,1.4,8
E6Y-C88-065,8.5,12.5,4.71,1.6,8
E7B-D06-090,8.5,12.5,4.71,1.6,8
F65-137-080,9.06,12.2,4.72,1.64,8
B1K-001-030,8.4,12,4.51,1.6,8
E4X-C91-070,9.4,12.2,5.01,1.8,8
E4X-D01-080,9.4,12.2,5.01,1.8,8
E7B-D05-055,8,12,4.51,1.6,8
B1T-A76-065,9.45,12.99,5.12,2.31,8
E7C-001-055,7.8,12,4.51,1.4,8
E7C-001-060,8.5,12.5,4.71,1.8,8
E4T-090-090,9.06,12.2,4.72,1.94,8
279-090-115,8.66,12.99,5.31,2.04,8
R49-011-040,7.87,10.43,4.33,1.34,7
CC6-090-080,9.06,12.2,4.72,1.5,7
FR1-001-060,9.06,12.6,4.92,1.9,7
GG2-194-050,8.07,12.2,4.72,1.59,7
JL8-399-050,9,12,5.01,1.6,7
JL8-675-080,9,12,5.01,1.6,7
FK3-090-060,12.2,13.39,4.33,2.31,7
GK5-A06-070,9.06,12.6,4.92,2.07,7
K04-001-050,8.07,11.02,4.53,1.69,7
FK3-090-055,12.2,13.39,4.33,2.27,7
FD2-090-060,4.53,12.6,4.92,1.21,7
GM4-090-070,12.6,13.78,4.53,2.67,7
IK8-646-050,9.06,12.6,4.92,1.81,7
JJ3-011-050,8.66,11.61,4.72,1.36,7
JL8-675-050,9,12,5.01,1.6,7
I88-001-080,8.27,11.81,4.53,1.9,7
I88-024-030,7.87,10.04,4.13,1.57,7
I88-024-060,8.07,11.02,4.53,1.72,7
FR1-001-090,9.45,12.99,5.12,2.16,7
GF9-231-100,9.06,12.99,5.12,2.23,7
GK5-A06-040,8.27,11.81,4.53,1.72,7
GO9-090-050,13.39,15.75,4.72,2.87,7
HY3-001-080,9.06,12.6,4.92,2.29,7
HF3-C05-055,9.25,12.75,4.76,2,7
JL8-399-090,9,12,5.01,1.6,7
E54-010-060,4.33,11.02,4.53,0.64,7
E54-010-070,4.33,11.02,4.53,0.68,7
E54-011-050,4.33,11.02,4.53,0.62,7
E54-012-080,4.53,11.42,4.72,0.71,7
L05-001-090,8.27,12.6,5.12,1.82,7
X22-001-050,8.07,11.02,4.53,1.72,7
X22-001-065,8.07,11.02,4.53,1.92,7
I88-323-040,7.87,10.04,4.13,1.61,7
I88-323-050,8.07,11.02,4.53,1.7,7
Q74-592-070,6.3,11.42,4.13,1.54,7
X22-399-065,8.27,11.81,4.53,1.83,7
EO8-592-065,6.3,11.22,4.72,1.16,7
EO8-592-080,6.89,11.61,5.12,1.25,7
ES8-090-065,8.07,11.02,4.53,1.74,7
EQ4-399-090,4.53,12.6,4.92,1.22,7
FB7-001-030,7.87,11.81,4.53,0.98,7
FB7-001-040,7.87,11.81,4.53,1,7
FH4-090-040,10.24,12.99,4.72,1.43,7
FH4-090-045,10.24,12.99,4.72,1.48,7
FH4-090-070,12.2,13.39,4.33,1.65,7
FH5-090-045,7.28,11.81,4.53,1.79,7
FH5-090-065,8.07,12.2,4.72,1.85,7
FG8-751-060,12.6,13.19,4.92,2.74,7
FV1-090-090,7.48,12.2,4.72,1.64,7
FV6-090-080,9.06,12.2,4.72,1.74,7
FW4-592-050,8.07,12.2,4.72,1.5,7
I88-675-090,8.27,11.81,4.53,1.79,7
GK6-090-050,7.48,11.42,4.33,1.17,7
GQ5-090-050,9.45,12.2,4.72,3.13,7
GO9-A69-040,12.99,14.96,4.53,2.65,7
FR1-751-070,9.06,12.6,4.92,1.98,7
GX5-231-080,8.27,11.81,4.53,1.54,7
HE5-B20-070,8.85,12.25,4.89,2,7
HJ1-323-070,8.66,11.61,4.72,1.45,7
HK8-011-050,8.5,11.8,4.51,2.5,7
HO7-399-050,9.06,12.6,4.92,1.81,7
GY7-001-090,9.45,12.99,5.12,1.94,7
GZ7-592-090,8.5,11.8,5.31,2.6,7
HX7-442-030,9.06,12.2,4.72,1.63,7
HY2-001-055,8.27,11.81,4.53,1.94,7
IA8-001-065,6.3,11.42,4.13,1.39,7
IA8-001-070,6.3,11.42,4.13,1.41,7
IC5-B06-065,8.27,11.81,4.72,1.55,7
IC5-B06-080,8.07,12.2,4.92,1.64,7
ID4-090-070,9.06,12.6,4.93,1.5,7
ID4-194-040,8.66,11.61,4.73,1.4,7
IF6-001-090,9.45,12.99,5.12,2.03,7
IG7-011-060,7.2,11.3,4.51,1.4,7
IK8-001-070,9.06,12.6,4.92,1.98,7
ID5-B63-055,12,14,5.01,3.4,7
ID5-B63-090,12,14,5.01,3.4,7
HY6-001-065,11.2,13.5,5.01,2.4,7
II1-090-080,11.2,13.5,5.01,2.4,7
GP4-B62-050,9.4,12.4,4.81,2.6,7
I88-B41-070,8.07,11.02,4.53,1.76,7
IK8-C19-045,9.7,13.5,5.51,2.2,7
IU9-090-030,8.66,10.63,4.33,1.29,7
IV5-001-065,8.66,11.81,4.72,1.85,7
IY4-A09-060,9.06,11.81,4.72,0.44,7
IY4-A09-065,9.06,11.81,4.72,0.44,7
JB5-090-060,8.07,12.2,4.92,0.44,7
JB5-B41-070,8.07,12.2,4.92,0.44,7
HF4-C14-040,8.07,11.02,4.53,1.38,7
IT6-090-050,6.3,11.42,4.13,1.19,7
HI9-399-055,8.66,11.61,4.72,1.46,7
HI9-399-065,8.66,11.61,4.72,1.51,7
JF3-090-050,8.27,11.81,4.53,1.23,7
JF3-090-065,8.27,11.81,4.53,1.32,7
JJ3-011-090,9.06,12.2,4.72,1.58,7
JJ4-090-070,9.06,11.81,4.72,2.65,7
JL1-090-070,8.07,11.42,4.53,1.5,7
JM1-C70-050,8.07,11.42,4.53,1.6,7
JM1-C70-055,8.07,11.42,4.53,1.61,7
JM2-001-060,8.07,11.42,4.54,1.64,7
IV1-B43-065,9.06,11.81,4.74,1.8,7
JF4-C15-060,9.84,12.6,4.72,0.44,7
JG6-194-080,10.24,12.99,4.73,1.4,7
JG7-194-030,9.06,12.2,4.73,1.4,7
JG8-C68-050,8.27,11.81,4.54,1.6,7
JG8-C68-055,8.27,11.81,4.54,1.6,7
JK5-011-060,7.09,11.42,4.53,0.44,7
HT9-B59-080,7.48,12.2,4.72,1.34,7
E2A-001-050,8.27,11.81,4.72,0.44,7
HI9-C90-045,8.66,10.63,4.33,1.4,7
I88-817-040,8.27,10.83,4.33,1.65,7
IA4-076-050,10.24,12.99,4.72,0.66,7
IA4-076-070,11.02,12.99,4.72,0.22,7
IA4-076-090,11.81,13.39,4.72,0.22,7
IC5-040-060,8.4,12.8,5.01,1.8,7
ID4-C88-030,9,12.2,5.01,1.6,7
ID5-040-030,11.81,12.2,4.72,3.02,7
ID5-040-050,11.81,12.2,4.72,3.35,7
E1I-001-065,9.3,12.8,5.01,1.6,7
E1S-001-070,12.99,14.17,4.72,0.44,7
E1U-090-050,12.6,13.78,4.53,0.44,7
E1U-090-060,12.99,14.17,4.72,0.44,7
E21-001-040,8.27,11.81,4.53,0.44,7
E2K-076-090,14.76,16.14,5.51,4.72,7
E2Z-090-065,11.7,13,5.01,2.6,7
E3A-090-055,12.6,13.19,4.92,2.76,7
E3B-040-080,13.19,13.39,5.31,2.89,7
E3E-001-090,7.3,12.2,5.01,1.4,7
E3I-001-070,6.3,11.42,4.13,0.88,7
E3W-090-040,11.02,12.99,4.72,2.71,7
E4T-001-065,8.27,11.81,4.53,1.72,7
E4Z-090-065,12.99,14.17,4.72,0.44,7
E5Q-090-040,7.48,11.42,4.33,0.44,7
E7Q-001-120,9.45,12.99,5.12,0.44,7
I88-C88-050,8.27,11.81,4.53,1.74,7
I88-C88-065,8.27,11.81,4.53,1.74,7
IK8-C95-060,9.06,12.6,4.92,1.9,7
E35-090-080,11.81,13.39,5.12,2.67,7
E5J-090-060,12.99,14.17,4.72,0.44,7
E3D-D07-055,6.3,11.5,4.01,1.4,7
E3B-167-030,11.81,12.2,4.72,2.62,7
E3B-167-060,12.6,13.19,4.92,2.78,7
E2T-D20-040,4.3,10.3,4.31,0.6,7
E3A-A69-065,12.6,13.19,4.92,2.82,7
E3W-A69-065,11.42,12.6,4.72,2.93,7
E3W-A69-070,11.42,12.6,4.72,2.98,7
E3Y-C89-065,9.5,13,5.01,2,7
E3Y-C89-090,10.5,13.5,5.01,2.4,7
E5S-288-090,8.66,12.99,5.12,2.17,7
E3J-011-070,6.3,11.42,4.13,1.32,7
E22-D26-055,9.06,12.6,4.92,2.03,7
E1U-076-040,12.6,13.78,4.53,0.44,7
E5X-090-045,5.91,10.63,3.95,1.2,7
E6C-001-045,9.06,12.2,4.72,0.44,7
E6C-001-050,9.84,12.6,4.72,0.44,7
E6C-001-070,9.84,12.6,4.72,0.44,7
E6N-D19-060,7.8,13,5.31,1.8,7
E5R-892-040,8.66,11.02,4.33,1.61,7
E5R-892-080,9.45,12.6,4.72,1.94,7
E6N-D20-050,7.5,12.4,4.81,1.4,7
E6V-B41-050,8.4,11.6,4.61,1.8,7
E6J-C91-065,9.2,13.2,5.41,1.8,7
E6J-C98-070,9.2,13.2,5.41,1.8,7
E6K-C98-070,8.5,12.2,5.01,1.6,7
E7A-194-050,8.66,11.81,4.72,0.44,7
B1S-090-060,9.45,12.99,5.12,2.31,7
B1S-090-080,10.24,12.99,4.72,2.51,7
B1T-A76-040,9.06,12.2,4.72,2.16,7
E54-137-080,4.53,11.42,4.72,0.71,7
E54-012-030,4.13,10.24,4.33,0.55,7
J80-399-070,4.33,11.02,4.53,0.99,7
L05-001-120,8.66,12.99,5.31,2.13,7
L85-001-065,8.66,11.61,4.72,1.37,7
N28-001-030,8.07,10.83,3.74,1.76,7
Q29-167-080,7.28,12.2,4.92,1.75,7
R08-194-050,4.33,11.02,4.53,0.93,7
R49-001-065,8.07,11.02,4.53,1.54,7
H84-090-060,8.07,11.02,4.53,1.73,7
X03-399-090,8.27,11.81,4.53,1.93,7
CR2-001-070,9.06,12.2,4.72,1.9,7
CC6-090-065,8.66,11.61,4.72,1.37,7
R08-399-030,4.13,10.24,4.33,0.82,7
DR6-024-110,9.45,13.39,5.12,2.23,7
Q74-592-050,6.3,11.42,4.13,1.46,7
Q74-592-080,6.69,12.2,4.33,1.61,7
DX7-090-030,8.66,11.02,4.53,0.84,7
DG5-137-040,4.13,10.24,4.33,0.84,7
EH4-798-070,7.28,12.2,4.92,1.56,7
X22-399-090,9.06,12.2,4.72,1.94,7
EO8-011-040,5.51,10.63,4.33,1.09,7
ES7-090-030,7.87,10.63,4.33,1.21,7
ES7-090-045,7.87,10.63,4.33,1.34,7
EQ4-090-080,4.37,11.81,4.72,1.14,7
EK1-090-070,8.07,11.02,4.53,1.39,7
Z18-969-070,8.07,11.02,4.53,1.76,7
FD7-090-040,7.09,10.63,4.13,1.1,7
FE5-090-090,9.06,12.2,4.72,1.23,7
FE5-A01-040,9.3,13,5.01,1.4,7
FG9-090-030,9.06,11.81,4.72,2.19,7
FT9-090-060,7.09,11.42,4.53,1.12,7
GB7-A22-055,8.66,12.2,4.72,1.83,7
GB7-A22-065,8.66,12.2,4.72,1.92,7
FE5-675-030,7.87,10.63,4.33,1.23,7
GD2-001-110,8.66,12.99,5.31,1.76,7
GF9-231-075,9.06,12.2,4.72,2.01,7
GF9-646-110,10.04,13.39,5.31,2.31,7
FP4-A40-020,7.09,10.43,4.13,0.88,7
FP6-694-070,4.33,7.68,3.74,0.52,7
FP6-694-080,4.33,7.68,3.74,0.54,7
GH3-399-A69,3.5,7,1.21,0.2,7
GL9-090-060,9.06,12.6,4.92,2.09,7
GO6-A74-030,8.27,10.83,4.33,1.61,7
GP4-A77-040,9.06,11.81,4.72,3.09,7
GQ6-231-040,9.06,11.81,4.72,2.62,7
GS6-A69-045,11.02,12.99,4.72,2.65,7
GS6-A69-055,11.81,13.39,5.12,2.87,7
GU3-090-120,10.04,13.39,5.31,2.43,7
GU8-A74-110,10.04,13.39,5.31,2.31,7
GT2-001-120,8.66,12.99,5.31,1.98,7
GX5-231-040,7.87,10.04,4.13,1.1,7
GX5-231-090,8.27,11.81,4.53,1.54,7
HC7-A90-100,6,7.5,4.01,1.5,7
HF1-194-080,4.5,12.6,4.06,1.2,7
HF2-399-030,8.27,10.83,4.33,1.61,7
HF4-194-065,8.27,11.81,4.72,1.55,7
HF5-001-080,8.66,12.99,5.12,1.83,7
HF5-B09-030,8.07,11.02,4.53,1.39,7
HF5-B09-060,8.27,11.81,4.72,1.65,7
HI7-B06-060,8.07,11.02,4.53,1.32,7
HM2-B15-070,7.09,11.42,4.53,1.12,7
HM3-001-080,8.66,12.99,5.12,1.83,7
HM9-090-030,7,11.25,5.01,1.4,7
HN2-090-060,7.48,12.6,5.12,1.76,7
HN9-001-030,7.87,10.04,4.13,1.46,7
HT4-011-070,8.27,11.81,4.72,1.74,7
HT9-011-050,6.75,10.75,4.39,1.2,7
HU7-194-080,8.27,11.81,4.53,1.54,7
HH3-001-070,8.07,11.02,4.53,1.54,7
HJ9-A99-070,8.07,11.42,4.53,1.76,7
HR1-675-070,8.07,11.02,4.53,1.32,7
DG5-B12-060,4.33,11.02,4.53,0.42,7
DX9-A94-090,6.69,11.81,4.33,1.32,7
GY7-167-120,10.04,13.39,5.31,2.2,7
HA3-001-095,9.06,12.99,5.12,2.18,7
HA3-001-110,10.04,13.39,5.31,2.31,7
HA6-001-090,8.27,12.6,5.12,1.76,7
HX8-A69-030,6.2,11.3,4.11,1.4,7
HY8-610-030,7.87,11.81,4.53,0.79,7
IB5-A20-060,9.06,12.6,4.92,1.96,7
IF9-011-060,8.07,11.02,4.53,1.32,7
II3-011-050,7.38,12,5.01,1.6,7
II3-011-055,7.38,12,5.01,1.6,7
II3-011-070,7.38,12,5.01,1.6,7
II6-B41-030,7.1,11.4,4.51,1.2,7
IK8-646-035,9.06,12.2,4.72,1.68,7
IM3-675-070,8.27,11.81,4.72,1.74,7
HZ1-001-050,14.96,19.69,4.93,3.4,7
HZ1-167-070,14.96,19.69,4.93,3.4,7
ID5-B78-050,12,14,5.01,3.4,7
ID9-001-030,12,14,5.21,2.6,7
IE2-477-050,11.3,13.5,5.01,2.6,7
HY6-001-045,11.2,13.5,5.01,2.4,7
IG2-011-080,8.27,11.81,4.53,1.54,7
HN9-B37-090,8.27,11.81,4.53,1.54,7
I88-B41-040,7.87,10.04,4.13,1.54,7
I88-B41-080,8.27,11.81,4.53,1.98,7
IO2-687-075,9.06,12.6,4.92,2.01,7
IO2-687-080,9.06,12.6,4.92,2.05,7
HJ1-C22-090,9.06,12.2,4.72,1.58,7
I88-C20-055,8.07,11.02,4.53,1.98,7
IV3-011-050,9,12.5,5.01,2,7
IV4-C15-080,10.8,13.8,5.51,2.4,7
IV9-090-045,8.66,11.61,4.72,2.43,7
IW1-090-050,9.06,11.81,4.72,2.65,7
IW1-A99-080,9.06,12.6,4.92,2.65,7
IW2-090-055,9.06,11.81,4.72,2.65,7
IY1-090-060,8.66,11.81,4.72,1.81,7
JB4-C31-065,8.07,12.2,4.92,0.44,7
JB5-090-040,7.87,11.61,4.72,0.44,7
HX8-399-070,6.4,11.5,4.01,1.2,7
HX8-C20-045,7.2,12.2,5.01,1.6,7
JE8-090-045,8.1,11,4.51,1.4,7
JE8-A99-090,8.5,12.4,5.01,1.6,7
JE9-090-040,9.3,13.2,5.21,1.8,7
JI9-C14-060,11.02,12.99,4.72,3.09,7
IJ7-C15-055,9.3,13.1,5.01,2.4,7
IW2-675-030,8.66,11.61,4.72,2.43,7
IW9-090-120,9.3,13.5,5.01,2.1,7
IX1-C80-110,7.7,12.9,5.01,1.8,7
JC9-C55-090,4.53,12.6,4.92,0.9,7
JJ3-090-080,9.06,12.2,4.72,1.56,7
JJ3-399-030,7.87,10.63,4.33,1.18,7
JJ5-231-110,10.3,14,5.51,2.4,7
JJ8-475-115,10.3,14,5.51,2.2,7
JK4-090-030,8.8,11.7,4.71,1.6,7
JL2-C35-070,8.27,11.81,4.53,1.37,7
JL3-675-040,8.66,10.63,4.33,1.46,7
JL3-675-080,9.06,12.6,5.12,1.5,7
JL8-054-060,9,12,5.01,1.2,7
JL9-001-045,7.48,11.42,4.34,1.59,7
JL9-C70-050,8.07,11.42,4.53,1.6,7
JM1-A99-050,8.07,11.42,4.53,1.6,7
IX1-399-070,7.5,12.7,5.01,1.6,7
IX1-399-100,7.5,12.7,5.01,1.6,7
IZ4-090-120,10.2,14,5.51,2.2,7
HY8-B16-030,9.5,12.5,5.01,2.6,7
IV1-B43-040,7.87,11.81,4.54,1.8,7
JA5-090-030,5.5,10.7,4.31,1.2,7
JE5-C55-050,8.07,11.02,4.54,1.2,7
JE6-C55-030,7.48,11.42,4.34,1.4,7
JF5-001-045,9.06,12.2,4.73,1.8,7
JF7-001-045,9.06,12.2,4.72,0.44,7
IV1-C18-030,7.87,11.81,4.54,1.8,7
IV1-C18-040,7.87,11.81,4.54,1.8,7
HT9-B59-050,7.09,11.42,4.53,1.19,7
E2A-001-040,7.87,11.81,4.53,0.44,7
E2C-090-035,10.43,13.19,5.31,0.44,7
E2D-A69-035,8.27,11.81,4.53,2.02,7
DG5-288-030,4.13,10.24,4.33,0.82,7
HI9-C90-065,8.66,11.61,4.72,1.52,7
HI9-C90-090,9.06,12.2,4.72,1.65,7
HL1-D16-050,9.45,12.2,4.72,3.28,7
HX2-B41-090,9.06,12.2,4.72,1.58,7
ID5-040-040,11.81,12.2,4.72,3.24,7
ID5-040-090,12.99,14.17,4.72,3.9,7
IW2-011-040,8.66,11.61,4.72,2.43,7
JJ5-076-090,9.3,13.2,5.01,2.2,7
JL2-C90-040,8.2,11.2,4.51,1.4,7
E1D-090-080,9.06,11.81,4.72,2.43,7
E1I-001-045,8.5,11.5,4.51,1.4,7
E1K-001-080,9.06,12.2,4.72,1.65,7
E1R-001-090,10.83,13.58,5.71,0.44,7
E1S-001-035,12.6,13.78,4.53,0.44,7
E1T-167-035,9.45,12.99,5.12,0.44,7
E1X-090-040,8.27,11.81,4.53,1.84,7
E2Q-D20-090,9.45,12.99,5.12,2.09,7
E3B-040-040,11.81,12.2,4.72,2.67,7
E3B-040-045,11.81,12.2,4.72,2.71,7
E3B-040-050,12.6,13.19,4.92,2.73,7
E3B-040-055,12.6,13.19,4.92,2.76,7
E3W-090-030,11.02,12.99,4.72,2.62,7
E3Z-001-055,9.5,12.8,4.01,2,7
E4F-D26-030,7.48,11.42,4.33,0.2,7
E4U-090-050,10.43,13.39,4.92,2.69,7
E5D-090-035,9.45,12.99,5.12,0.44,7
E5D-090-065,10.43,13.19,5.31,0.44,7
E7O-001-080,9.7,13.5,5.31,2.2,7
E7S-167-070,8.27,12.6,5.12,0.44,7
E7T-167-080,8.27,12.6,5.12,0.44,7
DG5-C99-030,4.13,10.24,4.33,0.37,7
EJ8-C97-030,7.87,10.04,4.13,1.1,7
IK8-C95-090,9.45,12.99,5.12,2.16,7
IW1-288-080,9.06,12.6,4.92,2.65,7
IY1-C91-030,8.66,10.63,4.33,1.59,7
E35-D07-040,11.02,11.81,4.53,2.47,7
E5H-B41-070,7.5,12.7,4.71,1.6,7
E1X-926-055,9.06,11.81,4.72,2.02,7
E1X-D21-050,9.06,11.81,4.72,2.02,7
E1X-D21-065,9.06,11.81,4.72,2.02,7
E3W-A69-030,11.02,12.99,4.72,2.62,7
E4U-A69-045,10.24,12.6,4.72,2.65,7
E1I-A99-070,9.5,12.8,5.01,1.6,7
E1K-288-080,9.06,12.2,4.72,1.65,7
E5H-288-050,6.6,10.6,4.31,1.2,7
E5S-288-030,8.07,12.2,4.72,0.24,7
E6F-C91-080,9.06,11.81,4.72,2.43,7
E6H-C91-040,8.27,10.83,4.33,1.98,7
E1E-194-040,8.66,10.63,4.33,1.65,7
E4R-194-035,7.7,12,4.51,1.4,7
E5B-194-040,7.48,11.42,4.33,0.2,7
E5B-194-045,7.48,11.42,4.33,0.2,7
E5B-194-080,9.06,12.2,4.72,0.27,7
E5E-194-055,9.06,11.81,4.72,2.02,7
E5E-194-090,9.84,12.6,4.72,2.2,7
E4S-328-065,9.84,12.6,4.72,0.44,7
E4S-328-080,10.24,12.99,4.72,0.44,7
E4S-D29-065,9.84,12.6,4.72,0.44,7
E1U-076-030,12.6,13.78,4.53,0.44,7
E1U-076-055,12.99,14.17,4.72,0.44,7
E1U-076-060,12.99,14.17,4.72,0.44,7
E6N-D19-080,7.8,13,5.31,1.8,7
E6O-D19-050,9,12.2,5.01,1.6,7
E6V-090-065,9.3,13.2,5.01,2,7
E5S-892-070,8.66,12.6,4.92,1.85,7
E5X-B41-055,6.3,11.42,4.14,1.2,7
E5X-B41-060,6.3,11.42,4.14,1.2,7
E5X-B41-070,6.3,11.42,4.14,1.4,7
E6M-288-060,8.6,12.5,4.81,1.6,7
E6T-B41-055,6.3,11.42,4.13,1.41,7
E6T-B41-080,7.28,12.2,4.92,1.59,7
E7B-090-050,8,12,4.52,1.4,7
E6K-C91-040,8,11,4.51,1.4,7
E6M-B41-030,8.2,10.6,4.31,1.4,7
E7B-D06-040,8,12,4.51,1.4,7
E7B-D06-045,8,12,4.51,1.4,7
F65-137-030,7.87,10.63,4.33,1.25,7
B1A-001-080,9.2,13,5.41,1.8,7
B1A-288-050,9,11.2,4.51,1.6,7
B1A-288-070,9.2,13,5.41,1.8,7
B1B-288-070,9,12.5,5.01,1.8,7
B1B-B41-040,8,11.2,4.51,1.4,7
B1H-001-090,9,13.2,5.01,2,7
B1J-592-090,9,13.2,5.01,2,7
B1K-D18-030,8.4,12,4.51,1.6,7
B1K-D18-080,9,13.2,5.01,2,7
E4X-C91-040,8.4,11.2,5.41,1.6,7
E4X-C91-050,8.4,11.2,4.51,1.6,7
E4X-D01-040,8.4,11.2,5.01,1.6,7
B1T-A76-050,9.45,12.99,5.12,2.27,7
E4R-090-045,8,12,5.01,1.4,7
268-001-040,7.48,11.42,4.33,1.4,7
GB7-646-070,8.66,12.2,4.72,1.96,6
K04-001-065,8.07,11.02,4.53,1.75,6
FD2-090-040,4.53,11.42,4.72,1.15,6
FQ3-A20-080,9.06,12.2,4.72,1.48,6
R49-001-040,7.87,10.43,4.33,1.39,6
I88-592-060,8.07,11.02,4.53,1.72,6
CC6-090-040,7.87,10.63,4.33,1.23,6
HE6-B23-060,9.15,12.43,4.76,2,6
HG3-A95-060,7.38,12,4.89,1.6,6
HG3-A95-080,7.38,12,4.89,1.6,6
FK3-090-090,12.6,13.78,4.53,2.71,6
FQ3-399-080,9.06,12.2,4.72,1.48,6
GK5-A06-060,9.06,12.6,4.92,1.9,6
HF3-B25-050,8.66,12.2,4.72,1.79,6
HI9-675-050,8.66,11.61,4.72,1.45,6
HX9-A99-055,7.5,12,5.01,1.6,6
HX8-C32-050,6.4,11.5,4.01,1.2,6
HX8-C32-070,6.4,11.5,4.01,1.2,6
JM1-194-040,7.48,11.42,4.34,1.57,6
E54-090-050,4.33,11.02,4.53,0.62,6
I88-001-050,8.07,11.02,4.53,1.7,6
Q74-592-065,6.3,11.42,4.13,1.52,6
HI9-B06-050,8.66,11.61,4.72,1.45,6
HH3-001-050,8.07,11.02,4.53,1.5,6
HY8-610-070,9.06,11.81,4.72,1.01,6
IK8-646-080,9.45,12.99,5.12,2.07,6
JK4-C21-050,8.8,11.7,4.71,1.6,6
HE6-328-045,8.35,12.2,4.51,1.8,6
E54-137-090,4.53,11.42,4.72,1.1,6
N28-001-070,8.07,11.61,4.13,2.06,6
R49-011-055,8.07,11.02,4.53,1.48,6
X22-001-060,8.07,11.02,4.53,1.85,6
I88-323-030,7.87,10.04,4.13,1.57,6
I88-323-070,8.07,11.02,4.53,1.76,6
AH8-399-065,12.99,14.96,4.53,4.34,6
I88-024-055,8.07,11.02,4.53,1.72,6
I88-592-055,8.07,11.02,4.53,1.72,6
X03-339-055,8.07,11.02,4.53,1.71,6
ES8-592-045,7.87,10.04,4.13,1.65,6
EQ4-090-100,4.53,12.6,4.92,1.29,6
EB1-675-060,7.87,11.61,4.72,1.62,6
FB7-001-090,9.45,12.2,4.72,1.2,6
FB7-399-055,9.06,11.81,4.72,1.06,6
FB7-477-070,9.06,11.81,4.72,1.13,6
FF1-090-065,11.02,13.39,4.72,4.23,6
I88-A15-045,7.87,10.04,4.14,1.71,6
FH5-090-050,8.07,12.2,4.72,1.81,6
FG9-090-065,9.45,12.2,4.72,2.58,6
FV6-323-070,8.27,11.81,4.53,0.95,6
FV8-090-040,8.27,10.83,4.33,1.39,6
GB7-090-045,8.27,10.83,4.33,1.74,6
GB7-090-060,8.66,12.2,4.72,1.87,6
ES8-194-060,8.07,11.02,4.53,1.32,6
GQ5-090-080,9.84,12.6,4.72,3.51,6
GS7-090-070,9.84,12.6,4.72,3.09,6
GO9-A69-070,13.39,15.75,4.72,3.09,6
GS6-167-065,11.81,13.39,5.12,3.09,6
GU3-090-090,9.45,12.99,5.12,2.16,6
HF2-001-065,8.66,12.2,4.72,1.92,6
HF2-A89-045,8.27,10.83,4.33,1.74,6
HF4-001-070,8.27,11.81,4.72,1.59,6
HG3-A95-040,7.38,12,4.89,1.6,6
HG4-592-080,7.48,12.2,4.72,1.51,6
HJ1-B06-080,9.06,12.2,4.72,1.54,6
HM3-001-070,8.27,11.81,4.72,1.74,6
HM9-090-050,7,11.25,5.01,1.4,6
HT5-010-040,8.07,11.02,4.53,1.38,6
HU8-B11-070,4.33,11.02,4.53,0.42,6
HO4-001-050,7,11.5,4.51,2,6
EJ8-A94-045,7.87,10.04,4.14,1.1,6
HA3-A93-110,10.04,13.39,5.31,2.31,6
HE6-B23-035,8.12,11.88,4.64,1.8,6
HX8-B41-040,6.2,11.3,4.11,1.4,6
HX8-B41-065,6.2,11.3,4.11,1.4,6
HY2-001-065,8.27,11.81,4.53,2.03,6
IB5-001-065,9.06,12.6,4.92,2.01,6
IB5-167-060,9.06,12.6,4.92,1.96,6
ID6-090-060,9.7,13.2,5.21,2.4,6
ID6-090-090,9.7,13.2,5.21,2.4,6
IE5-011-050,8.9,12.2,5.01,1.8,6
IF6-001-030,8.66,11.02,4.33,1.5,6
IF6-001-040,8.66,11.02,4.33,1.59,6
IF9-011-040,7.87,10.04,4.13,1.1,6
IK5-011-050,9,12.1,4.91,1.5,6
ID5-B63-045,12,14,5.01,3.4,6
ID5-B63-070,12,14,5.01,3.4,6
IE2-477-055,11.3,13.5,5.01,2.6,6
EM1-B77-030,8.1,12.2,4.61,1.4,6
IO2-687-090,9.45,12.99,5.12,2.14,6
IO8-001-090,9.45,12.99,5.12,2.14,6
EB1-194-060,7.09,11.42,4.53,1.23,6
IV5-C15-070,8.66,11.81,4.72,1.87,6
IW1-090-070,9.06,11.81,4.72,2.65,6
IW2-090-080,9.06,12.6,4.92,2.65,6
IY9-A99-065,8.66,11.81,4.72,1.83,6
JB4-C30-060,8.07,12.2,4.92,0.44,6
HX8-399-050,6.4,11.5,4.01,1.2,6
HX8-399-090,6.4,11.5,4.01,1.2,6
HX9-C32-045,6.5,11.5,4.01,1.4,6
IT4-001-030,5.91,10.63,3.94,1.28,6
JI9-090-080,13.19,13.39,5.31,3.26,6
JI9-C14-030,11.02,12.99,4.72,2.82,6
JI9-C14-065,11.02,12.99,4.72,3.13,6
HI9-399-080,9.06,12.2,4.72,1.64,6
HY8-001-050,9.8,12.5,5.01,1.8,6
HY8-001-065,9.8,12.5,5.01,1.8,6
IB8-090-045,7.87,10.63,4.33,1.34,6
IV9-A99-060,9.06,11.81,4.72,2.65,6
IW2-675-065,9.06,11.81,4.72,2.65,6
JJ1-C26-045,7,12,5.01,1.4,6
JM2-090-060,8.07,11.42,4.53,1.64,6
HY8-B16-050,9.5,12.5,5.01,2.6,6
JF4-C15-080,10.24,12.99,4.72,0.44,6
JF5-675-030,9.06,12.2,4.73,1.8,6
JF7-C15-040,9.06,12.2,4.73,2,6
JG1-C26-040,9.06,12.2,4.73,2,6
JG6-001-050,9.25,11.81,4.14,1.4,6
GS2-616-055,8.27,11.81,4.54,1.4,6
DG5-288-040,4.13,10.24,4.33,0.84,6
GS7-076-050,15.35,20.67,13.58,1.98,6
HL1-D16-065,9.45,12.2,4.72,3.46,6
HL1-D16-080,9.84,12.6,4.72,3.57,6
IA4-076-040,10.24,12.99,4.72,0.66,6
IA4-076-080,11.81,13.39,4.72,0.22,6
IH2-C89-030,5.91,10.63,3.94,0.97,6
IH2-C89-060,6.3,11.42,4.13,1.19,6
IK8-288-065,9.06,12.6,4.92,1.94,6
IU1-C90-065,9.3,12.7,5.01,1.6,6
E1G-090-050,8.5,11.5,4.51,1.4,6
E2A-040-065,8.27,11.81,4.72,0.44,6
E2K-076-050,14.17,15.55,5.12,3.97,6
E2L-090-090,12.99,14.17,4.72,2.95,6
E3J-001-030,5.91,10.63,3.94,1.06,6
E4C-076-035,9.06,12.2,4.72,0.44,6
E4K-D28-060,8.66,11.81,4.72,0.44,6
E4Z-090-045,12.6,13.78,4.53,0.44,6
E5S-076-065,8.66,12.6,4.92,1.85,6
HF4-C88-070,8.4,12.5,5.01,1.6,6
HI9-C98-030,8.66,10.63,4.33,1.31,6
IF6-817-060,9.06,12.2,4.72,0.44,6
IK8-C95-055,9.06,12.6,4.92,1.85,6
JL1-C98-040,8,11,4.51,1.4,6
HF4-D02-040,8.5,11.6,4.71,1.4,6
J80-D11-090,4.53,12.6,4.92,0.9,6
E5J-090-080,13.39,14.96,4.92,0.44,6
E3B-167-050,12.6,13.19,4.92,2.73,6
E3W-A69-045,11.02,12.99,4.72,2.76,6
E3Y-C89-070,10.5,13.5,5.01,2.2,6
E1I-C88-045,8.5,11.5,4.51,1.4,6
E5R-288-030,8.66,11.02,4.33,1.57,6
E3J-011-050,6.3,11.42,4.13,1.15,6
E4R-194-055,7.7,12,4.51,1.4,6
E4R-194-060,9.3,12.8,5.01,1.8,6
E7O-D33-080,9.7,13.5,5.31,2.2,6
E5Q-D07-080,8.66,12.6,4.92,0.44,6
E5Q-D07-090,8.66,12.6,4.92,0.44,6
E5R-090-040,8.66,11.02,4.33,1.61,6
E5R-090-060,9.06,12.2,4.72,1.74,6
E6I-D24-030,7.48,11.42,4.33,0.2,6
E6N-D19-040,7.5,12.4,4.81,1.4,6
E7B-001-070,8.5,12.5,4.71,1.6,6
E5R-892-030,8.66,11.02,4.33,1.57,6
E5R-892-070,9.06,12.2,4.72,1.85,6
E5S-892-080,8.66,12.99,5.12,2.17,6
E6O-D20-045,9,12.2,5.01,1.6,6
E6K-C91-090,8.5,12.5,5.01,1.6,6
E7A-001-055,8.66,11.81,4.72,0.44,6
E7A-001-060,8.66,11.81,4.72,0.44,6
E7A-194-045,8.07,11.42,4.53,0.44,6
B1J-001-050,8.4,12,4.51,1.6,6
B1T-A76-080,10.24,12.99,4.72,2.51,6
HJ5-B58-060,9,12.2,4.81,2,6
HJ5-B58-065,9,12.2,4.81,2,6
279-090-100,8.27,12.6,5.12,1.87,6
E54-010-065,4.33,11.02,4.53,0.66,6
E54-194-030,4.13,10.24,4.33,0.55,6
279-277-120,8.66,12.99,5.31,2.13,6
E54-012-065,4.33,11.02,4.53,0.66,6
H84-442-030,7.87,10.04,4.13,1.56,6
L05-277-120,8.66,12.99,5.31,2.13,6
L85-001-030,7.87,10.63,4.33,1.08,6
L85-001-040,7.87,10.63,4.33,1.15,6
L85-617-090,9.06,12.2,4.72,1.5,6
Q29-167-070,7.28,12.2,4.92,1.69,6
X22-001-045,8.07,11.02,4.53,1.65,6
279-005-080,8.07,12.2,4.92,1.73,6
L05-399-070,8.07,12.2,4.92,1.71,6
AH6-090-070,12.99,14.96,4.53,4.41,6
AH9-399-030,12.99,18.5,4.33,4.85,6
AH9-399-060,13.78,19.29,4.53,5.34,6
H84-090-040,7.87,10.04,4.13,1.6,6
I88-011-050,8.07,11.02,4.53,1.38,6
I88-011-090,8.27,11.81,4.53,1.67,6
O96-399-080,8.66,11.61,4.53,1.61,6
Q74-399-035,5.91,10.63,4.33,1.01,6
O54-592-040,9.06,11.02,4.13,1.34,6
O54-592-060,9.25,11.81,4.13,1.46,6
CR2-001-095,9.45,12.6,4.72,2.12,6
CR2-810-095,9.45,12.6,4.72,2.12,6
CM2-675-090,9.06,12.2,4.72,1.61,6
CM3-194-030,7.87,10.43,4.33,1.39,6
CM3-194-040,7.87,10.43,4.33,1.52,6
CM3-194-070,8.07,11.02,4.53,1.92,6
CM3-194-090,8.66,11.61,4.53,2.18,6
CM3-231-060,8.07,11.02,4.53,1.79,6
R08-399-090,4.53,11.42,4.33,1.06,6
DR7-399-070,8.07,11.02,4.53,1.76,6
DR6-001-100,8.66,12.6,4.53,2.2,6
DG5-137-060,4.33,11.02,4.53,0.93,6
EJ8-399-060,8.66,11.61,4.72,1.32,6
EJ8-399-070,8.66,11.61,4.72,1.37,6
ET3-399-065,8.27,11.81,4.53,1.83,6
EQ4-399-070,4.37,11.81,4.72,1.14,6
ET9-090-040,8.27,10.83,4.33,1.65,6
ET9-090-060,8.27,11.81,4.53,1.74,6
ET9-090-070,8.27,11.81,4.53,1.83,6
Y12-323-030,8.66,10.63,4.33,1.17,6
Y12-323-040,8.66,10.63,4.33,1.19,6
Y12-323-045,8.66,10.63,4.33,1.28,6
EJ8-090-065,8.66,11.61,4.72,1.34,6
EJ9-090-030,7.87,10.43,4.33,1.15,6
FB7-399-080,9.45,12.2,4.72,1.19,6
FB7-399-090,9.45,12.2,4.72,1.2,6
EM7-959-060,7.5,9.5,5.01,1.4,6
FH4-090-030,10.24,12.99,4.72,1.39,6
EO8-137-050,7.09,11.42,4.53,1.34,6
FJ4-090-080,8.27,11.81,4.53,1.9,6
FE5-090-060,8.66,11.61,4.72,1.23,6
FE5-A01-065,9.3,13,5.01,1.4,6
FG9-751-030,9.06,11.81,4.72,2.19,6
FR1-399-055,9.06,12.6,4.92,1.85,6
FV1-090-050,7.09,11.42,4.53,1.18,6
FV6-592-055,8.66,11.61,4.72,1.57,6
FW6-477-060,8.27,11.81,4.72,1.7,6
GB7-A54-055,8.66,12.2,4.72,1.83,6
GA1-011-050,8.27,11.81,4.53,0.83,6
DG5-A32-040,4.13,10.24,4.33,0.39,6
FE5-675-040,7.87,10.63,4.33,1.29,6
FE5-675-080,9.06,12.2,4.72,1.62,6
GF9-646-095,9.06,12.99,5.12,2.18,6
H84-A25-080,8.27,11.81,4.53,1.89,6
H84-A36-090,8.27,11.81,4.53,1.93,6
FP2-A26-010,5.91,9.45,3.94,0.76,6
FP4-A26-110,5.91,9.45,3.94,0.84,6
FP4-A26-130,5.91,9.45,3.94,0.9,6
FP6-A26-080,4.33,7.68,3.74,0.54,6
FP8-A34-090,5.91,8.07,4.13,0.56,6
GG8-399-003,9,10,2.01,1.2,6
GK5-090-090,9.45,12.99,5.12,2.16,6
ES8-194-080,8.27,11.81,4.53,1.54,6
GB7-A85-050,8.66,12.2,4.72,1.79,6
I88-675-045,7.87,10.04,4.13,1.54,6
I88-A68-090,8.27,11.81,4.53,1.79,6
GF6-455-095,9.06,12.99,5.12,1.87,6
GL4-646-065,8.66,12.2,4.72,1.92,6
GL9-090-070,9.06,12.6,4.92,2.18,6
GO6-A74-055,8.66,12.2,4.72,1.83,6
GO6-A74-080,9.45,12.6,4.72,2.05,6
GR6-A76-050,6.3,11.02,4.13,1.01,6
GP1-090-090,11.81,13.39,5.12,3.31,6
GP3-090-060,12.6,13.78,4.53,3.92,6
GS6-167-055,11.81,13.39,5.12,2.87,6
GN8-001-060,16.14,21.46,5.12,4.08,6
GN8-A76-030,15.35,20.87,4.72,3.75,6
GT2-001-115,8.66,12.99,5.31,1.98,6
GU7-399-115,10.04,13.39,5.31,2.12,6
GY2-442-050,8.07,11.02,4.53,1.32,6
GY2-442-090,8.27,11.81,4.53,1.54,6
GV7-339-130,11.22,13.39,4.13,2.43,6
HE5-001-050,9.45,13.5,5.13,2,6
HE5-B20-060,8.88,12.25,4.89,2,6
HE8-167-080,8.66,12.99,5.12,1.94,6
HE9-194-040,7,11.5,4.51,2,6
HF1-194-060,4.5,12.6,4.06,1.2,6
HF2-399-055,8.66,12.2,4.72,1.83,6
HF3-B25-030,8.27,10.83,4.33,1.61,6
HF4-194-070,8.27,11.81,4.72,1.59,6
HF4-194-080,8.07,12.2,4.92,1.64,6
HF5-B09-070,8.27,11.81,4.72,1.74,6
HG2-194-050,8.27,11.81,4.72,1.68,6
HG4-592-045,6.69,10.63,4.33,1.23,6
HI9-B06-065,8.66,11.61,4.72,1.52,6
HM2-B15-080,7.48,12.2,4.72,1.19,6
HM6-A89-050,7,11.5,4.51,2,6
HM9-194-030,7,11.25,5.01,1.4,6
HN2-090-050,7.48,12.6,5.12,1.68,6
HQ7-001-045,5.91,10.63,3.94,0.99,6
HT2-011-080,4.6,11.4,4.06,1.2,6
HT6-011-045,5.91,10.63,3.94,1.18,6
HT9-011-060,6.75,10.75,4.39,1.2,6
HF9-194-080,8.27,12.6,4.72,1.65,6
HG8-011-065,8.27,11.81,4.72,1.7,6
HJ9-B09-050,8.07,11.42,4.53,1.76,6
HK7-B12-050,4.53,11.42,4.72,0.99,6
HK7-B12-070,4.53,12.6,4.92,1.08,6
HL5-A89-050,8.07,11.42,4.53,1.54,6
HL5-A89-080,8.07,12.2,4.92,1.76,6
HL5-B26-050,8.07,11.42,4.53,1.54,6
HL5-B26-080,8.07,12.2,4.92,1.76,6
HO4-001-030,7.5,11.5,4.51,2,6
HS1-001-035,7.48,11.02,4.33,1.26,6
DX9-A94-055,6.3,11.02,4.13,1.14,6
GK6-A94-030,7.09,10.63,4.13,0.99,6
EJ9-A94-090,8.27,11.81,4.53,1.54,6
GY8-592-115,10.04,13.39,5.31,2.16,6
GZ6-167-110,8.5,11.7,5.31,2.6,6
GZ6-592-080,8.5,11.8,5.31,2.6,6
GZ7-001-115,8.5,11.8,5.31,2.6,6
GS9-A93-100,4.72,13.39,5.12,1.41,6
HV1-001-090,8.66,12.99,5.12,1.92,6
HI2-B04-050,7.09,11.42,4.53,1.04,6
HI5-B04-060,4.33,11.02,4.53,0.42,6
HX2-001-050,8.66,11.61,4.72,1.38,6
HX2-399-050,8.66,11.61,4.72,1.38,6
HX2-399-080,9.06,12.2,4.72,1.53,6
HX8-B41-030,6.2,11.3,4.11,1.4,6
HY7-001-065,9,12,5.01,1.6,6
IA2-194-080,8.5,11.5,4.81,1.4,6
IB8-399-050,8.9,12.2,4.91,1.6,6
IC9-001-045,8.07,11.42,4.53,1.72,6
IC9-001-060,8.66,12.2,4.72,1.85,6
IC9-477-050,8.66,12.2,4.72,1.76,6
IC9-477-055,8.66,12.2,4.72,1.81,6
IC9-477-060,8.66,12.2,4.72,1.85,6
ID4-A20-070,9.06,12.6,4.92,1.5,6
IF9-011-070,8.07,11.02,4.53,1.32,6
IG7-011-080,7.2,11.3,4.51,1.4,6
IH5-011-030,5.91,10.63,3.94,1.19,6
II3-011-060,7.38,12,5.01,1.6,6
II3-011-080,7.38,12,5.01,1.6,6
II8-B77-080,8.6,12.5,4.81,2,6
IK5-011-090,9,12.1,4.91,1.5,6
HY9-167-080,9.8,13.5,5.21,2.2,6
HZ1-167-060,14.96,19.69,4.93,3.4,6
ID9-001-045,12,14,5.21,2.6,6
IN1-001-050,9.45,12.99,5.13,1.6,6
IN1-001-080,10.83,13.58,5.72,1.6,6
IB4-535-080,8.2,12.8,5.11,2,6
IC1-A94-040,8.27,10.83,4.31,1.65,6
GP4-B62-045,9.4,12.4,4.81,2.6,6
I88-B41-065,8.07,11.02,4.53,1.76,6
IN8-090-120,10.83,13.58,5.71,2.4,6
IO8-001-120,10.83,13.58,5.71,2.4,6
IP1-001-110,10.04,13.39,5.31,2.34,6
EJ8-012-080,8.27,11.81,4.53,1.54,6
IU9-399-080,9.06,12.2,4.72,1.62,6
IV3-011-065,9,12.5,5.01,2,6
IV5-001-055,8.66,11.81,4.72,1.83,6
IV9-090-090,9.06,12.6,4.92,2.65,6
IW1-090-090,9.06,12.6,4.92,2.65,6
IX9-B87-050,8.66,11.81,4.72,2.03,6
IX9-B87-070,8.66,11.81,4.72,2.16,6
IX9-B87-080,9.06,12.6,5.12,2.29,6
IY1-090-050,8.66,11.81,4.72,1.76,6
IY2-090-070,9.4,13.2,5.31,2,6
DG5-C44-030,4.13,10.24,4.33,0.82,6
DG5-C44-065,4.33,11.02,4.53,0.95,6
HX8-C20-050,7.2,12.2,5.01,1.6,6
IU1-675-055,8.66,11.61,4.72,1.4,6
IU1-675-065,8.66,11.61,4.72,1.45,6
IW4-090-050,9.06,11.81,4.72,2.65,6
IW4-399-080,9.06,12.6,4.92,2.65,6
JA3-011-040,6.69,10.63,4.33,1.12,6
JC8-C53-040,4.13,10.24,4.33,0.84,6
JE9-A99-090,9.3,13.2,5.21,1.8,6
HX7-C57-060,9.7,13.5,5.51,2.2,6
HY7-C14-055,9.2,12,5.01,1.6,6
HY7-C14-065,9.2,12,5.01,1.6,6
IB8-090-055,8.66,11.61,4.72,1.43,6
IB8-090-065,8.66,11.61,4.72,1.47,6
IJ7-C15-070,9.3,13.1,5.01,2.4,6
EJ8-C23-045,8.27,10.83,4.33,2.2,6
HH3-C32-065,8.07,11.02,4.53,2.2,6
JJ3-011-030,7.87,10.63,4.33,1.18,6
JJ4-090-060,9.06,11.81,4.72,2.65,6
JJ8-090-110,10.3,14,5.51,2.4,6
JK1-A99-045,8.66,11.61,4.72,2.43,6
JK1-C52-045,8.66,11.61,4.72,2.43,6
JK4-C21-030,8.8,11.7,4.71,1.6,6
JK6-C26-055,7.09,11.42,4.53,1.12,6
JL1-090-090,8.27,11.81,4.72,1.59,6
JL2-011-090,8.66,11.81,4.72,1.5,6
JL2-C35-050,8.27,11.81,4.53,1.23,6
JL3-675-060,8.27,11.81,4.72,1.41,6
JL3-675-090,9.06,12.6,5.12,1.54,6
JL8-054-040,9,12,5.01,1.2,6
JL9-001-030,7.48,11.42,4.34,1.52,6
JL9-C70-030,7.48,11.42,4.33,1.52,6
JM1-C70-065,8.07,11.42,4.53,1.65,6
JM2-001-030,7.48,11.42,4.34,1.52,6
HI9-011-055,8.66,11.61,4.72,1.46,6
HI9-011-065,8.66,11.61,4.72,1.51,6
IB8-011-050,8.66,11.61,4.73,1.4,6
IB8-011-055,8.66,11.61,4.72,1.43,6
IB8-011-065,8.66,11.61,4.72,1.47,6
IV1-090-090,9.84,12.6,4.73,1.8,6
JA6-090-045,5.51,10.83,4.34,0.8,6
JE5-C55-030,7.48,11.42,4.34,1.2,6
JE5-C55-070,8.07,11.02,4.54,1.2,6
JF5-001-070,9.84,12.6,4.73,1.8,6
JF5-A99-070,9.84,12.6,4.73,1.8,6
JG6-194-055,9.65,12.2,4.34,1.4,6
JG7-194-035,9.06,12.2,4.73,1.4,6
JG7-C41-030,9.06,12.2,4.73,1.4,6
JG8-B41-060,8.27,11.81,4.54,1.6,6
JG8-C68-030,7.48,11.42,4.34,1.6,6
JK5-090-050,7.09,11.42,4.53,0.44,6
JL6-090-080,10.24,12.99,4.73,2.2,6
IV1-C18-045,9.06,11.81,4.73,1.8,6
GS2-616-030,7.48,11.42,4.34,1.4,6
HT9-675-030,6.69,10.63,4.33,1.07,6
HT9-B59-030,6.69,10.63,4.33,1.07,6
FV8-C88-030,8.27,10.83,4.33,1.98,6
HI9-C90-040,8.66,10.63,4.33,1.34,6
HX9-040-030,6,10.6,4.01,1.2,6
I88-817-090,8.27,10.83,4.33,1.85,6
ID5-040-045,11.81,12.2,4.72,3.35,6
IF6-076-030,8.27,11.81,4.72,0.44,6
IT4-B41-040,6,10.6,4.01,1.2,6
JL2-C90-070,9,12.3,5.01,1.8,6
E1E-090-090,9.06,12.6,5.12,1.83,6
E1R-001-035,9.45,12.99,5.12,0.44,6
E1R-001-055,10.43,13.19,5.31,0.44,6
E1R-001-060,10.43,13.19,5.31,0.44,6
E1U-090-030,12.6,13.78,4.53,0.44,6
E1U-090-090,13.39,14.96,4.92,0.44,6
E1X-090-045,8.27,11.81,4.53,1.84,6
E22-D24-030,8.27,11.81,4.53,2.02,6
E22-D24-055,9.06,11.81,4.72,2.2,6
E2A-040-040,7.87,11.81,4.53,0.44,6
E2E-011-030,8.5,12.2,4.51,1.8,6
E2Z-090-035,11.3,12.3,4.71,2.2,6
E35-076-035,11.02,11.81,4.53,2.43,6
E3I-001-055,6.3,11.42,4.13,0.82,6
E3Q-001-030,11.02,12.99,4.72,1.98,6
E3Q-001-090,12.6,14.17,5.51,3.17,6
E3W-090-090,11.81,13.39,4.92,3.24,6
E3X-090-030,10.43,12.2,4.72,2.54,6
E3Z-001-040,9.5,12.8,5.01,2,6
E4I-D27-050,8.66,11.81,4.72,0.44,6
E4K-D28-050,8.66,11.81,4.72,0.44,6
E4R-001-030,8.5,11.5,4.51,1.4,6
E4U-090-035,10.24,12.6,4.72,2.54,6
E4U-090-055,10.43,13.39,4.92,2.76,6
E5D-090-045,9.45,12.99,5.12,0.44,6
E5E-090-030,8.27,11.81,4.53,1.84,6
E5E-090-090,9.84,12.6,4.72,2.2,6
E5F-076-090,9.84,12.6,4.72,0.44,6
E5H-001-030,8.2,11.3,4.51,1.4,6
E6F-001-060,8.66,11.61,4.72,2.2,6
E6H-001-040,8.27,10.83,4.33,1.98,6
E6H-001-080,9.06,11.81,4.72,2.43,6
E7F-001-080,10.43,13.39,4.92,2.43,6
E7F-001-110,12.6,14.17,5.51,2.78,6
E7O-001-090,9.7,13.5,5.31,2.2,6
E7O-001-110,10.3,14,5.51,2.4,6
FV6-C88-065,8.07,11.02,4.53,2.2,6
HX2-C99-060,8.66,11.61,4.72,1.42,6
HX2-C99-070,8.66,11.61,4.72,1.45,6
IK8-C95-030,9.06,12.2,4.72,1.63,6
JL1-C98-065,8.5,12,5.01,1.8,6
IK8-C96-080,9.45,12.99,5.12,2.07,6
IW2-C15-030,8.66,11.61,4.72,2.43,6
IY1-C91-090,9.06,12.6,5.12,2.03,6
J80-925-110,4.72,13.39,5.12,0.97,6
JE6-C93-060,8.3,11.5,4.51,1.2,6
J80-D11-110,4.72,13.39,5.12,0.97,6
E3B-167-040,11.81,12.2,4.72,2.67,6
E5F-167-080,9.84,12.6,4.72,0.44,6
E5F-167-090,9.84,12.6,4.72,0.44,6
E3J-B41-090,7.28,12.2,4.92,1.41,6
E5H-B41-080,7.5,12.7,4.51,1.6,6
E1Y-D23-080,9.45,12.99,5.12,2.38,6
E1I-C15-090,9.3,12.8,5.01,1.6,6
E1X-D21-060,9.06,11.81,4.72,2.02,6
E4V-D18-090,9.3,13,5.31,2.2,6
E3A-A69-030,11.81,12.2,4.72,2.62,6
E3W-A69-050,11.02,12.99,4.72,2.8,6
E4U-A69-035,10.24,12.6,4.72,2.54,6
E4U-A69-070,10.43,13.39,4.92,2.91,6
E3Y-C89-060,9.5,13,5.01,2,6
E2Z-A99-030,11.3,12.3,4.71,2.2,6
E1D-C88-070,8.66,11.61,4.72,2.2,6
E1I-C88-030,8.5,11.5,4.51,1.4,6
E4Z-864-090,13.39,14.96,4.92,0.44,6
E5H-288-030,6.6,10.6,4.31,1.2,6
E4H-011-050,9.06,11.81,4.72,0.44,6
E4H-011-070,9.06,11.81,4.72,0.44,6
E1D-194-090,9.06,11.81,4.72,2.65,6
E4H-194-040,7.87,11.81,4.53,0.44,6
E4H-194-050,9.06,11.81,4.72,0.44,6
E4H-194-090,9.45,12.2,4.72,0.44,6
E4R-194-030,7.7,12,4.51,1.4,6
E4R-194-040,7.37,12,4.51,1.4,6
E4S-328-055,9.84,12.6,4.72,0.44,6
E4S-328-060,9.84,12.6,4.72,0.44,6
E4S-D29-060,9.84,12.6,4.72,0.44,6
E5X-090-030,5.91,10.63,3.95,1.2,6
E5X-090-080,7.28,12.2,4.93,1.9,6
E6J-565-065,9.2,13.2,5.41,1.8,6
E6K-565-030,8,11,4.51,1.4,6
E6V-090-030,8.4,11.6,4.61,1.8,6
E7B-001-065,8.5,12.5,4.71,1.6,6
E7M-030-110,9.45,12.99,5.12,0.44,6
E7X-D12-110,7.7,13.2,5.31,2,6
E5R-892-090,9.45,12.6,4.72,1.98,6
E6M-288-080,8.6,12.5,4.81,1.6,6
E6T-B41-060,6.3,11.42,4.13,1.46,6
E6T-B41-065,6.3,11.42,4.13,1.48,6
E6T-B41-070,6.3,11.42,4.13,1.5,6
E7B-090-070,8.5,12.5,4.71,1.6,6
E7B-090-090,8.5,12.5,4.71,1.8,6
E6J-C91-060,9.2,13.2,5.41,1.8,6
E6M-B41-065,8.2,12.5,4.81,1.6,6
E7B-D06-050,8,12,4.51,1.4,6
E7X-D32-115,7.7,13.2,5.31,2,6
E6J-C98-060,9.2,13.2,5.41,1.8,6
B1A-288-060,9,11.2,4.51,1.6,6
B1B-288-050,8,11.2,4.51,1.4,6
B1H-592-080,9,13.2,5.01,2,6
B1J-592-030,8.4,12,4.51,1.6,6
E4X-C91-080,9.4,12.2,5.01,1.8,6
FR1-001-070,9.06,12.6,4.92,1.98,5
FQ3-A20-070,8.66,11.61,4.72,1.36,5
HY8-610-065,9.06,11.81,4.72,0.98,5
HX8-C32-065,6.4,11.5,4.01,1.2,5
FQ3-001-040,8.66,10.63,4.33,1.18,5
R49-011-080,8.27,11.81,4.53,1.65,5
K04-592-055,8.07,11.02,4.53,1.71,5
FD2-090-050,4.53,12.6,4.92,1.19,5
CC6-675-090,9.06,12.2,4.72,1.54,5
HF2-A06-070,8.66,12.2,4.72,1.96,5
HY8-610-080,9.45,12.2,4.72,1.04,5
HX9-A99-050,7.5,12,5.01,1.6,5
I88-001-065,8.07,11.02,4.53,1.74,5
N28-645-050,8.07,11.61,4.13,1.86,5
R08-001-070,4.33,11.02,4.53,0.97,5
X22-001-090,8.66,11.61,4.53,2.29,5
AH8-090-060,12.99,14.96,4.53,4.3,5
I88-592-050,8.07,11.02,4.53,1.7,5
CC6-675-030,7.87,10.63,4.33,1.19,5
FK3-090-045,10.24,12.99,4.72,2.2,5
GB7-231-030,8.27,10.83,4.33,1.61,5
GG2-194-030,7.28,11.81,4.53,1.43,5
GM4-090-090,12.99,14.17,4.72,2.93,5
GW8-090-040,8.07,11.02,4.53,1.54,5
HF2-A89-040,8.27,10.83,4.33,1.7,5
HF2-A89-055,8.66,12.2,4.72,1.83,5
HY3-001-055,8.27,11.81,4.53,2.03,5
HF3-C05-090,9.65,13.5,5.26,2.2,5
HX9-A99-070,7.5,12,5.01,1.6,5
JL8-675-090,9,12,5.01,1.6,5
E2M-D20-080,7.5,12.2,4.71,1.4,5
E54-090-065,4.33,11.02,4.53,0.66,5
I88-001-055,8.07,11.02,4.53,1.72,5
L05-001-100,8.27,12.6,5.12,1.87,5
N28-001-050,8.07,11.61,4.13,1.86,5
N28-001-060,8.07,11.61,4.13,1.91,5
N28-645-060,8.07,11.61,4.13,1.91,5
Q68-001-090,8.66,12.99,4.72,1.48,5
Q68-644-080,9.06,12.2,4.72,1.62,5
X22-001-055,8.07,11.02,4.53,1.79,5
X22-011-080,8.66,11.61,4.53,2.26,5
X22-194-065,8.07,11.02,4.53,1.92,5
AH8-399-050,12.2,14.17,4.33,3.99,5
AQ1-001-100,8.27,12.6,5.12,1.87,5
I88-024-040,7.87,10.04,4.13,1.61,5
DV5-001-070,7.87,11.81,4.53,1.13,5
DV5-001-080,8.07,12.2,4.72,1.19,5
X22-399-040,8.27,10.83,4.33,1.65,5
EO8-090-040,5.51,10.63,4.33,1.09,5
ES8-090-055,8.07,11.02,4.53,1.71,5
EQ4-090-120,4.72,13.39,5.12,1.53,5
FB7-001-060,9.06,11.81,4.72,1.08,5
FD2-090-080,4.72,13.39,5.12,1.39,5
FH5-A01-060,8.4,12.4,4.81,1.8,5
FJ4-090-030,7.87,10.04,4.13,1.57,5
FG9-751-060,9.45,12.2,4.72,2.52,5
FR1-399-065,9.06,12.6,4.92,1.94,5
FV3-090-050,7.48,11.42,4.33,1.32,5
FW4-137-070,8.07,12.2,4.72,1.65,5
FW5-477-080,8.66,12.6,5.12,1.85,5
FP4-694-010,7.09,10.43,4.13,1.08,5
FP8-A40-070,5.91,7.68,3.74,0.48,5
GK5-A06-090,9.45,12.99,5.12,2.16,5
GB7-A85-060,8.66,12.2,4.72,1.87,5
I88-675-030,7.87,10.04,4.13,1.46,5
I88-675-050,8.07,11.02,4.53,1.57,5
GK6-090-060,7.48,11.42,4.33,1.26,5
GS7-A69-030,9.06,11.61,4.72,2.65,5
GX5-231-060,8.07,11.02,4.53,1.32,5
GY5-A26-030,3.94,11.02,2.09,0.26,5
GY6-090-070,4.13,12.01,1.89,0.26,5
HE7-194-090,8.66,12.99,5.12,2.03,5
HE8-592-060,7.48,12.6,5.12,1.76,5
HF2-A06-030,8.27,10.83,4.33,1.61,5
HG3-A95-090,7.38,12,4.89,1.6,5
HJ1-B06-040,7.87,10.63,4.33,1.29,5
HO1-001-040,7.87,10.04,4.13,1.46,5
HX7-442-050,9.06,12.6,4.92,1.81,5
HX7-442-065,9.06,12.6,4.92,1.94,5
HY3-001-045,8.07,11.02,4.53,1.94,5
IB5-167-070,9.06,12.6,4.92,2.05,5
IF6-B77-050,8.66,12.2,4.72,1.68,5
IH2-011-040,6.2,11.3,4.11,1.4,5
IJ7-A20-055,8.27,11.81,4.53,2.03,5
IJ7-A20-070,8.27,11.81,4.53,2.16,5
IK8-001-060,9.06,12.6,4.92,1.9,5
IK8-001-090,9.45,12.99,5.12,2.16,5
IK8-B72-045,9.06,12.2,4.72,1.76,5
IA9-001-070,11.02,12.99,4.72,3.17,5
ID5-B63-080,12,14,5.01,3.4,5
ID5-B78-045,12,14,5.01,3.4,5
ID5-B78-055,12,14,5.01,3.4,5
ID5-B78-070,13.1,14.3,5.01,3.6,5
IE2-477-065,11.3,13.5,5.01,2.6,5
IL5-090-060,12.6,13.19,4.92,3,5
HY6-001-040,11.2,13.5,5.01,2.4,5
II1-090-030,11.2,13.5,5.01,2.4,5
II1-090-040,11.2,13.5,5.01,2.4,5
II1-090-060,11.2,13.5,5.01,2.4,5
IG2-011-060,8.07,11.02,4.53,1.32,5
EB1-194-050,7.09,11.42,4.53,1.18,5
IV3-011-055,9,12.5,5.01,2,5
IY4-A09-050,8.27,11.81,4.53,0.44,5
IT4-001-060,6.3,11.42,4.13,1.41,5
IT4-001-080,7.28,12.2,4.92,1.59,5
JE7-A99-070,9.3,13.1,5.31,2,5
JE8-A99-070,8.5,12.4,5.01,1.6,5
JI9-C14-070,11.02,12.99,4.72,3.17,5
HX8-C32-055,6.4,11.5,4.01,1.2,5
IW2-675-080,9.06,12.6,4.92,2.65,5
JK4-B41-065,8.8,11.7,4.71,1.6,5
JK7-C53-060,4.53,12.6,4.92,1.23,5
JA3-012-050,7.09,11.42,4.53,1.21,5
JG7-687-050,9.06,12.2,4.73,1.4,5
JG8-C68-070,8.27,11.81,4.54,1.6,5
JL6-B41-045,9.06,12.2,4.73,2,5
JL6-B41-050,9.06,12.2,4.73,2,5
HX8-288-045,5.91,10.63,3.94,1.04,5
I88-817-080,9.06,12.2,4.72,1.85,5
IC5-040-070,8.4,12.8,5.01,1.8,5
ID5-040-065,11.81,13.39,4.92,3.46,5
IK8-288-040,9.06,12.2,4.72,1.72,5
E1S-001-055,12.99,14.17,4.72,0.44,5
E1U-090-055,12.99,14.17,4.72,0.44,5
E1U-090-070,12.99,14.17,4.72,0.44,5
E2L-090-080,12.99,14.17,4.72,2.84,5
E2Q-D20-040,8.66,11.61,4.72,1.66,5
E35-076-070,11.81,12.2,4.72,2.65,5
E35-076-080,11.81,13.39,5.12,2.67,5
E3B-040-090,13.19,13.39,5.31,2.93,5
E3D-090-055,6.3,11.5,4.01,1.4,5
E3I-001-065,6.3,11.42,4.13,0.84,5
E3J-001-055,6.3,11.42,4.13,1.17,5
E3W-090-055,11.42,12.6,4.72,2.84,5
E3X-090-045,10.43,12.2,4.72,2.67,5
E3Y-675-060,9.5,13,5.01,2,5
E4T-001-060,8.27,11.81,4.53,1.68,5
E4T-001-080,9.06,12.2,4.72,1.85,5
E4Z-090-040,12.6,13.78,4.53,0.44,5
E5J-076-060,12.99,14.17,4.72,0.44,5
E5J-076-080,13.39,14.96,4.92,0.44,5
E5R-076-080,9.45,12.6,4.72,1.94,5
E5R-076-090,9.45,12.6,4.72,1.98,5
E5S-076-080,8.66,12.99,5.12,2.17,5
E7F-001-115,12.6,14.17,5.51,2.8,5
E7S-167-080,8.27,12.6,5.12,0.44,5
HI9-C98-050,8.66,11.61,4.72,1.45,5
IF6-817-080,9.45,12.6,4.72,0.44,5
IU1-D01-090,9.3,12,5.01,1.6,5
IW1-288-070,9.06,11.81,4.72,2.65,5
JM2-D05-065,8.5,12.5,4.71,1.6,5
FV6-C89-040,7.87,10.04,4.13,1.98,5
FV6-C89-050,8.07,11.02,4.53,1.98,5
E1I-C15-055,8.5,11.5,4.51,1.4,5
E3I-C15-070,6.3,11.42,4.13,0.88,5
E3A-A69-070,12.6,13.19,4.92,2.87,5
E3W-A69-080,11.81,13.39,4.92,3.09,5
E1G-A99-030,8.5,11.5,4.51,1.4,5
E1G-C88-030,8.5,11.5,4.51,1.4,5
E5R-288-090,9.45,12.6,4.72,1.98,5
E5S-288-050,8.66,12.6,4.92,1.85,5
E1G-C91-070,9.5,12.8,5.01,1.6,5
E22-D26-050,9.06,12.6,4.92,2.03,5
E1Z-B44-080,9.84,12.6,4.72,2.39,5
E5S-090-040,8.07,12.2,4.72,1.63,5
E5X-090-070,6.3,11.42,4.14,1.4,5
E6C-001-080,10.24,12.99,4.72,0.44,5
E6J-565-070,9.2,13.2,5.41,1.8,5
E6K-565-040,8,11,4.51,1.4,5
E6K-565-080,8.5,12.2,5.01,1.6,5
E6N-D20-065,7.8,13,5.31,1.8,5
E6J-C98-050,9,11.2,4.51,1.4,5
E7A-001-065,8.66,11.81,4.72,0.44,5
E7A-194-055,8.66,11.81,4.72,0.44,5
E7A-194-070,8.66,11.81,4.72,0.44,5
B1H-592-050,8.4,12,4.51,1.6,5
B1H-592-060,8.4,12,4.51,1.6,5
B1J-592-065,9,13.2,5.01,2,5
E4X-B84-050,8.4,11.2,4.51,1.6,5
HX7-A25-065,9.06,12.6,4.92,1.94,5
B1S-090-055,9.45,12.99,5.12,2.27,5
268-001-030,7.48,11.42,4.33,1.36,5
C92-203-080,9.45,12.6,4.72,1.57,5
H84-442-050,8.07,11.02,4.53,1.69,5
J80-001-090,4.53,11.42,4.72,1.1,5
L85-001-090,9.06,12.2,4.72,1.5,5
N28-645-065,8.07,11.61,4.13,2,5
O72-001-030,9.06,11.02,4.13,1.46,5
K26-054-080,8.27,11.81,4.53,1.67,5
Q68-644-030,8.07,10.43,4.53,1.31,5
R08-001-030,4.13,10.24,4.33,0.82,5
Z26-049-030,8.27,10.83,4.33,1.57,5
279-005-070,8.07,12.2,4.92,1.72,5
AS8-323-050,9.06,12.2,4.72,1.43,5
AH9-090-080,13.78,19.29,4.53,5.75,5
AH9-090-090,13.78,19.29,4.53,6.06,5
AH9-399-080,13.78,19.29,4.53,5.75,5
AQ3-399-090,8.27,12.6,5.12,1.82,5
CC6-090-055,8.66,11.61,4.72,1.32,5
CM2-675-050,8.66,11.61,4.72,1.34,5
H88-841-110,8.27,12.6,5.12,2.03,5
DR1-001-080,9.06,12.2,4.72,2.07,5
DR6-024-120,9.45,13.39,5.12,2.31,5
DX7-090-040,8.66,11.02,4.53,0.9,5
ED4-090-050,8.27,11.81,4.53,1.74,5
EH8-137-050,8.66,12.2,4.72,1.86,5
SAZ-912-999,7.48,4.92,0.16,0.03,5
ES6-090-065,8.66,11.61,4.72,1.52,5
EQ4-399-100,4.53,12.6,4.92,1.29,5
EM7-090-050,6.3,11.42,4.13,1.03,5
EM7-090-060,6.3,11.42,4.13,1.08,5
EM7-090-070,6.3,11.42,4.13,1.13,5
EM9-090-050,7.48,11.42,4.33,1.03,5
EM9-090-060,7.48,11.42,4.33,1.08,5
EJ8-675-060,8.66,11.61,4.72,1.32,5
Q34-570-055,8.66,12.2,4.72,1.83,5
Q34-570-080,9.06,12.6,4.92,2.05,5
FB7-399-045,7.87,11.81,4.53,1.01,5
279-167-070,8.07,12.2,4.92,1.72,5
FH4-167-070,12.2,13.39,4.33,2.84,5
FH5-090-030,7.28,11.81,4.53,1.72,5
FG8-751-065,12.6,13.19,4.92,2.8,5
FV6-592-030,7.87,10.63,4.33,1.44,5
FW4-137-060,8.07,12.2,4.72,1.59,5
GB7-A22-050,8.66,12.2,4.72,1.79,5
FZ4-442-030,7.87,10.04,4.13,1.57,5
FZ4-442-040,7.87,10.04,4.13,1.61,5
FZ4-442-090,8.27,11.81,4.53,1.94,5
GA1-090-080,9.06,12.2,4.72,0.93,5
GA3-011-050,8.27,11.81,4.53,1.46,5
FD2-399-060,4.53,12.6,4.92,1.21,5
FE5-675-045,7.87,10.63,4.33,1.33,5
FE5-675-050,8.66,11.61,4.72,1.38,5
GD1-001-090,8.27,12.6,5.12,1.76,5
GD2-001-120,8.66,12.99,5.31,1.98,5
GF9-231-110,10.04,13.39,5.31,2.31,5
H84-A33-090,8.27,11.81,4.53,1.61,5
H84-A48-090,8.27,11.81,4.53,1.61,5
FQ6-090-050,8.07,10.43,4.53,1.03,5
FP4-A40-110,5.91,9.45,3.94,0.67,5
FP6-694-090,5.91,8.07,4.13,0.69,5
GK5-090-030,8.27,11.81,4.53,1.63,5
GK5-090-035,8.27,11.81,4.53,1.68,5
GL4-231-080,9.45,12.6,4.72,2.05,5
GO6-A74-050,8.66,12.2,4.72,1.79,5
GQ6-231-030,9.06,11.81,4.72,2.47,5
GR3-A76-060,8.66,11.61,4.72,1.56,5
GR5-A76-030,6.69,10.63,4.33,1.07,5
GM3-592-050,9.45,12.99,5.12,2.27,5
GM3-592-060,9.45,12.99,5.12,2.31,5
GO9-090-040,12.99,14.96,4.53,2.65,5
GU3-090-080,9.06,12.6,4.92,2.07,5
GU3-090-100,9.45,12.99,5.12,2.25,5
GU3-167-070,9.06,12.6,4.92,1.87,5
GU8-194-070,9.06,12.2,4.72,1.96,5
GT2-001-100,8.27,12.6,5.12,1.76,5
GT4-001-100,8.27,12.6,5.12,1.76,5
GW7-090-065,7.87,11.81,4.53,1.83,5
GS2-011-080,9.06,12.2,4.72,1.13,5
Q34-090-060,8.66,12.2,4.72,1.87,5
GY5-090-030,3.94,11.02,2.09,0.26,5
HE5-001-065,9.3,12.5,4.86,1.8,5
HE7-167-050,7.48,12.6,5.12,1.68,5
HF2-399-080,9.45,12.6,4.72,2.05,5
HF2-A89-080,9.45,12.6,4.72,2.05,5
HF5-001-050,8.27,11.81,4.72,1.57,5
HF5-B14-060,8.27,11.81,4.72,1.65,5
HG2-001-090,8.66,12.99,5.12,2.03,5
HG9-A20-080,9.1,12.5,5.01,2,5
HJ1-B06-090,9.06,12.2,4.72,1.56,5
HM2-B11-070,7.09,11.42,4.53,1.12,5
HM3-001-050,8.27,11.81,4.72,1.57,5
HM9-090-060,7,11.25,5.01,1.4,5
HM9-194-060,7,11.25,5.01,1.4,5
HN9-001-090,8.27,11.81,4.53,1.79,5
HO7-399-070,9.06,12.6,4.92,2.07,5
HP4-592-090,8.66,12.99,5.12,1.92,5
HT8-011-030,7.87,10.04,4.13,1.1,5
HT9-011-045,7,11.2,4.51,1.4,5
HF9-194-065,8.07,11.42,4.53,1.52,5
HG8-011-040,8.07,11.02,4.53,1.48,5
HJ9-001-060,8.07,11.42,4.53,1.76,5
HJ9-A99-060,8.07,11.42,4.53,1.76,5
HJ9-B09-080,8.07,12.2,4.92,1.98,5
HJ9-B12-080,8.07,12.2,4.92,1.98,5
HL5-B26-070,8.07,11.42,4.53,1.54,5
DG5-B12-080,4.53,11.42,4.72,0.44,5
GK6-A94-055,7.48,11.42,4.33,1.21,5
EJ8-A94-030,7.87,10.04,4.13,1.1,5
EJ9-A94-080,8.27,11.81,4.53,1.54,5
GY7-592-115,10.04,13.39,5.31,2.16,5
GZ7-592-115,8.5,11.8,5.31,2.6,5
HA3-001-080,9.06,12.2,4.72,2.05,5
HA3-001-085,9.06,12.2,4.72,2.09,5
HA3-194-085,9.06,12.2,4.72,2.09,5
HA3-194-095,9.06,12.99,5.12,2.18,5
HA3-A93-115,10.04,13.39,5.31,2.36,5
HI3-B04-060,4.53,12.6,4.92,1.21,5
HV3-A61-065,8.66,12.2,4.72,1.92,5
HX3-001-050,6.8,10.8,4.41,1.4,5
HX3-001-055,6.8,10.8,4.41,1.4,5
HX8-A69-055,6.2,11.3,4.11,1.4,5
IA4-001-090,10.5,13.5,5.01,2.4,5
IA4-B77-050,11.5,13.5,5.01,2.4,5
IA8-001-035,5.91,10.63,3.94,1.21,5
IA8-001-045,5.91,10.63,3.94,1.26,5
IB5-A20-070,9.06,12.6,4.92,2.05,5
IB8-399-030,8.9,12.2,4.91,1.6,5
IB8-A99-050,9,12.2,4.91,1.6,5
IC5-A20-030,8.07,11.02,4.53,1.32,5
IC9-001-065,8.66,12.2,4.72,1.9,5
IC9-001-080,9.45,12.6,4.72,2.03,5
IC9-535-065,8.66,12.2,4.72,1.9,5
IC9-A93-070,8.66,12.2,4.72,1.94,5
IE5-011-060,8.9,12.2,5.01,1.8,5
IH2-011-045,6.2,11.3,4.11,1.4,5
IH5-011-080,7.28,12.2,4.92,1.46,5
IJ4-231-060,8.27,11.81,4.72,1.65,5
IK5-054-060,9,12.3,4.91,1.4,5
IK8-001-030,9.06,12.2,4.72,1.63,5
IK8-B72-040,9.06,12.2,4.72,1.72,5
HY9-001-030,10.8,13.8,5.51,2.4,5
HY9-167-060,9.8,13.5,5.21,2.2,5
HZ1-001-040,13.39,19.69,4.34,3.4,5
IA9-001-065,11.02,12.99,4.72,3.13,5
ID5-B64-040,12,14,5.01,3.4,5
ID9-001-050,12,14,5.21,2.6,5
IL6-011-030,11.02,11.81,4.53,2.2,5
IN1-001-055,9.45,12.99,5.13,1.6,5
IE3-001-050,14.17,20.87,4.72,3.57,5
IB2-535-060,7.4,12.2,5.01,1.6,5
IB4-535-050,8.2,12.8,5.11,2,5
IB4-535-065,8.2,12.8,5.11,2,5
FV6-B37-070,8.3,11.5,4.61,1.4,5
HJ1-B84-090,9.06,12.2,4.72,1.56,5
I88-B41-050,8.07,11.02,4.53,1.76,5
I88-B41-060,8.07,11.02,4.53,1.76,5
IO2-687-070,9.06,12.6,4.92,1.96,5
IO8-001-070,9.06,12.6,4.92,1.96,5
IO9-A88-115,10.83,13.58,5.71,2.36,5
HH3-B52-050,8.07,11.02,4.53,1.76,5
IN8-090-075,9.45,12.99,5.12,2.01,5
IN8-B97-095,10.04,13.39,5.31,2.18,5
I88-C20-045,7.87,10.04,4.13,1.98,5
I88-C20-065,8.07,11.02,4.53,2.2,5
IU9-399-040,8.66,10.63,4.33,1.32,5
IW1-A99-090,9.06,12.6,4.92,2.65,5
IW2-090-060,9.06,11.81,4.72,2.65,5
IW2-090-065,9.06,11.81,4.72,2.65,5
IY1-B87-070,8.66,11.81,4.72,1.85,5
IY3-C15-080,9.06,12.6,5.12,2.16,5
IZ8-090-050,8.66,11.81,4.72,1.59,5
JC8-090-050,4.33,11.02,4.53,0.93,5
HF4-C14-050,8.07,11.02,4.53,1.4,5
HX8-399-080,6.4,11.5,4.01,1.2,5
HX9-399-040,6.4,11.5,4.01,1.2,5
JE9-A99-055,7,12,5.01,2,5
R08-368-065,4.33,11.02,4.53,0.71,5
R08-C42-030,4.13,10.24,4.33,0.62,5
IB8-090-080,9.06,12.2,4.73,1.6,5
IU1-565-055,8.66,11.61,4.72,1.4,5
IU1-565-065,8.66,11.61,4.72,1.45,5
IV5-675-065,8.66,11.81,4.72,1.85,5
IW2-675-090,9.06,12.6,4.92,2.65,5
IW8-090-070,9.2,13.2,5.01,2.2,5
IW8-090-090,9.2,13.2,5.01,2.2,5
IW8-C75-115,9.5,13.5,5.01,2.4,5
IX1-090-080,7.5,12.7,5.01,1.6,5
JA2-090-110,8.66,12.99,5.31,1.76,5
JC9-C55-100,4.53,12.6,4.92,0.9,5
JC9-C55-110,4.72,13.39,5.12,0.97,5
EJ8-C23-055,8.66,11.61,4.72,2.2,5
JJ3-090-050,8.66,11.61,4.72,1.36,5
JJ5-C80-100,9.3,13.2,5.01,2.2,5
JK1-C52-090,9.06,12.6,4.92,2.65,5
JK6-C24-080,7.48,12.2,4.72,1.29,5
JK6-C26-090,7.48,12.2,4.72,1.32,5
JL1-090-030,7.87,10.43,4.33,1.32,5
JL3-090-045,8.66,10.63,4.33,1.46,5
JL5-090-040,7.87,10.63,4.33,1.28,5
JL5-090-090,8.66,11.81,4.72,1.46,5
JL5-675-055,8.27,11.81,4.53,1.28,5
JL8-054-050,9,12,5.01,1.2,5
JL8-054-070,9,12,5.01,1.2,5
JL9-A99-045,7.48,11.42,4.34,1.59,5
JL9-C70-065,8.07,11.42,4.53,1.65,5
IX1-399-110,7.7,12.9,5.01,1.8,5
IZ4-090-080,10.2,14,5.51,2.2,5
IB8-011-030,7.87,10.63,4.33,1.23,5
IV1-090-060,9.06,11.81,4.73,1.8,5
IV1-B43-030,7.87,11.81,4.54,1.8,5
IV1-C17-050,9.06,11.81,4.73,1.8,5
IV7-C16-055,9.06,11.81,4.72,0.44,5
JA6-A99-045,5.51,10.83,4.34,1.2,5
JA7-C15-030,5.51,10.83,4.34,0.8,5
JA7-C20-055,5.71,11.81,4.54,0.8,5
JF7-001-070,9.84,12.6,4.73,2,5
JG7-C41-060,9.84,12.6,4.73,1.4,5
JK5-090-040,6.69,10.63,4.33,0.44,5
D287-999-999,1.06,11.94,2.09,0.26,5
E2A-001-030,7.87,11.81,4.53,0.44,5
E2C-090-030,10.43,13.19,5.31,0.44,5
E2D-A69-030,8.27,11.81,4.53,1.84,5
E2D-A69-050,9.06,11.81,4.72,2.02,5
E2D-A69-090,9.84,12.6,4.72,2.39,5
AQ3-040-080,8.07,12.2,4.92,1.54,5
AQ3-040-100,8.27,12.6,5.12,1.69,5
AQ3-040-120,8.66,12.99,5.31,1.95,5
DG5-288-065,4.33,11.02,4.53,0.95,5
HI9-C90-030,8.66,10.63,4.33,1.31,5
HX8-288-090,7.28,12.2,4.92,1.37,5
ID5-040-055,11.81,13.39,4.92,3.46,5
IW1-011-030,8.66,11.61,4.72,2.43,5
IW1-011-045,8.66,11.61,4.72,2.43,5
IW1-011-080,9.06,12.6,4.92,2.65,5
IW2-011-090,9.06,12.6,4.92,2.65,5
IY1-C89-090,9.06,12.6,5.12,2.03,5
JF3-B41-090,8.66,11.81,4.72,1.65,5
E1G-090-080,9.5,12.8,5.01,1.6,5
E1R-001-065,10.43,13.19,5.31,0.44,5
E1R-001-080,10.83,13.58,5.71,0.44,5
E1S-001-030,12.6,13.78,4.53,0.44,5
E1T-167-030,9.45,12.99,5.12,0.44,5
E1T-167-050,10.43,13.19,5.31,0.44,5
E1T-167-065,10.43,13.19,5.31,0.44,5
E1V-001-070,9.84,12.6,4.72,0.44,5
E1X-090-055,9.06,11.81,4.72,2.02,5
E1X-090-070,9.06,11.81,4.72,2.2,5
E2E-011-090,10,13,4.81,2.2,5
E2N-D20-090,7.5,12.2,4.71,1.4,5
E3L-D20-030,5.91,10.63,3.94,1.06,5
E4I-D27-070,8.66,11.81,4.72,0.44,5
E4I-D27-080,8.66,12.6,4.72,0.44,5
E4K-D28-030,7.87,11.81,4.53,0.44,5
E4U-090-030,10.24,12.6,4.72,2.49,5
E5B-090-090,9.06,12.2,4.72,0.27,5
E5D-090-055,10.43,13.19,5.31,0.44,5
E5G-090-080,9.84,12.6,4.72,0.44,5
E5G-090-090,9.84,12.6,4.72,0.44,5
E6F-001-040,8.27,10.83,4.33,1.98,5
E7F-001-100,11.81,13.39,5.12,2.61,5
E7T-167-100,9.06,12.99,5.12,0.44,5
AQ3-925-070,8.07,12.2,4.92,1.54,5
FV6-C88-050,8.07,11.02,4.53,1.98,5
HH3-C88-090,8.07,11.02,4.53,1.61,5
HI9-C98-060,8.66,11.61,4.72,1.49,5
IY1-C90-060,8.66,11.81,4.72,1.81,5
JL1-C98-070,8.5,12,5.01,1.8,5
JL2-C98-060,9,12.3,5.01,1.8,5
JM1-D05-045,7.8,12,4.51,1.4,5
HF4-D02-065,8.4,12.5,5.01,1.6,5
HF4-D02-070,8.4,12.5,5.01,1.6,5
IW1-C15-045,8.66,11.61,4.72,2.43,5
IW1-C15-050,9.06,11.81,4.72,2.65,5
IW1-C15-080,9.06,12.6,4.92,2.65,5
JM1-D06-040,7.5,12,5.01,1.4,5
E35-D07-090,11.81,13.39,5.12,2.73,5
E3B-167-045,11.81,12.2,4.72,2.71,5
E5H-B41-040,6.6,10.6,4.31,1.2,5
E3Z-C15-030,9.5,12.8,5.01,2,5
E4V-D18-030,9,12.3,5.01,2,5
E3A-A69-050,12.6,13.19,4.92,2.73,5
E3W-A69-090,11.81,13.39,4.92,3.24,5
E4U-A69-030,10.24,12.6,4.72,2.49,5
E4U-A69-060,10.43,13.39,4.92,2.8,5
E1I-A99-050,8.5,11.5,4.51,1.4,5
E2Z-A99-040,11.3,12.3,4.71,2.2,5
E2Z-A99-090,12,14,5.31,2.8,5
E3E-A99-030,6,10.7,4.01,1.2,5
E3E-A99-090,7.3,12.2,5.01,1.4,5
E1G-C88-090,9.5,12.8,5.01,1.6,5
E5H-288-080,7.5,12.7,4.71,1.6,5
E4H-011-055,9.06,11.81,4.72,0.44,5
E6F-C91-050,8.66,11.61,4.72,2.2,5
E21-194-030,8.27,11.81,4.53,0.44,5
E4H-194-055,9.06,11.81,4.72,0.44,5
E5B-194-070,8.27,11.81,4.53,0.23,5
E5X-090-065,6.3,11.42,4.14,1.4,5
E6M-090-090,8.6,12.5,4.81,1.6,5
E6N-D19-030,7.5,12.4,4.81,1.4,5
E6T-001-050,6.3,11.42,4.13,1.32,5
E6T-001-070,6.3,11.42,4.13,1.5,5
E6Y-001-045,7.7,12,4.51,1.4,5
E7B-001-055,8,12,4.51,1.4,5
E7C-C88-070,8.5,12.5,4.71,1.6,5
E7M-030-080,8.07,12.2,4.72,0.44,5
E7M-030-090,8.66,12.6,4.72,0.44,5
E7M-030-100,8.66,12.6,4.72,0.44,5
E6M-288-030,8.2,10.6,4.31,1.4,5
E6O-D20-030,9,12.2,5.01,1.6,5
E6T-B41-030,5.91,10.63,3.94,1.21,5
E6T-B41-090,7.28,12.2,4.92,1.65,5
E6V-B41-030,8.4,11.6,4.61,1.8,5
E7B-090-065,8,12,4.51,1.4,5
E6M-B41-080,8.2,12.5,4.81,1.6,5
E6M-B41-090,8.2,12.5,4.81,1.6,5
E7B-D06-030,7.8,12,4.51,1.4,5
E6K-C98-030,8,11,4.51,1.4,5
E6K-C98-080,8.5,12.2,5.01,1.6,5
B1B-B41-080,9,12.5,5.01,1.8,5
E4X-B84-080,9.4,12.2,5.01,1.8,5
E7B-D05-065,8.4,12.5,4.71,1.6,5
E7B-D05-080,8.5,12.5,4.71,1.6,5
B5R-090-060,8.5,11.2,4.51,1.6,5
HJ7-B58-055,9,12.2,4.81,2,5
CC6-675-060,8.66,11.61,4.72,1.37,4
DX4-090-040,8.07,10.43,4.53,1.82,4
HE6-328-080,9.5,13.5,5.01,2.2,4
I88-001-060,8.07,11.02,4.53,1.72,4
FQ3-A20-050,8.66,11.61,4.72,1.27,4
FR1-001-030,8.27,11.81,4.53,1.63,4
JM1-001-065,8.07,11.42,4.54,1.65,4
GB7-231-070,8.66,12.2,4.72,1.96,4
GB7-231-080,9.45,12.6,4.72,2.05,4
HF3-C05-040,8.5,12,5.01,1.8,4
JM1-001-060,8.07,11.42,4.54,1.64,4
JM1-A99-055,8.07,11.42,4.53,1.61,4
R08-001-050,4.33,11.02,4.53,0.93,4
FQ1-090-055,8.27,11.81,4.53,1.18,4
GM4-090-045,12.2,13.39,4.33,2.43,4
GM4-090-050,12.6,13.78,4.53,2.54,4
IK8-646-090,9.45,12.99,5.12,2.16,4
HI9-399-045,8.66,10.63,4.33,1.4,4
JM1-A99-040,7.48,11.42,4.33,1.57,4
JG8-C68-080,9.06,12.2,4.73,1.6,4
GS2-616-050,8.27,11.81,4.54,1.4,4
E54-010-040,4.13,10.24,4.33,0.6,4
E54-090-090,4.53,11.42,4.72,1.1,4
E54-137-060,4.33,11.02,4.53,0.64,4
E54-011-080,4.53,11.42,4.72,0.71,4
E54-012-070,4.33,11.02,4.53,0.68,4
J80-001-110,4.72,13.39,5.12,1.23,4
E54-399-065,4.33,11.02,4.53,0.66,4
I88-001-045,7.87,10.04,4.13,1.65,4
Q68-644-060,8.27,11.81,4.53,1.45,4
Q68-644-065,8.27,11.81,4.53,1.47,4
R49-399-090,8.27,11.81,4.53,1.7,4
X22-090-055,8.07,11.02,4.53,1.79,4
X22-090-070,8.66,11.61,4.53,2.05,4
L05-399-080,8.07,12.2,4.92,1.73,4
X03-339-070,8.07,11.02,4.53,1.76,4
X03-399-080,8.27,11.81,4.53,1.89,4
DX7-090-045,8.66,11.02,4.53,0.93,4
268-592-030,7.48,11.42,4.33,1.36,4
268-592-060,8.07,12.2,4.72,1.52,4
EB1-090-030,7.09,10.83,4.33,1.46,4
EO8-090-050,6.3,11.22,4.72,1.13,4
EO8-592-090,6.89,11.61,5.12,1.3,4
FB7-399-050,9.06,11.81,4.72,1.03,4
FB7-090-050,8.27,11.81,4.53,0.89,4
I88-A15-070,8.07,11.02,4.53,1.71,4
FC7-001-050,8.07,11.42,4.53,1.39,4
FD7-090-045,7.48,11.42,4.33,1.15,4
FQ1-090-090,9.06,12.2,4.72,1.37,4
FV6-090-060,8.66,11.61,4.72,1.6,4
FV6-090-070,8.66,11.61,4.72,1.64,4
FV6-323-065,8.27,11.81,4.53,0.93,4
FV8-592-065,8.27,11.81,4.53,1.57,4
GB3-090-040,6.69,10.63,4.33,0.95,4
GA3-323-050,8.27,11.81,4.53,1.46,4
FP6-A34-090,5.91,8.07,4.13,0.52,4
FP8-A34-080,5.91,7.68,3.74,0.49,4
GK6-090-045,7.09,10.63,4.13,1.12,4
GQ5-090-040,9.06,11.81,4.72,3.09,4
GM1-090-065,12.99,14.17,4.72,2.71,4
GO9-090-045,12.99,14.96,4.53,2.65,4
GS6-090-065,11.81,13.39,5.12,3.09,4
GN8-A76-070,16.14,21.46,5.12,4.41,4
GU7-399-070,9.06,12.6,4.92,1.63,4
GX2-001-030,7.28,12.2,4.92,1.48,4
HE5-001-080,9.45,13.5,5.14,2,4
HE7-194-070,7.48,12.6,5.12,1.85,4
HF2-001-045,8.27,10.83,4.33,1.74,4
HF2-001-055,8.66,12.2,4.72,1.83,4
HF2-A06-090,9.45,12.6,4.72,2.14,4
HF3-B25-045,8.27,10.83,4.33,1.74,4
HF4-001-050,8.07,11.02,4.53,1.4,4
HF5-001-030,8.07,11.02,4.53,1.39,4
HM9-090-070,7,11.25,5.01,1.4,4
EJ8-A94-050,8.07,11.02,4.53,1.32,4
GY8-001-080,9.06,12.6,5.12,1.85,4
GZ6-001-090,8.5,11.8,5.31,2.6,4
GZ6-592-090,8.5,11.8,5.31,2.6,4
HA3-194-090,9.06,12.99,5.12,2.14,4
HX8-001-030,6.2,11.5,4.11,1.5,4
HY8-610-090,9.45,12.2,4.72,1.1,4
IA4-001-045,10.5,13.5,5.01,2.4,4
ID4-090-050,8.66,11.61,4.73,1.41,4
IE5-011-065,8.9,12.2,5.01,1.8,4
IH2-011-070,6.2,11.3,4.11,1.4,4
IJ9-001-040,11.2,12.2,4.81,2.4,4
IK2-A20-070,9,13,1.81,2,4
IK5-011-070,9,12.1,4.91,1.5,4
IK8-090-060,9.06,12.6,4.92,1.9,4
IK8-090-065,9.06,12.6,4.92,1.94,4
IL2-B41-080,9.06,12.6,4.92,2.25,4
ID5-B63-050,12,14,5.01,3.4,4
ID9-001-080,12,14,5.21,2.6,4
IL4-090-060,11.81,12.2,4.72,2.73,4
HY6-001-030,11.2,13.5,5.01,2.4,4
HY6-001-080,11.2,13.5,5.01,2.4,4
IB4-B83-070,7.6,12.7,5.11,1.8,4
IV3-011-070,9,12.5,5.01,2,4
IY9-C15-070,8.66,11.81,4.72,1.85,4
IT4-001-055,6.3,11.42,4.13,1.39,4
IU1-675-050,8.66,11.61,4.72,1.37,4
JE7-090-070,9.3,13.1,5.31,2,4
JI9-C14-055,11.02,12.99,4.72,3.04,4
JL1-399-040,7.87,10.43,4.33,1.37,4
JL8-675-040,9,12,5.01,1.6,4
JM1-001-090,8.27,11.81,4.54,1.76,4
JM1-090-060,8.07,11.42,4.54,1.64,4
JM2-001-080,8.27,11.81,4.54,1.71,4
JF4-C14-065,9.84,12.6,4.72,0.44,4
JG7-194-050,9.06,12.2,4.73,1.4,4
JG7-687-045,9.06,12.2,4.73,1.4,4
JG7-C41-040,9.06,12.2,4.73,1.4,4
JG7-C41-050,9.06,12.2,4.73,1.4,4
JG8-C68-040,7.48,11.42,4.34,1.6,4
JL6-C20-045,9.06,12.2,4.72,0.44,4
GS2-616-090,9.06,12.2,4.74,1.4,4
HT9-675-060,7.09,11.42,4.53,1.23,4
GS7-076-065,15.35,20.67,13.58,1.98,4
I88-817-060,8.27,11.81,4.53,1.74,4
IC5-040-080,8.4,12.8,5.01,1.8,4
ID4-C88-090,9.7,13.5,5.41,2,4
ID5-040-080,12.99,14.17,4.72,3.68,4
IF6-076-080,9.45,12.6,4.72,0.44,4
IH2-C89-065,6.3,11.42,4.13,1.21,4
IK5-C89-040,8.2,11.3,4.51,1.4,4
IK5-C89-070,9.3,12.7,5.01,1.6,4
IK8-288-090,9.45,12.99,5.12,2.16,4
E1I-001-070,9.3,12.8,5.01,1.6,4
E1W-001-080,14.96,21.65,4.92,0.44,4
E22-D24-060,9.06,11.81,4.72,2.2,4
E2N-D20-050,6.7,10.7,4.31,1.2,4
E35-076-065,11.81,12.2,4.72,2.62,4
E3W-090-050,11.02,12.99,4.72,2.8,4
E3X-090-050,11.02,12.99,4.72,2.71,4
E3X-090-080,11.81,13.39,4.92,2.98,4
E3X-090-090,11.81,13.39,4.92,3.06,4
E4B-090-060,12.99,14.17,4.72,0.44,4
E4C-076-090,10.24,12.99,4.72,0.44,4
E4T-001-055,8.27,11.81,4.53,1.63,4
E4Z-090-070,12.99,14.17,4.72,0.44,4
E5J-076-050,12.99,14.17,4.72,0.44,4
E5Q-090-065,8.07,12.2,4.72,0.44,4
E5T-011-065,9.3,12.8,5.01,1.8,4
HF4-C88-090,8.4,12.5,5.01,1.6,4
IC5-C88-030,8.4,11.6,5.01,1.4,4
IF6-817-070,9.06,12.2,4.72,0.44,4
IU1-D01-080,9.3,12.7,5.01,1.6,4
JC8-A20-050,4.33,11.02,4.53,0.93,4
JM1-D06-055,7.35,12,5.01,1.4,4
E35-090-050,11.81,12.2,4.72,2.51,4
E35-090-060,11.81,12.2,4.72,2.58,4
E4A-090-035,9.06,12.2,4.72,0.44,4
E4A-090-080,10.24,12.99,4.72,0.44,4
E5J-090-055,12.99,14.17,4.72,0.44,4
E4C-167-090,10.24,12.99,4.72,0.44,4
E4L-D20-065,8.5,13,5.01,1.6,4
E3J-B41-055,6.3,11.42,4.13,1.17,4
E3A-A69-080,13.19,13.39,5.31,2.89,4
E3W-A69-055,11.42,12.6,4.72,2.84,4
E5M-A69-060,14.17,19.29,4.72,0.44,4
E5T-675-040,7.8,12,4.51,1.4,4
E1I-C88-055,8.5,11.5,4.51,1.4,4
E4Z-864-060,12.99,14.17,4.72,0.44,4
E5S-288-060,8.66,12.6,4.92,1.85,4
E4T-194-040,7.48,11.42,4.33,1.5,4
E1U-076-065,12.99,14.17,4.72,0.44,4
E5R-090-030,8.66,11.02,4.33,1.57,4
E5R-090-065,9.06,12.2,4.72,1.79,4
E5S-090-030,8.07,12.2,4.72,0.24,4
E6J-565-050,9,11.2,4.51,1.4,4
E6M-090-070,8.6,12.5,4.81,1.6,4
E5S-892-040,8.07,12.2,4.72,1.63,4
E5X-B41-065,6.3,11.42,4.14,1.2,4
E6M-B41-070,8.2,12.5,4.81,1.6,4
E7A-001-040,8.07,11.42,4.53,0.44,4
B1K-D18-060,8.4,12,4.56,1.6,4
E4X-B84-040,8.5,11.2,4.51,1.6,4
HX7-A25-080,9.45,12.99,5.12,2.07,4
B1T-A76-060,9.45,12.99,5.12,2.31,4
HJ5-B58-040,9,11.3,4.51,1.8,4
HJ5-B58-080,9.3,12.8,4.91,2.2,4
HJ7-B58-070,9.3,12.8,4.91,2.2,4
279-090-070,8.07,12.2,4.92,1.72,4
279-090-080,8.07,12.2,4.92,1.73,4
K03-001-090,8.27,11.81,4.53,1.93,4
L05-001-070,8.07,12.2,4.92,1.71,4
L85-001-045,7.87,10.63,4.33,1.21,4
O54-001-030,9.06,11.02,4.13,1.31,4
O54-001-040,9.06,11.02,4.13,1.34,4
O54-001-060,9.25,11.81,4.13,1.45,4
O54-001-080,9.65,12.2,4.33,1.55,4
O54-001-090,9.65,12.2,4.33,1.58,4
K26-054-050,8.07,11.02,4.53,1.47,4
K26-054-055,8.07,11.02,4.53,1.49,4
K26-054-070,8.07,11.02,4.53,1.58,4
Q68-001-030,8.07,11.02,4.53,1.12,4
Q74-001-030,6.3,11.02,4.13,1.32,4
Q74-001-040,6.3,11.02,4.13,1.37,4
R08-194-065,4.33,11.02,4.53,0.95,4
X03-011-065,8.07,11.02,4.53,1.75,4
Y12-738-030,8.66,10.63,4.33,1.17,4
279-005-090,8.27,12.6,5.12,1.82,4
AH8-399-030,12.2,14.17,4.33,3.73,4
AH9-090-030,12.99,18.5,4.33,4.85,4
AH9-399-040,12.99,18.5,4.33,4.94,4
AQ3-001-110,8.66,12.99,5.31,1.82,4
H84-090-070,8.07,11.02,4.53,1.76,4
O96-031-080,8.66,11.61,4.53,1.61,4
L05-001-060,8.07,12.2,4.93,1.69,4
CR2-810-080,9.06,12.2,4.72,1.98,4
CM2-090-090,9.06,12.2,4.72,1.61,4
R08-399-060,4.33,8.19,4.53,0.93,4
DR7-399-050,8.07,10.43,4.53,1.69,4
DV5-001-050,7.87,11.81,4.53,1.03,4
DV5-001-090,8.07,12.2,4.72,1.2,4
DX4-090-050,8.07,11.02,4.53,1.84,4
DG5-137-050,4.33,11.02,4.53,0.93,4
DG5-137-070,4.33,11.02,4.53,0.97,4
DG5-399-080,4.53,11.42,4.72,0.99,4
EH4-861-080,7.28,12.2,4.92,1.61,4
EH8-137-030,8.07,11.02,4.53,1.76,4
EH8-892-050,8.66,12.2,4.72,1.86,4
EJ8-399-080,9.06,12.2,4.72,1.52,4
SAO-912-999,7.48,4.92,0.16,0.03,4
EO8-011-060,6.3,11.22,4.72,1.14,4
ES7-090-055,8.66,11.61,4.72,1.46,4
ES8-592-040,7.87,10.04,4.13,1.61,4
ES8-592-080,8.27,11.81,4.53,1.9,4
EQ4-090-110,4.72,13.39,5.12,1.46,4
EM9-090-070,7.48,11.42,4.33,1.13,4
ET9-011-055,8.27,11.81,4.53,1.74,4
ET9-011-065,8.27,11.81,4.53,1.83,4
ET9-090-055,8.27,11.81,4.53,1.74,4
EU4-090-080,8.27,11.81,4.53,1.9,4
EK1-090-030,7.87,10.43,4.33,1.21,4
FB7-399-060,9.06,11.81,4.72,1.08,4
279-167-100,8.27,12.6,5.12,1.87,4
ET9-399-090,9.06,12.2,4.72,1.39,4
ET9-806-030,9.5,13,5.01,1.6,4
FB7-090-070,8.27,11.81,4.53,0.97,4
EO8-137-060,7.09,11.42,4.53,1.41,4
EO8-137-070,7.09,11.42,4.53,1.46,4
FD7-090-090,7.48,12.6,5.12,1.54,4
FG8-751-080,13.19,13.39,5.31,2.97,4
FV6-090-045,7.87,10.63,4.33,1.5,4
FV6-090-055,8.66,11.61,4.72,1.57,4
FV8-011-070,8.27,11.81,4.53,1.59,4
FW4-137-050,8.07,12.2,4.72,1.5,4
GB7-A22-070,8.66,12.2,4.72,1.96,4
GB7-A54-065,8.66,12.2,4.72,1.92,4
H84-A36-080,8.27,11.81,4.53,1.89,4
GG7-399-003,14,17,1.01,0.8,4
GK5-646-035,8.27,11.81,4.53,1.68,4
ES8-194-090,8.27,11.81,4.53,1.54,4
FC7-090-035,7.48,11.02,4.33,1.26,4
GB7-A85-055,8.66,12.2,4.72,1.83,4
GB7-A85-065,8.66,12.2,4.72,1.92,4
GI8-323-080,4.33,7.68,3.74,0.58,4
GS9-001-100,4.72,13.39,5.12,1.41,4
GF6-455-085,9.06,12.2,4.72,1.79,4
GF1-231-070,8.07,12.2,4.92,1.83,4
GF1-399-090,8.27,12.6,5.12,1.94,4
GF1-399-120,8.66,12.99,5.31,2.23,4
GK6-090-030,7.09,10.63,4.13,0.99,4
GL4-231-050,8.66,12.2,4.72,1.79,4
GL4-231-065,8.66,12.2,4.72,1.92,4
GO6-194-070,8.66,12.2,4.72,1.96,4
GR3-A76-080,9.06,12.2,4.72,1.67,4
GM2-090-060,9.45,12.99,5.12,2.31,4
GP6-231-035,11.81,13.39,4.92,3.31,4
GP6-231-090,12.99,14.17,4.72,4.12,4
GS6-A69-050,11.81,13.39,5.12,2.87,4
GV1-194-115,10.04,13.39,5.31,2.05,4
GT2-001-110,8.66,12.99,5.31,1.76,4
GU7-090-115,10.04,13.39,5.31,2.12,4
GW8-090-030,8.07,11.02,4.53,1.48,4
GY2-442-070,8.07,11.02,4.53,1.32,4
GY5-090-050,3.94,11.02,2.09,0.28,4
HE4-B09-060,8.27,11.81,4.72,1.65,4
HE8-001-065,7.48,12.6,5.12,1.81,4
HE8-167-070,7.48,12.6,5.12,1.85,4
HE8-194-070,7.48,12.6,5.12,1.85,4
HE9-001-050,7,11.5,4.51,2,4
HF1-001-030,4.5,12.52,4.1,1.2,4
HF2-194-055,8.66,12.2,4.72,1.83,4
HF2-399-065,8.66,12.2,4.72,1.92,4
HF4-001-030,8.07,11.02,4.53,1.32,4
HF5-B09-080,8.66,12.99,5.12,1.83,4
HF5-B14-070,8.27,11.81,4.72,1.74,4
HG2-194-080,8.66,12.99,5.12,1.94,4
HG2-194-090,8.66,12.99,5.12,2.03,4
HG4-592-055,7.09,11.42,4.53,1.3,4
HG4-592-070,7.09,11.42,4.53,1.42,4
HI4-011-040,7.48,11.02,4.33,1.3,4
HI7-B06-090,8.27,11.81,4.53,1.54,4
HI9-675-045,8.66,10.63,4.33,1.42,4
HJ1-323-065,8.66,11.61,4.72,1.43,4
HM9-090-045,7,11.25,5.01,1.4,4
HN2-A89-090,8.66,12.99,5.12,2.03,4
HN4-592-060,8.27,11.81,4.72,1.65,4
HO7-399-080,9.45,12.99,5.12,2.07,4
HP6-001-060,8.27,11.81,4.72,1.65,4
HP6-592-090,8.66,12.99,5.12,1.92,4
HT2-011-070,4.6,11.4,4.06,1.2,4
HT4-011-030,8.07,11.02,4.53,1.39,4
HG8-011-055,8.27,11.81,4.72,1.61,4
HJ9-B09-060,8.07,11.42,4.53,1.76,4
HK7-001-080,4.72,13.39,5.12,1.16,4
HR1-675-030,7.87,10.04,4.13,1.1,4
GZ6-592-100,8.5,11.7,5.31,2.6,4
GZ7-001-080,7.9,11.8,5.31,2.6,4
GZ7-592-100,8.5,11.8,5.31,2.6,4
GZ7-592-120,8.5,11.8,5.31,2.6,4
GZ7-A93-120,8.5,11.8,5.31,2.6,4
HA3-194-100,9.06,12.99,5.12,2.23,4
HA6-001-100,8.27,12.6,5.12,1.76,4
HS4-194-070,9.06,11.81,4.72,2.05,4
HS4-194-080,9.06,12.2,4.72,1.7,4
HS6-592-070,9,12.2,4.81,2,4
HS7-001-080,10.24,12.99,4.72,2.54,4
HU9-B28-030,8.07,11.02,4.53,1.21,4
HI3-B04-050,4.53,12.6,4.92,1.19,4
HI5-B04-080,4.53,11.42,4.72,0.44,4
HV3-A61-050,8.66,12.2,4.72,1.79,4
HX3-001-040,6.8,10.8,4.41,1.4,4
HX3-001-065,6.8,10.8,4.41,1.4,4
HX3-001-070,6.8,10.8,4.41,1.4,4
HX3-001-080,6.8,10.8,4.41,1.4,4
HX7-442-040,9.06,12.2,4.72,1.72,4
IA8-001-040,5.91,10.63,3.94,1.23,4
IA8-001-080,7.28,12.2,4.92,1.46,4
IB5-167-040,8.66,11.61,4.72,1.79,4
IB8-864-030,9.2,12.8,4.81,1.6,4
IC8-535-030,8.27,11.81,4.53,1.59,4
IC9-001-050,8.66,12.2,4.72,1.76,4
ID4-A20-060,9.06,12.6,4.92,1.48,4
IG7-011-070,7.2,11.3,4.51,1.4,4
IH2-B94-060,6.2,11.3,4.11,1.3,4
II7-B58-040,4.8,11.5,4.51,1.2,4
IJ2-011-070,8.27,12.6,5.13,1.8,4
IJ4-B40-070,8.27,11.81,4.72,1.74,4
IJ5-619-030,8.07,11.02,4.53,1.39,4
IJ6-B69-050,4.33,11.02,4.53,0.41,4
IK2-001-050,9,13,1.81,2,4
IK2-A20-060,9,13,1.81,2,4
IA9-001-055,11.02,12.99,4.72,3.04,4
ID5-B78-090,13.1,14.3,5.01,3.6,4
ID9-001-065,12,14,5.21,2.6,4
IG3-090-035,13.19,14.57,4.92,3.68,4
II9-B77-030,11.02,12.99,4.72,2.82,4
IL6-011-035,11.02,11.81,4.53,2.27,4
IL6-011-055,11.81,12.2,4.72,2.47,4
IN1-001-065,10.43,13.19,5.32,1.6,4
IB2-535-080,7.4,12.2,5.01,1.6,4
IC1-090-040,9,12,5.01,1.8,4
IC1-A94-065,8.27,10.83,4.31,1.65,4
IG2-011-090,8.27,11.81,4.53,1.54,4
GP4-B62-055,9.4,12.4,4.81,2.6,4
GP4-B62-070,9.4,12.4,4.81,2.6,4
GS7-535-040,9.06,11.61,4.72,1.76,4
GS7-535-080,10.24,13.39,4.92,2.43,4
GS7-535-090,10.24,13.39,4.92,2.43,4
HN9-B37-080,8.27,11.81,4.53,1.54,4
I88-B37-065,8.07,11.02,4.53,1.76,4
I88-B48-050,8.07,11.02,4.53,1.76,4
IO2-687-120,10.04,13.39,5.31,2.4,4
IO8-001-075,9.06,12.6,4.92,2.01,4
FV1-194-030,6.69,10.63,4.33,1.05,4
HJ1-C22-030,7.87,10.63,4.33,1.21,4
IU9-090-050,8.66,11.61,4.72,1.4,4
IU9-090-070,8.66,11.61,4.72,1.52,4
IU9-399-070,8.66,11.61,4.72,1.52,4
IV9-B41-080,9.06,12.6,4.92,2.65,4
IX9-B87-060,8.66,11.81,4.72,2.12,4
IX9-B87-090,9.06,12.6,5.12,2.34,4
IY9-090-030,8.66,10.63,4.33,1.59,4
JB4-C31-050,7.87,11.61,4.72,0.44,4
JB6-B41-090,8.27,12.6,5.12,0.44,4
HX8-A99-030,7.5,12,5.01,1.6,4
HX8-C20-030,7.2,12.2,5.01,1.6,4
HX9-C32-030,6.5,11.5,4.01,1.4,4
IW4-090-040,8.66,11.61,4.72,2.43,4
IW4-675-030,8.66,11.61,4.72,2.43,4
IW5-675-080,9.06,12.6,4.92,2.65,4
JA3-011-070,7.09,11.42,4.53,1.32,4
HI9-399-060,8.66,11.61,4.72,1.48,4
IU1-565-090,9.06,12.2,4.72,1.62,4
IV5-675-090,9.06,12.6,5.12,1.92,4
IX1-090-090,7.5,12.7,5.01,1.6,4
IX1-090-110,7.6,12.8,5.01,1.7,4
IX1-C75-090,7.5,12.7,5.01,1.6,4
JA2-090-120,8.66,12.99,5.31,1.98,4
JF3-090-040,7.87,10.63,4.33,1.28,4
EJ8-C23-065,8.66,11.61,4.72,2.2,4
JJ1-C24-090,7.5,12.2,5.01,1.4,4
JJ1-C26-090,7.5,12.5,5.01,1.4,4
JJ3-090-060,8.66,11.61,4.72,1.42,4
JJ3-090-090,9.06,12.2,4.72,1.58,4
JJ4-090-065,9.06,11.81,4.72,2.65,4
JJ5-231-070,9.3,13.2,5.01,2.2,4
JJ5-C80-090,9.3,13.2,5.01,2.2,4
JK4-090-070,9.3,13.2,5.21,2,4
JK4-B41-090,9.3,13.2,5.21,2,4
JL1-090-060,8.07,11.42,4.53,1.46,4
JL2-C35-040,7.87,10.63,4.33,1.23,4
JL4-090-040,8.66,10.63,4.33,1.32,4
JL5-090-030,7.87,10.63,4.33,1.23,4
JL5-675-090,8.66,11.81,4.72,1.46,4
JL9-001-055,8.07,11.42,4.54,1.61,4
JL9-001-065,8.07,11.42,4.54,1.65,4
JL9-A99-040,7.48,11.42,4.34,1.57,4
JL9-C70-045,7.48,11.42,4.33,1.59,4
JL9-C70-055,8.07,11.42,4.53,1.61,4
JM2-001-065,8.07,11.42,4.54,1.65,4
JM2-056-050,8.07,11.42,4.53,1.6,4
JM2-A99-090,8.27,11.81,4.54,1.76,4
IN8-C83-095,11.2,14,6.01,2.6,4
HI9-011-050,8.66,11.61,4.72,1.43,4
HI9-011-080,9.06,12.2,4.72,1.64,4
JE6-C33-050,8.07,11.02,4.54,1.4,4
JG1-C24-030,9.06,12.2,4.73,2,4
JG7-C41-045,9.06,12.2,4.73,1.4,4
JG7-C41-065,9.84,12.6,4.73,1.4,4
JG8-B41-030,7.48,11.42,4.34,1.6,4
HE8-B41-070,8.27,11.81,4.72,0.44,4
JL6-090-065,9.84,12.6,4.73,2,4
JL6-B41-080,10.24,12.99,4.73,2.2,4
IV1-C18-050,9.06,11.81,4.73,1.8,4
HT9-B59-060,7.09,11.42,4.53,1.23,4
AQ3-040-110,8.66,12.99,5.31,1.82,4
EJ8-C89-030,7.87,10.04,4.13,1.1,4
FV8-C88-090,9.06,11.81,4.72,2.65,4
HH3-B41-050,8.07,11.02,4.53,1.5,4
HI9-C90-080,9.06,12.2,4.72,1.64,4
HX2-B41-060,8.66,11.61,4.72,1.42,4
I88-817-065,8.27,11.81,4.53,1.74,4
IW1-011-060,9.06,11.81,4.72,2.65,4
IW1-011-065,9.06,11.81,4.72,2.65,4
JE6-442-090,9.3,12.8,5.01,1.6,4
JL2-C90-090,9,12.3,5.01,1.8,4
JM2-B93-090,8.5,12.5,4.71,1.6,4
E1D-090-060,8.66,11.61,4.72,2.2,4
E1D-090-090,9.06,11.81,4.72,2.65,4
E1E-090-030,8.66,10.63,4.33,1.63,4
E1I-001-030,8.5,11.5,4.51,1.4,4
E1I-001-055,8.5,11.5,4.51,1.4,4
E1R-001-030,9.45,12.99,5.12,0.44,4
E1S-001-045,12.6,13.78,4.53,0.44,4
E1S-001-050,12.6,13.78,4.53,0.44,4
E1T-167-070,10.43,13.19,5.31,0.44,4
E1V-001-030,7.87,11.81,4.53,0.44,4
E1W-001-040,13.39,19.69,4.33,0.44,4
E1X-090-050,9.06,11.81,4.72,2.02,4
E1X-090-065,9.06,11.81,4.72,2.02,4
E21-001-030,8.27,11.81,4.53,0.44,4
E2A-040-030,7.87,11.81,4.53,0.44,4
E2Z-090-030,11.3,12.3,4.71,2.2,4
E3B-040-070,12.6,13.19,4.92,2.87,4
E3E-001-070,6.2,11.5,4.01,1.4,4
E3I-001-045,5.91,10.63,3.94,0.77,4
E3W-090-080,11.81,13.39,4.92,3.09,4
E4V-231-040,9,12.3,5.01,2,4
E4V-231-070,9,12.3,5.01,2,4
E5B-090-030,7.48,11.42,4.33,0.2,4
E5D-090-070,10.43,13.19,5.31,0.44,4
E5J-076-040,12.6,13.78,4.53,0.44,4
E5T-011-060,9.3,12.8,5.01,1.8,4
E7F-001-120,12.6,14.17,5.51,2.84,4
E7O-001-120,11.2,14.3,6.01,2.6,4
DG5-C99-070,4.33,11.02,4.53,0.42,4
DG5-C99-090,4.53,11.42,4.72,0.48,4
FV6-C88-060,8.07,11.02,4.53,2.2,4
JL2-C98-070,9,12.3,5.01,1.8,4
JM2-D05-045,8,12,4.51,1.4,4
HF4-D02-050,8.5,11.6,4.71,1.4,4
JE6-C93-070,9.3,12.8,5.01,1.6,4
JE6-C93-080,9.3,12.8,5.01,1.6,4
JM2-D06-080,8.5,12.5,4.71,1.6,4
E35-090-040,11.02,11.81,4.53,2.47,4
E35-090-045,11.02,11.81,4.53,2.49,4
E35-D07-060,11.81,12.2,4.72,2.58,4
E35-D07-065,11.81,12.2,4.72,2.62,4
E3I-C15-030,5.91,10.63,3.94,0.71,4
E3Z-C15-090,10.6,13.5,5.01,2.4,4
E1X-D21-090,9.84,12.6,4.72,2.2,4
E2Z-A99-080,11.7,13,5.01,2.8,4
E3E-A99-055,6,10.7,4.01,1.2,4
E5T-675-090,9.3,12.8,5.01,1.8,4
E1D-C88-040,8.27,10.83,4.33,1.98,4
E1D-C88-060,8.66,11.61,4.72,2.2,4
E5H-288-065,7.5,12.7,4.71,1.6,4
E4H-011-060,9.06,11.81,4.72,0.44,4
E4T-011-030,7.48,11.42,4.33,0.23,4
E1G-C91-030,8.5,11.5,4.51,1.4,4
E6F-C91-070,8.66,11.61,4.72,2.2,4
E1D-194-060,8.66,11.61,4.72,2.2,4
E1E-194-030,8.66,10.63,4.33,1.63,4
E1E-194-060,8.27,11.81,4.72,1.74,4
E1E-194-090,9.06,12.6,5.12,1.83,4
E21-194-045,8.27,11.81,4.53,0.44,4
E4T-194-030,7.48,11.42,4.33,0.23,4
E5B-194-030,7.48,11.42,4.33,0.2,4
E5B-194-055,8.27,11.81,4.53,0.23,4
E5B-194-065,8.27,11.81,4.53,0.23,4
E5E-194-030,8.27,11.81,4.53,1.84,4
E4S-328-030,9.06,12.2,4.72,0.44,4
E1Z-B44-030,8.27,11.81,4.53,2.02,4
E7O-D33-070,9.7,13.5,5.31,2.2,4
E4S-D29-030,9.06,12.2,4.72,0.44,4
E4S-D29-090,10.24,12.99,4.72,0.44,4
E2Y-D07-055,8.66,12.2,4.72,2.03,4
E6J-565-030,9,11.2,4.51,1.4,4
E6J-565-040,9,11.2,4.51,1.4,4
E6N-D19-090,7.8,13,5.31,1.8,4
E6Y-001-050,7.7,12,4.51,1.4,4
E7B-001-040,8,12,4.51,1.4,4
E7X-D12-080,7.5,12.8,5.01,1.8,4
E5X-B41-090,7.28,12.2,4.93,1.4,4
E7X-D31-120,8,13.5,5.51,2.1,4
E6J-C91-090,9.2,13.2,5.41,1.8,4
E6Y-C88-045,7.7,12,4.51,1.4,4
E7B-D06-070,8.5,12.5,4.71,1.6,4
E7A-001-090,9.45,12.6,4.72,0.44,4
B1B-001-030,8,11.2,4.51,1.4,4
B1J-001-090,9,13.2,5.01,2,4
E4X-D01-050,8.4,11.2,4.51,1.6,4
E4X-D01-070,9.4,12.2,5.01,1.8,4
B1S-090-090,10.24,12.99,4.72,2.54,4
B5R-090-050,8.5,11.2,4.51,1.6,4
E4R-090-030,6,8,5.01,1.2,4
E4R-090-055,8,12,5.01,1.4,4
279-090-120,8.66,12.99,5.31,2.13,4
CC6-011-060,8.66,11.61,4.72,1.37,3
R49-001-070,8.07,11.02,4.53,1.61,3
JM1-194-065,8.07,11.42,4.54,1.65,3
FR1-001-050,9.06,12.6,4.92,1.81,3
FR1-194-055,9.06,12.6,4.92,1.85,3
R49-011-070,8.07,11.02,4.53,1.61,3
CC6-011-070,8.66,11.61,4.72,1.37,3
FK3-090-065,12.2,13.39,4.33,2.31,3
JL8-399-060,9,12,5.01,1.6,3
JL8-399-080,9,12,5.01,1.6,3
FR1-194-050,9.06,12.6,4.92,1.81,3
FR1-194-080,9.45,12.99,5.12,2.07,3
HY3-001-065,8.27,11.81,4.53,2.12,3
IK8-646-065,9.06,12.6,4.92,1.94,3
IE2-477-070,11.3,13.5,5.01,2.6,3
HX9-C32-065,6.5,11.5,4.01,1.2,3
JM1-001-050,8.07,11.42,4.54,1.6,3
I88-024-050,8.07,11.02,4.53,1.7,3
CC6-675-070,8.66,11.61,4.72,1.37,3
GG2-001-030,7.28,11.81,4.53,1.43,3
HF3-B25-040,8.27,10.83,4.33,1.7,3
HF3-B25-090,9.45,12.6,4.72,2.14,3
HF3-C05-065,9.1,12.5,4.91,2,3
JL8-399-040,9,12,5.01,1.6,3
JG8-C68-060,8.27,11.81,4.54,1.6,3
K04-001-040,7.87,10.04,4.13,1.6,3
AH8-090-050,12.2,14.17,4.33,3.99,3
AQ3-001-100,8.27,12.6,5.12,1.69,3
HE6-328-090,9.5,13.5,5.01,2.2,3
HF2-A06-040,8.27,10.83,4.33,1.7,3
HF2-A06-060,8.66,12.2,4.72,1.87,3
HI9-675-040,8.66,10.63,4.33,1.34,3
HH3-001-080,8.07,11.02,4.53,1.59,3
IJ7-A20-050,8.27,11.81,4.53,1.98,3
E1G-090-060,9.5,12.8,5.01,1.6,3
E5R-076-065,9.06,12.2,4.72,1.79,3
N28-645-070,8.07,11.61,4.13,2.06,3
Q68-001-040,8.07,11.02,4.53,1.18,3
R08-001-080,4.53,11.42,4.72,0.99,3
X22-011-060,8.07,11.02,4.53,1.85,3
X22-090-080,8.66,11.61,4.53,2.26,3
Q68-731-050,8.27,11.81,4.53,1.16,3
L05-399-090,8.27,12.6,5.12,1.82,3
L05-399-100,8.27,12.6,5.12,1.87,3
AH8-090-070,12.99,14.96,4.53,4.41,3
AH8-090-090,12.99,14.96,4.53,4.81,3
AH8-399-060,12.99,14.96,4.53,4.3,3
AH8-399-080,12.99,14.96,4.53,4.63,3
DX7-090-080,9.45,12.6,4.72,1.08,3
EB1-592-050,7.87,11.61,4.72,1.59,3
FB7-399-070,9.06,11.81,4.72,1.13,3
FB7-477-060,9.06,11.81,4.72,1.08,3
I88-A15-090,8.27,11.81,4.53,1.71,3
FC7-194-070,8.07,11.42,4.53,1.57,3
FG9-751-070,9.45,12.2,4.72,2.63,3
FR1-399-050,9.06,12.6,4.92,1.81,3
GB7-A22-080,9.45,12.6,4.72,2.05,3
GF9-231-115,10.04,13.39,5.31,2.36,3
FP2-A26-110,4.33,8.66,3.94,0.6,3
FP6-A34-080,4.33,7.68,3.74,0.43,3
GK7-090-065,7.48,12.6,5.12,1.81,3
GK7-090-070,7.48,12.6,5.12,1.85,3
GO6-A74-060,8.66,12.2,4.72,1.87,3
GS7-090-060,9.84,12.6,4.72,3.09,3
GS7-090-080,10.24,13.39,4.92,3.31,3
GO9-090-055,13.39,15.75,4.72,2.87,3
GO9-A69-055,13.39,15.75,4.72,2.87,3
GX5-231-070,8.07,11.02,4.53,1.32,3
GS2-011-055,8.27,11.81,4.53,1,3
FT1-090-065,4.13,12.01,2.09,0.33,3
HE5-194-080,9.45,12.2,4.73,2,3
HE5-B20-080,8.88,12.25,4.89,2,3
HF2-A06-035,8.27,10.83,4.33,1.65,3
HF4-001-040,8.07,11.02,4.53,1.38,3
HI9-675-070,8.66,11.61,4.72,1.54,3
HK8-011-070,9,12,5.01,2,3
HT5-010-080,8.07,12.2,4.92,1.64,3
HS5-A86-090,9.84,12.6,4.72,2.36,3
HX9-001-040,7.38,12,5.01,1.6,3
HY2-001-050,8.27,11.81,4.53,1.9,3
HY8-610-040,7.87,11.81,4.53,0.88,3
HY8-B39-080,9.45,12.2,4.72,1.04,3
IB5-167-050,9.06,12.6,4.92,1.87,3
IB8-399-040,8.9,12.2,4.91,1.6,3
IB8-399-060,8.9,12.2,4.91,1.6,3
ID7-B43-060,9.45,12.99,5.12,1.85,3
IC9-535-060,8.66,12.2,4.72,1.85,3
ID4-194-050,8.66,11.61,4.73,1.41,3
ID6-090-030,9.7,13.2,5.21,2.4,3
IE4-011-050,8.9,12.2,5.01,1.8,3
IG7-011-055,7.2,11.3,4.51,1.4,3
IJ9-001-080,12.7,13.6,5.01,2.8,3
IK1-A20-080,9,13,1.81,2,3
IE2-001-060,11.3,13.5,5.01,2.6,3
IG3-194-030,13.19,14.57,4.92,3.57,3
IL4-090-045,11.02,11.81,4.53,2.69,3
IL4-090-055,11.81,12.2,4.72,2.69,3
IL4-090-065,11.81,12.2,4.72,2.78,3
HY6-001-050,11.2,13.5,5.01,2.4,3
II1-090-070,11.2,13.5,5.01,2.4,3
IG2-011-070,8.07,11.02,4.53,1.32,3
IN8-090-090,10.04,13.39,5.31,2.14,3
IO8-001-085,9.06,12.6,4.92,2.09,3
HJ1-C23-060,8.66,11.61,4.72,1.42,3
HX2-C15-040,8.66,10.63,4.33,1.27,3
IV9-090-080,9.06,12.6,4.92,2.65,3
IV9-B41-060,9.06,11.81,4.72,2.65,3
IW1-C20-050,9.06,11.81,4.72,2.65,3
IW2-090-090,9.06,12.6,4.92,2.65,3
IX9-090-050,8.66,11.81,4.72,2.03,3
IZ7-B41-065,8.4,12.7,5.01,1.8,3
IZ8-090-080,9.06,12.6,5.12,1.9,3
IZ8-C14-070,8.66,11.81,4.72,1.81,3
JC8-090-065,4.33,11.02,4.53,0.95,3
HX8-399-060,6.4,11.5,4.01,1.2,3
JE9-090-050,9.3,13.2,5.21,1.8,3
JI9-090-050,11.02,12.99,4.72,3,3
HI9-399-070,8.66,11.61,4.72,1.53,3
HI9-399-090,9.06,12.2,4.72,1.65,3
IH2-675-080,6.4,11.5,4.01,1.2,3
IV9-A99-070,9.06,11.81,4.72,2.65,3
IW8-C75-110,9.2,13.2,5.01,2.2,3
JJ3-399-040,7.87,10.63,4.33,1.21,3
JJ3-399-080,9.06,12.2,4.72,1.56,3
JJ9-C80-090,8.3,12.7,5.01,1.8,3
JK6-C24-050,7.09,11.42,4.53,1.1,3
JM2-090-050,8.07,11.42,4.53,1.6,3
JM2-090-065,8.07,11.42,4.53,1.65,3
IV7-194-070,9.06,11.81,4.72,0.44,3
JF6-C15-090,10.24,12.99,4.73,2.2,3
JG6-001-070,9.65,12.2,4.34,1.4,3
IV1-C18-080,9.84,12.6,4.73,1.8,3
HT9-B59-090,7.48,12.2,4.72,1.43,3
HK8-675-040,8.66,10.63,4.33,1.8,3
E2A-001-045,7.87,11.81,4.53,0.44,3
E2C-090-045,10.43,13.19,5.31,0.44,3
EJ8-C89-040,7.87,10.04,4.13,1.1,3
GS7-076-040,15.35,19.09,12.6,1.76,3
I88-817-050,8.27,11.81,4.53,1.74,3
IA4-076-065,11.02,12.99,4.72,0.22,3
ID4-C88-050,9,12.2,5.01,1.6,3
ID4-C88-060,9,12.2,5.01,1.6,3
ID4-C88-080,9.7,13.5,5.41,2,3
IT4-B41-060,7.5,12.2,5.01,1.6,3
IW2-011-060,9.06,11.81,4.72,2.65,3
JE6-442-070,9.3,12.8,5.01,1.6,3
E1G-090-090,9.5,12.8,5.01,1.6,3
E1S-001-065,12.99,14.17,4.72,0.44,3
E1W-001-045,13.39,19.69,4.33,0.44,3
E1W-001-055,14.96,19.69,4.92,0.44,3
E1W-001-065,14.96,19.69,4.92,0.44,3
E1W-001-070,14.96,19.69,4.92,0.44,3
E21-001-065,9.06,12.2,4.72,0.44,3
E2K-076-045,13.39,14.96,4.92,3.92,3
E2K-076-060,14.17,15.55,5.12,4.19,3
E2Z-090-045,11.3,12.3,4.71,2.2,3
E35-076-040,11.02,11.81,4.53,2.47,3
E3X-090-040,10.43,12.2,4.72,2.62,3
E3Y-675-050,9.5,13,5.01,1.8,3
E3Y-675-055,9.5,13,5.01,2,3
E4F-D26-050,8.27,11.81,4.53,1.54,3
E4I-D27-030,7.87,11.81,4.53,0.44,3
E4R-001-080,9.3,12.8,5.01,1.8,3
E5P-090-030,7.48,11.42,4.33,0.44,3
E5P-090-060,8.07,12.2,4.72,0.44,3
E5P-090-080,8.66,12.6,4.92,0.44,3
E5P-090-090,8.66,12.6,4.92,0.44,3
E5Q-090-050,8.07,12.2,4.72,0.44,3
E5Q-090-080,8.66,12.6,4.92,0.44,3
E5R-076-030,8.66,11.02,4.33,1.57,3
E5R-076-040,8.66,11.02,4.33,1.61,3
E5S-076-050,8.66,12.6,4.92,1.85,3
FV6-C88-080,8.27,11.81,4.53,2.2,3
I88-C88-040,8.27,10.83,4.33,1.65,3
I88-C88-070,9.06,12.2,4.72,1.85,3
IC5-C88-040,8.4,11.6,5.01,1.4,3
IF6-817-065,9.06,12.2,4.72,0.44,3
IK8-C95-045,9.06,12.2,4.72,1.76,3
IW1-C15-040,8.66,11.61,4.72,2.43,3
E5J-090-065,12.99,14.17,4.72,0.44,3
E5J-090-090,13.39,14.96,4.92,0.44,3
E35-D07-030,11.02,11.81,4.53,2.16,3
E4C-167-080,10.24,12.99,4.72,0.44,3
E3J-B41-060,6.3,11.42,4.13,1.19,3
E1I-C15-045,8.5,11.5,4.51,1.4,3
E1I-C15-065,9.3,12.8,5.01,1.6,3
E3I-C15-065,6.3,11.42,4.13,0.84,3
E3W-A69-060,11.42,12.6,4.72,2.89,3
E3Y-C89-050,9.5,13,5.01,1.8,3
E1G-A99-070,9.5,12.8,5.01,1.6,3
E1I-A99-060,9.5,12.8,5.01,1.6,3
E5T-675-060,9.3,12.8,5.01,1.8,3
E22-D26-065,9.06,12.6,4.92,2.2,3
E1Z-B44-045,8.27,11.81,4.53,2.2,3
E1Z-B44-050,8.27,11.81,4.53,2.2,3
E1Z-B44-065,8.27,11.81,4.53,2.2,3
E6K-565-060,8.5,12.2,5.01,1.6,3
E6K-565-090,8.5,12.2,5.01,1.6,3
E5X-B41-030,5.91,10.63,3.95,1.2,3
E6C-C91-055,9.84,12.6,4.72,0.44,3
E6C-C91-080,10.24,12.99,4.72,0.44,3
E6N-D20-055,7.5,12.4,4.81,1.4,3
E6K-C91-050,8,11,4.51,1.4,3
E6M-B41-050,8.2,10.6,4.31,1.4,3
F65-137-060,8.66,11.61,4.72,1.49,3
E7A-C88-060,8.66,11.81,4.72,0.44,3
B1K-D18-065,9,13.2,5.01,2,3
HJ7-B58-045,9,11.3,4.51,1.8,3
GB7-090-090,9.45,12.6,4.72,2.14,3
E54-194-065,4.33,11.02,4.53,0.66,3
279-277-115,8.66,12.99,5.31,2.04,3
H84-442-040,7.87,10.04,4.13,1.6,3
J80-001-100,4.53,12.6,4.92,1.15,3
L05-277-090,8.27,12.6,5.12,1.82,3
L05-277-110,8.66,12.99,5.31,2,3
N28-399-050,8.07,11.61,4.13,1.86,3
N28-645-080,8.27,12.2,4.13,2.09,3
N64-001-060,8.27,11.81,4.53,1.73,3
K26-054-040,7.87,10.04,4.13,1.43,3
Q29-167-090,7.48,12.6,5.12,1.8,3
Q29-167-100,7.48,12.6,5.12,1.84,3
Q68-644-090,9.06,12.2,4.72,1.65,3
Q74-001-045,6.3,11.02,4.13,1.39,3
Q74-001-050,6.3,11.42,4.13,1.46,3
O96-090-030,7.48,11.02,4.33,0.98,3
O96-090-050,7.87,11.81,4.53,1.03,3
AS8-323-090,9.45,12.6,4.72,1.59,3
AH9-090-070,13.78,19.29,4.53,5.47,3
AQ3-001-120,8.66,12.99,5.31,1.95,3
H84-090-030,7.87,10.04,4.13,1.56,3
I88-011-040,7.87,10.04,4.13,1.36,3
I88-011-060,8.07,11.02,4.53,1.44,3
I88-592-030,7.87,10.04,4.13,1.57,3
O96-031-045,7.87,10.43,4.33,1.46,3
X03-339-090,8.27,11.81,4.53,1.93,3
X03-399-070,8.07,11.02,4.53,1.76,3
CR2-001-080,9.06,12.2,4.72,1.98,3
CR2-001-110,9.45,13.39,5.12,2.2,3
CR2-001-120,9.45,13.39,5.12,2.29,3
R08-399-050,4.33,11.02,4.53,0.93,3
R08-399-070,4.33,11.02,4.53,0.97,3
DV5-001-030,7.48,11.02,4.33,0.98,3
DV5-001-040,7.48,11.02,4.33,1,3
DV5-001-065,7.87,11.81,4.53,1.1,3
DR1-001-070,9.06,12.2,4.72,1.98,3
DR6-001-090,8.66,12.6,4.53,2.14,3
DR6-024-085,8.27,11.81,4.33,2.12,3
Q74-592-030,6.3,11.02,4.13,1.32,3
DG5-399-040,4.13,10.24,4.33,0.84,3
EH4-861-120,7.87,12.99,5.31,1.9,3
EH8-892-040,8.07,11.02,4.53,1.78,3
EJ8-323-055,8.66,11.61,4.72,1.31,3
EK8-194-060,9.06,11.81,4.72,1.61,3
X22-399-045,8.27,10.83,4.33,1.65,3
EO8-592-050,6.3,11.22,4.72,1.13,3
ES6-592-050,8.66,11.61,4.72,1.48,3
ES7-592-070,8.66,11.61,4.72,1.52,3
EQ4-399-080,4.37,11.81,4.72,1.14,3
ET9-090-065,8.27,11.81,4.53,1.83,3
ET9-090-090,9.06,12.2,4.72,1.94,3
X03-323-050,8.27,11.81,4.53,1.74,3
X03-323-090,9.06,12.2,4.72,1.94,3
EJ8-090-060,8.66,11.61,4.72,1.32,3
EJ9-090-070,8.07,11.02,4.53,1.34,3
EK1-090-060,8.07,11.02,4.53,1.34,3
Q34-570-050,8.66,12.2,4.72,1.79,3
Q34-570-070,8.66,12.2,4.72,1.96,3
Q34-570-090,9.06,12.6,4.92,2.14,3
J61-592-100,8.66,12.6,4.92,2.11,3
ET9-806-060,9.5,13,5.01,1.6,3
FH4-090-035,10.24,12.99,4.72,1.39,3
EO8-137-080,7.48,12.2,4.72,1.57,3
FH3-090-070,9.06,12.2,4.72,2.05,3
FH5-A01-040,8.4,12.4,4.81,1.8,3
FC7-194-030,7.48,11.02,4.33,1.21,3
FC7-194-060,8.07,11.42,4.53,1.48,3
FC7-194-080,8.27,12.6,4.72,1.65,3
FD7-090-055,7.48,11.42,4.33,1.23,3
FE5-090-055,8.66,11.61,4.72,1.23,3
FE5-090-070,8.66,11.61,4.72,1.23,3
FE5-A01-050,9.3,13,5.01,1.4,3
FE5-A01-060,9.3,13,5.01,1.4,3
FG8-751-040,11.81,12.2,4.72,2.52,3
FQ1-A57-090,9.06,12.2,4.72,1.37,3
FR1-399-040,8.27,11.81,4.53,1.72,3
FR4-A20-060,9.45,13.39,4.72,2.31,3
FV3-137-040,7.09,10.63,4.13,1.23,3
FV3-592-070,7.48,11.42,4.33,1.5,3
FV6-090-050,7.87,10.63,4.33,1.51,3
FV6-592-040,7.87,10.63,4.33,1.48,3
FV6-592-080,9.06,12.2,4.72,1.74,3
GB7-090-040,8.27,10.83,4.33,1.7,3
GB7-090-055,8.66,12.2,4.72,1.83,3
GB7-231-090,9.45,12.6,4.72,2.14,3
GB7-A22-030,8.27,10.83,4.33,1.61,3
GB7-A22-060,8.66,12.2,4.72,1.87,3
GB7-A54-030,8.27,10.83,4.33,1.61,3
GB7-A54-040,8.27,10.83,4.33,1.7,3
FZ8-090-030,8.27,10.83,4.33,0.67,3
FZ8-090-080,9.06,12.2,4.72,0.9,3
FZ8-090-090,9.06,12.2,4.72,0.91,3
GA1-011-030,8.27,10.83,4.33,0.75,3
GA1-011-090,9.06,12.2,4.72,0.95,3
GA1-090-090,9.06,12.2,4.72,0.95,3
GA3-323-040,8.27,10.83,4.33,1.39,3
FE5-675-055,8.66,11.61,4.72,1.41,3
H84-A31-080,8.27,11.81,4.53,1.59,3
H84-A33-030,7.87,10.04,4.13,1.32,3
FE8-090-030,6.69,10.63,4.33,1.01,3
FP4-A40-130,5.91,9.45,3.94,0.73,3
FP6-A40-080,4.33,7.68,3.74,0.43,3
GG7-399-007,14.8,18,1.21,1.2,3
GK5-A06-030,8.27,11.81,4.53,1.63,3
ES8-194-055,8.07,11.02,4.53,1.32,3
ES8-323-090,8.27,11.81,4.53,1.54,3
FC7-090-055,8.07,11.42,4.53,1.43,3
GB7-A85-080,9.45,12.6,4.72,2.05,3
GB7-A85-090,9.45,12.6,4.72,2.14,3
GI8-323-090,5.91,8.07,4.13,0.7,3
GI9-001-060,5.91,7.68,3.74,0.65,3
GI9-011-060,5.91,7.68,3.74,0.65,3
GS9-001-110,4.92,14.17,5.31,1.51,3
GF9-A83-075,9.06,12.2,4.72,2.01,3
GK6-090-090,8.07,12.2,4.33,1.52,3
GL4-231-045,8.27,10.83,4.33,1.74,3
GL4-646-030,8.27,10.83,4.33,1.61,3
GL4-646-040,8.27,10.83,4.33,1.7,3
GL4-646-050,8.66,12.2,4.72,1.79,3
GL4-646-090,9.45,12.6,4.72,2.14,3
GL9-090-040,8.27,11.81,4.53,1.92,3
GL9-090-065,9.06,12.6,4.92,2.14,3
GO6-A74-090,9.45,12.6,4.72,2.14,3
GO8-090-030,8.07,10.43,4.53,1.32,3
GP4-A77-090,9.84,12.6,4.72,3.68,3
GR6-001-045,5.91,10.63,3.94,0.97,3
GR6-001-065,6.3,11.02,4.13,1.07,3
GM3-592-040,9.06,12.2,4.72,2.16,3
GM3-A76-035,9.06,12.2,4.72,2.09,3
GP1-090-065,11.42,12.6,4.72,3.09,3
GP1-A69-065,11.42,12.6,4.72,3.09,3
GP3-090-045,11.81,13.39,4.92,3.66,3
GR7-A76-035,10.24,12.99,4.72,2.09,3
GS6-090-080,12.6,14.17,5.51,3.31,3
GN8-001-090,16.14,21.46,5.12,4.74,3
GU8-194-090,9.06,12.99,5.12,2.14,3
GT2-001-070,8.07,12.2,4.92,1.54,3
GT4-001-090,8.27,12.6,5.12,1.76,3
GW7-A06-040,7.87,10.63,4.33,1.61,3
GW7-A06-065,7.87,11.81,4.53,1.83,3
GY1-399-080,7.48,12.6,5.12,1.11,3
HE5-194-060,9.06,11.81,4.73,2,3
HE5-B20-090,9.65,13.5,5.26,2.2,3
HE7-001-030,7.28,12.2,4.92,1.5,3
HE8-167-040,7.28,12.2,4.92,1.59,3
HE8-A89-040,7.28,12.2,4.92,1.59,3
HE9-001-070,7.8,11.5,4.51,2,3
HE9-001-080,7.5,12.5,5.01,2,3
HF1-194-050,4.5,12.6,4.06,1.2,3
HF1-B14-080,4.6,11.42,4.06,1.2,3
HF2-194-090,9.45,12.6,4.72,2.14,3
HF2-399-090,9.45,12.6,4.72,2.14,3
HF3-B25-035,8.27,10.83,4.33,1.65,3
HF5-001-090,8.66,12.99,5.12,1.92,3
HF5-B14-040,8.07,11.02,4.53,1.48,3
HF5-B14-065,8.27,11.81,4.72,1.7,3
HG9-A20-090,9.3,12.8,5.01,2,3
HI7-B06-040,7.87,10.04,4.13,1.1,3
HI9-B06-055,8.66,11.61,4.72,1.47,3
HI9-B06-090,9.06,12.2,4.72,1.65,3
HJ1-323-030,7.87,10.63,4.33,1.23,3
HJ1-323-040,7.87,10.63,4.33,1.29,3
HM2-B11-060,7.09,11.42,4.53,1.06,3
HM2-B15-050,7.09,11.42,4.53,1.04,3
HM9-090-080,7,11.25,5.01,1.4,3
HM9-194-090,7,11.25,5.01,1.4,3
HN2-090-040,7.28,12.2,4.92,1.59,3
HN2-A89-040,7.28,12.2,4.92,1.59,3
HN3-011-040,8.07,11.02,4.53,1.48,3
HN4-592-040,8.07,11.02,4.53,1.48,3
HN4-592-050,8.27,11.81,4.72,1.57,3
HN6-A86-070,9.06,12.6,4.92,2.07,3
HN9-001-070,8.07,11.02,4.53,1.68,3
HO1-001-055,8.2,11.8,4.21,2,3
HO7-399-030,8.27,11.81,4.53,1.63,3
HO7-A94-040,8.27,11.81,4.53,1.72,3
HS8-323-070,9,12,5.01,2,3
HT2-011-040,4.6,11.4,4.06,1.2,3
HT2-011-050,4.6,11.4,4.06,1.2,3
HT4-011-060,8.27,11.81,4.72,1.65,3
HT9-011-030,6.75,10.75,4.39,1.2,3
HU7-194-090,8.27,11.81,4.53,1.54,3
HU8-B11-050,4.33,11.02,4.53,0.41,3
HF9-194-040,7.48,11.02,4.33,1.3,3
HF9-194-090,8.27,12.6,4.72,1.74,3
HH3-B12-040,7.87,10.04,4.13,1.37,3
HJ9-001-030,7.09,11.02,4.33,1.54,3
HJ9-001-040,7.09,11.02,4.33,1.54,3
HJ9-001-070,8.07,11.42,4.53,1.76,3
HJ9-A99-030,7.09,11.02,4.33,1.54,3
HJ9-A99-040,7.09,11.02,4.33,1.54,3
HJ9-B09-030,7.09,11.02,4.33,1.54,3
HK2-B12-090,9.06,12.2,4.72,1.98,3
HK5-001-050,8.07,11.02,4.53,1.32,3
HK5-001-070,8.07,11.02,4.53,1.32,3
HK7-001-050,4.53,11.42,4.72,0.99,3
HK7-B12-090,4.72,13.39,5.12,1.19,3
HL5-A89-040,7.09,11.02,4.33,1.32,3
HL5-A89-090,8.07,12.2,4.92,1.76,3
HL5-B26-040,7.09,11.02,4.33,1.32,3
HR1-675-090,8.27,11.81,4.53,1.54,3
DG5-B12-030,4.13,10.24,4.33,0.37,3
DG5-B12-040,4.13,10.24,4.33,0.39,3
DX9-B09-055,6.3,11.02,4.13,1.14,3
DX9-B09-065,6.3,11.02,4.13,1.19,3
DX9-B09-090,6.69,11.81,4.33,1.32,3
EJ8-A94-080,8.27,11.81,4.53,1.54,3
GZ6-001-080,8.5,11.8,5.31,2.6,3
GZ6-001-110,8.5,11.8,5.31,2.6,3
GZ7-001-120,8.5,11.8,5.31,2.6,3
HA3-001-075,9.06,12.2,4.72,2.01,3
HA3-A93-075,9.06,12.2,4.72,2.01,3
HA6-001-070,8.07,12.2,4.92,1.54,3
FZ8-A94-090,9.06,12.2,4.72,1.41,3
HS6-001-090,9,12.7,4.91,2.2,3
HV1-001-070,8.27,11.81,4.72,1.74,3
HU9-B28-040,8.07,11.02,4.53,1.3,3
HI2-B04-030,6.69,10.63,4.33,0.93,3
HI2-B04-090,7.48,12.2,4.72,1.23,3
HI3-B04-030,4.53,11.42,4.72,1.08,3
HI3-B04-080,4.72,13.39,5.12,1.39,3
HI5-B04-040,4.13,10.24,4.33,0.39,3
HV3-A61-070,8.66,12.2,4.72,1.96,3
HV3-A61-080,9.45,12.6,4.72,2.05,3
HX2-001-070,8.66,11.61,4.72,1.45,3
HX2-001-090,9.06,12.2,4.72,1.58,3
HX2-399-030,8.66,10.63,4.33,1.25,3
HX2-399-090,9.06,12.2,4.72,1.58,3
HX8-B58-030,6.2,11.3,4.11,1.4,3
HY1-001-040,6,10.6,3.91,1.2,3
HY1-001-065,6,10.6,3.91,1.2,3
HY8-B39-090,9.45,12.2,4.72,1.1,3
IA2-194-090,8.5,11.5,4.81,1.4,3
IA4-B77-060,11.5,13.5,5.01,2.4,3
IB8-864-040,9.2,12.8,4.81,1.6,3
IB8-864-060,9.2,12.8,4.81,1.6,3
IB8-A99-040,9,12.2,4.91,1.6,3
ID7-B43-050,9.45,12.99,5.12,1.76,3
IC9-001-030,8.07,11.42,4.53,1.59,3
IC9-477-030,8.07,11.42,4.53,1.59,3
IC9-477-040,8.07,11.42,4.53,1.68,3
IC9-477-090,9.45,12.6,4.72,2.12,3
IC9-535-030,8.07,11.42,4.53,1.59,3
IC9-535-090,9.45,12.6,4.72,2.12,3
IC9-A93-030,8.07,11.42,4.53,1.59,3
IC9-A93-040,8.07,11.42,4.53,1.68,3
IC9-A93-045,8.07,11.42,4.53,1.72,3
IC9-A93-060,8.66,12.2,4.72,1.85,3
IC9-A93-090,9.45,12.6,4.72,2.12,3
ID4-A20-050,8.66,11.61,4.72,1.41,3
ID4-A20-090,9.45,12.99,5.12,1.57,3
ID6-090-045,9.7,13.2,5.21,2.4,3
IE4-011-045,8.66,10.63,4.33,1.63,3
IF6-B77-060,8.66,12.2,4.72,1.76,3
IH2-B94-070,6.2,11.3,4.11,1.3,3
IH5-011-090,7.28,12.2,4.92,1.5,3
II8-167-060,9.5,13.2,5.01,2.4,3
II8-B77-050,8.6,12.5,4.81,2,3
IJ5-619-040,8.07,11.02,4.53,1.48,3
IJ5-619-080,8.66,12.99,5.12,1.83,3
IJ8-167-045,11.2,12.2,4.91,2.4,3
IK2-A20-080,9,13,1.81,2,3
IK5-011-040,9,12.1,4.91,1.5,3
IK5-054-030,9,12.3,4.91,1.4,3
IK5-675-090,9,12.2,4.91,1.4,3
IL3-B96-060,9.06,12.6,4.92,1.9,3
IM3-675-040,8.07,11.02,4.53,1.48,3
IM9-001-055,8.27,11.81,4.53,2.03,3
HZ1-001-060,14.96,19.69,4.93,3.4,3
HZ1-167-050,14.96,19.69,4.93,3.4,3
IA9-001-030,11.02,12.99,4.72,2.82,3
ID9-001-055,12,14,5.21,2.6,3
IE2-001-065,11.3,13.5,5.01,2.6,3
IL4-090-030,11.02,11.81,4.53,2.47,3
IL5-090-030,11.81,12.2,4.72,2.78,3
IN1-001-045,9.45,12.99,5.13,1.6,3
IN1-001-090,10.83,13.58,5.72,1.6,3
HY6-001-090,11.2,13.5,5.01,2.4,3
IB4-535-040,8.2,12.8,5.11,2,3
IB4-535-090,8.2,12.8,5.11,2,3
IC1-A94-030,8.27,10.83,4.31,1.72,3
IG2-011-040,7.87,10.04,4.13,1.1,3
IG2-011-050,8.07,11.02,4.53,1.32,3
GP4-B62-080,9.4,12.4,4.81,2.6,3
HE5-A20-090,8.66,12.99,5.31,2.05,3
I88-B37-060,8.07,11.02,4.53,1.76,3
I88-B41-045,7.87,10.04,4.13,1.54,3
I88-B48-055,8.07,11.02,4.53,1.76,3
IO2-687-085,9.06,12.6,4.92,2.09,3
IO2-687-095,9.45,12.99,5.12,2.18,3
IO8-001-100,9.45,12.99,5.12,2.23,3
HH3-B70-050,8.07,11.02,4.53,1.76,3
IO9-A88-075,9.45,12.99,5.12,2.01,3
IO9-A88-085,9.45,12.99,5.12,2.09,3
HJ1-C23-080,9.06,12.2,4.72,1.54,3
HJ2-C23-070,8.66,11.61,4.72,1.45,3
IU9-090-090,9.06,12.2,4.72,1.64,3
IU9-399-090,9.06,12.2,4.72,1.64,3
IV9-090-030,8.66,11.61,4.72,2.43,3
IW1-090-045,8.66,11.61,4.72,2.43,3
IW1-A99-070,9.06,11.81,4.72,2.65,3
IW2-C20-030,8.66,11.61,4.72,2.43,3
IY1-B87-090,9.06,12.6,5.12,2.03,3
IY4-A09-055,9.06,11.81,4.72,0.44,3
IY9-C15-065,8.66,11.81,4.72,1.83,3
IZ8-C14-060,8.66,11.81,4.72,1.68,3
JB2-C31-030,4.13,10.24,4.33,0.82,3
JB2-C31-080,4.53,11.42,4.72,0.99,3
JB5-B41-030,7.87,11.61,4.72,0.44,3
DG5-C44-090,4.53,11.42,4.72,1.06,3
HX8-399-040,6.4,11.5,4.01,1.2,3
HX8-C20-065,7.2,12.2,5.01,1.6,3
HX8-C20-070,7.2,12.2,5.01,1.6,3
IU1-675-045,8.66,10.63,4.33,1.32,3
IW2-C52-080,9.06,12.6,4.92,2.65,3
IW4-399-030,8.66,11.61,4.72,2.43,3
IW4-399-040,8.66,11.61,4.72,2.43,3
IW4-675-040,8.66,11.61,4.72,2.43,3
JC8-C34-040,4.13,10.24,4.33,0.84,3
JE8-090-030,8.1,11,4.51,1.4,3
JE9-090-065,7,12,5.01,1.4,3
JE9-C15-055,7,12,5.01,1.6,3
HI9-399-040,8.66,10.63,4.33,1.34,3
HX7-C57-040,9.7,13.5,5.51,2.2,3
HY7-C14-045,9.2,12,5.01,1.6,3
IB8-090-090,9.06,12.2,4.73,1.65,3
IU1-565-050,8.66,11.61,4.72,1.37,3
IV5-675-045,8.66,10.63,4.33,1.79,3
IV5-675-070,8.66,11.81,4.72,1.87,3
IW9-090-090,9.3,13.1,5.01,2,3
IX1-C80-120,7.7,12.9,5.01,1.8,3
JF3-090-030,7.87,10.63,4.33,1.23,3
EJ8-C23-040,8.27,10.83,4.33,2.2,3
IC1-C14-060,9.3,13,5.01,2,3
JJ4-090-040,8.66,11.61,4.72,2.43,3
JK4-090-050,8.8,11.7,4.71,1.6,3
JL1-090-080,8.27,11.81,4.72,1.54,3
JL1-C35-030,7.87,10.43,4.33,1.32,3
JL1-C35-070,8.07,11.42,4.53,1.5,3
JL2-090-060,8.27,11.81,4.53,1.23,3
JL2-090-070,8.27,11.81,4.53,1.37,3
JL2-C35-030,7.87,10.63,4.33,1.19,3
JL3-675-030,8.66,10.63,4.33,1.41,3
JL3-675-070,8.27,11.81,4.72,1.46,3
JL5-090-060,8.27,11.81,4.53,1.28,3
JL9-001-060,8.07,11.42,4.55,1.64,3
JL9-001-090,8.27,11.81,4.54,1.76,3
JL9-090-030,7.48,11.42,4.34,1.52,3
JL9-090-070,8.07,11.42,4.54,1.68,3
JL9-A99-030,7.48,11.42,4.34,1.52,3
JM1-090-030,7.48,11.42,4.34,1.52,3
JM2-001-040,7.48,11.42,4.34,1.57,3
JM2-001-045,7.48,11.42,4.34,1.59,3
JM2-A99-035,7.48,11.42,4.34,1.54,3
JM2-A99-040,7.48,11.42,4.34,1.57,3
IN8-C83-080,10.4,13.7,5.51,2.4,3
IZ4-090-100,10.2,14,5.51,2.2,3
FV8-194-070,8.66,11.61,4.72,2.2,3
HI9-011-045,8.66,10.63,4.33,1.4,3
IB8-011-040,7.87,10.63,4.34,1.27,3
IB8-011-045,7.87,10.63,4.33,1.34,3
IV1-090-040,7.87,11.81,4.54,1.8,3
IV1-B43-060,9.06,11.81,4.73,1.8,3
IV1-C17-055,9.06,11.81,4.73,1.8,3
IV7-C69-030,8.27,11.81,4.53,0.44,3
JA7-C20-070,5.51,11.81,4.54,0.8,3
JE5-C55-080,7.87,11.81,4.54,1.2,3
JE6-C55-060,8.07,11.02,4.54,1.4,3
JF7-001-080,10.24,12.99,4.73,2,3
JF7-A99-090,10.24,12.99,4.73,2,3
JG6-001-060,9.65,12.2,4.34,1.4,3
JG6-194-050,9.25,11.81,4.14,1.4,3
JG8-B41-050,8.27,11.81,4.55,1.6,3
JG8-B41-070,8.27,11.81,4.54,1.6,3
JG8-B41-090,9.06,12.2,4.73,1.6,3
JG8-C68-090,9.06,12.2,4.73,1.6,3
HT9-675-040,6.69,10.63,4.33,1.08,3
E2D-A69-080,9.84,12.6,4.72,2.39,3
FV8-C88-040,8.27,10.83,4.33,1.98,3
FV8-C88-060,8.66,11.61,4.72,2.2,3
GS7-076-030,15.35,19.09,12.6,1.76,3
HH3-B41-070,8.07,11.02,4.53,1.54,3
IK5-C89-030,8.2,11.3,4.51,1.4,3
IK8-288-060,9.06,12.6,4.92,1.9,3
IK8-288-080,9.45,12.99,5.12,2.07,3
IW2-011-080,9.06,12.6,4.92,2.65,3
IY1-C89-030,8.66,10.63,4.33,1.59,3
JE6-442-030,8.3,11.5,4.51,1.2,3
JJ5-076-110,10.3,14,5.21,2.4,3
E1I-001-080,9.3,12.8,5.01,1.6,3
E1K-001-050,8.66,11.61,4.72,1.48,3
E1K-001-090,9.06,12.2,4.72,1.71,3
E1T-167-055,10.43,13.19,5.31,0.44,3
E1T-167-090,10.83,13.58,5.71,0.44,3
E1U-090-040,12.6,13.78,4.53,0.44,3
E1V-001-090,9.84,12.6,4.72,0.44,3
E1X-090-030,8.27,11.81,4.53,1.84,3
E1X-090-080,9.84,12.6,4.72,2.2,3
E1X-090-090,9.84,12.6,4.72,2.2,3
E21-001-090,9.84,12.6,4.72,0.44,3
E22-D24-080,9.84,12.6,4.72,2.39,3
E2A-040-070,8.27,11.81,4.72,0.44,3
E2L-090-030,11.02,12.99,4.72,2.31,3
E2L-090-045,11.02,12.99,4.72,2.45,3
E2N-D20-065,7.5,12.2,4.71,1.4,3
E3A-090-040,11.81,12.2,4.72,2.67,3
E3A-090-045,11.81,12.2,4.72,2.71,3
E3B-040-065,12.6,13.19,4.92,2.82,3
E3D-090-065,7.3,12.2,5.01,1.4,3
E3I-001-030,5.91,10.63,3.94,0.71,3
E3Z-001-050,9.5,12.8,5.01,2,3
E3Z-001-070,10.5,13.5,5.01,2.4,3
E4T-001-035,7.48,11.42,4.33,1.46,3
E4U-090-060,10.43,13.39,4.92,2.8,3
E4U-090-080,11.81,13.39,4.92,3.02,3
E4U-090-090,11.81,13.39,4.92,3.15,3
E5D-090-060,10.43,13.19,5.31,0.44,3
E5H-001-050,8.2,11.3,4.51,1.4,3
E6F-001-090,9.06,11.81,4.72,2.65,3
E7Q-001-090,8.66,12.6,4.72,0.44,3
EJ8-C97-080,8.27,11.81,4.53,1.54,3
HH3-C88-060,8.07,11.02,4.53,1.52,3
IU1-D01-045,9,11.3,4.51,1.4,3
IU1-D01-055,9,11.3,4.51,1.4,3
IU1-D01-065,9.3,12.7,5.01,1.6,3
IW1-288-040,8.66,11.61,4.72,2.43,3
IW1-288-090,9.06,12.6,4.92,2.65,3
JL1-C98-060,8,11,4.51,1.4,3
JM1-D05-055,7.8,12,4.51,1.4,3
JM1-D05-065,8.5,12.5,4.71,1.8,3
JM2-D05-080,8.5,12.5,4.71,1.6,3
IW1-C15-030,8.66,11.61,4.72,2.43,3
IW2-C15-040,8.66,11.61,4.72,2.43,3
IW2-C15-090,9.06,12.6,4.92,2.65,3
J80-925-120,4.72,13.39,5.12,0.99,3
E35-090-030,11.02,11.81,4.53,2.16,3
E3D-D07-030,6,10.6,4.01,1.2,3
E3B-167-055,12.6,13.19,4.92,2.76,3
E3B-167-080,13.19,13.39,5.31,2.89,3
E3B-167-090,13.19,13.39,5.31,2.93,3
E4L-D20-090,8.5,13,5.01,1.6,3
E5H-B41-030,6.6,10.6,4.31,1.2,3
E1X-926-030,8.27,11.81,4.53,1.84,3
E1X-926-060,9.06,11.81,4.72,2.02,3
E3I-C15-040,5.91,10.63,3.94,0.75,3
E3I-C15-090,7.28,12.2,4.92,0.97,3
E3Z-C15-070,10.5,13.5,5.01,2.4,3
E4U-A69-055,10.43,13.39,4.92,2.76,3
E4U-A69-065,10.43,13.39,4.92,2.84,3
E7O-442-070,9.7,13.5,5.31,2.2,3
E7O-442-120,11.2,14.3,6.01,2.6,3
E1G-A99-090,9.5,12.8,5.01,1.6,3
E2Z-A99-045,11.3,12.3,4.71,2.2,3
E3E-A99-050,6.3,11.5,4.01,1.4,3
E5T-675-045,7.8,12,4.51,1.4,3
E1D-C88-030,8.27,10.83,4.33,1.98,3
E1D-C88-080,9.06,11.81,4.72,2.43,3
E1G-C88-060,9.5,12.8,5.01,1.6,3
E1I-C88-050,8.5,11.5,4.51,1.4,3
E1I-C88-065,9.5,12.8,5.01,1.6,3
E1K-288-050,8.66,11.61,4.72,1.48,3
E1K-288-090,9.06,12.2,4.72,1.71,3
E6H-C91-050,8.66,11.61,4.72,2.2,3
E6H-C91-070,8.66,11.61,4.72,2.2,3
E1D-194-030,8.27,10.83,4.33,1.98,3
E21-194-040,8.27,11.81,4.53,0.44,3
E5B-194-050,8.27,11.81,4.53,0.23,3
E5B-194-090,9.06,12.2,4.72,0.27,3
E4S-328-045,9.06,12.2,4.72,0.44,3
E6I-D24-055,8.27,11.81,4.53,1.59,3
E6N-D19-050,7.5,12.4,4.81,1.4,3
E7B-001-060,8.5,12.5,4.71,1.6,3
E7C-C88-050,7.8,12,4.51,1.4,3
E6M-288-050,8.2,10.6,4.31,1.4,3
E6M-288-090,8.6,12.5,4.81,1.6,3
E6O-D20-050,9,12.2,5.01,1.6,3
E6J-C91-040,9,11.2,4.51,1.4,3
E6Y-C88-060,8.5,12.5,4.71,1.6,3
E7B-D06-080,8.5,12.5,4.71,1.6,3
E7X-D32-100,7.5,12.8,5.01,1.8,3
F65-137-040,7.87,10.63,4.33,1.29,3
F65-137-050,8.66,11.61,4.72,1.43,3
B1A-001-040,9,11.2,4.51,1.6,3
B1B-001-040,8,11.2,4.51,1.4,3
B1B-001-090,9,12.5,5.01,1.8,3
B1B-288-060,8,11.2,4.51,1.4,3
E4X-C91-060,8.4,11.2,4.51,1.6,3
E7B-D05-040,8,12,4.51,1.6,3
B1T-090-030,9.06,12.2,4.72,2.09,3
B5R-090-030,8.5,11.2,4.51,1.6,3
B5R-090-070,9.4,12.2,5.01,1.8,3
E7C-001-050,7.8,12,4.51,1.4,3
FQ3-A20-060,8.66,11.61,4.72,1.32,2
H84-001-040,7.87,10.04,4.13,1.6,2
CC6-675-050,8.66,11.61,4.72,1.3,2
HE6-328-065,8.12,11.88,4.64,1.8,2
H84-001-070,8.07,11.02,4.53,1.76,2
DX4-399-070,8.07,11.02,4.53,1.95,2
FR1-194-060,9.06,12.6,4.92,1.9,2
JJ3-011-070,8.66,11.61,4.72,1.45,2
GB7-646-050,8.66,12.2,4.72,1.79,2
GB7-646-065,8.66,12.2,4.72,1.92,2
GG2-001-050,8.07,12.2,4.72,1.59,2
HE6-328-060,9.5,12.5,5.01,2,2
CC6-675-040,7.87,10.63,4.33,1.23,2
FR1-001-035,8.27,11.81,4.53,1.68,2
HX9-A99-065,7.5,12,5.01,1.6,2
HX8-C32-060,6.4,11.5,4.01,1.2,2
JM1-A99-065,8.07,11.42,4.53,1.65,2
CM2-090-070,8.66,11.61,4.72,1.46,2
FK3-090-070,12.2,13.39,4.33,2.49,2
FQ1-090-060,8.27,11.81,4.53,1.19,2
FQ1-090-065,8.27,11.81,4.53,1.22,2
GK5-A06-055,9.06,12.6,4.92,1.85,2
HE5-B20-055,9.25,12.5,4.76,2,2
JM1-194-080,8.27,11.81,4.54,1.71,2
JF7-C15-050,9.06,12.2,4.73,2,2
K04-001-090,8.27,11.81,4.53,1.93,2
X03-339-050,8.07,11.02,4.53,1.69,2
GB7-646-030,8.27,10.83,4.33,1.61,2
GG2-001-055,8.07,12.2,4.72,1.61,2
GM4-090-055,12.6,13.78,4.53,2.54,2
HE5-B20-065,9.3,12.5,4.76,2,2
HF2-A06-045,8.27,10.83,4.33,1.74,2
HG3-A95-030,7.38,12,4.89,1.6,2
IJ7-A20-080,9.06,12.6,4.92,2.29,2
JJ1-C26-060,7,12,5.01,1.4,2
IV7-C69-055,9.06,11.81,4.72,0.44,2
IV7-C69-065,9.06,11.81,4.72,0.44,2
E1G-A99-040,8.5,11.5,4.51,1.4,2
E1Z-B44-060,8.27,11.81,4.53,2.2,2
E54-090-080,4.53,11.42,4.72,0.71,2
E54-399-060,4.33,11.02,4.53,0.64,2
E54-399-080,4.53,11.42,4.72,0.71,2
N28-001-080,8.27,12.2,4.13,2.09,2
Q68-001-080,8.66,12.99,4.72,1.43,2
X22-001-070,8.66,11.61,4.53,2.05,2
X22-001-080,8.66,11.61,4.53,2.26,2
AH8-090-065,12.99,14.96,4.53,4.34,2
AH8-090-080,12.99,14.96,4.53,4.63,2
AH8-399-040,12.2,14.17,4.33,3.9,2
AQ3-001-090,8.27,12.6,5.12,1.64,2
I88-024-080,8.27,11.81,4.53,1.9,2
I88-592-040,7.87,10.04,4.13,1.61,2
I88-592-090,8.27,11.81,4.53,1.94,2
Q74-592-040,6.3,11.02,4.13,1.37,2
Q74-592-045,6.3,11.02,4.13,1.39,2
DX7-090-055,9.06,11.61,4.72,0.97,2
DX7-090-090,9.45,12.6,4.72,1.12,2
268-592-040,7.48,11.42,4.33,1.4,2
268-592-050,8.07,12.2,4.72,1.47,2
ES8-592-070,8.07,11.02,4.53,1.76,2
FB7-001-045,7.87,11.81,4.53,1.01,2
FB7-090-060,8.27,11.81,4.53,0.91,2
FB7-090-065,8.27,11.81,4.53,0.92,2
FH4-090-055,12.2,13.39,4.33,1.5,2
FH4-090-080,12.6,13.78,4.53,1.76,2
FH4-090-090,12.6,13.78,4.53,1.81,2
FH5-090-040,7.28,11.81,4.53,1.79,2
FH5-A01-030,8.4,12.4,4.81,1.8,2
FJ4-090-040,7.87,10.04,4.13,1.61,2
FC7-001-030,7.48,11.02,4.33,1.21,2
FR1-399-090,9.45,12.99,5.12,2.16,2
FT9-090-090,7.48,12.2,4.72,1.58,2
FV1-090-070,7.09,11.42,4.53,1.29,2
FV8-090-050,8.27,11.81,4.53,1.48,2
FW4-090-050,8.07,12.2,4.72,1.5,2
FW5-090-060,8.27,11.81,4.72,1.7,2
GB7-090-050,8.66,12.2,4.72,1.79,2
GG2-001-045,7.28,11.81,4.53,1.5,2
GK5-090-040,8.27,11.81,4.53,1.72,2
GK5-A06-050,9.06,12.6,4.92,1.81,2
ES8-323-060,8.07,11.02,4.53,1.32,2
GI8-011-090,5.91,8.07,4.13,0.7,2
GI9-001-070,5.91,7.68,3.74,0.66,2
GI9-001-080,5.91,7.68,3.74,0.67,2
GK7-090-050,7.48,12.6,5.12,1.68,2
GS7-090-030,9.06,11.61,4.72,2.65,2
GO9-A69-065,13.39,15.75,4.72,3.09,2
GO9-A69-090,13.39,16.54,4.72,3.31,2
GP1-090-060,11.42,12.6,4.72,3.09,2
HE6-B23-090,9.75,13.75,5.51,2.2,2
HE7-001-040,7.28,12.2,4.92,1.59,2
HF1-001-070,4.5,12.53,4.1,1.3,2
HF1-001-080,4.5,12.53,4.1,1.3,2
HF2-194-040,8.27,10.83,4.33,1.7,2
HF2-A89-090,9.45,12.6,4.72,2.14,2
HF3-B13-090,9.45,12.6,4.72,2.14,2
HI9-B06-080,9.06,12.2,4.72,1.64,2
HJ1-B06-030,7.87,10.63,4.33,1.23,2
HM9-090-055,7,11.25,5.01,1.4,2
HO7-399-055,9.06,12.6,4.92,1.85,2
HO7-399-090,9.45,12.99,5.12,2.16,2
HO4-001-060,7.5,11.5,4.51,2,2
EJ8-A94-060,8.07,11.02,4.53,1.32,2
GY8-001-100,9.45,12.99,5.12,2.03,2
HE5-001-045,8.4,12.13,4.51,1.8,2
HV3-A61-040,8.27,10.83,4.33,1.7,2
HV3-A61-045,8.27,10.83,4.33,1.74,2
HX8-001-055,6.2,11.5,4.11,1.5,2
HY3-001-040,8.07,11.02,4.53,1.9,2
HY3-001-070,8.27,11.81,4.53,2.16,2
IA4-001-040,10.5,13.5,5.01,2.4,2
IC8-001-030,8.27,11.81,4.53,1.59,2
IC9-001-040,8.07,11.42,4.53,1.68,2
ID4-090-060,9.06,12.6,4.93,1.48,2
IE4-011-065,8.9,12.2,5.01,1.8,2
IE5-011-080,8.9,12.2,5.01,1.8,2
IF6-001-065,8.66,12.2,4.72,1.81,2
IF6-B77-065,8.66,12.2,4.72,1.81,2
IL3-B96-040,9.06,12.2,4.72,1.72,2
HY9-001-040,10.8,13.8,5.51,2.4,2
ID5-B63-060,12,14,5.01,3.4,2
ID5-B78-080,13.1,14.3,5.01,3.6,2
IE2-001-040,11.3,13.5,5.01,2.6,2
IE2-477-090,11.3,13.5,5.01,2.6,2
II9-B77-060,11.02,12.99,4.72,3.09,2
IL4-090-070,11.81,12.2,4.72,2.82,2
HY6-001-055,11.2,13.5,5.01,2.4,2
HY6-001-070,11.2,13.5,5.01,2.4,2
IE1-090-060,12,12.8,4.81,2.2,2
II1-090-065,11.2,13.5,5.01,2.4,2
FH4-864-070,10.8,13.8,5.51,2.2,2
HF3-C05-045,8.5,12.15,4.66,1.8,2
IK8-C19-050,9.7,13.5,5.51,2.2,2
IV4-C15-065,10.8,13.8,5.51,2.4,2
IV4-C15-070,10.8,13.8,5.51,2.4,2
IV5-C15-065,8.66,11.81,4.72,1.85,2
IW2-C20-040,8.66,11.61,4.72,2.43,2
IW2-C20-050,9.06,11.81,4.72,2.65,2
IY2-B41-070,9.4,13.2,5.31,2,2
IY9-A99-050,8.66,11.81,4.72,1.76,2
HF4-C14-030,8.07,11.02,4.53,1.32,2
HF4-C14-080,8.07,12.2,4.92,1.64,2
HX8-399-055,6.4,11.5,4.01,1.2,2
IT6-090-070,6.3,11.42,4.13,1.28,2
JI9-090-060,11.02,12.99,4.72,3.09,2
JI9-C14-040,11.02,12.99,4.72,2.91,2
JJ5-231-080,9.3,13.2,5.01,2.2,2
JK6-C26-070,7.09,11.42,4.53,1.19,2
JM1-090-070,8.07,11.42,4.54,1.68,2
JM1-A99-045,7.48,11.42,4.33,1.59,2
JM2-090-030,7.48,11.42,4.33,1.52,2
FV6-194-065,8.07,11.02,4.53,2.2,2
IV7-194-050,8.27,11.81,4.53,0.44,2
IV7-194-090,9.84,12.6,4.72,0.44,2
IV7-C69-040,8.27,11.81,4.53,0.44,2
IV7-C69-045,8.27,11.81,4.53,0.44,2
IV7-C69-090,9.84,12.6,4.72,0.44,2
JA6-A99-065,5.71,11.81,4.54,1.2,2
JF5-675-070,9.84,12.6,4.73,1.8,2
JF7-001-030,9.06,12.2,4.73,2,2
E2A-001-090,8.66,12.6,4.72,0.44,2
E2C-090-050,10.83,13.58,5.71,0.44,2
EJ8-C89-060,8.07,11.02,4.53,1.32,2
HI9-C90-070,8.66,11.61,4.72,1.54,2
IA4-076-055,10.24,12.99,4.72,0.66,2
ID4-C88-040,9,12.2,5.01,1.6,2
IF6-076-050,9.06,12.2,4.72,0.44,2
IF6-076-060,9.06,12.2,4.72,0.44,2
IT4-B41-065,7.5,12.2,5.01,1.6,2
E1S-001-060,12.99,14.17,4.72,0.44,2
E1U-090-080,13.39,14.96,4.92,0.44,2
E1W-001-090,14.96,21.65,4.92,0.44,2
E21-001-070,9.06,12.2,4.72,0.44,2
E2N-D20-045,6.7,10.7,4.31,1.2,2
E2Q-D20-060,9.06,12.6,4.92,1.82,2
E35-076-050,11.81,12.2,4.72,2.51,2
E35-076-060,11.81,12.2,4.72,2.58,2
E3A-090-070,12.6,13.19,4.92,2.87,2
E3B-040-060,12.6,13.19,4.92,2.78,2
E3D-090-040,6,10.6,4.01,1.2,2
E3I-001-060,6.3,11.42,4.13,0.82,2
E3J-001-060,6.3,11.42,4.13,1.19,2
E3L-D20-060,6.3,11.42,4.13,1.19,2
E3W-090-070,11.42,12.6,4.72,2.98,2
E3X-090-060,11.02,12.99,4.72,2.8,2
E3Y-675-070,10.5,13.5,5.01,2.2,2
E4K-D28-055,8.66,11.81,4.72,0.44,2
E4V-231-065,9,12.3,5.01,2,2
E5P-090-070,8.07,12.2,4.72,0.44,2
E5Q-090-070,8.07,12.2,4.72,0.44,2
E5S-076-060,8.66,12.6,4.92,1.85,2
E5T-011-040,7.8,12,4.51,1.4,2
HF4-C88-050,8.4,11.56,4.71,1.4,2
IK8-C95-065,9.06,12.6,4.92,1.94,2
IU1-D01-040,9,11.3,4.51,1.44,2
JL1-C98-080,8.5,12,5.01,1.8,2
JM2-D06-045,8,12,4.51,1.4,2
J80-D11-100,4.53,12.6,4.92,0.9,2
E35-090-065,11.81,12.2,4.72,2.62,2
E35-090-090,11.81,13.39,5.12,2.73,2
E3D-D07-065,6.3,11.5,4.01,1.4,2
E3A-A69-055,12.6,13.19,4.92,2.76,2
E5M-A69-090,14.96,19.69,4.92,0.44,2
E3Y-C89-040,9.5,13,5.01,1.8,2
E7O-442-080,9.7,13.5,5.31,2.2,2
E1G-C88-080,9.5,12.8,5.01,1.6,2
E5R-288-060,9.06,12.2,4.72,1.74,2
E5R-288-065,9.06,12.2,4.72,1.79,2
E5R-288-080,9.45,12.6,4.72,1.94,2
E5S-288-065,8.66,12.6,4.92,1.85,2
E5S-090-065,8.66,12.6,4.92,1.85,2
E5S-090-090,8.66,12.99,5.12,2.17,2
E6J-565-080,9.2,13.2,5.41,1.8,2
E6N-D19-070,7.8,13,5.31,1.8,2
E6C-C91-040,9.06,12.2,4.72,0.44,2
E6C-C91-045,9.06,12.2,4.72,0.44,2
E7A-C88-045,8.07,11.42,4.53,0.44,2
E7A-194-065,8.66,11.81,4.72,0.44,2
B1J-592-070,9,13.2,5.01,2,2
HX7-A25-070,9.06,12.6,4.92,1.98,2
IK8-D39-060,9.06,12.6,4.92,1.9,2
B1S-167-040,9.06,12.2,4.72,2.16,2
E4R-090-080,8,12,5.01,1.4,2
HJ5-B58-090,9.3,12.8,4.91,2.2,2
268-001-060,8.07,12.2,4.72,1.52,2
IM3-675-080,8.66,12.99,5.12,1.83,2
C91-001-050,9.06,12.2,4.72,1.43,2
E54-010-050,4.33,11.02,4.53,0.62,2
279-277-080,8.07,12.2,4.92,1.73,2
E54-011-090,4.53,11.42,4.72,1.1,2
J80-001-115,4.72,13.39,5.12,1.23,2
J80-399-120,4.72,13.39,5.12,1.26,2
L66-001-090,8.27,12.6,5.12,1.82,2
N64-001-050,8.27,11.81,4.53,1.69,2
K26-054-045,7.87,10.04,4.13,1.44,2
K26-054-065,8.07,11.02,4.53,1.55,2
Q74-001-060,6.3,11.42,4.13,1.5,2
Q74-001-080,6.69,12.2,4.33,1.61,2
Q74-001-090,6.69,12.2,4.33,1.63,2
I88-323-055,8.07,11.02,4.53,1.72,2
I88-323-080,8.27,11.81,4.53,1.9,2
Y12-738-055,8.66,11.61,4.72,1.37,2
W90-399-080,10.24,12.99,4.72,2.12,2
O96-090-040,7.48,11.02,4.33,1,2
AH8-002-070,12.99,14.96,4.53,4.41,2
AH8-090-030,12.2,14.17,4.33,3.73,2
H84-090-065,8.07,11.02,4.53,1.75,2
I88-011-030,7.87,10.04,4.13,1.29,2
I88-011-045,7.87,10.04,4.13,1.37,2
I88-024-065,8.07,11.02,4.53,1.74,2
O96-031-050,8.07,11.02,4.53,1.48,2
O96-031-070,19.69,28.35,13.39,1.57,2
AQ3-399-100,8.27,12.6,5.12,1.87,2
O54-592-030,9.06,11.02,4.13,1.3,2
O54-592-050,9.25,11.81,4.13,1.41,2
O54-592-090,9.65,12.2,4.33,1.59,2
CR2-001-090,9.45,12.6,4.72,2.07,2
CR2-810-110,9.45,13.39,5.12,2.2,2
CR2-810-120,9.45,13.39,5.12,2.29,2
CM2-090-050,8.66,11.61,4.72,1.34,2
CM2-090-080,9.06,12.2,4.72,1.57,2
CM3-194-060,8.07,11.02,4.53,1.79,2
R08-399-040,4.13,10.24,4.33,0.84,2
DR7-399-040,8.07,10.43,4.53,1.6,2
DM6-090-050,8.07,11.02,4.53,1.84,2
DM6-090-060,8.07,11.02,4.53,1.91,2
DM6-090-070,8.07,11.02,4.53,1.95,2
DV5-001-060,7.87,11.81,4.53,1.08,2
H88-841-080,8.07,12.2,4.92,1.76,2
DR1-005-070,9.06,12.2,4.72,1.98,2
DR1-005-080,9.06,12.2,4.72,2.07,2
DR6-024-075,8.27,11.81,4.33,2.05,2
DR6-024-095,8.66,12.6,4.53,2.18,2
Q74-592-090,6.69,12.2,4.33,1.63,2
DX4-002-080,8.27,11.81,4.53,2.06,2
DX4-090-060,8.07,11.02,4.53,1.91,2
CM2-054-090,9.06,12.2,4.72,1.61,2
DX7-167-080,9.45,12.6,4.72,1.08,2
EH4-798-080,7.28,12.2,4.92,1.62,2
EB1-090-050,7.87,11.61,4.72,1.59,2
ED4-090-070,8.27,11.81,4.53,1.83,2
ED4-090-090,9.06,12.2,4.72,1.94,2
EH8-137-040,8.07,11.02,4.53,1.78,2
EJ8-399-090,9.06,12.2,4.72,1.54,2
EK8-090-035,8.66,11.02,4.33,1.48,2
EK8-194-050,9.06,11.81,4.72,1.57,2
SFC-010-999,4.25,6.1,0.16,0.04,2
EO8-592-040,5.51,10.63,4.33,1.09,2
EQ3-090-070,4.33,11.81,4.72,1.11,2
ES6-090-070,1,1,1.01,1.5,2
ES6-592-060,8.66,11.61,4.72,1.5,2
ES6-592-070,8.66,11.61,4.72,1.57,2
ES7-592-050,8.66,11.61,4.72,1.43,2
ES8-090-030,7.87,10.04,4.13,1.57,2
EQ4-399-110,4.72,13.39,5.12,1.46,2
ET9-011-040,8.27,10.83,4.33,1.65,2
ET9-011-045,8.27,10.83,4.33,1.65,2
ET9-011-050,8.27,11.81,4.53,1.74,2
ET9-011-070,8.27,11.81,4.53,1.83,2
ET9-090-030,8.27,10.83,4.33,1.65,2
ET9-090-045,8.27,10.83,4.33,1.65,2
ET9-090-050,8.27,11.81,4.53,1.74,2
ET9-090-080,9.06,12.2,4.72,1.94,2
EU3-011-080,9.06,12.2,4.72,1.94,2
DX9-011-050,7.48,11.42,4.33,1.03,2
EJ9-090-065,8.07,11.02,4.53,1.32,2
Q34-570-040,8.07,11.02,4.53,1.7,2
Q34-570-045,8.07,11.02,4.53,1.74,2
FB7-477-080,9.45,12.2,4.72,1.19,2
279-167-080,8.07,12.2,4.92,1.73,2
ET9-806-040,9.5,13,5.01,1.6,2
FF1-399-080,11.02,13.39,4.72,4.4,2
FH4-167-050,12.2,13.39,4.33,2.76,2
FK3-090-035,10.5,13.5,4.91,2,2
I88-A15-065,8.07,11.02,4.54,1.71,2
FH5-A01-070,8.4,12.4,4.81,1.8,2
FK7-592-070,8.35,12,4.51,1.8,2
FC7-001-080,8.27,12.6,4.72,1.65,2
FC7-001-090,8.27,12.6,4.72,1.74,2
FE5-090-030,7.87,10.63,4.33,1.23,2
FE5-090-045,7.87,10.63,4.33,1.23,2
FE5-090-050,8.66,11.61,4.72,1.23,2
FE5-A01-055,9.3,13,5.01,1.4,2
FE8-592-030,6.69,10.63,4.33,1.01,2
FN9-054-999,4.13,6.69,0.24,0.02,2
FG8-090-050,12.6,13.19,4.92,2.63,2
FG9-751-040,9.06,11.81,4.72,2.3,2
FQ1-090-030,8.27,10.83,4.33,1.04,2
FQ1-A57-030,8.27,10.83,4.33,1.04,2
FT9-090-030,6.69,10.63,4.33,0.97,2
FT9-090-040,6.69,10.63,4.33,0.99,2
FT9-090-080,7.48,12.2,4.72,1.56,2
FV1-090-065,7.09,11.42,4.53,1.25,2
FV1-592-040,6.69,10.63,4.33,1.1,2
FV3-592-080,7.87,11.61,4.72,1.59,2
FV8-011-050,8.27,11.81,4.53,1.48,2
FV8-323-050,8.27,11.81,4.53,1.48,2
FV8-323-065,8.27,11.81,4.53,1.57,2
FV8-592-030,8.27,10.83,4.33,1.37,2
FW4-137-040,7.28,11.81,4.53,1.43,2
FW4-399-030,8.27,10.83,4.33,1.46,2
FW4-477-065,8.07,12.2,4.72,1.61,2
FW4-477-070,8.07,12.2,4.72,1.65,2
FW4-477-080,9.06,12.2,4.72,2.03,2
FW5-477-030,8.27,10.83,4.33,1.46,2
FW5-477-050,8.27,11.81,4.72,1.61,2
FW5-592-090,8.66,12.99,5.12,1.94,2
FW6-477-070,8.27,11.81,4.72,1.79,2
GB3-090-065,7.09,11.42,4.53,1.08,2
GB7-A22-090,9.45,12.6,4.72,2.14,2
GB7-A54-080,9.45,12.6,4.72,2.05,2
FX6-580-080,9.84,12.6,4.72,2.43,2
FX6-580-090,9.84,12.6,4.72,2.43,2
FX6-A53-050,9.06,12.2,4.72,2.2,2
FZ8-090-040,8.27,10.83,4.33,0.71,2
FZ8-090-050,8.27,11.81,4.53,0.77,2
FZ8-090-060,8.27,11.81,4.53,0.8,2
GA3-011-040,8.27,10.83,4.33,1.39,2
GA3-011-080,9.06,12.2,4.72,1.65,2
GA3-011-090,9.06,12.2,4.72,1.76,2
GA3-323-080,9.06,12.2,4.72,1.65,2
GC1-A32-050,8.07,11.02,4.53,1.7,2
GD2-167-115,8.66,12.99,5.31,1.98,2
GF6-194-090,9.06,12.99,5.12,1.83,2
GF9-442-120,10.04,13.39,5.31,2.4,2
GF9-646-120,10.04,13.39,5.31,2.4,2
FE8-090-070,7.09,11.42,4.53,1.26,2
FP2-A26-020,6.3,9.45,3.94,0.78,2
FP4-A26-120,5.91,9.45,3.94,0.87,2
FP4-A34-130,5.91,9.45,3.94,0.73,2
FP6-A26-060,4.33,7.68,3.74,0.51,2
FP6-A40-070,4.33,7.68,3.74,0.4,2
FP6-A40-100,5.91,8.07,4.13,0.54,2
FP8-A26-080,5.91,7.68,3.74,0.65,2
GG9-001-001,5,9,1.01,0.2,2
GG7-001-004,12,14.63,0.26,0.4,2
GG7-031-006,14.5,17.5,0.51,1.2,2
GG7-399-005,12,14.63,0.26,0.4,2
GH3-A35-A35,3.5,7,1.21,0.2,2
EO8-675-080,7.48,12.2,4.72,1.57,2
ES8-194-070,8.07,11.02,4.53,1.32,2
ES8-323-080,8.27,11.81,4.53,1.54,2
ES8-675-050,8.07,11.02,4.53,1.32,2
FT5-A68-060,9.06,12.2,4.72,2.2,2
GB7-A85-070,8.66,12.2,4.72,1.96,2
I88-675-055,8.07,11.02,4.53,1.59,2
GI8-323-100,5.91,8.07,4.13,0.71,2
GI9-011-100,5.91,8.07,4.13,0.75,2
GS9-001-090,4.72,13.39,5.12,1.36,2
GS9-399-100,4.72,13.39,5.12,1.41,2
GF9-A83-085,9.06,12.2,4.72,2.09,2
GF9-A83-100,9.06,12.99,5.12,2.23,2
GK6-090-070,7.48,11.42,4.33,1.34,2
GK7-592-065,7.48,12.6,5.12,1.81,2
GK7-A48-040,7.28,12.2,4.92,1.59,2
GK7-A48-060,7.48,12.6,5.12,1.76,2
GK7-A48-065,7.48,12.6,5.12,1.81,2
GL4-231-060,8.66,12.2,4.72,1.87,2
GL4-646-045,8.27,10.83,4.33,1.74,2
GL4-646-055,8.66,12.2,4.72,1.83,2
GL4-646-080,9.45,12.6,4.72,2.05,2
GL9-090-030,8.27,11.81,4.53,1.83,2
GO6-194-050,8.66,12.2,4.72,1.79,2
GO6-A74-040,8.27,10.83,4.33,1.7,2
GO6-A74-045,8.27,10.83,4.33,1.74,2
GR3-090-070,8.66,11.61,4.72,1.6,2
GR5-A76-045,6.69,10.63,4.33,1.16,2
GR6-001-080,6.69,11.81,4.33,1.21,2
GR6-A76-065,6.3,11.02,4.13,1.07,2
GM1-167-070,12.99,14.17,4.72,2.71,2
GM2-090-045,9.06,12.2,4.72,2.2,2
GM2-090-055,9.45,12.99,5.12,2.27,2
GM2-090-080,10.24,12.99,4.72,2.51,2
GM3-090-090,10.24,12.99,4.72,2.54,2
GM3-592-030,9.06,12.2,4.72,2.09,2
GM5-A77-070,12.6,13.78,4.53,2.67,2
GO9-090-090,13.39,16.54,4.72,3.31,2
GP1-090-080,11.81,13.39,5.12,3.31,2
GP2-001-070,14.76,16.14,5.51,3.31,2
GP5-A77-055,12.6,13.78,4.53,3.86,2
GP5-A77-080,12.99,14.17,4.72,4.12,2
GP6-231-030,11.81,13.39,4.92,3.24,2
GS6-090-045,11.02,12.99,4.72,2.65,2
GS6-167-040,11.02,12.99,4.72,2.65,2
GS6-A69-040,11.02,12.99,4.72,2.65,2
GN8-001-030,15.35,20.87,4.72,3.75,2
GN8-001-050,15.35,20.87,4.72,3.97,2
GN8-001-080,16.14,21.46,5.12,4.63,2
GN8-A76-090,16.14,21.46,5.12,4.74,2
GU6-399-090,9.45,12.99,5.12,1.83,2
GU6-399-110,10.04,13.39,5.31,2.03,2
GU8-194-120,10.04,13.39,5.31,2.4,2
GT6-001-100,8.27,12.6,5.12,1.76,2
GW7-A06-050,7.87,11.81,4.53,1.7,2
GW7-A06-070,7.87,11.81,4.53,1.87,2
GX2-886-030,7.28,12.2,4.92,1.48,2
GX5-886-050,8.07,11.02,4.53,1.32,2
GY2-442-080,8.27,11.81,4.53,1.54,2
FF1-888-060,11.02,13.39,4.72,4.14,2
GL8-194-030,8.27,10.83,4.33,1.03,2
GS2-011-050,8.27,11.81,4.53,0.97,2
FT1-090-060,3.94,11.02,2.09,0.32,2
GY6-090-040,3.94,11.02,1.9,0.2,2
HE4-B09-070,8.27,11.81,4.72,1.74,2
HE5-001-030,8.5,12,4.51,1.6,2
HE5-001-040,8.4,12.3,4.76,1.8,2
HE7-001-060,7.48,12.6,5.12,1.76,2
HE7-167-040,7.28,12.2,4.92,1.59,2
HE7-167-070,7.48,12.6,5.12,1.85,2
HE7-592-030,7.28,12.2,4.92,1.5,2
HE7-A89-050,7.48,12.6,5.12,1.68,2
HF1-194-090,4.6,12.6,4.07,1.2,2
HF1-B14-090,4.6,11.42,4.06,1.2,2
HF2-399-040,8.27,10.83,4.33,1.7,2
HF2-399-045,8.27,10.83,4.33,1.74,2
HF2-399-050,8.66,12.2,4.72,1.79,2
HF2-399-060,8.66,12.2,4.72,1.87,2
HF4-001-090,8.07,12.2,4.92,1.73,2
HF4-B12-080,8.07,12.2,4.92,1.64,2
HG1-001-060,8.27,11.81,4.72,1.65,2
HG4-592-040,6.69,10.63,4.33,1.19,2
HG4-592-090,7.48,12.2,4.72,1.54,2
HI1-011-090,8.66,12.99,5.12,1.92,2
HI1-675-070,8.27,11.81,4.72,1.74,2
HJ1-323-045,7.87,10.63,4.33,1.34,2
HJ1-323-090,9.06,12.2,4.72,1.56,2
HJ1-B06-065,8.66,11.61,4.72,1.43,2
HJ6-011-070,8.5,11.8,4.51,2.5,2
HM2-B11-090,7.48,12.2,4.72,1.23,2
HM2-B15-090,7.48,12.2,4.72,1.23,2
HM3-001-030,8.07,11.02,4.53,1.39,2
HM3-001-060,8.27,11.81,4.72,1.65,2
HM3-A20-060,8.27,11.81,4.72,1.65,2
HM9-090-040,7,11.25,5.01,1.4,2
HN3-675-090,8.66,12.99,5.12,1.92,2
HN8-011-090,9.45,12.2,4.72,1.65,2
HN9-A20-090,8.27,11.81,4.53,1.79,2
HO7-399-065,9.06,12.6,4.92,1.94,2
HO7-A94-050,9.06,12.6,4.92,1.81,2
HP4-592-045,8.07,11.02,4.53,1.52,2
HP4-592-070,8.27,11.81,4.72,1.74,2
HS9-323-060,7.9,11.9,4.81,2.6,2
HT4-011-040,8.07,11.02,4.53,1.48,2
HT5-011-040,8.07,11.02,4.53,1.38,2
HT5-011-070,8.27,11.81,4.72,1.59,2
HU7-001-060,8.07,11.02,4.53,1.32,2
HF9-194-045,7.48,11.02,4.33,1.34,2
HF9-194-055,8.07,11.42,4.53,1.43,2
HF9-194-070,8.07,11.42,4.53,1.57,2
HG8-011-030,8.07,11.02,4.53,1.39,2
HJ9-A99-090,8.07,12.2,4.92,1.98,2
HJ9-B09-040,7.09,11.02,4.33,1.54,2
HJ9-B12-030,7.09,11.02,4.33,1.54,2
HJ9-B12-050,8.07,11.42,4.53,1.76,2
HK7-001-040,4.53,11.42,4.72,0.97,2
HL5-A89-030,7.09,11.02,4.33,1.32,2
HL5-B26-090,8.07,12.2,4.92,1.76,2
HO4-001-055,7.5,11.5,4.51,2,2
HR1-675-080,8.27,11.81,4.53,1.54,2
HS1-001-065,8.07,11.42,4.53,1.52,2
HS1-675-035,7.48,11.02,4.33,1.26,2
HS1-675-050,8.07,11.42,4.53,1.39,2
DG5-B12-050,4.33,11.02,4.53,0.41,2
DX9-B09-045,5.91,10.63,3.94,1.06,2
GK6-A94-050,7.48,11.42,4.33,1.17,2
EJ8-A94-040,7.87,10.04,4.13,1.1,2
EJ8-A94-055,8.07,11.02,4.54,1.32,2
EJ9-A94-065,8.07,11.02,4.53,1.32,2
FB7-A93-065,8.27,11.81,4.53,0.92,2
GB5-A89-045,8.78,10.3,4.55,1.54,2
GY7-592-120,10.04,13.39,5.31,2.2,2
GZ6-592-110,8.5,11.8,5.31,2.6,2
GZ6-A93-090,8.5,11.8,5.31,2.6,2
HA3-001-115,10.04,13.39,5.31,2.36,2
HA3-194-070,9.06,12.2,4.72,1.96,2
HA3-194-075,9.06,12.2,4.72,2.01,2
GS9-A93-115,4.92,14.17,5.31,1.53,2
FZ8-A94-070,8.27,11.81,4.53,1.3,2
HS4-001-050,9.06,11.81,4.72,1.85,2
HS4-001-080,9.06,12.2,4.72,1.7,2
HS5-B09-060,9.06,12.2,4.72,1.94,2
HS5-B09-065,9.06,12.2,4.72,1.98,2
HS6-001-060,9,12.7,4.91,2.2,2
HS6-001-070,9,12.7,4.91,2.2,2
HU9-B28-065,8.66,11.61,4.72,1.52,2
HI2-B04-040,6.69,10.63,4.33,0.95,2
HI2-B04-080,7.48,12.2,4.72,1.19,2
HI3-B04-070,4.53,12.6,4.92,1.3,2
HI3-B04-090,4.72,13.39,5.12,1.46,2
HV3-A61-030,8.27,10.83,4.33,1.61,2
HV3-A61-055,8.66,12.2,4.72,1.83,2
HW9-864-050,8.27,12.6,5.13,1.8,2
HX2-001-040,8.66,10.63,4.33,1.27,2
HX2-001-060,8.66,11.61,4.72,1.42,2
HX3-001-030,6.8,10.8,4.41,1.4,2
HX3-001-045,6.8,10.8,4.41,1.4,2
HX7-442-060,9.06,12.6,4.92,1.9,2
HX8-B41-055,6.2,11.3,4.11,1.4,2
HX9-001-030,7.38,12,5.01,1.6,2
HY1-001-060,6,10.6,3.91,1.2,2
IA2-A69-090,8.4,11.5,4.81,1.6,2
IA3-C02-045,8.27,11.81,4.53,1.76,2
IA4-001-065,10.5,13.5,5.01,2.4,2
IA8-001-090,7.28,12.2,4.92,1.5,2
IB5-001-030,8.66,11.61,4.72,1.7,2
IB5-001-050,9.06,12.6,4.92,1.87,2
IB5-001-070,9.06,12.6,4.92,2.05,2
IB5-167-090,9.45,12.99,5.12,2.23,2
IB5-A20-050,9.06,12.6,4.92,1.87,2
IB8-A99-090,9,12.2,4.91,1.6,2
IC5-194-065,8.27,11.81,4.72,1.55,2
IC5-194-080,8.07,12.2,4.92,1.64,2
IC5-A20-080,8.07,12.2,4.92,1.64,2
IC8-001-045,8.27,11.81,4.53,1.72,2
IC8-001-050,9.06,12.2,4.72,1.76,2
IC8-001-060,9.06,12.2,4.72,1.85,2
IC9-001-055,8.66,12.2,4.72,1.81,2
IC9-001-070,8.66,12.2,4.72,1.94,2
IC9-001-090,9.45,12.6,4.72,2.12,2
IC9-477-045,8.07,11.42,4.53,1.72,2
IC9-477-080,9.45,12.6,4.72,2.03,2
IC9-535-040,8.07,11.42,4.53,1.68,2
IC9-535-045,8.07,11.42,4.53,1.72,2
IC9-A93-080,9.45,12.6,4.72,2.03,2
ID4-194-030,8.66,11.61,4.73,1.39,2
ID4-194-065,9.06,12.6,4.93,1.49,2
ID4-A20-080,9.45,12.99,5.12,1.54,2
ID4-B58-070,9.06,12.6,4.92,1.5,2
IF6-A69-030,8.66,11.02,4.33,1.5,2
IF6-B77-030,8.66,11.02,4.33,1.5,2
IF6-B77-090,9.45,12.99,5.12,2.03,2
IF9-011-050,8.07,11.02,4.53,1.32,2
IF9-011-080,8.27,11.81,4.53,1.54,2
IG7-011-040,7.2,11.3,4.51,1.4,2
IG7-011-065,7.2,11.3,4.51,1.4,2
IH2-011-030,6.2,11.3,4.11,1.4,2
IH4-011-030,5.91,10.63,3.94,0.93,2
II6-B58-040,4.8,11.5,4.51,1.2,2
II8-167-080,9.5,13.2,5.01,2.4,2
II8-167-090,9.5,13.2,5.01,2.4,2
IJ3-011-055,8.27,12.6,5.11,1.87,2
IJ4-231-050,8.27,11.81,4.72,1.57,2
IJ5-619-050,8.27,11.81,4.72,1.57,2
IJ7-A20-030,8.07,11.02,4.53,1.81,2
IJ7-A20-045,8.07,11.02,4.53,1.94,2
IJ9-001-070,12.7,13.6,5.01,2.8,2
IK5-054-040,9,12.3,4.91,1.4,2
IK5-675-040,9,12.2,4.91,1.4,2
IK8-001-080,9.45,12.99,5.12,2.07,2
IK8-B72-080,9.45,12.99,5.12,2.07,2
IL3-B88-070,9.06,12.6,4.92,1.98,2
IM9-001-045,8.07,11.02,4.53,1.94,2
IM9-001-065,8.27,11.81,4.53,2.12,2
HY9-167-050,9.8,13.5,5.21,2.2,2
ID5-B63-065,12,14,5.01,3.4,2
ID5-B64-065,12,14,5.01,3.4,2
ID9-001-060,12,14,5.21,2.6,2
IG3-194-060,13.39,14.96,4.92,4.01,2
II9-B77-065,11.02,12.99,4.72,3.13,2
IL4-090-035,11.02,11.81,4.53,2.49,2
IL5-090-035,11.81,12.2,4.72,2.8,2
IL5-090-050,12.6,13.19,4.92,2.87,2
IE3-001-055,14.17,20.87,4.72,3.62,2
IB2-090-060,7.4,12.2,5.01,1.8,2
IB2-B83-040,8,12.2,5.01,1.8,2
IB2-B83-080,8,12.2,5.01,1.8,2
IC1-B69-050,8.27,10.83,4.31,1.65,2
IC1-B69-060,8.27,10.83,4.31,1.65,2
IC1-B69-080,8.27,10.83,4.31,1.65,2
IG2-011-030,7.87,10.04,4.13,1.1,2
IK7-011-070,8.07,11.02,4.53,1.32,2
IK7-011-080,8.27,11.81,4.53,1.54,2
GP4-B62-040,9.4,12.4,4.81,2.6,2
GP4-B62-060,9.4,12.4,4.81,2.6,2
GP4-B62-090,9.4,12.4,4.81,2.6,2
GS7-535-050,9.84,12.6,4.72,1.98,2
GS7-535-060,9.84,12.6,4.72,1.98,2
I88-B37-070,8.07,11.02,4.53,1.76,2
I88-B48-040,7.87,10.04,4.13,1.54,2
IN8-B97-070,9.45,12.99,5.12,1.96,2
IN8-B97-090,10.04,13.39,5.31,2.14,2
IN8-B97-115,10.83,13.58,5.71,2.36,2
IN8-B97-120,10.83,13.58,5.71,2.4,2
IO9-A88-110,10.83,13.58,5.71,2.31,2
J80-B80-110,4.72,13.39,5.12,0.97,2
EJ8-011-065,8.07,11.02,4.53,1.32,2
EJ8-012-090,8.27,11.81,4.53,1.54,2
HH3-B52-070,8.07,11.02,4.53,1.76,2
HH3-B70-065,8.07,11.02,4.53,1.76,2
HF3-C05-030,8.5,12.15,4.76,1.8,2
IQ1-001-050,11.81,14.17,4.72,3.42,2
IQ1-231-055,11.81,14.17,4.72,3.44,2
HJ2-C22-060,8.66,11.61,4.72,1.5,2
HJ2-C22-080,9.06,12.2,4.72,1.58,2
HX2-C15-090,9.06,12.2,4.72,1.58,2
I88-C32-040,7.87,10.04,4.13,1.98,2
I88-C32-045,7.87,10.04,4.13,1.98,2
I88-C32-065,8.07,11.02,4.53,2.2,2
IK8-C19-030,9.7,13.5,5.51,2.2,2
IV5-001-070,8.66,11.81,4.72,1.87,2
IV5-C15-055,8.66,11.81,4.72,1.83,2
IV9-090-070,9.06,11.81,4.72,2.65,2
IW1-C20-030,8.66,11.61,4.72,2.43,2
IW2-090-050,9.06,11.81,4.72,2.65,2
IW2-090-070,9.06,11.81,4.72,2.65,2
IX9-B87-040,8.66,10.63,4.33,1.9,2
IY1-090-030,8.66,10.63,4.33,1.59,2
IY1-090-040,8.66,10.63,4.33,1.63,2
IY1-B87-080,9.06,12.6,5.12,1.94,2
IY2-A99-080,9.4,13.2,5.31,2,2
IY3-C15-050,8.66,11.81,4.72,1.9,2
IY3-C15-070,8.66,11.81,4.72,1.98,2
JB2-C30-030,4.13,10.24,4.33,0.82,2
JB6-090-080,8.27,12.6,5.12,0.44,2
JC8-090-040,4.13,10.24,4.33,0.84,2
HF4-C14-070,8.27,11.81,4.72,1.59,2
HF4-C42-065,8.27,11.81,4.72,1.55,2
HX9-A99-090,7.5,12,5.01,1.6,2
IT4-001-045,5.91,10.63,3.94,1.34,2
IT6-090-030,5.91,10.63,3.94,1.06,2
IU1-675-090,9.06,12.2,4.72,1.62,2
IW4-399-070,9.06,11.81,4.72,2.65,2
IW4-675-090,9.06,12.6,4.92,2.65,2
JA3-011-030,6.69,10.63,4.33,1.08,2
JA3-011-065,7.09,11.42,4.53,1.3,2
JC8-C53-030,4.13,10.24,4.33,0.82,2
JE7-090-030,9,11.3,4.51,1.6,2
JE8-090-055,8.1,11,4.51,1.4,2
JE8-C15-060,8.5,12.4,5.01,1.6,2
JI9-090-030,11.02,12.99,4.72,2.82,2
ED4-675-090,8.27,11.81,4.53,2.2,2
HX8-C32-045,6.4,11.5,4.01,1.2,2
IU1-565-045,8.66,10.63,4.33,1.32,2
IU1-565-060,8.66,11.61,4.72,1.42,2
IW2-675-070,9.06,11.81,4.72,2.65,2
IW8-C75-120,9.5,13.5,5.01,2.5,2
IX1-090-100,7.5,12.7,5.01,1.6,2
JA2-090-100,8.27,12.6,5.12,1.76,2
EJ8-C23-030,8.27,10.83,4.33,1.98,2
EJ8-C23-080,9.06,11.81,4.72,2.43,2
EJ8-C23-090,9.06,11.81,4.72,2.43,2
JJ3-090-030,7.87,10.63,4.33,1.18,2
JJ9-231-090,8.3,12.7,5.01,1.8,2
JK1-C52-030,8.66,11.61,4.72,2.43,2
JK4-090-080,9.3,13.2,5.21,2,2
JK6-C24-040,6.69,10.63,4.33,1.01,2
JK6-C24-090,7.48,12.2,4.72,1.32,2
JK6-C25-030,6.69,10.63,4.33,0.96,2
JK7-090-060,4.53,12.6,4.92,1.23,2
JL1-090-040,7.87,10.43,4.33,1.37,2
JL1-399-030,7.87,10.43,4.33,1.32,2
JL1-399-050,8.07,11.42,4.53,1.41,2
JL1-399-060,8.07,11.42,4.53,1.46,2
JL1-399-070,8.07,11.42,4.53,1.5,2
JL1-399-090,8.27,11.81,4.72,1.59,2
JL1-C35-080,8.27,11.81,4.72,1.54,2
JL1-C35-090,8.27,11.81,4.72,1.59,2
JL2-011-030,7.87,10.63,4.33,1.19,2
JL4-090-030,8.66,10.63,4.33,1.32,2
JL4-090-070,8.27,11.81,4.72,1.5,2
JL8-054-080,9,12,5.01,1.2,2
JL8-054-090,9,12,5.01,1.2,2
JL8-675-030,9,12,5.01,1.6,2
JL9-A99-060,8.07,11.42,4.54,1.64,2
JL9-C70-060,8.07,11.42,4.53,1.64,2
JM2-056-060,8.07,11.42,4.53,1.64,2
JM2-A99-080,8.27,11.81,4.54,1.71,2
IV3-012-050,9,12.5,5.01,2,2
IX1-399-080,7.5,12.7,5.01,1.6,2
IX1-399-090,7.5,12.7,5.01,1.6,2
FV6-194-070,8.07,11.02,4.53,2.2,2
IB8-011-090,9.06,12.2,4.73,1.65,2
IV1-C17-080,9.84,12.6,4.73,1.8,2
IV7-C16-030,8.27,11.81,4.53,0.44,2
JA6-090-070,5.71,11.81,4.54,0.8,2
JA6-A99-070,5.71,11.81,4.54,1.2,2
JA7-C15-040,5.51,10.83,4.34,0.8,2
JA7-C20-030,5.51,10.83,4.34,0.8,2
JA7-C20-090,5.91,12.4,4.73,0.8,2
JE6-C55-070,8.07,11.02,4.54,1.4,2
JE6-C55-090,7.87,11.81,4.54,1.8,2
JF5-001-080,10.24,12.99,4.73,1.8,2
JF5-675-040,9.06,12.2,4.73,1.8,2
JF7-001-090,10.24,12.99,4.73,2,2
JF7-C15-045,9.06,12.2,4.72,0.44,2
JG1-C24-070,9.84,12.6,4.73,2,2
JG1-C25-040,9.06,12.2,4.73,2,2
JG1-C26-055,9.84,12.6,4.72,0.44,2
JG6-001-065,9.65,12.2,4.34,1.4,2
JG6-194-065,9.65,12.2,4.34,1.4,2
JG6-194-070,9.65,12.2,4.34,1.4,2
JG7-194-055,9.84,12.6,4.73,1.4,2
JG7-687-040,9.06,12.2,4.73,1.4,2
JG7-C41-080,10.24,12.99,4.73,1.4,2
JL6-C20-030,9.06,12.2,4.72,0.44,2
JL6-090-040,9.06,12.2,4.73,2,2
JL6-090-045,9.06,12.2,4.73,2,2
JL6-B41-030,9.06,12.2,4.73,2,2
AQ3-040-070,8.07,12.2,4.92,1.53,2
HH3-B41-040,7.87,10.04,4.13,1.37,2
HH3-B41-090,8.07,11.02,4.53,1.61,2
HX2-B41-050,8.66,11.61,4.72,1.38,2
HX2-B41-070,8.66,11.61,4.72,1.45,2
HX8-288-080,7.28,12.2,4.92,1.32,2
IK5-C89-080,9.3,12.7,5.01,1.6,2
IU1-C90-040,9,11.3,4.51,1.4,2
IW1-011-040,8.66,11.61,4.72,2.43,2
JE6-442-080,9.3,12.8,5.01,1.6,2
JF7-675-050,9.06,12.2,4.72,0.44,2
JF7-675-055,9.84,12.6,4.72,0.44,2
JJ5-076-070,9.3,13.2,5.01,2.2,2
JL2-C90-080,9,12.3,5.01,1.8,2
JM1-B93-065,8.5,12.2,5.01,1.6,2
JM1-B93-080,8.5,12.2,5.01,1.6,2
JM2-B93-080,8.5,12.5,4.71,1.6,2
E1W-001-030,13.39,19.69,4.33,0.44,2
E1X-090-060,9.06,11.81,4.72,2.02,2
E22-D24-090,9.84,12.6,4.72,2.39,2
E2A-040-090,8.66,12.6,4.72,0.44,2
E2G-001-055,12,13,5.01,2.2,2
E2H-D07-050,12,12.8,5.01,2.2,2
E2M-D20-040,6.7,10.7,4.31,1.2,2
E2M-D20-045,6.7,10.7,4.31,1.2,2
E2W-090-030,8.27,11.81,4.72,1.59,2
E3A-090-060,12.6,13.19,4.92,2.78,2
E3E-001-030,6,10.7,4.01,1.2,2
E3I-001-090,7.28,12.2,4.92,0.97,2
E3L-D20-080,7.28,12.2,4.92,1.37,2
E3P-090-030,8.07,11.02,4.53,2.03,2
E3T-001-060,8.27,11.81,4.53,2.16,2
E4F-D26-045,7.48,11.42,4.33,1.46,2
E4U-090-040,10.24,12.6,4.72,2.6,2
E5D-090-050,10.43,13.19,5.31,0.44,2
E5H-001-070,7.5,12.7,4.71,1.6,2
E6H-001-050,8.66,11.61,4.72,2.2,2
E7F-001-090,11.81,13.39,5.12,2.55,2
E7O-001-100,10.3,14,5.51,2.4,2
DG5-C99-080,4.53,11.42,4.72,0.44,2
HH3-C88-030,7.87,10.04,4.13,1.32,2
HH3-C88-065,8.07,11.02,4.53,1.54,2
HX2-C99-030,8.66,10.63,4.33,1.25,2
HX2-C99-040,8.66,10.63,4.33,1.27,2
HX2-C99-080,9.06,12.2,4.72,1.53,2
IU1-D01-030,9,11.3,4.51,1.4,2
IY1-C90-045,8.66,10.63,4.33,1.68,2
IY1-C90-090,9.06,12.6,5.12,2.03,2
JC8-A20-030,4.13,10.24,4.33,0.82,2
JL2-C98-030,8.2,11.2,4.51,1.4,2
JL2-C98-090,9,12.3,5.01,1.8,2
JM1-D05-060,8.5,12.5,4.71,1.8,2
JM2-D05-050,8,12,4.51,1.4,2
IW2-C15-080,9.06,12.6,4.92,2.65,2
JE6-C93-030,8.3,11.5,4.51,1.2,2
JM2-D06-055,8,12,4.51,1.4,2
E3D-D07-045,6,10.6,4.01,1.2,2
E5M-A69-030,13.39,18.9,4.53,0.44,2
E1I-A99-040,8.5,11.5,4.51,1.4,2
E2W-A99-050,8.66,12.2,4.72,1.94,2
E2W-A99-080,9.06,12.6,5.12,2.87,2
E2Z-A99-050,11.7,13,5.01,2.6,2
E1D-C88-090,9.06,11.81,4.72,2.65,2
E1G-C88-040,8.5,11.5,4.51,1.4,2
E5H-288-070,7.5,12.7,4.71,1.6,2
E3J-011-030,5.91,10.63,3.94,1.06,2
E6F-C91-060,8.66,11.61,4.72,2.2,2
E1E-194-050,8.27,11.81,4.72,1.7,2
E21-194-055,9.06,12.2,4.72,0.44,2
E21-194-060,9.06,12.2,4.72,0.44,2
E21-194-065,9.06,12.2,4.72,0.44,2
E21-194-070,9.06,12.2,4.72,0.44,2
E4H-194-045,7.87,11.81,4.53,0.44,2
E4S-328-090,10.24,12.99,4.72,0.44,2
E22-D26-090,9.45,12.99,5.12,2.38,2
E1Z-B44-090,9.84,12.6,4.72,2.39,2
E7O-D33-120,11.2,14.3,6.01,2.6,2
E2Y-D07-040,8.27,11.81,4.72,1.87,2
E5X-090-090,7.28,12.2,4.93,1.4,2
E6I-D24-050,8.27,11.81,4.53,1.54,2
E6M-090-030,8.2,10.6,4.31,1.4,2
E6O-D19-070,9.4,13.2,5.01,1.8,2
E6T-001-030,5.91,10.63,3.94,1.21,2
E6T-001-045,5.91,10.63,3.94,1.3,2
E6T-001-055,6.3,11.42,4.13,1.41,2
E6T-001-060,6.3,11.42,4.13,1.46,2
E6T-001-080,7.28,12.2,4.92,1.59,2
E6V-090-050,8.4,11.6,4.61,1.8,2
E6Y-001-080,8.5,12.5,4.71,1.6,2
E7B-001-080,8.5,12.5,4.71,1.6,2
E7C-C88-040,7.8,12,4.51,1.4,2
E6M-288-070,8.6,12.5,4.81,1.6,2
E7B-090-055,7.8,12,4.51,1.4,2
E7X-D31-080,7.7,13.2,5.31,2,2
E7X-D31-115,8,13.5,5.51,2.1,2
E6K-C91-070,8.6,12.2,5.01,1.6,2
E6Y-C88-050,7.7,12,4.51,1.4,2
E6Y-C88-080,8.5,12.5,4.71,1.6,2
E7B-D06-055,8,12,4.51,1.4,2
E6J-C98-090,9.2,13.2,5.41,1.8,2
E6K-C98-040,8,11,4.51,1.4,2
E6K-C98-090,8.5,12.2,5.01,1.6,2
B1A-001-050,9,11.2,4.51,1.6,2
B1B-288-040,8,11.2,4.51,1.4,2
B1K-D18-040,8.4,12,4.51,1.6,2
E4X-B84-030,8.5,11.2,4.51,1.6,2
E4X-C91-030,8.4,11.5,4.51,1.6,2
E4X-D01-060,9.4,12.2,5.01,1.8,2
HX7-A25-030,9.06,12.2,4.72,1.63,2
HX7-A25-045,9.06,12.2,4.72,1.76,2
HX7-A25-050,9.06,12.6,4.92,1.81,2
IK8-D39-065,9.06,12.6,4.92,1.94,2
E7B-D05-045,8,12,4.51,1.6,2
CC6-194-060,8.66,11.61,4.72,1.37,1
CC6-090-050,8.66,11.61,4.72,1.3,1
FQ3-001-050,8.66,11.61,4.72,1.27,1
GB7-646-055,8.66,12.2,4.72,1.83,1
H84-001-060,8.07,11.02,4.53,1.73,1
R49-001-060,8.07,11.02,4.53,1.52,1
CC6-194-030,7.87,10.63,4.33,1.19,1
JM1-194-060,8.07,11.42,4.54,1.64,1
CC6-090-070,8.66,11.61,4.72,1.37,1
GG2-001-040,7.28,11.81,4.53,1.48,1
GG2-001-060,8.07,12.2,4.72,1.65,1
HE6-B23-070,9.25,12.5,4.76,1.8,1
CC6-011-050,8.66,11.61,4.72,1.3,1
CC6-090-090,9.06,12.2,4.72,1.54,1
GG2-194-040,7.28,11.81,4.53,1.48,1
GG2-194-060,8.07,12.2,4.72,1.65,1
GG2-001-070,8.07,12.2,4.72,1.7,1
JL8-675-070,9,12,5.01,1.6,1
CC6-011-030,7.87,10.63,4.33,1.19,1
FQ3-001-070,8.66,11.61,4.72,1.36,1
FR1-001-045,8.27,11.81,4.53,1.76,1
IK8-646-070,9.06,12.6,4.92,1.98,1
IB4-090-060,8.3,12.6,5.11,1.8,1
JL8-399-070,9,12,5.01,1.6,1
R49-001-030,7.87,10.43,4.33,1.32,1
R49-001-080,8.27,11.81,4.53,1.65,1
FR1-194-045,8.27,11.81,4.53,1.76,1
GB7-231-060,8.66,12.2,4.72,1.87,1
GB7-231-065,8.66,12.2,4.72,1.92,1
GB7-646-080,9.45,12.6,4.72,2.05,1
GG2-194-055,8.07,12.2,4.72,1.61,1
GG2-194-070,8.07,12.2,4.72,1.7,1
GM4-090-080,12.99,14.17,4.72,2.87,1
HE6-328-040,8.5,12.15,4.51,1.8,1
HE6-B23-065,8.12,11.88,4.64,1.8,1
HF3-C05-050,9,12.5,5.01,2,1
JJ3-399-050,8.66,11.61,4.72,1.36,1
JF7-C15-060,9.84,12.6,4.73,2,1
JG8-C68-065,8.27,11.81,4.54,1.6,1
I88-001-070,8.07,11.02,4.53,1.76,1
K04-001-055,8.07,11.02,4.53,1.71,1
FK3-090-080,12.6,13.78,4.53,2.65,1
FQ3-001-030,8.66,10.63,4.33,1.15,1
FQ3-A20-040,8.66,10.63,4.33,1.18,1
FR1-194-035,8.27,11.81,4.53,1.68,1
GG2-194-065,8.07,12.2,4.72,1.68,1
GG2-194-080,9.06,12.2,4.72,1.76,1
GM4-090-065,12.6,13.78,4.53,2.62,1
HE5-B20-050,8.88,12.25,4.89,2,1
HE6-328-070,9.5,12.5,5.01,2,1
HE6-B23-080,9.65,13.43,5.26,2,1
HF3-B25-080,9.45,12.6,4.72,2.05,1
HI9-675-060,8.66,11.61,4.72,1.49,1
HE6-B23-055,9,12,5.01,2,1
IB4-B83-030,7.6,12.7,5.11,1.8,1
HX9-A99-060,7.5,12,5.01,1.6,1
HX9-C32-060,6.5,11.5,4.01,1.4,1
HX9-C32-070,6.5,11.5,4.01,1.4,1
IV7-C69-060,9.06,11.81,4.72,0.44,1
JF7-C15-070,9.84,12.6,4.73,2,1
E7A-001-045,8.07,11.42,4.53,0.44,1
E54-090-060,4.33,11.02,4.53,0.64,1
I88-001-090,8.27,11.81,4.53,1.94,1
J80-399-090,4.53,11.42,4.72,1.1,1
K04-001-045,7.87,10.04,4.13,1.64,1
K04-001-080,8.27,11.81,4.53,1.89,1
E54-399-070,4.33,11.02,4.53,0.68,1
X03-339-060,8.07,11.02,4.53,1.73,1
X03-339-080,8.27,11.81,4.53,1.89,1
FF1-090-060,11.02,13.39,4.72,4.14,1
FK3-090-040,10.24,12.99,4.72,2.16,1
FK3-090-050,12.2,13.39,4.33,2.27,1
FD2-090-070,4.53,12.6,4.92,1.3,1
FG9-751-045,9.06,11.81,4.72,2.36,1
FQ1-090-040,8.27,10.83,4.33,1.11,1
FQ1-090-045,8.27,10.83,4.33,1.14,1
FQ1-090-070,8.27,11.81,4.53,1.24,1
GB3-090-060,7.09,11.42,4.53,1.06,1
GB7-231-035,8.27,10.83,4.33,1.65,1
GB7-646-040,8.27,10.83,4.33,1.7,1
GB7-646-090,9.45,12.6,4.72,2.14,1
GG2-001-065,8.07,12.2,4.72,1.68,1
GG2-001-080,9.06,12.2,4.72,1.76,1
GK5-A06-045,8.27,11.81,4.53,1.76,1
GK5-A06-065,9.06,12.6,4.92,1.94,1
GK5-A06-080,9.45,12.99,5.12,2.07,1
I88-675-070,8.07,11.02,4.53,1.68,1
GQ5-090-060,9.45,12.2,4.72,3.2,1
GO9-090-065,13.39,15.75,4.72,3.09,1
GO9-090-070,13.39,15.75,4.72,3.09,1
GO9-A69-050,13.39,15.75,4.72,2.87,1
GO9-A69-060,13.39,15.75,4.72,3.09,1
GO9-A69-080,13.39,16.54,4.72,3.31,1
GW8-090-060,8.27,12.6,5.12,1.72,1
HE6-B23-040,8.12,11.88,4.64,1.8,1
HE6-B23-050,9.25,12.5,4.76,1.8,1
HF2-A89-065,8.66,12.2,4.72,1.92,1
HE6-328-055,9.25,12.3,4.76,1.8,1
HE6-B23-045,8.12,11.88,4.64,1.8,1
HX8-001-045,6.2,11.5,4.11,1.5,1
HY1-001-050,6,10.6,3.91,1.2,1
HY3-001-050,8.27,11.81,4.53,1.98,1
HY3-001-060,8.27,11.81,4.53,2.07,1
IK8-646-045,9.06,12.2,4.72,1.76,1
IK8-646-060,9.06,12.6,4.92,1.9,1
IB4-090-050,8.3,12.6,5.11,1.8,1
IB4-B83-050,7.6,12.7,5.11,1.8,1
IB4-B83-080,7.6,12.7,5.11,1.8,1
HF3-C05-080,9.65,13.5,5.26,2.2,1
IV4-C15-060,10.8,13.8,5.51,2.4,1
JB6-090-040,7.87,11.61,4.72,0.44,1
HX9-A99-045,7.5,12,5.01,1.6,1
HX9-C32-055,6.5,11.5,4.01,1.4,1
JK6-C25-050,7.09,11.42,4.53,1.1,1
JM1-001-045,7.48,11.42,4.34,1.59,1
JM1-001-055,8.07,11.42,4.54,1.61,1
JM1-A99-060,8.07,11.42,4.53,1.64,1
JM1-A99-080,8.27,11.81,4.53,1.71,1
JM2-A99-070,8.07,11.42,4.54,1.68,1
IV7-C69-050,8.27,11.81,4.53,0.44,1
IV7-C69-070,9.06,11.81,4.72,0.44,1
IV7-C69-080,9.84,12.6,4.72,0.44,1
GS2-616-070,8.27,11.81,4.54,1.4,1
FV8-C88-050,8.66,11.61,4.72,2.2,1
E2Z-090-050,11.3,12.3,4.71,2.2,1
E4T-001-050,8.27,11.81,4.53,1.59,1
E5P-090-050,8.07,12.2,4.72,0.44,1
E4T-194-090,9.06,12.2,4.72,1.94,1
E7A-001-080,9.45,12.6,4.72,0.44,1
E4X-B84-070,9.4,12.2,5.01,1.8,1
IB4-090-080,8.3,12.6,5.11,1.8,1
HF2-A06-080,9.45,12.6,4.72,2.05,1
E54-010-090,4.53,11.42,4.72,1.1,1
E54-090-040,4.13,10.24,4.33,0.6,1
E54-194-060,4.33,11.02,4.53,0.64,1
279-277-090,8.27,12.6,5.12,1.82,1
E54-011-065,4.33,11.02,4.53,0.66,1
H84-001-030,7.87,10.04,4.13,1.56,1
H84-001-050,8.07,11.02,4.53,1.69,1
I88-001-030,7.87,10.04,4.13,1.57,1
L05-277-070,8.07,12.2,4.92,1.71,1
N28-001-040,8.07,10.83,3.74,1.78,1
N28-001-065,8.07,11.61,4.13,2,1
N28-645-090,8.27,12.2,4.13,2.13,1
Q68-001-050,8.27,11.81,4.53,1.21,1
Q68-644-070,8.27,11.81,4.53,1.51,1
R08-001-090,4.53,11.42,4.72,1.06,1
R49-001-055,8.07,11.02,4.53,1.48,1
X22-011-055,8.07,11.02,4.53,1.79,1
X22-090-045,8.07,11.02,4.53,1.65,1
X22-090-065,8.07,11.02,4.53,1.92,1
X22-090-090,8.66,11.61,4.53,2.29,1
X22-194-050,8.07,11.02,4.53,1.72,1
X22-194-055,8.07,11.02,4.53,1.79,1
X22-194-060,8.07,11.02,4.53,1.85,1
X22-194-090,8.66,11.61,4.53,2.29,1
Q68-731-065,8.27,11.81,4.53,1.25,1
AH8-090-040,12.2,14.17,4.33,3.9,1
AH8-399-070,12.99,14.96,4.53,4.41,1
K04-592-045,7.87,10.04,4.13,1.64,1
X03-339-065,8.07,11.02,4.53,1.75,1
CM2-090-060,8.66,11.61,4.72,1.41,1
CM2-675-040,8.66,10.63,4.33,1.26,1
CM2-675-060,8.66,11.61,4.72,1.41,1
CM2-675-070,8.66,11.61,4.72,1.46,1
Q74-592-055,6.3,11.42,4.13,1.48,1
Q74-592-060,6.3,11.42,4.13,1.5,1
DX7-090-065,9.06,11.61,4.72,1.04,1
268-592-065,8.07,12.2,4.72,1.54,1
268-592-070,8.07,12.2,4.72,1.56,1
CM2-054-060,8.66,11.61,4.72,1.43,1
EE6-030-090,9.75,13.75,5.26,2.2,1
X22-399-050,8.27,11.81,4.53,1.74,1
X22-399-060,8.27,11.81,4.53,1.74,1
X22-399-070,8.27,11.81,4.53,1.94,1
EO8-011-050,6.3,11.22,4.72,1.13,1
EO8-090-070,6.3,11.22,4.72,1.21,1
EO8-090-080,6.89,11.61,5.12,1.25,1
ES7-090-050,8.66,11.61,4.72,1.43,1
ES7-090-080,9.06,12.2,4.72,1.61,1
ES8-090-060,8.07,11.02,4.53,1.72,1
ES8-592-060,8.07,11.02,4.53,1.72,1
EQ4-090-115,4.72,13.39,5.12,1.46,1
EB1-675-050,7.87,11.61,4.72,1.59,1
EJ8-090-030,7.87,10.63,4.33,1.12,1
EJ8-090-090,9.06,12.2,4.72,1.54,1
EJ9-090-040,7.87,10.43,4.33,1.21,1
EK1-090-050,8.07,11.02,4.53,1.3,1
FB7-477-030,7.87,11.81,4.53,0.98,1
FB7-477-040,7.87,11.81,4.53,1,1
FB7-477-055,9.06,11.81,4.72,1.06,1
FB7-477-065,9.06,11.81,4.72,1.1,1
279-167-090,8.27,12.6,5.12,1.82,1
FF1-090-050,10.63,12.2,4.33,4.05,1
FF1-090-070,11.02,13.39,4.72,4.27,1
FH4-090-050,12.2,13.39,4.33,1.5,1
FH4-090-065,12.2,13.39,4.33,1.54,1
I88-A15-060,8.07,11.02,4.53,1.71,1
FD2-090-065,4.53,12.6,4.92,1.26,1
FH5-090-070,8.07,11.81,4.72,1.87,1
FH5-090-080,7.87,12.99,5.31,1.94,1
FH5-090-090,7.87,12.99,5.31,1.96,1
FH5-A01-050,8.4,12.4,4.81,1.8,1
FH5-A01-055,8.4,12.4,4.81,1.8,1
FH5-A01-090,8.4,12.4,4.81,1.8,1
FC7-001-045,8.07,11.42,4.53,1.34,1
FC7-001-060,8.07,11.42,4.53,1.48,1
FG8-751-030,11.81,12.2,4.72,2.41,1
FG8-751-050,12.6,13.19,4.92,2.63,1
FG8-751-055,12.6,13.19,4.92,2.69,1
FG9-090-040,9.06,11.81,4.72,2.3,1
FG9-090-055,9.45,12.2,4.72,2.47,1
FG9-090-070,9.45,12.2,4.72,2.63,1
FQ1-090-080,9.06,12.2,4.72,1.32,1
FR1-399-045,8.27,11.81,4.53,1.76,1
FR1-399-070,9.06,12.6,4.92,1.98,1
FV1-090-060,7.09,11.42,4.53,1.21,1
FV3-592-050,7.48,11.42,4.33,1.32,1
FV6-090-065,8.66,11.61,4.72,1.63,1
FV8-090-060,8.27,11.81,4.53,1.54,1
FV8-090-070,8.27,11.81,4.53,1.59,1
FV8-090-090,9.06,12.2,4.72,1.76,1
FV8-592-040,8.27,10.83,4.33,1.39,1
FV8-592-050,8.27,11.81,4.53,1.48,1
FW4-090-030,7.28,11.81,4.53,1.37,1
FW4-090-040,7.28,11.81,4.53,1.43,1
FW4-090-070,8.07,12.2,4.72,1.65,1
FW4-090-080,9.06,12.2,4.72,2.03,1
FW4-090-090,9.06,12.2,4.72,2.05,1
FW4-477-090,9.06,12.2,4.72,2.05,1
FW4-592-060,8.07,12.2,4.72,1.59,1
FW5-477-060,8.27,11.81,4.72,1.7,1
GB7-090-065,8.66,12.2,4.72,1.92,1
GB7-090-070,8.66,12.2,4.72,1.96,1
GF9-646-070,9.06,12.2,4.72,1.96,1
FP4-694-020,7.09,10.43,4.13,1.12,1
GG2-194-045,7.28,11.81,4.53,1.5,1
GG2-194-090,9.06,12.2,4.72,1.79,1
GG2-001-090,9.06,12.2,4.72,1.79,1
EO8-675-030,6.69,10.63,4.33,1.23,1
EO8-675-040,6.69,10.63,4.33,1.26,1
GB7-A85-045,8.27,10.83,4.33,1.74,1
I88-675-060,8.07,11.02,4.53,1.63,1
I88-675-065,8.07,11.02,4.53,1.65,1
I88-675-080,8.27,11.81,4.53,1.76,1
GI8-011-080,4.33,7.68,3.74,0.58,1
GI9-011-090,5.91,8.07,4.13,0.72,1
GK6-090-040,7.09,10.63,4.13,1.08,1
GK7-090-060,7.48,12.6,5.12,1.76,1
GK7-090-090,8.66,12.99,5.12,2.03,1
GL4-231-040,8.27,10.83,4.33,1.7,1
GP4-A77-080,9.84,12.6,4.72,3.51,1
GQ5-090-045,9.06,11.81,4.72,3.11,1
GQ5-090-055,9.45,12.2,4.72,3.17,1
GQ5-090-070,9.45,12.2,4.72,3.37,1
GR3-A76-070,8.66,11.61,4.72,1.6,1
GR6-A76-045,5.91,10.63,3.94,0.97,1
GS7-A69-040,9.06,11.61,4.72,2.65,1
GS7-A69-050,9.84,12.6,4.72,2.87,1
GS7-A69-065,9.84,12.6,4.72,3.09,1
GS7-A69-070,9.84,12.6,4.72,3.09,1
GS7-A69-090,10.24,13.39,4.92,3.31,1
GM1-090-050,12.99,14.17,4.72,2.62,1
GM1-090-060,12.99,14.17,4.72,2.67,1
GM1-167-050,12.99,14.17,4.72,2.62,1
GM4-090-040,12.2,13.39,4.33,2.38,1
GO9-090-080,13.39,16.54,4.72,3.31,1
GP1-090-050,11.42,12.6,4.72,2.87,1
GP1-090-055,11.42,12.6,4.72,2.87,1
GP1-A69-050,11.42,12.6,4.72,2.87,1
GP1-A69-060,11.42,12.6,4.72,3.09,1
GP1-A69-080,11.81,13.39,5.12,3.31,1
GP3-090-065,12.6,13.78,4.53,3.99,1
GP3-090-070,12.6,13.78,4.53,4.06,1
GR7-A76-040,10.24,12.99,4.72,2.16,1
GS6-090-030,11.02,12.99,4.72,2.65,1
GS6-090-060,11.81,13.39,5.12,3.09,1
GS6-090-070,11.81,13.39,5.12,3.09,1
GS6-090-090,12.6,14.17,5.51,3.31,1
GS6-A69-060,11.81,13.39,5.12,3.09,1
GS6-A69-065,11.81,13.39,5.12,3.09,1
FR1-090-070,9.06,12.6,4.92,2.07,1
GT4-001-070,8.07,12.2,4.92,1.54,1
GW7-892-030,7.87,10.63,4.33,1.52,1
GX2-886-090,8.66,12.99,5.12,2.03,1
FT1-090-070,4.13,12.01,2.09,0.34,1
HE5-194-030,9.06,11.81,4.73,2,1
HE5-194-090,9.45,12.2,4.73,2,1
HE5-B20-040,8.53,11.32,4.84,1.2,1
HE6-328-030,8.5,12,4.51,1.6,1
HE6-B23-030,8.12,11.88,4.64,1.8,1
HE7-001-050,7.48,12.6,5.12,1.68,1
HE7-001-070,7.48,12.6,5.12,1.85,1
HE7-001-080,8.66,12.99,5.12,1.94,1
HE7-001-090,8.66,12.99,5.12,2.03,1
HE7-194-040,7.28,12.2,4.92,1.59,1
HE7-194-050,7.48,12.6,5.12,1.68,1
HE7-194-065,7.48,12.6,5.12,1.81,1
HE7-592-050,7.48,12.6,5.12,1.68,1
HE7-592-060,7.48,12.6,5.12,1.76,1
HE7-592-065,7.48,12.6,5.12,1.81,1
HE7-592-070,7.48,12.6,5.12,1.85,1
HE7-592-080,8.66,12.99,5.12,1.94,1
HE8-001-050,7.48,12.6,5.12,1.68,1
HE8-001-080,8.66,12.99,5.12,1.94,1
HE8-194-060,7.48,12.6,5.12,1.76,1
HE8-592-050,7.48,12.6,5.12,1.68,1
HE8-592-065,7.48,12.6,5.12,1.81,1
HF1-001-090,4.5,12.53,4.1,1.3,1
HF1-194-070,4.5,12.6,4.06,1.2,1
HF2-001-040,8.27,10.83,4.33,1.7,1
HF2-001-070,8.66,12.2,4.72,1.96,1
HF2-001-080,9.45,12.6,4.72,2.05,1
HF2-194-060,8.66,12.2,4.72,1.87,1
HF2-194-065,8.66,12.2,4.72,1.92,1
HF2-A06-055,8.66,12.2,4.72,1.83,1
HF3-B25-065,8.66,12.2,4.72,1.92,1
HF4-001-060,8.27,11.81,4.72,1.52,1
HF4-001-080,8.07,12.2,4.92,1.64,1
HF4-194-040,8.07,11.02,4.53,1.38,1
HF4-194-050,8.07,11.02,4.53,1.4,1
HG3-A95-050,7.38,12,4.89,1.6,1
HG4-001-045,6.69,10.63,4.33,1.23,1
HG4-A94-050,7.09,11.42,4.53,1.27,1
HG4-A94-060,7.09,11.42,4.53,1.34,1
HI7-B06-030,7.87,10.04,4.13,1.1,1
HI9-675-080,9.06,12.2,4.72,1.64,1
HI9-B06-070,8.66,11.61,4.72,1.54,1
HJ1-323-080,9.06,12.2,4.72,1.54,1
HJ1-B06-060,8.66,11.61,4.72,1.42,1
HJ6-011-050,8.5,11.8,4.51,2.6,1
HJ6-011-060,9.25,12.88,4.89,2,1
HK8-011-060,9,12,4.39,2,1
HM9-090-090,7,11.25,5.01,1.4,1
HO1-001-050,8.07,11.02,4.53,1.61,1
HO1-001-060,8.07,11.02,4.53,1.65,1
HO1-001-080,8.27,11.81,4.53,1.72,1
HO7-399-060,9.06,12.6,4.92,1.9,1
HP6-001-070,8.27,11.81,4.72,1.74,1
HT5-010-065,8.27,11.81,4.72,1.55,1
HT5-012-060,8.27,11.81,4.72,1.52,1
HU8-B11-040,4.13,10.24,4.33,0.39,1
HU8-B11-060,4.33,11.02,4.53,0.42,1
DX9-A94-065,6.3,11.02,4.13,1.19,1
GY8-001-120,10.04,13.39,5.31,2.2,1
GY8-592-090,9.45,12.99,5.12,1.94,1
GZ7-001-100,8.5,11.8,5.31,2.6,1
HE5-001-055,9.3,12.5,4.76,1.8,1
HE5-B20-045,8.23,11.28,4.81,1.2,1
HV1-001-050,8.27,11.81,4.72,1.57,1
HV1-001-060,8.27,11.81,4.72,1.65,1
HV3-A61-060,8.66,12.2,4.72,1.87,1
HX8-001-040,6.2,11.5,4.11,1.5,1
HX8-001-080,6.2,11.5,4.11,1.5,1
HX8-001-090,6.2,11.5,4.11,1.5,1
HX8-A69-045,6.2,11.3,4.11,1.4,1
HX8-A69-060,6.2,11.3,4.11,1.4,1
HX8-A69-065,6.2,11.3,4.11,1.4,1
HX8-B41-060,6.2,11.3,4.11,1.4,1
HX8-B41-070,6.2,11.3,4.11,1.4,1
HX8-B41-080,6.2,11.3,4.11,1.4,1
HX8-B41-090,6.2,11.3,4.11,1.4,1
HX9-001-045,7.38,12,5.01,1.6,1
HX9-001-050,7.38,12,5.01,1.6,1
HX9-001-055,7.38,12,5.01,1.6,1
HX9-001-065,7.38,12,5.01,1.6,1
HX9-001-070,7.38,12,5.01,1.6,1
HX9-001-080,7.38,12,5.01,1.6,1
HX9-001-090,7.38,12,5.01,1.6,1
HY2-001-060,8.27,11.81,4.53,1.98,1
HY3-001-090,9.06,12.6,4.92,2.34,1
IA4-001-050,10.5,13.5,5.01,2.4,1
IA4-001-070,10.5,13.5,5.01,2.4,1
IA4-001-080,10.5,13.5,5.01,2.4,1
IC5-194-070,8.27,11.81,4.72,1.59,1
IC5-A20-040,8.07,11.02,4.53,1.38,1
IC5-B06-060,8.27,11.81,4.72,1.52,1
ID7-B43-070,9.45,12.99,5.12,1.94,1
IC9-535-050,8.66,12.2,4.72,1.76,1
ID4-090-030,8.66,11.61,4.73,1.39,1
ID4-090-040,8.66,11.61,4.73,1.4,1
ID4-090-065,9.06,12.6,4.93,1.49,1
ID4-090-080,9.45,12.99,5.13,1.54,1
ID4-194-060,9.06,12.6,4.93,1.48,1
IF6-001-060,8.66,12.2,4.72,1.76,1
IF6-001-070,8.66,12.2,4.72,1.85,1
IF6-001-080,9.45,12.99,5.12,1.94,1
IF6-A69-050,8.66,12.2,4.72,1.68,1
IF6-A69-080,9.45,12.99,5.12,1.94,1
IF6-B77-070,8.66,12.2,4.72,1.85,1
IF6-B77-080,9.45,12.99,5.12,1.94,1
IF9-011-030,7.87,10.04,4.13,1.1,1
IG5-011-080,9.06,12.2,4.72,1.56,1
IG5-011-090,9.06,12.2,4.72,1.58,1
IG6-011-070,8.27,12.6,5.11,1.87,1
IG7-011-050,7.2,11.3,4.51,1.4,1
IH2-011-065,6.2,11.3,4.11,1.4,1
IH2-011-080,6.2,11.3,4.11,1.4,1
IJ7-A20-060,8.27,11.81,4.53,2.07,1
IJ7-A20-065,8.27,11.81,4.53,2.12,1
IJ8-167-065,11.2,12.2,4.81,2.4,1
IJ8-167-070,12.7,13.6,5.01,2.8,1
IK1-001-070,9,13,1.81,2,1
IK5-054-070,9,12.3,4.91,1.4,1
IK8-001-050,9.06,12.6,4.92,1.81,1
IK8-001-055,9.06,12.6,4.92,1.85,1
IK8-B72-030,9.06,12.2,4.72,1.63,1
IK9-A20-090,8.4,12.2,4.81,2.2,1
IL2-B41-070,8.27,11.81,4.53,2.07,1
IM3-675-050,8.27,11.81,4.72,1.57,1
HY9-167-045,9.8,13.5,5.21,2.2,1
HZ1-001-070,14.96,19.69,4.94,3.4,1
ID5-B63-040,12,14,5.01,3.4,1
IE2-477-040,11.3,13.5,5.01,2.6,1
II9-B77-050,11.02,12.99,4.72,3,1
IL4-090-080,12.6,13.19,4.92,3.04,1
IL4-090-090,12.6,13.19,4.92,3.13,1
IL5-090-070,12.6,13.19,4.92,3.22,1
II1-090-045,11.2,13.5,5.01,2.4,1
II1-090-050,11.2,13.5,5.01,2.4,1
II1-090-055,11.2,13.5,5.01,2.4,1
IB4-090-040,8.3,12.6,5.11,1.8,1
IB4-090-065,8.3,12.6,5.11,1.8,1
IC1-090-080,9,12,5.01,1.8,1
IC1-477-050,8.27,10.83,4.31,1.72,1
IC1-477-090,8.27,10.83,4.31,1.72,1
IC1-A94-050,8.27,10.83,4.31,1.65,1
IC1-A94-060,8.27,10.83,4.31,1.65,1
IC1-A94-070,8.27,10.83,4.31,1.65,1
IC1-A94-080,8.27,10.83,4.31,1.65,1
HS8-011-060,8.66,11.61,4.72,1.49,1
HN9-B37-030,7.87,10.04,4.13,1.1,1
HN9-B37-040,7.87,10.04,4.13,1.1,1
X03-B38-070,8.27,11.81,4.53,1.3,1
FH4-864-030,10.8,13.8,5.51,2.2,1
FH4-864-040,10.8,13.8,5.51,2.2,1
IN8-090-070,9.45,12.99,5.12,1.96,1
IN8-090-100,10.04,13.39,5.31,2.23,1
IN8-090-110,10.83,13.58,5.71,2.31,1
IP1-001-100,9.45,12.99,5.12,2.25,1
IQ1-001-060,11.81,14.17,4.72,3.46,1
IQ1-001-080,12.6,15.35,4.92,3.64,1
HJ1-C23-050,8.66,11.61,4.72,1.37,1
IV3-011-060,9,12.5,5.01,2,1
IV4-001-040,10.8,13.8,5.21,2.4,1
IV4-001-050,10.8,13.8,5.51,2.4,1
IV4-001-060,10.8,13.8,5.51,2.4,1
IV4-C15-050,10.8,13.8,5.51,2.4,1
IV5-001-050,8.66,11.81,4.72,1.81,1
IV5-001-060,8.66,11.81,4.72,1.85,1
IV5-194-040,8.66,10.63,4.33,1.79,1
IV9-090-050,9.06,11.81,4.72,2.65,1
IV9-B41-065,9.06,11.81,4.72,2.65,1
IV9-B41-070,9.06,11.81,4.72,2.65,1
IV9-B41-090,9.06,12.6,4.92,2.65,1
IW1-090-030,8.66,11.61,4.72,2.43,1
IW1-675-055,9.06,11.81,4.72,2.65,1
IW1-C20-040,8.66,11.61,4.72,2.43,1
IW2-A99-050,9.06,11.81,4.72,2.65,1
IW2-A99-070,9.06,11.81,4.72,2.65,1
IW2-A99-090,9.06,12.6,4.92,2.65,1
IW2-B41-090,9.06,12.6,4.92,2.65,1
IW2-C20-070,9.06,11.81,4.72,2.65,1
IY2-090-065,8.1,11,4.51,1.4,1
IY9-090-040,8.66,10.63,4.33,1.63,1
IY9-090-060,8.66,11.81,4.72,1.81,1
IY9-A99-070,8.66,11.81,4.72,1.85,1
IY9-C15-030,8.66,10.63,4.33,1.59,1
IZ1-090-070,8.07,12.2,4.92,1.41,1
IZ1-A99-050,8.07,12.2,4.92,1.28,1
IZ1-A99-065,8.07,12.2,4.92,1.39,1
IZ1-C15-040,8.46,11.02,4.53,1.15,1
IZ1-C15-050,8.07,12.2,4.92,1.28,1
IZ1-C15-060,8.07,12.2,4.92,1.37,1
IZ1-C15-070,8.07,12.2,4.92,1.41,1
IZ7-090-040,9.2,13.1,5.21,2,1
IZ7-090-050,9.2,13.1,5.21,2,1
IZ8-090-060,8.66,11.81,4.72,1.68,1
IZ8-C14-090,9.06,12.6,5.12,2.07,1
JB4-C31-060,8.07,12.2,4.92,0.44,1
JB6-090-050,7.87,11.61,4.72,0.44,1
JB6-B41-050,7.87,11.61,4.72,0.44,1
HF4-C29-065,8.27,11.81,4.72,1.55,1
HF4-C29-070,8.27,11.81,4.72,1.59,1
HF4-C42-040,8.07,11.02,4.53,1.38,1
IC5-C14-050,8.07,11.02,4.53,1.4,1
IT4-001-040,5.91,10.63,3.94,1.32,1
IT4-001-050,6.3,11.42,4.13,1.37,1
IT4-001-065,6.3,11.42,4.13,1.41,1
IT4-001-070,6.3,11.42,4.13,1.41,1
IT6-090-040,5.91,10.63,3.94,1.1,1
IT6-090-060,6.3,11.42,4.13,1.23,1
IU1-675-060,8.66,11.61,4.72,1.42,1
JA3-011-060,7.09,11.42,4.53,1.27,1
JA3-011-090,7.48,12.2,4.72,1.43,1
JE7-090-065,9,11.3,4.51,1.6,1
JE7-090-080,9.3,13.1,5.31,2,1
JE7-A99-060,9,11.3,4.51,1.6,1
JE7-A99-065,9,11.3,4.51,1.6,1
JE8-090-040,8.1,11,4.51,1.4,1
JE8-090-060,8.1,11,4.51,1.4,1
JE8-090-065,8.1,11,4.51,1.4,1
JE8-090-070,8.5,12,5.01,1.6,1
JE9-090-080,9.3,13.2,5.21,1.8,1
JI9-090-055,11.02,12.99,4.72,3.04,1
JI9-090-065,11.02,12.99,4.72,3.13,1
JI9-090-070,11.02,12.99,4.72,3.17,1
JI9-090-090,13.19,13.39,5.31,3.35,1
JI9-C14-045,11.02,12.99,4.72,2.95,1
JI9-C14-080,13.19,13.39,5.31,3.26,1
HX7-C57-030,9.7,13.5,5.51,2.2,1
HX7-C57-045,9.7,13.5,5.51,2.2,1
HX7-C57-050,9.7,13.5,5.51,2.2,1
HX7-C57-070,9.7,13.5,5.51,2.2,1
HY8-001-055,9.8,12.5,5.01,1.8,1
HY8-001-070,9.8,12.5,5.01,1.8,1
HY8-001-080,9.5,12.5,5.01,1.8,1
IH2-675-040,6.4,11.5,4.01,1.2,1
IH2-675-045,6.4,11.5,4.01,1.2,1
IH2-675-050,6.4,11.5,4.01,1.2,1
IH2-675-060,6.4,11.5,4.01,1.2,1
IH2-675-065,6.4,11.5,4.01,1.2,1
IH2-675-090,6.4,11.5,4.01,1.2,1
IV5-675-040,8.66,10.63,4.33,1.79,1
IV5-675-060,8.66,11.81,4.72,1.85,1
IV5-675-080,9.06,12.6,5.12,1.9,1
IV9-675-040,8.66,11.61,4.72,2.43,1
IV9-675-055,9.06,11.81,4.72,2.65,1
IV9-675-060,9.06,11.81,4.72,2.65,1
IV9-675-065,9.06,11.81,4.72,2.65,1
IV9-675-080,9.06,12.6,4.92,2.65,1
IW8-C75-100,9.2,13.2,5.01,2.2,1
IW9-090-115,9.3,13.5,5.01,2,1
IX1-090-115,7.6,12.8,5.01,1.7,1
JF3-090-060,8.27,11.81,4.53,1.28,1
EJ8-C34-065,8.66,11.61,4.72,2.2,1
JJ1-C24-045,7,12,5.01,1.4,1
JJ1-C24-050,7,12,5.01,1.4,1
JJ1-C24-055,7,12,5.01,1.4,1
JJ1-C24-060,7,12,5.01,1.4,1
JJ1-C26-040,7,12,5.01,1.4,1
JJ1-C26-050,7,12,5.01,1.4,1
JJ1-C26-055,7,12,5.01,1.4,1
JJ1-C26-065,7.5,12.2,5.01,1.4,1
JJ1-C26-080,7.5,12.2,5.01,1.4,1
JJ5-231-120,10.3,14,5.51,2.4,1
JK4-090-040,8.8,11.7,4.71,1.6,1
JK4-090-065,8.8,11.7,4.71,1.6,1
JK4-090-090,9.3,13.2,5.21,2,1
JK4-B41-050,8.8,11.7,4.71,1.6,1
JK4-B41-070,9.3,13.2,5.21,2,1
JK4-C21-065,8.8,11.7,4.71,1.6,1
JM1-001-030,7.48,11.42,4.34,1.52,1
JM1-090-090,8.27,11.81,4.54,1.76,1
JM1-194-045,7.48,11.42,4.34,1.59,1
JM1-C70-070,8.07,11.42,4.53,1.68,1
JM2-001-070,8.07,11.42,4.54,1.68,1
JM2-001-090,8.27,11.81,4.54,1.76,1
JM2-056-070,8.07,11.42,4.53,1.68,1
JM2-090-040,7.48,11.42,4.33,1.57,1
JM2-090-055,8.07,11.42,4.53,1.61,1
JM2-090-080,8.27,11.81,4.53,1.71,1
IN8-C83-090,10.4,13.7,5.51,2.4,1
IZ5-C74-080,10.2,14,5.51,2.2,1
HY8-B16-070,9.5,12.5,5.01,2.6,1
HY8-B16-080,9.5,12.5,5.01,2.6,1
HY8-B16-090,9.5,12.5,5.01,2.6,1
IV1-C17-045,9.06,11.81,4.73,1.8,1
IV7-194-045,8.27,11.81,4.53,0.44,1
JA3-012-090,7.48,12.2,4.72,1.43,1
JA6-090-050,5.51,10.83,4.34,0.8,1
JA6-A99-030,5.51,10.83,4.34,1.2,1
JF4-C14-050,9.06,12.2,4.72,0.44,1
JF4-C15-050,9.06,12.2,4.72,0.44,1
JF5-675-045,9.06,12.2,4.73,1.8,1
JF5-675-050,9.06,12.2,4.73,1.8,1
JF5-A99-050,9.06,12.2,4.73,1.8,1
JF5-C15-045,9.06,12.2,4.72,0.44,1
JF6-C15-060,9.84,12.6,4.73,2.2,1
JF7-C15-090,10.24,12.99,4.73,2,1
JG1-C24-050,9.06,12.2,4.73,2,1
JG1-C25-060,9.84,12.6,4.73,2,1
JG1-C26-070,9.84,12.6,4.73,2,1
JG1-C26-080,10.24,12.99,4.73,2,1
JG6-001-080,10.24,12.99,4.73,1.4,1
JG7-687-055,9.84,12.6,4.73,1.4,1
JG7-C41-090,10.24,12.99,4.73,1.4,1
JG8-C68-045,7.48,11.42,4.34,1.6,1
JK5-011-040,6.69,10.63,4.33,0.44,1
JK5-090-045,6.69,10.63,4.33,0.44,1
JL6-C20-040,9.06,12.2,4.72,0.44,1
JL6-C20-060,9.84,12.6,4.72,0.44,1
JL6-C20-090,10.24,12.99,4.72,0.44,1
JL6-090-060,9.06,12.2,4.73,2,1
JL6-B41-060,9.84,12.6,4.73,2,1
JL6-B41-070,9.84,12.6,4.73,2,1
JL6-B41-090,10.24,12.99,4.73,2.2,1
GS2-616-040,7.48,11.42,4.34,1.4,1
HJ6-675-050,9.06,12.2,4.72,1.87,1
HT9-675-050,7.09,11.42,4.53,1.19,1
HK8-675-070,8.66,11.61,4.72,2.06,1
JH3-C47-040,7.48,11.42,4.34,2,1
E2A-001-080,8.66,12.6,4.72,0.44,1
E2C-090-080,11.42,14.17,5.71,0.44,1
DG5-288-050,4.33,11.02,4.53,0.93,1
GS7-076-070,15.35,20.67,13.58,1.98,1
GS7-076-090,15.94,21.46,14.37,2.43,1
HX8-288-040,5.91,10.63,3.94,1.01,1
HX8-288-060,6.3,11.42,4.13,1.19,1
HX8-288-070,6.3,11.42,4.13,1.23,1
HX9-040-050,6.3,11.5,4.01,1.4,1
HX9-040-055,6,10.6,4.01,1.2,1
HX9-040-060,7.5,12.2,5.01,1.6,1
HX9-040-065,7.5,12.2,5.01,1.6,1
HX9-040-070,7.5,12.2,5.01,1.6,1
HX9-040-080,7.5,12.2,5.01,1.6,1
HX9-040-090,7.5,12.2,5.01,1.6,1
IA4-076-030,10.24,12.99,4.72,0.66,1
IA4-076-045,10.24,12.99,4.72,0.66,1
IA4-076-060,11.02,12.99,4.72,0.22,1
IC5-040-065,8.4,12.8,5.01,1.8,1
ID4-C88-065,9.7,13.5,5.41,2,1
ID4-C88-070,9.7,13.5,5.41,2,1
ID5-040-060,11.81,13.39,4.92,3.46,1
ID5-040-070,11.81,13.39,4.92,3.57,1
IF6-076-040,8.27,11.81,4.72,0.44,1
IF6-076-065,9.06,12.2,4.72,0.44,1
IH2-C89-070,6.3,11.42,4.13,1.23,1
IH2-C89-080,7.28,12.2,4.92,1.32,1
IK5-C89-065,9.3,12.7,5.01,1.6,1
IK8-288-045,9.06,12.2,4.72,1.76,1
IK8-288-070,9.06,12.6,4.92,1.98,1
IT4-B41-045,6,10.6,4.01,1.2,1
IT4-B41-050,6,10.6,4.01,1.2,1
IU1-C90-050,9,11.3,4.51,1.4,1
IY1-C89-040,8.66,10.63,4.33,1.63,1
JF3-B41-060,8.27,11.81,4.53,1.59,1
JF7-675-040,9.06,12.2,4.72,0.44,1
JL2-C90-060,9,12.3,5.01,1.8,1
JM1-B93-045,7.5,12,5.01,1.4,1
JM2-B93-065,8.5,12.5,4.71,1.6,1
JM2-B93-070,8.5,12.5,4.71,1.6,1
E1I-001-050,8.5,11.5,4.51,1.4,1
E1S-001-080,13.39,14.96,4.92,0.44,1
E1S-001-090,13.39,14.96,4.92,0.44,1
E1U-090-045,12.6,13.78,4.53,0.44,1
E1W-001-050,14.96,19.69,4.92,0.44,1
E1W-001-060,14.96,19.69,4.92,0.44,1
E21-001-050,9.06,12.2,4.72,0.44,1
E21-001-060,9.06,12.2,4.72,0.44,1
E21-001-080,9.84,12.6,4.72,0.44,1
E2G-001-050,12,12.8,5.01,2.2,1
E2G-001-070,12,13.8,5.31,2.6,1
E2H-D07-070,12,13.8,5.31,2.6,1
E2H-D07-090,12,13.8,5.31,2.6,1
E2J-090-065,14.17,15.55,5.12,4.23,1
E2J-090-080,14.76,16.14,5.51,4.41,1
E2K-076-065,14.17,15.55,5.12,4.23,1
E2K-076-070,14.17,15.55,5.12,4.28,1
E2L-090-050,11.02,12.99,4.72,2.49,1
E2L-090-055,11.81,13.39,4.92,2.54,1
E2L-090-060,11.81,13.39,4.92,2.6,1
E2L-090-065,11.81,13.39,4.92,2.67,1
E2L-090-070,11.81,13.39,4.92,2.76,1
E2N-D20-060,7.5,12.2,4.71,1.4,1
E2N-D20-070,7.5,12.2,4.71,1.4,1
E2Q-D20-065,9.06,12.6,4.92,1.88,1
E2Q-D20-080,9.45,12.99,5.12,2.01,1
E2W-090-045,8.27,11.81,4.72,1.87,1
E2Z-090-040,11.3,12.3,4.71,2.2,1
E2Z-090-055,11.3,12.3,4.71,2.2,1
E2Z-090-070,11.7,13,5.01,2.6,1
E2Z-090-080,12,14,5.31,2.8,1
E2Z-090-090,12,14,5.31,2.8,1
E35-076-045,11.02,11.81,4.53,2.49,1
E35-076-055,11.81,12.2,4.72,2.54,1
E35-076-090,11.81,13.39,5.12,2.73,1
E3A-090-050,12.6,13.19,4.92,2.73,1
E3D-090-045,6,10.6,4.01,1.4,1
E3D-090-050,6.3,11.5,4.01,1.4,1
E3D-090-060,6.3,11.5,4.01,1.4,1
E3I-001-040,5.91,10.63,3.94,0.75,1
E3I-001-050,6.3,11.42,4.13,0.79,1
E3I-001-080,7.28,12.2,4.92,0.93,1
E3J-001-040,5.91,10.63,3.94,1.1,1
E3J-001-050,6.3,11.42,4.13,1.15,1
E3J-001-080,7.28,12.2,4.92,1.37,1
E3L-D20-050,6.3,11.42,4.13,1.15,1
E3L-D20-090,7.28,12.2,4.92,1.41,1
E3T-001-050,8.27,11.81,4.53,2.12,1
E3T-001-090,9.06,12.6,4.92,2.38,1
E3W-090-060,11.42,12.6,4.72,2.89,1
E3W-090-065,11.42,12.6,4.72,2.93,1
E3X-090-055,11.02,12.99,4.72,2.76,1
E3X-090-065,11.02,12.99,4.72,2.84,1
E3X-090-070,11.81,13.39,4.92,2.89,1
E3Z-001-030,9.5,12.8,5.01,2,1
E4B-090-040,12.6,13.78,4.53,0.44,1
E4B-090-055,12.99,14.17,4.72,0.44,1
E4B-090-070,12.99,14.17,4.72,0.44,1
E4C-076-050,9.84,12.6,4.72,0.44,1
E4C-076-055,9.84,12.6,4.72,0.44,1
E4C-076-060,9.84,12.6,4.72,0.44,1
E4C-076-065,9.84,12.6,4.72,0.44,1
E4C-076-070,9.84,12.6,4.72,0.44,1
E4F-D26-055,8.27,11.81,4.53,1.59,1
E4F-D26-060,8.27,11.81,4.53,1.61,1
E4I-D27-060,8.66,11.81,4.72,0.44,1
E4K-D28-080,8.66,12.6,4.72,0.44,1
E4R-001-060,9.3,12.8,5.01,1.8,1
E4R-001-070,9.3,12.8,5.01,1.8,1
E4T-001-045,7.48,11.42,4.33,1.54,1
E4Z-090-030,12.6,13.78,4.53,0.44,1
E4Z-090-050,12.99,14.17,4.72,0.44,1
E4Z-090-055,12.99,14.17,4.72,0.44,1
E4Z-090-060,12.99,14.17,4.72,0.44,1
E4Z-090-080,13.39,14.96,4.92,0.44,1
E4Z-090-090,13.39,14.96,4.92,0.44,1
E5H-001-055,8.2,11.3,4.51,1.4,1
E5J-076-055,12.99,14.17,4.72,0.44,1
E5J-076-065,12.99,14.17,4.72,0.44,1
E5J-076-070,12.99,14.17,4.72,0.44,1
E5J-076-090,13.39,14.96,4.92,0.44,1
E5M-090-040,13.39,18.9,4.53,0.44,1
E5M-090-045,13.39,18.9,4.53,0.44,1
E5M-090-060,14.17,19.29,4.72,0.44,1
E5M-090-065,14.17,19.29,4.72,0.44,1
E5M-090-070,14.17,19.29,4.72,0.44,1
E5M-090-080,14.96,19.69,4.92,0.44,1
E5M-090-090,14.96,19.69,4.92,0.44,1
E5O-090-050,9.84,12.6,4.72,2.36,1
E5O-090-060,9.84,12.6,4.72,2.45,1
E5O-090-080,10.24,12.99,4.72,2.67,1
E5P-090-040,7.48,11.42,4.33,0.44,1
E5Q-090-030,7.48,11.42,4.33,0.44,1
E5Q-090-060,8.07,12.2,4.72,0.44,1
E5Q-090-090,8.66,12.6,4.92,0.44,1
E5S-076-030,8.07,12.2,4.72,0.24,1
E5S-076-040,8.07,12.2,4.72,1.63,1
E5S-076-090,8.66,12.99,5.12,2.17,1
E5T-011-045,7.8,12,4.51,1.4,1
E5T-011-050,7.8,12,4.51,1.4,1
E7F-001-070,10.43,13.39,4.92,0.24,1
E7S-167-090,9.06,12.99,5.12,0.44,1
HF4-C88-060,8.4,11.6,4.71,1.4,1
HI9-C98-070,8.66,11.61,4.72,1.54,1
IF6-817-040,8.27,11.81,4.72,0.44,1
IF6-817-090,9.45,12.6,4.72,0.44,1
IK8-C95-040,9.06,12.2,4.72,1.72,1
IK8-C95-050,9.06,12.6,4.92,1.81,1
IU1-D01-070,9.3,12.7,5.01,1.6,1
IY1-C90-055,8.66,11.81,4.72,1.79,1
JC8-A20-070,4.33,11.02,4.53,0.97,1
JM1-D05-040,7.8,12,4.51,1.4,1
IW1-C15-060,9.06,11.81,4.72,2.65,1
IW1-C15-070,9.06,11.81,4.72,2.65,1
IW2-C15-060,9.06,11.81,4.72,2.65,1
IY1-C91-060,8.66,11.81,4.72,1.81,1
JM1-D06-070,8.5,12.2,5.01,1.6,1
JM1-D06-080,8.5,12.2,5.01,1.6,1
E35-090-055,11.81,12.2,4.72,2.54,1
E35-090-070,11.81,12.2,4.72,2.65,1
E4A-090-040,9.06,12.2,4.72,0.44,1
E4A-090-050,9.84,12.6,4.72,0.44,1
E4A-090-055,9.84,12.6,4.72,0.44,1
E4A-090-060,9.84,12.6,4.72,0.44,1
E4A-090-065,9.84,12.6,4.72,0.44,1
E4A-090-070,9.84,12.6,4.72,0.44,1
E4A-090-090,10.24,12.99,4.72,0.44,1
E5J-090-040,12.6,13.78,4.53,0.44,1
E5J-090-050,12.99,14.17,4.72,0.44,1
E5J-090-070,12.99,14.17,4.72,0.44,1
E35-D07-050,11.81,12.2,4.72,2.51,1
E3D-D07-050,6.3,11.5,4.01,1.4,1
E3D-D07-060,6.3,11.5,4.01,1.4,1
E3D-D07-070,7.3,12.2,5.01,1.4,1
E3D-D07-080,7.3,12.2,5.01,1.4,1
E2Y-167-080,9.06,12.6,5.12,2.65,1
E3B-167-070,12.6,13.19,4.92,2.87,1
E4C-167-070,9.84,12.6,4.72,0.44,1
E2T-D20-060,4.3,10.3,4.31,0.6,1
E3J-B41-040,5.91,10.63,3.94,1.1,1
E3J-B41-045,5.91,10.63,3.94,1.12,1
E3J-B41-050,6.3,11.42,4.13,1.15,1
E3J-B41-065,6.3,11.42,4.13,1.23,1
E5H-B41-060,7.5,12.7,4.71,1.6,1
E3I-C15-050,6.3,11.42,4.13,0.79,1
E3I-C15-055,6.3,11.42,4.13,0.82,1
E3I-C15-060,6.3,11.42,4.13,0.82,1
E3A-A69-045,11.81,12.2,4.72,2.71,1
E5M-A69-050,14.17,19.29,4.72,0.44,1
E5M-A69-055,14.17,19.29,4.72,0.44,1
E5M-A69-065,14.17,19.29,4.72,0.44,1
E5M-A69-070,14.17,19.29,4.72,0.44,1
E5M-A69-080,14.96,19.69,4.92,0.44,1
E3Y-C89-030,9.5,13,5.01,1.8,1
E1G-A99-080,9.5,12.8,5.01,1.6,1
E1I-C88-040,8.5,11.5,4.51,1.4,1
E4Z-864-030,12.6,13.78,4.53,0.44,1
E4Z-864-040,12.6,13.78,4.53,0.44,1
E4Z-864-045,12.6,13.78,4.53,0.44,1
E4Z-864-055,12.99,14.17,4.72,0.44,1
E4Z-864-065,12.99,14.17,4.72,0.44,1
E4Z-864-070,12.99,14.17,4.72,0.44,1
E4Z-864-080,13.39,14.96,4.92,0.44,1
E5S-288-080,8.66,12.99,5.12,2.17,1
E3J-011-040,5.91,10.63,3.94,1.1,1
E3J-011-055,6.3,11.42,4.13,1.17,1
E3J-011-065,6.3,11.42,4.13,1.23,1
E3J-011-090,7.28,12.2,4.92,1.41,1
E4T-011-040,7.48,11.42,4.33,1.5,1
E4T-011-055,8.27,11.81,4.53,1.63,1
E4T-011-060,8.27,11.81,4.53,1.68,1
E4T-011-065,8.27,11.81,4.53,1.72,1
E1G-C91-090,9.5,12.8,5.01,1.6,1
E4R-194-050,7.7,12,4.51,1.4,1
E4R-194-070,9.3,12.8,5.01,1.8,1
E4R-194-080,9.3,12.8,5.01,1.8,1
E4T-194-050,8.27,11.81,4.53,1.59,1
E4T-194-060,8.27,11.81,4.53,1.68,1
E4T-194-080,9.06,12.2,4.72,1.85,1
E22-D26-045,9.06,12.2,4.72,2.03,1
E22-D26-060,9.06,12.6,4.92,2.2,1
E22-D26-080,9.45,12.99,5.12,2.38,1
E1U-076-080,13.39,14.96,4.92,0.44,1
E1U-076-090,13.39,14.96,4.92,0.44,1
E5Q-D07-050,8.07,12.2,4.72,0.44,1
E5Q-D07-060,8.07,12.2,4.72,0.44,1
E5Q-D07-065,8.07,12.2,4.72,0.44,1
E5R-090-090,9.45,12.6,4.72,1.98,1
E5S-090-050,8.66,12.6,4.92,1.85,1
E5X-090-055,6.3,11.42,4.14,1.2,1
E6C-001-055,9.84,12.6,4.72,0.44,1
E6J-565-090,9.2,13.2,5.41,1.8,1
E7C-C88-090,8.5,12.5,4.71,1.6,1
E5S-892-060,8.66,12.6,4.92,1.85,1
E6C-C91-090,10.24,12.99,4.72,0.44,1
E6N-D20-045,7.5,12.4,4.81,1.4,1
E6O-D20-090,9.4,13.2,5.01,1.78,1
E7B-090-060,8,12,4.51,1.4,1
E6J-C91-070,9.2,13.2,5.41,1.8,1
E7X-D32-070,7.5,12.8,5.01,1.8,1
E7A-C88-050,8.66,11.81,4.72,0.44,1
E7A-194-040,8.07,11.42,4.53,0.44,1
E7A-194-080,9.45,12.6,4.72,0.44,1
B1A-001-070,9.2,13,5.41,1.8,1
B1H-001-040,8.4,12,4.51,1.6,1
B1H-001-050,8.4,12,4.51,1.6,1
B1H-001-060,8.4,12,4.51,1.6,1
B1H-592-090,9,13.2,5.01,2,1
B1J-001-040,8.4,12,4.51,1.6,1
B1J-001-060,8.4,12,4.51,1.6,1
B1J-001-080,9,13.2,5.01,2,1
B1J-592-060,8.4,12,4.51,1.6,1
HX7-A25-055,9.06,12.6,4.92,1.85,1
HX7-A25-060,9.06,12.6,4.92,1.9,1
IK8-D39-055,9.06,12.6,4.92,1.85,1
B1S-167-030,9.06,12.2,4.72,2.09,1
B1T-A76-070,9.45,12.99,5.12,2.49,1
E4R-090-040,8,12,5.01,1.4,1
E4R-090-050,8,12,5.01,1.4,1
E4T-090-050,8.27,11.81,4.53,1.59,1
E4T-090-070,8.27,11.81,4.53,1.76,1
E4T-090-080,9.06,12.2,4.72,1.85,1
HJ5-B58-030,9,11.3,4.51,1.8,1
HJ5-B58-045,9,11.3,4.51,1.8,1
HJ5-B58-050,9,11.3,4.51,1.8,1
HJ7-B58-080,9.3,12.8,4.91,2.2,1
HJ7-B58-090,9.3,12.8,4.91,2.2,1
268-001-070,8.07,12.2,4.72,1.56,1
268-001-065,8.07,12.2,4.72,1.54,1
JL6-C20-080,10.24,12.99,4.72,0.44,1
IE1-090-070,12,12.8,4.81,2.2,1
E2J-090-070,14.17,15.55,5.12,4.28,1
E2J-090-045,13.39,14.96,4.92,3.92,1
FR1-090-055,9.06,12.6,4.92,1.85,1
B1S-090-045,9.06,12.2,4.72,2.2,1
GP1-090-040,11.02,11.81,4.53,2.65,1
E5M-A69-045,13.39,18.9,4.53,0.44,1
E5M-A69-040,13.39,18.9,4.53,0.44,1
E2H-D07-065,12,14,5.31,2.4,1
E3D-090-070,7.3,12.2,5.01,1.4,1
E5O-090-065,9.84,12.6,4.72,2.47,1
E4B-090-050,12.99,14.17,4.72,0.44,1
IY4-A09-045,8.27,11.81,4.53,0.44,1
JE7-090-055,9,11.3,4.51,1.6,1
IV4-C15-040,10.8,13.8,5.51,2.4,1
B34-011-090,9.45,12.6,4.72,1.59,1
C30-090-090,8.66,11.61,4.53,2.18,1
C91-001-040,8.66,11.61,4.72,1.37,1
C91-001-060,9.06,12.2,4.72,1.5,1
C91-001-070,9.06,12.2,4.72,1.52,1
C91-001-080,9.45,12.6,4.72,1.57,1
E54-010-080,4.53,11.42,4.72,0.71,1
E54-137-065,4.33,11.02,4.53,0.66,1
E54-194-040,4.13,10.24,4.33,0.6,1
E54-194-050,4.33,11.02,4.53,0.62,1
E54-011-020,4.13,10.24,4.33,0.55,1
H84-001-065,8.07,11.02,4.53,1.75,1
H84-442-060,8.07,11.02,4.53,1.73,1
H84-442-070,8.07,11.02,4.53,1.76,1
H84-442-080,8.27,11.81,4.53,1.89,1
J80-001-070,4.33,11.02,4.53,0.99,1
J80-399-080,4.53,11.42,4.72,1.08,1
J80-399-110,4.72,13.39,5.12,1.23,1
E54-399-030,4.13,10.24,4.33,0.55,1
L05-001-080,8.07,12.2,4.92,1.73,1
L66-001-070,8.07,12.2,4.92,1.71,1
L66-001-100,8.27,12.6,5.12,1.87,1
L66-001-120,8.66,12.99,5.31,2.13,1
K25-194-060,8.66,11.61,4.72,1.39,1
L85-001-050,8.66,11.61,4.72,1.32,1
L85-001-070,8.66,11.61,4.72,1.39,1
L85-399-090,9.06,12.2,4.72,1.5,1
M81-001-080,8.07,12.2,4.33,0.84,1
N28-399-030,8.07,10.83,3.74,1.76,1
N28-399-040,8.07,10.83,3.74,1.78,1
N28-645-030,8.07,10.83,3.74,1.76,1
N64-001-055,8.27,11.81,4.53,1.71,1
N64-001-070,8.27,11.81,4.53,1.76,1
O27-001-055,7.87,11.81,4.13,1.81,1
O54-644-045,9.06,11.02,4.13,1.37,1
O54-644-060,9.25,11.81,4.13,1.46,1
O54-644-080,9.65,12.2,4.33,1.54,1
K26-054-030,7.87,10.04,4.13,1.34,1
K26-054-060,8.07,11.02,4.53,1.51,1
Q29-167-110,8.66,12.99,5.31,1.89,1
Q74-001-055,6.3,11.42,4.13,1.48,1
Q74-001-070,6.3,11.42,4.13,1.54,1
R08-194-090,4.53,11.42,4.72,1.06,1
R49-011-065,8.07,11.02,4.53,1.54,1
U98-054-045,8.27,10.83,4.33,1.6,1
V80-001-070,6.3,11.02,4.13,2.03,1
W90-001-080,10.24,12.99,4.72,2.12,1
X03-231-040,7.87,10.04,4.13,1.6,1
X03-231-050,8.07,11.02,4.53,1.69,1
X22-001-030,7.87,10.43,4.33,1.46,1
X22-001-035,7.87,10.43,4.33,1.52,1
X22-001-040,7.87,10.43,4.33,1.59,1
X22-011-030,7.87,10.43,4.33,1.46,1
X22-011-040,7.87,10.43,4.33,1.59,1
X22-011-050,8.07,11.02,4.53,1.72,1
X22-011-070,8.66,11.61,4.53,2.05,1
X22-011-090,8.66,11.61,4.53,2.29,1
X22-090-030,7.87,10.43,4.33,1.46,1
X22-090-050,8.07,11.02,4.53,1.72,1
X22-194-035,7.87,10.43,4.33,1.52,1
X22-194-040,7.87,10.43,4.33,1.59,1
X22-194-045,8.07,11.02,4.53,1.65,1
I88-323-060,8.07,11.02,4.53,1.72,1
I88-323-090,8.27,11.81,4.53,1.94,1
O83-745-065,6.3,11.02,4.13,1.68,1
Z64-001-040,7.87,10.04,4.13,1.23,1
Z64-001-070,8.07,11.02,4.53,1.38,1
Z64-011-065,8.07,11.02,4.53,1.36,1
Z64-705-060,8.07,11.02,4.53,1.34,1
Z65-001-090,9.06,12.2,4.72,1.54,1
Z65-705-065,9,12,5.01,1.4,1
Y12-090-030,8.66,10.63,4.33,1.17,1
Z18-675-060,8.07,11.02,4.53,1.51,1
279-005-115,8.66,12.99,5.31,2.04,1
L05-399-120,8.66,12.99,5.31,2.13,1
W90-399-060,9.84,12.6,4.72,1.98,1
O96-001-055,7.87,11.81,4.53,1.06,1
Z52-546-060,6.3,11.02,4.13,1.63,1
Y54-001-070,10.63,11.42,4.33,3,1
AS6-802-070,8.07,11.02,4.53,1.73,1
AS8-323-030,8.66,11.61,4.72,1.28,1
AS8-323-040,8.66,11.61,4.72,1.37,1
AS8-323-070,9.06,12.2,4.72,1.52,1
AS8-323-080,9.45,12.6,4.72,1.57,1
AH8-399-090,12.99,14.96,4.53,4.81,1
AH9-090-040,12.99,18.5,4.33,4.94,1
AH9-090-050,12.99,18.5,4.33,5,1
AH9-090-065,13.78,19.29,4.53,5.38,1
AH9-399-050,12.99,18.5,4.33,5,1
AH9-399-065,13.78,19.29,4.53,5.38,1
AH9-399-070,13.78,19.29,4.53,5.47,1
AH9-399-090,13.78,19.29,4.53,6.06,1
AQ1-001-090,8.27,12.6,5.12,1.82,1
AQ1-001-110,8.66,12.99,5.31,2,1
AQ1-001-115,8.66,12.99,5.31,2.04,1
BK1-090-070,9.84,12.6,4.72,2.27,1
H84-090-080,8.27,11.81,4.53,1.89,1
H84-090-090,8.27,11.81,4.53,1.93,1
I88-011-055,8.07,11.02,4.53,1.41,1
I88-011-070,8.07,11.02,4.53,1.56,1
I88-024-045,7.87,10.04,4.13,1.65,1
I88-592-065,8.07,11.02,4.53,1.74,1
K04-592-030,7.87,10.04,4.13,1.56,1
O96-031-030,7.87,10.43,4.33,1.39,1
Q74-399-030,5.91,10.63,4.33,0.99,1
X03-339-045,7.87,10.04,4.13,1.64,1
X03-399-030,7.87,10.04,4.13,1.56,1
X03-399-045,7.87,10.04,4.13,1.64,1
AQ1-399-100,8.27,12.6,5.12,1.87,1
AQ3-399-120,8.66,12.99,5.31,2.13,1
CR2-001-100,9.45,12.6,4.72,2.16,1
CR2-810-100,9.45,12.6,4.72,2.16,1
CC6-011-065,8.66,11.61,4.72,1.37,1
CC6-675-065,8.66,11.61,4.72,1.37,1
CM2-675-080,9.06,12.2,4.72,1.57,1
CM2-826-060,8.66,11.61,4.72,1.41,1
CM3-194-050,8.07,11.02,4.53,1.65,1
R08-399-080,4.53,11.42,4.72,0.99,1
DO1-090-070,8.07,11.02,4.53,1.76,1
DO1-675-070,8.07,11.02,4.53,1.76,1
DO1-675-080,8.27,11.81,4.53,1.89,1
DR4-194-060,8.07,11.02,4.53,1.85,1
DR7-399-045,8.07,10.43,4.53,1.64,1
DR7-399-060,8.07,11.02,4.53,1.73,1
DV5-001-055,7.87,11.81,4.53,1.06,1
H88-841-100,8.27,12.6,5.12,1.94,1
DR1-001-110,9.67,13.75,5.26,2,1
DR1-005-100,9.45,12.6,4.72,2.2,1
DR1-005-110,9.75,13.75,5.51,2.2,1
DR6-024-080,8.27,11.81,4.33,2.09,1
W90-137-060,9.84,12.6,4.72,1.81,1
EJ5-090-070,14.17,15.55,5.12,3.35,1
268-592-090,8.66,12.6,4.72,1.64,1
CM2-054-050,8.66,11.61,4.72,1.34,1
CM2-054-080,9.06,12.2,4.72,1.57,1
CW6-898-030,5.91,10.63,3.94,1.28,1
CW6-898-055,6.3,11.02,4.13,1.43,1
CW6-898-060,6.3,11.02,4.13,1.43,1
CW6-898-065,6.3,11.02,4.13,1.46,1
DG5-137-090,4.53,11.42,4.72,1.06,1
DG5-399-060,4.33,11.02,4.53,0.93,1
DG5-399-070,4.33,11.02,4.53,0.97,1
DG5-399-090,4.53,11.42,4.72,1.06,1
DQ5-399-090,9.06,12.2,4.72,1.85,1
DV5-399-050,6.3,11.02,4.13,1.32,1
DV5-399-065,6.3,11.02,4.13,1.39,1
I88-054-040,8.27,10.83,4.33,1.65,1
I88-054-060,8.27,11.81,4.53,1.74,1
DX7-167-070,9.06,11.61,4.72,1.06,1
DX7-167-090,9.45,12.6,4.72,1.12,1
EH4-861-100,7.48,12.6,5.12,1.76,1
EH4-861-110,7.87,12.99,5.31,1.81,1
EE6-030-080,9.65,13,4.76,2.2,1
EE6-090-080,9.75,13,4.76,2.2,1
DX9-090-065,7.48,11.42,4.33,1.1,1
DZ2-861-050,8.27,11.81,4.53,1.4,1
DZ2-892-080,9.06,12.2,4.72,1.62,1
EB1-090-040,7.09,10.83,4.33,1.48,1
EB1-090-045,7.09,10.83,4.33,1.49,1
EB1-090-055,7.87,11.61,4.72,1.6,1
EB1-090-060,7.87,11.61,4.72,1.62,1
EB1-090-070,7.87,11.61,4.72,1.68,1
EB1-090-080,8.27,12.6,5.12,1.74,1
EB1-090-090,8.27,12.6,5.12,1.75,1
ED4-090-040,8.27,10.83,4.33,1.65,1
ED4-090-080,9.06,12.2,4.72,1.94,1
EH8-137-060,8.66,12.2,4.72,1.91,1
EH8-137-070,8.66,12.2,4.72,2.06,1
EH8-137-080,8.66,12.99,5.12,2.11,1
EH8-892-030,8.07,11.02,4.53,1.76,1
EH8-892-060,8.66,12.2,4.72,1.91,1
EH8-892-065,8.66,12.2,4.72,2,1
EH8-892-070,8.66,12.2,4.72,2.06,1
EH8-892-080,8.66,12.99,5.12,2.11,1
EJ8-323-030,7.87,10.63,4.33,1.09,1
EJ8-323-040,7.87,10.63,4.33,1.16,1
EJ8-323-050,8.66,11.61,4.72,1.29,1
EJ8-323-060,8.66,11.61,4.72,1.33,1
EJ8-323-065,8.66,11.61,4.72,1.35,1
EJ8-323-070,8.66,11.61,4.72,1.37,1
EJ8-323-080,9.06,12.2,4.72,1.48,1
EJ8-323-090,9.06,12.2,4.72,1.52,1
EJ8-399-045,7.87,10.63,4.33,1.21,1
EJ8-399-055,8.66,11.61,4.72,1.3,1
EJ8-399-065,8.66,11.61,4.72,1.34,1
EK1-323-090,8.27,11.81,4.53,1.51,1
EK8-090-050,9.06,11.81,4.72,1.57,1
EK8-090-055,9.06,11.81,4.72,1.59,1
EK8-090-065,9.06,11.81,4.72,1.63,1
EK8-090-070,9.06,11.81,4.72,1.65,1
SAP-910-999,7.48,4.92,0.16,0.03,1
EL8-194-055,8.27,11.81,4.53,1.74,1
EL8-194-070,8.27,11.81,4.53,1.94,1
EL8-194-080,9.06,12.2,4.72,1.94,1
EL8-194-090,9.06,12.2,4.72,1.94,1
EO8-011-030,5.51,10.63,4.33,1.07,1
EO8-011-070,6.3,11.22,4.72,1.21,1
EO8-011-080,6.89,11.61,5.12,1.25,1
EO8-011-090,6.89,11.61,5.12,1.3,1
EO8-090-030,5.51,10.63,4.33,1.07,1
EO8-090-060,6.3,11.22,4.72,1.14,1
EO8-090-090,6.89,11.61,5.12,1.3,1
EO8-592-060,6.3,11.22,4.72,1.14,1
EO8-592-070,6.3,11.22,4.72,1.21,1
EQ3-090-080,4.53,12.6,4.92,1.17,1
ES6-090-050,8.66,11.61,4.72,1.48,1
ES6-090-055,8.66,11.61,4.72,1.49,1
ES6-090-060,8.66,11.61,4.72,1.5,1
ES6-090-080,9.06,12.2,4.72,1.7,1
ES6-592-030,7.87,10.63,4.33,1.26,1
ES6-592-040,7.87,10.63,4.33,1.3,1
ES6-592-065,8.66,11.61,4.72,1.52,1
ES6-592-080,9.06,12.2,4.72,1.7,1
ES6-592-090,9.06,12.2,4.72,1.72,1
ES7-090-040,7.87,10.63,4.33,1.28,1
ES7-090-060,8.66,11.61,4.72,1.48,1
ES7-090-090,9.06,12.2,4.72,1.63,1
ES8-090-040,7.87,10.04,4.13,1.61,1
ES8-090-045,7.87,10.04,4.13,1.65,1
ES8-090-050,8.07,11.02,4.53,1.7,1
ES8-592-065,8.07,11.02,4.53,1.74,1
ET3-339-030,8.27,10.83,4.33,1.65,1
ET3-339-045,8.27,10.83,4.33,1.65,1
ET3-339-080,9.06,12.2,4.72,1.94,1
ER9-953-070,4.75,12,4.26,0.8,1
ER9-953-090,5,12.5,4.51,1.2,1
EQ4-090-070,4.37,11.81,4.72,1.14,1
EQ4-090-090,4.53,12.6,4.92,1.22,1
EQ4-399-115,4.72,13.39,5.12,1.46,1
ER5-950-090,4.53,12.6,4.92,0.9,1
EM7-090-040,6.3,11.02,4.13,1,1
ET5-675-080,9.06,12.2,4.72,1.94,1
ET7-675-060,8.27,11.81,4.53,1.74,1
ET9-011-030,8.27,10.83,4.33,1.65,1
ET9-011-060,8.27,11.81,4.53,1.74,1
ET9-011-080,9.06,12.2,4.72,1.94,1
ET9-011-090,9.06,12.2,4.72,1.94,1
EU4-090-090,8.27,11.81,4.53,1.94,1
EW2-137-050,9.45,12.2,4.72,2.14,1
EY2-011-040,7.87,10.04,4.13,1.61,1
EZ2-090-050,8.66,12.2,4.72,1.86,1
FA4-482-070,8.66,12.2,4.72,1.66,1
FB2-090-080,8.27,11.81,4.53,1.71,1
DX9-011-070,7.48,11.42,4.33,1.13,1
DX9-955-050,7.48,11.42,4.33,1.03,1
DX9-955-065,7.48,11.42,4.33,1.1,1
EB1-592-040,7.09,10.83,4.33,1.48,1
EB1-592-045,7.09,10.83,4.33,1.49,1
EB1-592-055,7.87,11.61,4.72,1.6,1
EB1-592-060,7.87,11.61,4.72,1.62,1
EB1-592-065,7.87,11.61,4.72,1.65,1
EB1-592-080,8.27,12.6,5.12,1.74,1
EB1-592-090,8.27,12.6,5.12,1.75,1
EB1-675-030,7.09,10.83,4.33,1.46,1
EB1-675-040,7.09,10.83,4.33,1.48,1
EB1-675-045,7.09,10.83,4.33,1.49,1
EB1-675-055,7.87,11.61,4.72,1.6,1
EB1-675-065,7.87,11.61,4.72,1.65,1
EB1-675-070,7.87,11.61,4.72,1.68,1
EB1-675-080,8.27,12.6,5.12,1.74,1
X03-323-060,8.27,11.81,4.53,1.74,1
EJ8-090-040,7.87,10.63,4.33,1.17,1
EJ8-090-045,7.87,10.63,4.33,1.21,1
EJ9-090-060,8.07,11.02,4.53,1.3,1
EK1-090-040,7.87,10.43,4.33,1.26,1
EK1-090-080,8.27,11.81,4.53,1.52,1
EK1-090-090,8.27,11.81,4.53,1.57,1
Q34-570-030,8.07,11.02,4.53,1.61,1
Q34-570-060,8.66,12.2,4.72,1.87,1
FB3-090-030,7.48,11.42,4.33,1.32,1
FB7-001-055,9.06,11.81,4.72,1.06,1
FB7-001-080,9.45,12.2,4.72,1.19,1
FB7-399-065,9.06,11.81,4.72,1.1,1
FB7-477-045,7.87,11.81,4.53,1.01,1
FB7-477-090,9.45,12.2,4.72,1.2,1
FB8-399-045,7.87,11.81,4.53,1.56,1
FC1-001-050,9.06,11.81,4.72,1.03,1
FT1-477-030,3.94,11.02,2.09,0.29,1
FT1-477-060,3.94,11.02,2.09,0.32,1
FT1-477-065,4.13,12.01,2.09,0.33,1
FT1-477-070,4.13,12.01,2.09,0.34,1
FT1-477-080,4.13,12.01,2.09,0.36,1
FT1-477-090,4.13,12.01,2.09,0.37,1
FM1-592-080,8.66,12.2,4.72,1.61,1
279-167-120,8.66,12.99,5.31,2.13,1
J61-592-080,8.27,11.81,4.72,2.01,1
J61-592-090,8.66,12.6,4.92,2.08,1
J61-592-110,8.66,13.58,5.12,2.17,1
J61-592-115,8.66,13.58,5.12,2.2,1
J61-592-120,8.66,13.58,5.12,2.24,1
AQ3-370-070,8.07,12.2,4.92,1.71,1
AH9-227-040,12.99,18.5,4.33,5.22,1
AH9-227-070,13.78,19.29,4.53,6,1
ET9-399-030,8.27,10.83,4.33,1.17,1
ET9-399-040,8.27,10.83,4.33,1.21,1
ET9-399-050,8.27,11.81,4.53,1.26,1
ET9-399-060,8.27,11.81,4.53,1.28,1
ET9-399-070,8.27,11.81,4.53,1.32,1
ET9-806-050,8.9,12,4.76,1.4,1
ET9-806-080,9.5,13,5.01,1.6,1
FB7-090-030,8.27,10.83,4.33,0.8,1
FB7-090-045,8.27,10.83,4.33,0.87,1
FB7-090-090,9.06,12.2,4.72,1.09,1
FB7-960-065,8.27,11.81,4.53,0.92,1
EF3-167-065,12.6,13.19,4.92,3.25,1
FF1-090-080,11.02,13.39,4.72,4.4,1
FF1-090-090,11.02,13.39,4.72,4.56,1
FF1-399-090,11.02,13.39,4.72,4.56,1
FH4-167-030,10.24,12.99,4.72,2.18,1
FH4-167-040,10.24,12.99,4.72,2.2,1
FH4-167-045,10.24,12.99,4.72,2.65,1
FH4-167-060,12.2,13.39,4.33,2.8,1
FH4-167-065,12.1,13.6,4.51,2.2,1
FH4-167-080,12.6,13.78,4.53,2.87,1
FH4-167-090,12.6,13.78,4.53,2.98,1
FH4-A01-060,12.1,13.6,4.26,2.4,1
FI8-592-060,12.6,13.78,4.53,2.37,1
FJ1-167-050,12.99,14.17,4.72,3.01,1
FK3-090-030,10.24,12.99,4.72,2.09,1
EW2-592-050,9.45,12.2,4.72,2.14,1
I88-A01-040,7.87,10.04,4.13,1.71,1
I88-A15-050,8.07,11.02,4.53,1.71,1
I88-A15-055,8.07,11.02,4.54,1.71,1
Z18-969-060,8.07,11.02,4.53,1.72,1
EO8-137-065,7.09,11.42,4.53,1.43,1
EO8-137-090,7.48,12.2,4.72,1.61,1
FH3-090-030,8.27,11.81,4.53,1.74,1
FH3-090-040,8.27,11.81,4.53,1.76,1
FH3-090-045,8.27,11.81,4.53,1.76,1
FH3-090-050,9.06,12.2,4.72,1.87,1
FH3-090-055,9.06,12.2,4.72,1.87,1
FH3-090-060,9.06,12.2,4.72,1.9,1
FH3-090-065,9.06,12.2,4.72,1.9,1
FH3-090-080,9.45,12.99,5.12,2.2,1
FH3-090-090,9.45,12.99,5.12,2.38,1
FH3-399-055,9.06,12.2,4.72,1.85,1
FH5-A01-065,8.4,12.4,4.81,1.8,1
FJ6-090-050,8.27,11.81,4.53,1.4,1
FK4-A11-090,9.15,12.25,4.76,1.8,1
FK9-592-050,8.38,12,4.51,1.8,1
FC7-001-040,8.07,11.42,4.53,1.3,1
FC7-194-045,8.07,11.42,4.53,1.34,1
FC7-194-055,8.07,11.42,4.53,1.43,1
FD7-090-050,7.48,11.42,4.33,1.19,1
FD7-090-065,7.48,11.42,4.33,1.32,1
FD7-137-045,7.48,11.42,4.33,1.15,1
FE5-090-065,8.66,11.61,4.72,1.23,1
FE5-477-065,8.66,11.61,4.72,1.45,1
FE8-592-040,6.69,10.63,4.33,1.08,1
FE8-592-070,7.09,11.42,4.53,1.26,1
FE8-592-080,7.48,12.2,4.72,1.32,1
FG1-090-040,7.87,10.63,4.33,1.21,1
FG3-167-050,8.45,12,4.51,1.8,1
FN6-090-080,8.5,12.5,4.51,2,1
FG8-090-030,11.81,12.2,4.72,2.41,1
FG8-090-065,12.6,13.19,4.92,2.8,1
FG8-090-070,12.6,13.19,4.92,2.85,1
FG8-751-045,11.81,12.2,4.72,2.58,1
FG9-090-045,9.06,11.81,4.72,2.36,1
FG9-090-050,9.45,12.2,4.72,2.41,1
FG9-751-055,9.45,12.2,4.72,2.47,1
FG9-751-065,9.45,12.2,4.72,2.58,1
FG9-751-080,10,13.15,5.01,2.6,1
FG9-751-090,9.84,12.6,4.72,2.8,1
FP1-965-080,8.27,12.6,4.72,1.65,1
FQ1-A20-065,8.27,11.81,4.53,1.22,1
FQ1-A20-080,9.06,12.2,4.72,1.32,1
FQ1-A57-045,8.27,10.83,4.33,1.14,1
FQ1-A57-050,8.27,11.81,4.53,1.15,1
FQ1-A57-060,8.27,11.81,4.53,1.19,1
FQ1-A57-070,8.27,11.81,4.53,1.24,1
FQ1-A57-080,9.06,12.2,4.72,1.32,1
FQ7-090-030,7.09,10.63,4.13,1.01,1
FQ7-090-050,7.48,11.42,4.33,1.19,1
FQ9-399-070,9.06,12.2,4.72,2.23,1
FR4-A20-050,9.45,13.39,4.72,2.23,1
FR4-A20-070,9.45,13.39,4.72,2.4,1
FS9-399-050,7.48,11.42,4.33,1.32,1
FT5-137-050,9.06,12.2,4.72,1.85,1
FT5-137-060,9.06,12.2,4.72,1.9,1
FT7-323-045,8.27,10.83,4.33,1.57,1
FT7-323-080,8.66,12.6,5.12,1.85,1
FT7-675-060,8.27,11.81,4.72,1.7,1
FT8-011-050,8.27,11.81,4.72,1.61,1
FT8-675-060,8.27,11.81,4.72,1.7,1
FT8-675-080,8.66,12.99,5.12,1.85,1
FT9-090-050,7.09,11.42,4.53,1.08,1
FT9-090-065,7.09,11.42,4.53,1.16,1
FT9-090-070,7.09,11.42,4.53,1.19,1
FT9-137-040,6.69,10.63,4.33,0.99,1
FT9-592-050,7.09,11.42,4.53,1.08,1
FT9-592-060,7.09,11.42,4.53,1.12,1
FV1-090-040,6.69,10.63,4.33,1.1,1
FV1-090-080,7.48,12.2,4.72,1.6,1
FV1-137-065,7.09,11.42,4.53,1.49,1
FV1-137-090,7.48,12.2,4.72,1.64,1
FV1-592-060,7.09,11.42,4.53,1.21,1
FV2-592-060,7.09,11.42,4.53,1.1,1
FV3-090-030,7.09,10.63,4.13,1.15,1
FV3-090-040,7.09,10.63,4.13,1.23,1
FV3-090-060,7.48,11.42,4.33,1.41,1
FV3-090-070,7.48,11.42,4.33,1.5,1
FV3-090-080,7.87,11.61,4.72,1.59,1
FV3-090-090,7.87,11.61,4.72,1.68,1
FV3-137-060,7.48,11.42,4.33,1.41,1
FV3-137-070,7.48,11.42,4.33,1.5,1
FV3-137-090,7.87,11.61,4.72,1.68,1
FV3-592-030,7.09,10.63,4.13,1.15,1
FV3-592-040,7.09,10.63,4.13,1.23,1
FV3-592-065,7.48,11.42,4.33,1.46,1
FV3-592-090,7.87,11.61,4.72,1.68,1
FV6-011-060,8.27,11.81,4.53,0.91,1
FV6-323-040,8.27,10.83,4.33,0.82,1
FV6-323-050,8.27,11.81,4.53,0.86,1
FV6-323-060,8.27,11.81,4.53,0.91,1
FV6-592-045,7.87,10.63,4.33,1.5,1
FV6-592-065,8.66,11.61,4.72,1.63,1
FH4-A20-090,12.6,13.78,4.53,1.81,1
FH4-A21-055,12.2,13.39,4.33,1.5,1
FH4-A21-060,12.2,13.39,4.33,1.54,1
FV8-011-030,8.27,10.83,4.33,1.37,1
FV8-011-040,8.27,10.83,4.33,1.39,1
FV8-011-060,8.27,11.81,4.53,1.54,1
FV8-011-065,8.27,11.81,4.53,1.57,1
FV8-011-080,9.06,12.2,4.72,1.65,1
FV8-011-090,9.06,12.2,4.72,1.76,1
FV8-090-080,9.06,12.2,4.72,1.65,1
FV8-323-030,8.27,10.83,4.33,1.37,1
FV8-323-060,8.27,11.81,4.53,1.54,1
FV8-323-070,8.27,11.81,4.53,1.59,1
FV8-323-080,9.06,12.2,4.72,1.65,1
FV8-592-080,9.06,12.2,4.72,1.65,1
FV8-592-090,9.06,12.2,4.72,1.76,1
FW3-090-090,8.66,12.99,5.12,1.94,1
FW3-A21-030,8.27,10.83,4.33,1.46,1
FW3-A21-070,8.27,11.81,4.72,1.79,1
FW3-A49-090,8.66,12.6,5.12,1.94,1
FW4-090-055,8.07,12.2,4.72,1.54,1
FW4-090-065,8.07,12.2,4.72,1.61,1
FW4-137-045,7.28,11.81,4.53,1.48,1
FW4-137-065,8.07,12.2,4.72,1.61,1
FW4-137-080,9.06,12.2,4.72,2.03,1
FW4-137-090,9.06,12.2,4.72,2.05,1
FW4-399-040,8.27,10.83,4.33,1.54,1
FW4-399-070,8.27,11.81,4.72,1.79,1
FW4-399-080,8.66,12.6,5.12,1.85,1
FW4-477-030,7.28,11.81,4.53,1.37,1
FW4-477-040,7.28,11.81,4.53,1.43,1
FW4-477-045,7.28,11.81,4.53,1.48,1
FW4-477-050,8.07,12.2,4.72,1.5,1
FW4-477-055,8.07,12.2,4.72,1.54,1
FW4-592-040,7.28,11.81,4.53,1.43,1
FW4-592-045,7.28,11.81,4.53,1.48,1
FW4-592-080,9.06,12.2,4.72,2.03,1
FW5-090-040,8.27,10.83,4.33,1.54,1
FW5-090-045,8.27,10.83,4.33,1.57,1
FW5-090-050,8.27,11.81,4.72,1.61,1
FW5-090-055,8.27,11.81,4.72,1.65,1
FW5-090-065,8.27,11.81,4.72,1.74,1
FW5-090-070,8.27,11.81,4.72,1.79,1
FW5-090-090,8.66,12.99,5.12,1.94,1
FW5-477-040,8.27,10.83,4.33,1.54,1
FW5-477-045,8.27,10.83,4.33,1.57,1
FW5-477-055,8.27,11.81,4.72,1.65,1
FW5-477-065,8.27,11.81,4.72,1.74,1
FW5-477-070,8.27,11.81,4.72,1.79,1
FW5-592-030,8.27,10.83,4.33,1.46,1
FW5-592-040,8.27,10.83,4.33,1.54,1
FW5-592-050,8.27,11.81,4.72,1.61,1
FW5-592-055,8.27,11.81,4.72,1.65,1
FW5-592-060,8.27,11.81,4.72,1.7,1
FW5-592-070,8.27,11.81,4.72,1.79,1
FW5-592-080,8.66,12.99,5.12,1.85,1
FW6-090-045,8.27,10.83,4.33,1.57,1
FW6-090-060,8.27,11.81,4.72,1.7,1
FW6-090-070,8.27,11.81,4.72,1.79,1
FW6-090-080,8.66,12.6,5.12,1.85,1
FW6-090-090,8.66,12.6,5.12,1.94,1
FW6-477-055,8.27,11.81,4.72,1.65,1
FW6-477-065,8.27,11.81,4.72,1.74,1
FW6-477-080,8.66,12.6,5.12,1.85,1
FW6-477-090,8.66,12.6,5.12,1.94,1
FW8-090-080,8.66,12.6,5.12,1.85,1
GA6-A46-065,8.66,12.2,4.72,1.92,1
I88-925-050,8.27,11.81,4.53,0.82,1
GB3-090-080,7.48,12.2,4.72,1.19,1
GB3-090-090,7.48,12.2,4.72,1.23,1
GB3-399-050,7.09,11.42,4.53,1.04,1
GB7-646-045,8.27,10.83,4.33,1.74,1
GB7-A22-040,8.27,10.83,4.33,1.7,1
GB7-A54-045,8.27,10.83,4.33,1.74,1
GB7-A54-060,8.66,12.2,4.72,1.87,1
GB7-A54-090,9.45,12.6,4.72,2.14,1
GB8-137-060,7.48,11.42,4.33,1.41,1
GB8-592-030,7.09,10.63,4.13,1.15,1
GB8-592-060,7.48,11.42,4.33,1.41,1
GB8-592-065,7.48,11.42,4.33,1.46,1
FR8-090-090,9.06,12.2,4.72,1.53,1
FX6-580-050,9.06,12.2,4.72,2.2,1
FX6-580-060,9.06,12.2,4.72,2.2,1
FX6-580-070,9.06,12.2,4.72,2.2,1
FX6-A27-080,9.84,12.6,4.72,2.43,1
FX6-A53-060,9.06,12.2,4.72,2.2,1
FZ8-090-070,8.27,11.81,4.53,0.83,1
FZ8-323-050,8.27,11.81,4.53,0.77,1
GA1-011-040,8.27,10.83,4.33,0.79,1
GA1-011-060,8.27,11.81,4.53,0.86,1
GA1-011-080,9.06,12.2,4.72,0.93,1
GA1-090-040,8.27,10.83,4.33,0.79,1
GA1-090-050,8.27,11.81,4.53,0.83,1
GA3-011-030,8.27,10.83,4.33,1.34,1
GA3-675-050,8.27,11.81,4.53,1.46,1
GB5-090-080,8.27,11.81,4.53,1.54,1
GC1-090-080,8.27,11.81,4.53,1.9,1
GC1-A41-080,8.27,11.81,4.53,1.9,1
DG5-A45-030,4.13,10.24,4.33,0.37,1
DG5-A45-070,4.33,11.02,4.53,0.42,1
E54-A45-040,4.13,10.24,4.33,0.39,1
EB1-A20-040,6.69,10.63,4.33,1.21,1
EB1-A20-060,7.09,11.42,4.53,1.4,1
EB1-A20-070,7.09,11.42,4.53,1.43,1
EQ3-A41-040,4.33,11.02,4.53,0.66,1
EU3-675-050,8.27,11.81,4.53,0.85,1
EU3-675-070,8.27,11.81,4.53,0.9,1
FD2-399-030,4.53,11.42,4.72,1.08,1
FD2-399-040,4.53,11.42,4.72,1.15,1
FD2-399-050,4.53,12.6,4.92,1.19,1
FE5-675-060,8.66,11.61,4.72,1.43,1
FE5-675-065,8.66,11.61,4.72,1.45,1
FE5-675-070,8.66,11.61,4.72,1.47,1
FK8-A21-040,7.87,10.43,4.33,1.38,1
N28-A35-050,8.07,11.61,4.13,1.67,1
GD1-001-100,8.27,12.6,5.12,1.76,1
GD1-001-115,8.66,12.99,5.31,1.98,1
GD1-001-120,8.66,12.99,5.31,1.98,1
GD1-167-090,8.27,12.6,5.12,1.76,1
GD1-167-115,8.66,12.99,5.31,1.98,1
GD2-001-090,8.27,12.6,5.12,1.76,1
GD2-001-115,8.66,12.99,5.31,1.98,1
GF5-090-090,8.27,12.6,5.12,1.98,1
GF9-231-090,9.06,12.99,5.12,2.14,1
GF9-231-120,10.04,13.39,5.31,2.4,1
GF9-442-075,9.06,12.2,4.72,2.01,1
GF9-646-075,9.06,12.2,4.72,2.01,1
GF9-646-080,9.06,12.2,4.72,2.05,1
GF9-646-115,10.04,13.39,5.31,2.36,1
H84-A31-030,7.87,10.04,4.13,1.32,1
H84-A48-080,8.27,11.81,4.53,1.59,1
FE8-090-040,6.69,10.63,4.33,1.08,1
FE8-090-050,7.09,11.42,4.53,1.15,1
FE8-090-060,7.09,11.42,4.53,1.21,1
FQ6-090-040,8.07,10.43,4.53,0.96,1
FQ6-090-060,8.66,11.81,4.72,1.12,1
FQ6-090-070,8.66,11.81,4.72,1.17,1
C19-194-065,7.87,11.81,4.13,1.43,1
FP2-001-120,4.33,8.66,3.94,0.49,1
FP2-A40-130,4.33,8.66,3.94,0.5,1
FP4-001-110,5.91,9.45,3.94,0.67,1
FP4-694-130,5.91,9.45,3.94,0.9,1
FP4-A26-010,7.09,10.43,4.13,1.08,1
FP4-A26-020,7.09,10.43,4.13,1.12,1
FP4-A34-010,7.09,10.43,4.13,0.84,1
FP4-A40-120,5.91,9.45,3.94,0.7,1
FP6-001-090,5.91,8.07,4.13,0.52,1
FP6-694-100,5.91,8.07,4.13,0.71,1
FP6-A26-100,5.91,8.07,4.13,0.71,1
FP6-A34-060,4.33,7.68,3.74,0.39,1
FP6-A34-100,5.91,8.07,4.13,0.54,1
FP6-A40-090,5.91,8.07,4.13,0.52,1
FP8-001-080,5.91,7.68,3.74,0.49,1
FP8-001-100,5.91,8.07,4.13,0.57,1
FP8-A34-060,5.91,7.68,3.74,0.46,1
FP8-A40-090,5.91,8.07,4.13,0.56,1
FP8-A40-100,5.91,8.07,4.13,0.57,1
GG5-001-006,12,14.63,0.26,0.4,1
GG5-031-004,7.25,10.5,1.01,0.2,1
GG5-031-006,12,14.63,0.26,0.4,1
GG5-031-007,8,11.5,1.01,0.2,1
GG5-194-004,12,14.63,0.26,0.14,1
GG5-194-005,12,14.63,0.26,0.14,1
GG6-399-005,12,14.63,0.26,0.4,1
GG6-399-006,12,14.63,0.26,0.4,1
GG6-399-007,10,14.25,3.01,1.8,1
GG6-925-006,9,14,2.01,1.6,1
GG7-001-005,12,14.63,0.26,0.14,1
GG7-001-006,12,14.63,0.26,0.4,1
GG7-399-006,12,14.63,0.26,0.4,1
GG7-925-005,9.5,15,1.51,0.8,1
GH3-399-A35,3.5,7,1.21,0.2,1
GH3-482-A35,3.5,7,1.21,0.2,1
GH3-482-A69,3.5,7,1.21,0.2,1
GH3-604-A35,3.5,7,1.21,0.2,1
GH3-604-A69,3.5,7,1.21,0.2,1
GH3-668-A35,3.5,7,1.21,2,1
GH3-A35-A69,3.5,7,1.21,0.2,1
GJ1-A54-050,9.06,12.6,4.92,1.81,1
GJ1-A71-070,9.06,12.6,4.92,1.98,1
GJ5-090-080,8.66,12.99,5.12,1.85,1
GJ5-A20-060,8.27,11.81,4.72,1.7,1
GJ6-592-080,8.66,12.99,5.12,1.85,1
GJ7-090-050,8.27,11.81,4.72,1.61,1
GJ7-592-040,8.27,10.83,4.33,1.54,1
GJ7-592-065,8.27,11.81,4.72,1.74,1
GJ8-090-090,8.07,12.2,4.92,1.76,1
GJ8-194-050,8.07,11.42,4.53,1.54,1
GJ8-194-070,8.07,11.42,4.53,1.54,1
GJ8-194-080,8.07,12.2,4.92,1.76,1
GK5-090-045,8.27,11.81,4.53,1.76,1
GK5-090-060,9.06,12.6,4.92,1.9,1
GK5-090-080,9.45,12.99,5.12,2.07,1
GK5-646-060,9.06,12.6,4.92,1.9,1
GK5-646-080,9.45,12.99,5.12,2.07,1
GQ7-A20-050,8.27,11.81,4.72,1.61,1
EO8-675-050,7.09,11.42,4.53,1.34,1
EO8-675-060,7.09,11.42,4.53,1.41,1
EO8-675-065,7.09,11.42,4.53,1.43,1
EO8-675-070,7.09,11.42,4.53,1.46,1
EO8-A68-040,6.69,10.63,4.33,1.26,1
ES7-675-090,9.06,12.2,4.72,1.64,1
ES8-194-030,7.87,10.04,4.13,1.1,1
ES8-194-040,7.87,10.04,4.13,1.1,1
ES8-194-045,7.87,10.04,4.13,1.1,1
ES8-323-040,7.87,10.04,4.13,1.1,1
ES8-323-050,8.07,11.02,4.53,1.32,1
ES8-323-055,8.07,11.02,4.53,1.32,1
ES8-323-065,8.07,11.02,4.53,1.32,1
ES8-675-060,8.07,11.02,4.53,1.32,1
FC7-090-060,8.07,11.42,4.53,1.48,1
FC7-090-065,8.07,11.42,4.53,1.52,1
FC7-090-070,8.07,11.42,4.53,1.57,1
FC7-090-080,8.27,12.6,4.72,1.65,1
FT5-675-060,9.06,12.2,4.72,2.2,1
FT5-675-070,9.06,12.2,4.72,2.2,1
FT5-A68-050,9.06,12.2,4.72,2.2,1
FT5-A68-080,9.84,12.6,4.72,2.43,1
FT6-675-050,9.06,12.2,4.72,2.2,1
GB7-A81-050,8.66,12.2,4.72,1.79,1
GB7-A81-060,8.66,12.2,4.72,1.87,1
GB7-A85-035,8.27,10.83,4.33,1.65,1
I88-A68-060,8.07,11.02,4.53,1.63,1
GI6-011-020,5.91,9.45,3.94,0.81,1
GI6-323-130,4.33,8.66,3.94,0.69,1
GI6-339-120,4.33,8.66,3.94,0.67,1
GI8-011-060,4.33,7.68,3.74,0.55,1
GI8-011-070,4.33,7.68,3.74,0.56,1
GI8-011-100,5.91,8.07,4.13,0.71,1
GI8-323-060,4.33,7.68,3.74,0.55,1
GI8-323-070,4.33,7.68,3.74,0.56,1
GI9-001-090,5.91,8.07,4.13,0.72,1
GI9-001-100,5.91,8.07,4.13,0.75,1
GI9-011-070,5.91,7.68,3.74,0.66,1
GS9-001-070,4.53,12.6,4.92,1.23,1
GS9-001-115,4.92,14.17,5.31,1.53,1
GS9-399-070,4.53,12.6,4.92,1.23,1
GS9-399-115,4.92,14.17,5.31,1.53,1
GF6-455-075,9.06,12.2,4.72,1.7,1
GF6-455-110,10.04,13.39,5.31,2.01,1
GF6-455-115,10.04,13.39,5.31,2.05,1
GF6-455-120,10.04,13.39,5.31,2.09,1
GF9-A83-070,9.06,12.2,4.72,1.96,1
GF9-A83-080,9.06,12.2,4.72,2.05,1
GF9-A83-110,10.04,13.39,5.31,2.31,1
GF1-231-090,8.27,12.2,5.12,1.94,1
GF1-399-100,8.27,12.6,5.12,2.05,1
GF1-399-115,8.66,12.99,5.31,2.16,1
GK6-090-035,7.09,10.63,4.13,1.04,1
GK6-090-055,7.48,11.42,4.33,1.21,1
GK6-090-065,7.48,11.42,4.33,1.3,1
GK6-090-080,8.07,12.2,4.33,1.43,1
GK7-090-030,7.28,12.2,4.92,1.5,1
GK7-090-080,8.66,12.99,5.12,1.94,1
GK7-592-030,7.28,12.2,4.92,1.5,1
GK7-592-080,8.66,12.99,5.12,1.94,1
GK7-592-090,8.66,12.99,5.12,2.03,1
GK7-A48-030,7.28,12.2,4.92,1.5,1
GK7-A48-050,7.48,12.6,5.12,1.68,1
GK7-A48-070,7.48,12.6,5.12,1.85,1
GK8-886-040,8.07,11.42,4.53,1.92,1
GK8-886-070,8.27,11.81,4.53,2.18,1
GL4-231-035,8.27,10.83,4.33,1.65,1
GL4-231-055,8.66,12.2,4.72,1.83,1
GL4-231-070,8.66,12.2,4.72,1.96,1
GL4-231-090,9.45,12.6,4.72,2.14,1
GL4-646-070,8.66,12.2,4.72,1.96,1
GL9-090-055,9.06,12.6,4.92,2.05,1
GL9-090-090,9.45,12.99,5.12,2.36,1
GL9-194-050,9.06,12.6,4.92,2.01,1
GL9-194-060,9.06,12.6,4.92,2.09,1
GL9-194-070,9.06,12.6,4.92,2.18,1
GL9-194-090,9.45,12.99,5.12,2.36,1
GL9-751-050,8.27,11.81,4.53,2.01,1
GL9-751-065,8.27,11.81,4.53,2.14,1
GL9-751-070,8.27,11.81,4.53,2.18,1
GL9-751-080,9.06,12.2,4.72,2.27,1
GL9-751-090,9.06,12.2,4.72,2.36,1
GM7-886-045,8.27,11.81,4.53,1.76,1
GM7-886-050,9.06,12.6,4.92,1.81,1
GM7-886-055,9.06,12.6,4.92,1.85,1
GM7-886-060,9.06,12.6,4.92,1.9,1
GM7-886-070,9.06,12.6,4.92,1.98,1
GM7-A82-080,9.45,12.99,5.12,2.07,1
GO6-194-030,8.27,10.83,4.33,1.61,1
GO6-194-055,8.66,12.2,4.72,1.83,1
GO6-A74-065,8.66,12.2,4.72,1.92,1
GO6-A74-070,8.66,12.2,4.72,1.96,1
GO8-090-040,8.07,10.43,4.53,1.32,1
GO8-090-060,8.27,11.81,4.53,1.54,1
GO8-090-070,8.27,11.81,4.53,1.54,1
GO8-886-050,8.27,11.81,4.53,1.54,1
GO8-A69-050,8.27,11.81,4.53,1.54,1
GO8-A69-070,8.27,11.81,4.53,1.54,1
GP4-A77-030,9.06,11.81,4.72,3.02,1
GP4-A77-055,9.45,12.2,4.72,3.17,1
GP4-A77-065,9.45,12.2,4.72,3.24,1
GP4-A77-070,9.45,12.2,4.72,3.37,1
GP8-001-090,7.48,12.2,4.72,1.51,1
GQ5-090-030,9.06,11.81,4.72,3.02,1
GQ5-090-090,9.84,12.6,4.72,3.68,1
GQ6-231-065,9.45,12.2,4.72,2.91,1
GQ6-231-080,9.84,12.6,4.72,3.2,1
GQ8-A20-040,7.87,10.63,4.33,1.18,1
GR3-090-030,7.87,10.63,4.33,1.31,1
GR3-090-040,7.87,10.63,4.33,1.36,1
GR3-090-050,8.66,11.61,4.72,1.51,1
GR3-090-060,8.66,11.61,4.72,1.56,1
GR3-090-080,9.06,12.2,4.72,1.67,1
GR3-090-090,9.06,12.2,4.72,1.76,1
GR3-A76-030,7.87,10.63,4.33,1.31,1
GR3-A76-040,7.87,10.63,4.33,1.36,1
GR3-A76-050,8.66,11.61,4.72,1.51,1
GR3-A76-065,8.66,11.61,4.72,1.58,1
GR3-A76-090,9.06,12.2,4.72,1.76,1
GR4-090-060,8.07,12.2,4.72,1.87,1
GR5-001-040,6.69,10.63,4.33,1.1,1
GR5-001-045,6.69,10.63,4.33,1.16,1
GR5-001-060,7.09,11.42,4.53,1.25,1
GR5-A76-060,7.09,11.42,4.53,1.25,1
GR6-001-030,5.91,10.63,3.94,0.88,1
GR6-A76-030,5.91,10.63,3.94,0.88,1
GR6-A76-040,5.91,10.63,3.94,0.94,1
GR6-A76-060,6.3,11.02,4.13,1.05,1
GS7-090-040,9.06,11.61,4.72,2.65,1
GS7-167-030,9.06,11.61,4.72,2.65,1
GS7-167-050,9.84,12.6,4.72,2.87,1
GS7-167-060,9.84,12.6,4.72,3.09,1
GS7-167-065,9.84,12.6,4.72,3.09,1
GS7-167-070,9.84,12.6,4.72,3.09,1
GS7-167-080,10.24,13.39,4.92,3.31,1
GL1-090-070,12.2,13.39,4.33,2.65,1
GL1-A76-045,10.24,12.99,4.72,2.38,1
GM1-090-070,12.99,14.17,4.72,2.71,1
GM1-090-080,13.39,14.96,4.92,2.93,1
GM1-167-030,12.6,13.78,4.53,2.38,1
GM1-167-040,12.6,13.78,4.53,2.43,1
GM1-167-060,12.99,14.17,4.72,2.67,1
GM1-167-080,13.39,14.96,4.92,2.93,1
GM2-090-030,9.06,12.2,4.72,2.09,1
GM2-090-040,9.06,12.2,4.72,2.16,1
GM2-090-050,9.45,12.99,5.12,2.27,1
GM2-090-065,9.45,12.99,5.12,2.31,1
GM2-090-070,9.45,12.99,5.12,2.49,1
GM2-090-090,10.24,12.99,4.72,2.54,1
GM2-167-060,9.45,12.99,5.12,2.31,1
GM2-167-065,9.45,12.99,5.12,2.31,1
GM2-167-070,9.45,12.99,5.12,2.49,1
GM3-090-050,9.45,12.99,5.12,2.27,1
GM3-090-055,9.45,12.99,5.12,2.27,1
GM3-090-060,9.45,12.99,5.12,2.31,1
GM3-090-065,9.45,12.99,5.12,2.31,1
GM3-090-070,9.45,12.99,5.12,2.49,1
GM3-592-045,9.06,12.2,4.72,2.2,1
GM3-592-055,9.45,12.99,5.12,2.27,1
GM3-592-065,9.45,12.99,5.12,2.31,1
GM3-592-070,9.45,12.99,5.12,2.49,1
GM3-592-080,10.24,12.99,4.72,2.51,1
GM3-A76-045,9.06,12.2,4.72,2.2,1
GM3-A76-050,9.45,12.99,5.12,2.27,1
GM3-A76-055,9.45,12.99,5.12,2.27,1
GM3-A76-065,9.45,12.99,5.12,2.31,1
GM3-A76-080,10.24,12.99,4.72,2.51,1
GM4-090-030,12.2,13.39,4.33,2.27,1
GM4-090-035,12.2,13.39,4.33,2.31,1
GN4-090-040,10.24,12.99,4.72,2.16,1
GO7-886-080,12.6,14.17,5.51,3.31,1
GO9-090-030,12.99,14.96,4.53,2.65,1
GO9-090-035,12.99,14.96,4.53,2.65,1
GO9-A69-030,12.99,14.96,4.53,2.65,1
GO9-A69-035,12.99,14.96,4.53,2.65,1
GP1-090-045,11.02,11.81,4.53,2.65,1
GP1-090-070,11.42,12.6,4.72,3.09,1
GP1-A69-030,11.02,11.81,4.53,2.65,1
GP1-A69-040,11.02,11.81,4.53,2.65,1
GP1-A69-055,11.42,12.6,4.72,2.87,1
GP1-A69-090,11.81,13.39,5.12,3.31,1
GP2-001-055,14.76,16.14,5.51,3.09,1
GP2-001-060,14.76,16.14,5.51,3.2,1
GP2-001-065,14.76,16.14,5.51,3.31,1
GP2-001-080,14.96,19.69,4.92,3.53,1
GP3-090-030,11.81,13.39,4.92,3.46,1
GP3-090-040,11.81,13.39,4.92,3.59,1
GP3-090-050,12.6,13.78,4.53,3.79,1
GP3-090-055,12.6,13.78,4.53,3.86,1
GP3-090-080,12.99,14.17,4.72,4.12,1
GP5-A77-065,12.6,13.78,4.53,3.99,1
GP5-A77-070,12.6,13.78,4.53,4.06,1
GP6-231-040,11.81,13.39,4.92,3.37,1
GP6-231-055,12.6,13.78,4.53,3.66,1
GP6-231-065,12.6,13.78,4.53,3.84,1
GP6-231-070,12.6,13.78,4.53,3.92,1
GS6-090-040,11.02,12.99,4.72,2.65,1
GS6-090-050,11.81,13.39,5.12,2.87,1
GS6-090-055,11.81,13.39,5.12,2.87,1
GS6-167-030,11.02,12.99,4.72,2.65,1
GS6-167-050,11.81,13.39,5.12,2.87,1
GS6-167-070,11.81,13.39,5.12,3.09,1
GS6-167-090,12.6,14.17,5.51,3.31,1
GS6-A69-030,11.02,12.99,4.72,2.65,1
GS6-A69-070,11.81,13.39,5.12,3.09,1
GS6-A69-080,12.6,14.17,5.51,3.31,1
GS6-A69-090,12.6,14.17,5.51,3.31,1
GN8-001-040,15.35,20.87,4.72,3.81,1
GN8-001-065,16.14,21.46,5.12,4.19,1
GN8-001-070,16.14,21.46,5.12,4.41,1
GN8-A76-040,15.35,20.87,4.72,3.81,1
GN8-A76-050,15.35,20.87,4.72,3.97,1
GN8-A76-060,16.14,21.46,5.12,4.08,1
GN8-A76-080,16.14,21.46,5.12,4.63,1
FR1-090-040,8.27,11.81,4.53,1.72,1
FR1-090-060,9.06,12.6,4.92,1.9,1
FR1-090-065,9.06,12.6,4.92,1.94,1
FR1-751-050,9.06,12.6,4.92,1.81,1
FR1-751-055,9.06,12.6,4.92,1.85,1
FR1-751-060,9.06,12.6,4.92,1.9,1
FR1-751-080,9.45,12.99,5.12,2.07,1
GU3-090-070,9.06,12.6,4.92,1.98,1
GU3-090-115,10.04,13.39,5.31,2.38,1
GU3-167-080,9.06,12.6,4.92,1.98,1
GU3-167-120,10.04,13.39,5.31,2.43,1
GU3-592-110,10.04,13.39,5.31,2.31,1
GU6-399-120,10.04,13.39,5.31,2.12,1
GU8-194-080,9.06,12.2,4.72,2.05,1
GU8-194-110,10.04,13.39,5.31,2.31,1
GU8-194-115,10.04,13.39,5.31,2.36,1
GU8-A74-080,9.06,12.2,4.72,2.05,1
GU8-A74-115,10.04,13.39,5.31,2.36,1
GU9-001-090,9.06,12.99,5.12,1.63,1
GU9-001-100,9.06,12.99,5.12,1.7,1
GV1-001-100,9.06,12.99,5.12,1.7,1
GV1-194-110,10.04,13.39,5.31,2.01,1
GV1-194-120,10.04,13.39,5.31,2.09,1
GV1-399-100,9.06,12.99,5.12,1.92,1
GV1-399-110,10.04,13.39,5.31,2.01,1
GV1-399-115,10.04,13.39,5.31,2.05,1
GT4-001-080,8.07,12.2,4.92,1.54,1
GT4-001-120,8.66,12.99,5.31,1.98,1
GT6-001-090,8.27,12.6,5.12,1.76,1
GT6-001-110,8.66,12.99,5.31,1.76,1
GT6-001-120,8.66,12.99,5.31,1.98,1
GU7-090-070,9.06,12.6,4.92,1.63,1
GU7-090-080,9.06,12.6,4.92,1.74,1
GU7-090-090,9.45,12.99,5.12,1.83,1
GU7-090-100,9.45,12.99,5.12,1.92,1
GU7-090-110,10.04,13.39,5.31,2.03,1
GU7-399-090,9.45,12.99,5.12,1.83,1
GU7-399-120,10.04,13.39,5.31,2.12,1
FM1-090-070,8.66,12.2,4.72,1.98,1
AQ3-A06-090,8.5,13.15,5.26,1.6,1
GW5-A20-070,8.27,12.6,5.12,1.79,1
GW7-090-040,7.87,10.63,4.33,1.61,1
GW7-090-050,7.87,11.81,4.53,1.7,1
GW7-892-050,7.87,11.81,4.53,1.7,1
GW7-A06-060,7.87,11.81,4.53,1.79,1
GW7-A06-090,8.66,12.2,4.72,2.05,1
GW8-090-050,8.27,12.6,5.12,1.65,1
GW8-090-070,8.27,12.6,5.12,1.79,1
GW8-090-080,9.06,12.99,5.12,1.87,1
GW9-001-080,8.66,12.99,5.12,1.83,1
GW9-886-090,8.66,12.99,5.12,1.94,1
GX2-001-060,7.48,12.6,5.12,1.72,1
GP8-167-050,7.09,11.42,4.53,1.21,1
GW6-A20-060,8.07,11.02,4.53,1.32,1
GX5-886-060,8.07,11.02,4.53,1.32,1
GX5-886-065,8.07,11.02,4.53,1.32,1
GX5-886-070,8.07,11.02,4.53,1.32,1
GX5-886-080,8.27,11.81,4.53,1.54,1
GX5-886-090,8.27,11.81,4.53,1.54,1
GX6-231-060,8.07,11.02,4.53,1.32,1
GX7-A76-080,9.06,12.2,4.72,1.76,1
GX8-090-040,8.07,10.43,4.53,1.32,1
GX8-090-050,8.27,11.81,4.53,1.54,1
GX8-090-070,8.27,11.81,4.53,1.54,1
GX8-A06-090,9.06,12.2,4.72,1.76,1
GX9-001-030,6.69,10.63,4.33,0.96,1
GY1-399-030,7.09,11.42,4.53,0.9,1
GY1-399-040,7.09,11.42,4.53,0.93,1
GY1-399-090,7.48,12.6,5.12,1.14,1
GY1-A70-030,7.09,11.42,4.53,0.9,1
GY1-A70-040,7.09,11.42,4.53,0.93,1
GY1-A70-050,7.09,11.42,4.53,0.98,1
GY1-A70-060,7.48,12.2,4.72,1.04,1
GY1-A70-070,7.48,12.2,4.72,1.07,1
GY1-A70-080,7.48,12.6,5.12,1.11,1
GY1-A70-090,7.48,12.6,5.12,1.14,1
GY2-231-030,7.87,10.04,4.13,1.1,1
GY2-231-040,7.87,10.04,4.13,1.1,1
GY2-231-070,8.07,11.02,4.53,1.32,1
GY2-231-080,8.27,11.81,4.53,1.54,1
GY2-231-090,8.27,11.81,4.53,1.54,1
GY2-442-030,7.87,10.04,4.13,1.1,1
GY2-442-060,8.07,11.02,4.53,1.32,1
GY2-572-030,7.87,10.04,4.13,1.1,1
GY2-572-040,7.87,10.04,4.13,1.1,1
GY2-572-050,8.07,11.02,4.53,1.32,1
GY2-572-070,8.07,11.02,4.53,1.32,1
GY2-572-080,8.27,11.81,4.53,1.54,1
FF1-888-030,10.63,12.2,4.33,3.68,1
FF1-888-040,10.63,12.2,4.33,3.9,1
FF1-888-070,11.02,13.39,4.72,4.27,1
FF1-888-080,11.02,13.39,4.72,4.4,1
FF1-888-090,11.02,13.39,4.72,4.56,1
GV6-227-110,11.22,13.39,4.13,2.03,1
GV6-A34-130,11.22,13.39,4.13,2.43,1
GV7-323-130,11.22,13.39,4.13,2.43,1
GV8-399-100,12.01,13.78,4.33,1.52,1
GX3-090-030,15.35,20.87,4.72,4.41,1
GX3-090-065,16.14,21.46,5.12,4.85,1
GX3-090-080,16.14,21.46,5.12,5.03,1
GL8-090-040,8.27,10.83,4.33,1.1,1
GL8-194-060,8.66,11.02,4.33,1.2,1
GL8-194-065,8.66,11.02,4.33,1.24,1
GL8-194-080,9.06,12.2,4.72,1.31,1
GN6-194-040,8.27,10.83,4.33,0.91,1
GS2-011-030,8.27,10.83,4.33,0.87,1
GS2-011-040,8.27,10.83,4.33,0.91,1
GS2-011-060,8.27,11.81,4.53,1.03,1
GS2-011-065,8.27,11.81,4.53,1.05,1
GS2-011-070,8.27,11.81,4.53,1.07,1
Q34-090-030,8.07,11.02,4.53,1.61,1
Q34-090-090,9.06,12.6,4.92,2.14,1
FN8-A17-999,4.13,6.69,0.24,0.02,1
FT1-090-030,3.94,11.02,2.09,0.29,1
FT1-090-040,3.94,11.02,2.09,0.3,1
FT1-090-080,4.13,12.01,2.09,0.36,1
GY5-477-060,3.94,11.02,2.09,0.3,1
GY5-477-070,4.13,12.01,2.09,0.32,1
GY5-694-030,3.94,11.02,2.09,0.26,1
GY5-694-090,4.13,12.01,2.09,0.35,1
GY6-090-045,3.94,11.02,1.89,0.23,1
HC6-B18-120,6,9.5,4.01,2,1
HC6-B18-010,6,7.5,4.01,1.5,1
HC6-B18-020,4.5,8,4.01,1.5,1
HC7-A90-090,6,8,4.01,1.5,1
HD4-B07-110,4.5,8.5,4.01,1.5,1
HD8-B09-120,4.5,8.5,4.01,1.5,1
HD8-B09-130,4.5,8.5,4.01,1.5,1
HD8-B09-010,6,9.5,4.01,1.5,1
HD8-B12-130,4.5,8.8,4.01,1.5,1
HD8-B12-010,6,9.5,4.01,1.5,1
HD8-B12-020,6,9.5,4.01,1.5,1
HD9-B09-110,6,9.5,4.01,2,1
HD9-B09-120,6,9.5,4.01,2,1
HD9-B09-130,6,9.5,4.01,2,1
HD9-B09-010,7,10.5,4.01,2,1
HD9-B09-020,7,10.5,4.01,2,1
HD9-B12-120,6,9.5,4.01,1.5,1
HD9-B12-130,6,9.5,4.01,1.5,1
HD9-B12-010,7,10.3,4.21,2,1
HE1-B09-060,4.3,7.8,3.81,1.5,1
HE1-B09-070,4.5,7.8,3.81,1.5,1
HE1-B09-080,4.2,7.6,3.81,1.5,1
HE1-B09-090,6,8,4.01,1.8,1
HE1-B09-100,6,8,4.01,1.8,1
HE1-B12-060,4,7.8,4.01,1.5,1
HE1-B12-070,4,7.8,4.01,1.5,1
HE1-B12-080,4,7.8,4.01,1.5,1
HE1-B12-090,6,8,4.01,1.5,1
HE1-B12-100,6,8,4.01,1.5,1
HE2-B09-060,6,7.8,4.01,1.5,1
HE2-B09-070,6,7.8,4.01,1.5,1
HE2-B09-080,6,7.8,4.01,1.5,1
HE2-B09-090,6,8.1,4.01,1.5,1
HE2-B09-100,6,8.1,4.01,1.5,1
HE2-B12-060,6,7.8,4.01,1.5,1
HE2-B12-070,6,7.8,3.61,1.5,1
HE2-B12-080,6,7.8,4.01,1.5,1
HE2-B12-090,6,8,4.01,1.5,1
HE2-B12-100,6,8,4.01,1.5,1
HD1-001-070,10.24,11.02,3.54,1.26,1
HD1-001-090,12.01,13.78,4.33,1.43,1
HD1-B09-060,10.24,11.02,3.54,1.17,1
HE4-A20-060,8.27,11.81,4.72,1.65,1
HE4-A21-050,8.27,11.81,4.72,1.57,1
HE4-B09-040,8.07,11.02,4.53,1.48,1
HE4-B09-050,8.27,11.81,4.72,1.57,1
HE4-B09-080,8.66,12.99,5.12,1.83,1
HE5-001-060,9.45,13.5,5.13,2,1
HE5-001-070,9.45,13.5,5.13,2,1
HE5-001-090,9.5,13.5,5.51,2.2,1
HE5-194-070,9.06,11.81,4.73,2,1
HE7-167-065,7.48,12.6,5.12,1.81,1
HE7-167-080,8.66,12.99,5.12,1.94,1
HE7-194-060,7.48,12.6,5.12,1.76,1
HE7-194-080,8.66,12.99,5.12,1.94,1
HE7-592-040,7.28,12.2,4.92,1.59,1
HE7-592-090,8.66,12.99,5.12,2.03,1
HE7-A89-060,7.48,12.6,5.12,1.76,1
HE7-A89-070,7.48,12.6,5.12,1.85,1
HE7-A89-080,8.66,12.99,5.12,1.94,1
HE8-001-030,7.28,12.2,4.92,1.5,1
HE8-001-060,7.48,12.6,5.12,1.76,1
HE8-167-030,7.28,12.2,4.92,1.5,1
HE8-167-050,7.48,12.6,5.12,1.68,1
HE8-167-060,7.48,12.6,5.12,1.76,1
HE8-167-065,7.48,12.6,5.12,1.81,1
HE8-167-090,8.66,12.99,5.12,2.03,1
HE8-194-030,7.28,12.2,4.92,1.5,1
HE8-194-040,7.28,12.2,4.92,1.59,1
HE8-194-050,7.48,12.6,5.12,1.68,1
HE8-194-065,7.48,12.6,5.12,1.81,1
HE8-194-080,8.66,12.99,5.12,1.94,1
HE8-194-090,8.66,12.99,5.12,2.03,1
HE8-592-040,7.28,12.2,4.92,1.59,1
HE8-592-070,7.48,12.6,5.12,1.85,1
HE8-592-080,8.66,12.99,5.12,1.94,1
HE8-592-090,8.66,12.99,5.12,2.03,1
HE8-A89-030,7.28,12.2,4.92,1.5,1
HE8-A89-060,7.48,12.6,5.12,1.76,1
HE8-A89-065,7.48,12.6,5.12,1.81,1
HE8-A89-090,8.66,12.99,5.12,2.03,1
HE9-001-040,7,11.5,4.51,2,1
HE9-001-090,7.5,12.5,5.01,2,1
HE9-167-065,7.8,11.5,4.51,2,1
HE9-167-080,7.5,12.5,5.01,2,1
HE9-194-080,7.5,12.5,5.01,2,1
HE9-A86-040,7,11.5,4.51,2,1
HE9-A86-065,7.8,11.5,4.51,2,1
HF1-194-030,4.52,12.6,4.06,1.2,1
HF1-A86-030,5.03,13.4,5.01,1.3,1
HF1-B14-030,4.6,11.42,4.05,1.2,1
HF1-B14-050,4.6,11.42,4.06,1.2,1
HF1-B14-060,4.6,11.42,4.06,1.2,1
HF2-194-045,8.27,10.83,4.33,1.74,1
HF2-194-050,8.66,12.2,4.72,1.79,1
HF2-194-080,9.45,12.6,4.72,2.05,1
HF2-A89-030,8.27,10.83,4.33,1.61,1
HF3-B13-060,8.66,12.2,4.72,1.87,1
HF4-194-030,8.07,11.02,4.53,1.32,1
HF4-194-060,8.27,11.81,4.72,1.52,1
HF4-194-090,8.07,12.2,4.92,1.73,1
HF4-A06-060,8.27,11.81,4.72,1.52,1
HF4-A06-070,8.27,11.81,4.72,1.59,1
HF4-A06-080,8.07,12.2,4.92,1.64,1
HF4-A89-040,8.07,11.02,4.53,1.38,1
HF4-A89-050,8.07,11.02,4.53,1.4,1
HF4-B07-050,8.07,11.02,4.53,1.4,1
HF4-B12-060,8.27,11.81,4.72,1.52,1
HF4-B12-065,8.27,11.81,4.72,1.55,1
HF5-001-040,8.07,11.02,4.53,1.48,1
HF5-A21-060,8.27,11.81,4.72,1.65,1
HF5-B09-040,8.07,11.02,4.53,1.48,1
HF5-B09-050,8.27,11.81,4.72,1.57,1
HF5-B14-030,8.07,11.02,4.53,1.39,1
HF5-B14-050,8.27,11.81,4.72,1.57,1
HF5-B14-080,8.66,12.99,5.12,1.83,1
HF5-B14-090,8.66,12.99,5.12,1.92,1
HG1-001-040,8.07,11.02,4.53,1.48,1
HG1-001-070,8.27,11.81,4.72,1.74,1
HG1-001-080,8.66,12.99,5.12,1.83,1
HG1-194-070,8.27,11.81,4.72,1.74,1
HG1-B09-070,8.27,11.81,4.72,1.74,1
HG1-B09-090,8.66,12.99,5.12,1.92,1
HG2-001-030,8.07,11.02,4.53,1.5,1
HG2-001-040,8.07,11.02,4.53,1.59,1
HG2-001-050,8.27,11.81,4.72,1.68,1
HG2-001-060,8.27,11.81,4.72,1.76,1
HG2-001-070,8.27,11.81,4.72,1.85,1
HG2-001-080,8.66,12.99,5.12,1.94,1
HG2-194-030,8.07,11.02,4.53,1.5,1
HG2-194-040,8.07,11.02,4.53,1.59,1
HG2-194-060,8.27,11.81,4.72,1.76,1
HG3-090-040,7.38,12,4.39,1.6,1
HG3-090-050,7.38,12,4.39,1.6,1
HG3-090-060,7.38,12,4.39,1.6,1
HG3-090-065,7.38,12,4.89,1.6,1
HG3-090-070,7.38,12,4.89,1.6,1
HG3-090-080,7.38,12,4.39,1.6,1
HG4-001-035,6.69,10.63,4.33,1.14,1
HG4-592-030,6.69,10.63,4.33,1.1,1
HG4-592-035,6.69,10.63,4.33,1.14,1
HG4-592-065,7.09,11.42,4.53,1.36,1
HG4-A94-030,6.69,10.63,4.33,1.1,1
HG4-A94-090,7.48,12.2,4.72,1.54,1
HG9-001-040,9,12.25,5.01,1.6,1
HG9-A20-030,8,11,4.51,2,1
HG9-A20-045,8,11.2,4.51,2,1
HG9-A20-050,9,12,5.01,2,1
HG9-A20-055,9,12,5.01,2,1
HG9-A20-060,9,12,5.01,2,1
HG9-A20-070,9,12,5.01,2,1
HH8-090-030,7.28,12.2,4.92,1.5,1
HH8-090-040,7.28,12.2,4.92,1.59,1
HH8-090-050,7.48,12.6,5.12,1.68,1
HH8-090-060,7.48,12.6,5.12,1.76,1
HH8-090-070,7.48,12.6,5.12,1.85,1
HH8-090-080,8.66,12.99,5.12,1.94,1
HH8-A89-040,7.28,12.2,4.92,1.59,1
HH8-A95-040,7.28,12.2,4.92,1.59,1
HI1-011-040,8.07,11.02,4.53,1.48,1
HI1-011-050,8.27,11.81,4.72,1.57,1
HI1-011-060,8.27,11.81,4.72,1.65,1
HI1-011-065,8.27,11.81,4.72,1.7,1
HI1-011-070,8.27,11.81,4.72,1.74,1
HI1-011-080,8.66,12.99,5.12,1.83,1
HI1-675-040,8.07,11.02,4.53,1.48,1
HI1-675-050,8.27,11.81,4.72,1.57,1
HI1-675-060,8.27,11.81,4.72,1.65,1
HI1-675-080,8.66,12.99,5.12,1.83,1
HI1-675-090,8.66,12.99,5.12,1.92,1
HI1-A98-060,8.27,11.81,4.72,1.65,1
HI4-011-030,7.48,11.02,4.33,1.21,1
HI4-011-050,8.07,11.42,4.53,1.39,1
HI4-011-060,8.07,11.42,4.53,1.48,1
HI4-011-080,8.27,12.6,4.72,1.65,1
HI7-B06-070,8.07,11.02,4.53,1.32,1
HI7-B06-080,8.27,11.81,4.53,1.54,1
HJ1-323-055,8.66,11.61,4.72,1.4,1
HJ1-B06-045,7.87,10.63,4.33,1.34,1
HJ1-B06-055,8.66,11.61,4.72,1.4,1
HJ2-B06-030,7.87,10.63,4.33,1.27,1
HJ2-B06-040,7.87,10.63,4.33,1.32,1
HJ2-B06-050,8.66,11.61,4.72,1.43,1
HJ2-B06-060,8.66,11.61,4.72,1.5,1
HJ2-B06-070,8.66,11.61,4.72,1.54,1
HJ2-B06-080,9.06,12.2,4.72,1.58,1
HJ2-B06-090,9.06,12.2,4.72,1.62,1
HJ3-323-040,8.07,11.02,4.53,1.48,1
HJ3-323-050,8.27,11.81,4.72,1.57,1
HJ3-323-060,8.27,11.81,4.72,1.65,1
HJ3-323-080,8.66,12.99,5.12,1.83,1
HJ3-323-090,8.66,12.99,5.12,1.92,1
HJ4-011-060,8.27,11.81,4.72,1.65,1
HJ4-011-070,8.27,11.81,4.72,1.74,1
HJ4-011-080,8.66,12.99,5.12,1.83,1
HJ4-011-090,8.66,12.99,5.12,1.92,1
HJ4-323-055,8.27,11.81,4.72,1.61,1
HJ4-323-060,8.27,11.81,4.72,1.65,1
HJ4-323-080,8.66,12.99,5.12,1.83,1
HJ4-323-090,8.66,12.99,5.12,1.92,1
HJ5-001-040,8.5,11.5,4.51,2.6,1
HJ5-001-060,8.5,11.6,4.51,2.6,1
HJ6-011-045,9.4,12.4,5.01,2,1
HJ6-011-055,9.4,12.4,5.01,2,1
HJ6-011-065,8.5,11.7,4.51,2.5,1
HJ6-011-080,8.6,11.8,4.51,2.5,1
HJ6-011-090,8.5,11.8,4.51,2.6,1
HJ7-001-065,8.5,11.6,4.51,2.5,1
HK8-011-030,8.5,11.7,4.51,2.5,1
HK8-011-065,8.5,11.7,4.51,2.6,1
HJ7-B14-080,9,12.5,4.89,2.2,1
HK3-A92-030,8.27,11.81,4.53,1.63,1
HK3-A92-045,8.27,11.81,4.53,1.76,1
HK3-A92-060,9.06,12.6,4.92,1.9,1
HK3-A92-070,9.06,12.6,4.92,2.07,1
HK3-A92-080,9.45,12.99,5.12,2.07,1
HL1-001-050,9.45,12.2,4.72,3.28,1
HL1-001-060,9.45,12.2,4.72,3.42,1
HL1-001-070,9.45,12.2,4.72,3.51,1
HL1-A93-090,9.84,12.6,4.72,3.64,1
HM2-B11-030,6.69,10.63,4.33,0.93,1
HM2-B11-040,6.69,10.63,4.33,0.95,1
HM2-B11-050,7.09,11.42,4.53,1.04,1
HM2-B11-065,7.09,11.42,4.53,1.08,1
HM2-B11-080,7.48,12.2,4.72,1.19,1
HM2-B15-030,6.69,10.63,4.33,0.93,1
HM2-B15-040,6.69,10.63,4.33,0.95,1
HM2-B15-060,7.09,11.42,4.53,1.06,1
HM2-B15-065,7.09,11.42,4.53,1.08,1
HM3-001-040,8.07,11.02,4.53,1.48,1
HM3-592-030,8.07,11.02,4.53,1.39,1
HM3-592-035,8.07,11.02,4.53,1.39,1
HM3-592-070,8.27,11.81,4.72,1.74,1
HM3-A20-040,8.07,11.02,4.53,1.48,1
HM3-A20-080,8.66,12.99,5.12,1.83,1
HM3-A20-090,8.66,12.99,5.12,1.92,1
HM4-001-060,8.38,12,4.89,1.6,1
HM4-A20-070,8.38,12,4.89,1.6,1
HM6-A20-050,7,11.5,4.51,2,1
HM6-A20-090,7.5,12,4.81,2.5,1
HM6-A89-070,7,11.5,4.51,2,1
HM8-194-040,8.75,11.88,5.01,1.6,1
HM9-194-040,7,11.25,5.01,1.4,1
HM9-194-055,7,11.25,5.01,1.4,1
HM9-194-065,7,11.25,5.01,1.4,1
HN2-090-030,7.28,12.2,4.92,1.5,1
HN2-090-065,7.48,12.6,5.12,1.81,1
HN2-090-070,7.48,12.6,5.12,1.85,1
HN2-090-080,8.66,12.99,5.12,1.94,1
HN2-090-090,8.66,12.99,5.12,2.03,1
HN2-A89-065,7.48,12.6,5.12,1.81,1
HN2-A89-070,7.48,12.6,5.12,1.85,1
HN2-A89-080,8.66,12.99,5.12,1.94,1
HN2-A95-060,7.48,12.6,5.12,1.76,1
HN2-A95-070,7.48,12.6,5.12,1.85,1
HN2-A95-080,8.66,12.99,5.12,1.94,1
HN3-011-080,8.66,12.99,5.12,1.83,1
HN3-675-050,8.27,11.81,4.72,1.57,1
HN3-675-065,8.27,11.81,4.72,1.7,1
HN3-675-080,8.66,12.99,5.12,1.83,1
HN4-001-050,8.27,11.81,4.72,1.57,1
HN4-592-070,8.27,11.81,4.72,1.74,1
HN4-592-080,8.66,12.99,5.12,1.83,1
HN4-592-090,8.66,12.99,5.12,1.92,1
HN6-194-050,9.06,12.6,4.92,1.81,1
HN6-194-060,9.06,12.6,4.92,1.9,1
HN6-194-065,9.06,12.6,4.92,1.94,1
HN6-194-070,9.06,12.6,4.92,2.07,1
HN6-194-080,9.45,12.99,5.12,2.07,1
HN6-194-090,9.45,12.99,5.12,2.16,1
HN6-A86-055,9.06,12.6,4.92,1.85,1
HN6-A86-080,9.45,12.99,5.12,2.07,1
HN6-A86-090,9.45,12.99,5.12,2.16,1
HN8-011-030,8.66,10.63,4.33,1.12,1
HN8-011-040,8.66,10.63,4.33,1.21,1
HN8-011-050,9.06,11.81,4.72,1.3,1
HN8-011-060,9.06,11.81,4.72,1.39,1
HN8-011-070,9.06,11.81,4.72,1.48,1
HN8-011-080,9.45,12.2,4.72,1.57,1
HN8-675-030,8.66,10.63,4.33,1.12,1
HN8-675-050,9.06,11.81,4.72,1.3,1
HN8-675-060,9.06,11.81,4.72,1.39,1
HN8-675-090,9.45,12.2,4.72,1.65,1
HN9-001-050,8.07,11.02,4.53,1.57,1
HN9-001-060,8.07,11.02,4.53,1.63,1
HN9-A20-050,8.07,11.02,4.53,1.57,1
HN9-A20-060,8.07,11.02,4.53,1.63,1
HN9-A20-070,8.07,11.02,4.53,1.68,1
HO1-001-045,8.1,10.6,4.11,2,1
HO1-001-090,8.27,11.81,4.53,1.76,1
HO1-A20-045,8.1,10.6,4.11,2,1
HO1-A20-065,8.07,11.02,4.53,1.68,1
HO1-A20-070,8.07,11.02,4.53,1.68,1
HO6-001-070,6.5,11.5,4.51,2,1
HO6-001-080,7.5,12.5,4.51,2,1
HO6-A89-040,7.5,12,4.51,2,1
HO6-A89-045,7,10.5,4.51,2,1
HO6-A89-070,7.5,11.5,4.51,2,1
HO6-A89-090,7.5,11.8,4.51,2,1
HO7-399-040,8.27,11.81,4.53,1.72,1
HO7-A94-030,8.27,11.81,4.53,1.63,1
HO7-A94-045,8.27,11.81,4.53,1.76,1
HO7-A94-055,9.06,12.6,4.92,1.85,1
HO7-A94-060,9.06,12.6,4.92,1.9,1
HO7-A94-065,9.06,12.6,4.92,1.94,1
HO7-A94-070,9.06,12.6,4.92,2.07,1
HO7-A94-080,9.45,12.99,5.12,2.07,1
HO7-A94-090,9.45,12.99,5.12,2.16,1
HP3-001-060,7,11.5,4.51,1.6,1
HP3-001-070,7,11.5,4.46,1.8,1
HP3-B26-060,7,11.5,4.51,2,1
HP4-001-040,8.07,11.02,4.53,1.48,1
HP4-001-050,8.27,11.81,4.72,1.57,1
HP4-001-060,8.27,11.81,4.72,1.65,1
HP4-592-030,8.07,11.02,4.53,1.39,1
HP4-592-040,8.07,11.02,4.53,1.48,1
HP4-592-050,8.27,11.81,4.72,1.57,1
HP4-592-055,8.27,11.81,4.72,1.61,1
HP4-592-060,8.27,11.81,4.72,1.65,1
HP4-592-065,8.27,11.81,4.72,1.7,1
HP4-592-080,8.66,12.99,5.12,1.83,1
HP5-001-040,8.07,11.02,4.53,1.48,1
HP5-001-050,8.27,11.81,4.72,1.57,1
HP5-001-055,8.27,11.81,4.72,1.61,1
HP5-001-060,8.27,11.81,4.72,1.65,1
HP5-001-065,8.27,11.81,4.72,1.7,1
HP5-001-070,8.27,11.81,4.72,1.74,1
HP5-001-080,8.66,12.99,5.12,1.83,1
HP5-001-090,8.66,12.99,5.12,1.92,1
HP5-592-030,8.07,11.02,4.53,1.39,1
HP5-592-045,8.07,11.02,4.53,1.52,1
HP5-592-055,8.27,11.81,4.72,1.61,1
HP5-592-060,8.27,11.81,4.72,1.65,1
HP5-592-065,8.27,11.81,4.72,1.7,1
HP5-592-070,8.27,11.81,4.72,1.74,1
HP5-592-080,8.66,12.99,5.12,1.83,1
HP5-592-090,8.66,12.99,5.12,1.92,1
HP6-001-030,8.07,11.02,4.53,1.39,1
HP6-001-040,8.07,11.02,4.53,1.48,1
HP6-001-045,8.07,11.02,4.53,1.52,1
HP6-001-050,8.27,11.81,4.72,1.57,1
HP6-001-055,8.27,11.81,4.72,1.61,1
HP6-001-065,8.27,11.81,4.72,1.7,1
HP6-001-080,8.66,12.99,5.12,1.83,1
HP6-001-090,8.66,12.99,5.12,1.92,1
HP6-592-050,8.27,11.81,4.72,1.57,1
HP6-592-060,8.27,11.81,4.72,1.65,1
HP6-592-065,8.27,11.81,4.72,1.7,1
HQ6-011-040,7,11.5,4.51,2,1
HQ6-011-050,7,11.5,4.51,2,1
HQ7-001-070,6.3,11.02,4.13,1.12,1
HS3-001-030,6.75,10.75,4.39,1.2,1
HS8-323-030,8,11.2,4.51,2,1
HS8-323-040,8,11.2,4.51,2,1
HS8-323-060,9,12.1,5.01,2,1
HS8-323-080,9.2,12.8,5.01,2,1
HS8-323-090,9.2,12.8,5.01,2,1
HT1-011-030,7,11.5,4.51,2,1
HT1-011-070,7.8,11.5,4.51,2,1
HT2-011-030,4.6,11.4,4.06,1.2,1
HT2-011-090,4.6,11.4,4.06,1.2,1
HT2-B26-030,5,11.4,5.01,1.4,1
HT2-B26-050,5,11.4,4.91,1.4,1
HT2-B26-070,5,11.4,4.91,1.4,1
HT3-011-060,8.27,11.81,4.72,1.65,1
HT3-011-070,8.27,11.81,4.72,1.74,1
HT4-011-050,8.27,11.81,4.72,1.57,1
HT4-011-065,8.27,11.81,4.72,1.7,1
HT4-011-080,8.66,12.99,5.12,1.83,1
HT4-011-090,8.66,12.99,5.12,1.92,1
HT5-010-030,8.07,11.02,4.53,1.32,1
HT5-010-050,8.07,11.02,4.53,1.4,1
HT5-010-060,8.27,11.81,4.72,1.52,1
HT5-010-090,8.07,12.2,4.92,1.73,1
HT5-011-030,8.07,11.02,4.53,1.32,1
HT5-011-050,8.07,11.02,4.53,1.4,1
HT5-011-060,8.27,11.81,4.72,1.52,1
HT5-011-065,8.27,11.81,4.72,1.55,1
HT5-012-030,8.07,11.02,4.53,1.32,1
HT5-012-040,8.07,11.02,4.53,1.38,1
HT5-012-065,8.27,11.81,4.72,1.55,1
HT5-012-090,8.07,12.2,4.92,1.73,1
HT8-011-040,7.87,10.04,4.13,1.1,1
HT8-011-045,7.87,10.04,4.13,1.1,1
HT9-011-070,6.75,10.75,4.39,1.2,1
HU4-313-060,8.5,11.7,4.51,2.6,1
HU7-001-050,8.07,11.02,4.53,1.32,1
HU8-B11-065,4.33,11.02,4.53,0.42,1
HU8-B24-050,4.33,11.02,4.53,0.41,1
HU8-B24-060,4.33,11.02,4.53,0.42,1
HU8-B24-070,4.33,11.02,4.53,0.42,1
HF9-194-030,7.48,11.02,4.33,1.21,1
HF9-194-050,8.07,11.42,4.53,1.39,1
HG6-001-060,8.27,11.81,4.72,1.65,1
HG6-001-070,8.27,11.81,4.72,1.74,1
HG6-011-045,8.07,11.02,4.53,1.52,1
HG6-011-060,8.27,11.81,4.72,1.65,1
HG6-011-070,8.27,11.81,4.72,1.74,1
HG6-675-030,8.07,11.02,4.53,1.39,1
HG6-675-070,8.27,11.81,4.72,1.74,1
HG8-001-065,8.27,11.81,4.72,1.7,1
HG8-011-045,8.07,11.02,4.53,1.52,1
HG8-675-030,8.07,11.02,4.53,1.39,1
HG8-675-045,8.07,11.02,4.53,1.52,1
HH3-001-090,8.07,11.02,4.53,1.61,1
HH3-A99-030,7.87,10.04,4.13,1.32,1
HH3-A99-050,8.07,11.02,4.53,1.5,1
HH3-A99-060,8.07,11.02,4.53,1.52,1
HH3-A99-090,8.07,11.02,4.53,1.61,1
HH3-B12-030,7.87,10.04,4.13,1.32,1
HH3-B12-060,8.07,11.02,4.53,1.52,1
HH3-B12-080,8.07,11.02,4.53,1.59,1
HJ9-001-050,8.07,11.42,4.53,1.76,1
HJ9-001-080,8.07,12.2,4.92,1.98,1
HJ9-001-090,8.07,12.2,4.92,1.98,1
HJ9-A99-050,8.07,11.42,4.53,1.76,1
HJ9-A99-080,8.07,12.2,4.92,1.98,1
HJ9-B09-070,8.07,11.42,4.53,1.76,1
HJ9-B09-090,8.07,12.2,4.92,1.98,1
HJ9-B12-040,7.09,11.02,4.33,1.54,1
HJ9-B12-090,8.07,12.2,4.92,1.98,1
HK2-001-040,8.07,11.02,4.53,1.54,1
HK2-001-060,8.66,11.61,4.72,1.76,1
HK2-A99-040,8.07,11.02,4.53,1.54,1
HK2-A99-050,8.66,11.61,4.72,1.76,1
HK2-A99-070,8.66,11.61,4.72,1.76,1
HK2-B09-050,8.66,11.61,4.72,1.76,1
HK2-B09-060,8.66,11.61,4.72,1.76,1
HK2-B09-070,8.66,11.61,4.72,1.76,1
HK2-B09-080,9.06,12.2,4.72,1.98,1
HK2-B12-030,8.07,11.02,4.53,1.54,1
HK2-B12-070,8.66,11.61,4.72,1.76,1
HK5-001-090,8.27,11.81,4.53,1.54,1
HK7-001-030,4.53,11.42,4.72,0.93,1
HK7-001-060,4.53,12.6,4.92,1.03,1
HK7-001-090,4.72,13.39,5.12,1.19,1
HK7-B12-030,4.53,11.42,4.72,0.93,1
HK7-B12-040,4.53,11.42,4.72,0.97,1
HK7-B12-060,4.53,12.6,4.92,1.03,1
HK7-B12-080,4.72,13.39,5.12,1.16,1
HL3-001-080,8.02,12.06,5.02,1.04,1
HL3-B10-060,7.5,12.06,5.05,1.4,1
HL3-B26-040,7.82,11.5,4.61,1.4,1
HL3-B26-060,7.42,12.5,5.03,1.8,1
HL5-B26-030,7.09,11.02,4.33,1.32,1
HL7-A89-060,8.66,11.61,4.72,1.76,1
HL7-A89-070,8.66,11.61,4.72,1.76,1
HL7-A89-080,9.06,12.2,4.72,1.98,1
HL7-A96-080,9.06,12.2,4.72,1.98,1
HO4-001-065,7.5,11.5,4.51,2,1
HO4-001-090,7.5,11.5,4.51,2,1
HO4-A20-040,7.3,11.8,4.51,2.5,1
HO4-A20-070,7,11.5,4.51,2,1
HO9-001-040,7.28,12.2,4.92,1.59,1
HO9-001-060,7.48,12.6,5.12,1.76,1
HP2-001-030,7.28,12.2,4.92,1.5,1
HP2-001-040,7.28,12.2,4.92,1.59,1
HP2-001-050,7.48,12.6,5.12,1.68,1
HP2-001-060,7.48,12.6,5.12,1.76,1
HP2-001-065,7.48,12.6,5.12,1.81,1
HP2-001-070,7.48,12.6,5.12,1.85,1
HS1-001-030,7.48,11.02,4.33,1.21,1
HS1-001-040,7.48,11.02,4.33,1.3,1
HS1-001-045,7.48,11.02,4.33,1.34,1
HS1-001-050,8.07,11.42,4.53,1.39,1
HS1-001-055,8.07,11.42,4.53,1.43,1
HS1-001-060,8.07,11.42,4.53,1.48,1
HS1-001-070,8.07,11.42,4.53,1.57,1
HS1-001-080,8.27,12.6,4.72,1.65,1
HS1-675-030,7.48,11.02,4.33,1.21,1
HS1-675-040,7.48,11.02,4.33,1.3,1
HS1-675-045,7.48,11.02,4.33,1.34,1
HS1-675-055,8.07,11.42,4.53,1.43,1
HS1-675-060,8.07,11.42,4.53,1.48,1
HS1-675-065,8.07,11.42,4.53,1.52,1
HS1-675-070,8.07,11.42,4.53,1.57,1
HS1-675-080,8.27,12.6,4.72,1.65,1
DG5-B12-070,4.33,11.02,4.53,0.42,1
DG5-B12-090,4.53,11.42,4.72,0.48,1
DX9-A94-045,5.91,10.63,3.94,1.06,1
DX9-B09-030,5.91,10.63,3.94,0.99,1
DX9-B09-080,6.69,11.81,4.33,1.3,1
EO8-B26-030,6.69,10.63,4.33,1.23,1
EO8-B26-040,6.69,10.63,4.33,1.25,1
EO8-B26-050,7.09,11.42,4.53,1.34,1
EO8-B26-070,7.09,11.42,4.53,1.45,1
ES7-194-060,8.66,11.61,4.72,1.47,1
ES7-194-070,8.66,11.61,4.72,1.53,1
GG1-A89-060,8.07,11.02,4.53,1.32,1
GK6-A89-050,7.48,11.42,4.33,1.17,1
GK6-A89-060,7.48,11.42,4.33,1.26,1
GK6-A89-070,7.48,11.42,4.33,1.34,1
GK6-A89-080,8.07,12.2,4.33,1.43,1
I88-A94-050,8.07,11.02,4.53,1.57,1
K03-A94-030,7.87,10.04,4.13,1.46,1
K03-A94-040,7.87,10.04,4.13,1.5,1
K03-A94-060,8.07,11.02,4.53,1.72,1
K03-B09-030,7.87,10.04,4.13,1.46,1
R08-B09-030,4.13,10.24,4.33,0.37,1
R08-B14-080,4.53,11.42,4.72,0.44,1
X03-A94-030,8.07,11.02,4.53,1.06,1
X03-A94-040,8.07,11.02,4.53,1.1,1
EJ8-A94-090,8.27,11.81,4.53,1.54,1
EJ8-B09-050,8.07,11.02,4.53,1.32,1
EJ9-A94-050,8.07,11.02,4.53,1.32,1
GB5-A89-060,8.86,11.3,4.53,1.62,1
GB5-A89-065,8.87,11.2,4.53,1.65,1
GY7-001-100,9.45,12.99,5.12,2.03,1
GY7-001-110,10.04,13.39,5.31,2.12,1
GY7-001-115,10.04,13.39,5.31,2.16,1
GY7-001-120,10.04,13.39,5.31,2.2,1
GY7-167-070,9.06,12.6,5.12,1.76,1
GY7-167-100,9.45,12.99,5.12,2.03,1
GY7-167-110,10.04,13.39,5.31,2.12,1
GY7-592-090,9.45,12.99,5.12,1.94,1
GY7-592-100,9.45,12.99,5.12,2.03,1
GY8-001-090,9.45,12.99,5.12,1.94,1
GY8-001-110,10.04,13.39,5.31,2.12,1
GY8-001-115,10.04,13.39,5.31,2.16,1
GY8-167-090,9.45,12.99,5.12,1.94,1
GY8-167-110,10.04,13.39,5.31,2.12,1
GY8-167-115,10.04,13.39,5.31,2.16,1
GY8-167-120,10.04,13.39,5.31,2.2,1
GY8-592-100,9.45,12.99,5.12,2.03,1
GY8-592-120,10.04,13.39,5.31,2.2,1
GZ6-001-120,8.5,11.8,5.31,2.6,1
GZ6-167-100,8.5,11.8,5.31,2.6,1
GZ6-592-115,8.5,11.8,5.31,2.6,1
GZ6-592-120,8.5,11.8,5.31,2.6,1
GZ6-A93-080,8.5,11.8,5.31,2.6,1
GZ6-A93-100,8.5,11.8,5.31,2.6,1
GZ6-A93-110,8.5,11.8,5.31,2.6,1
GZ6-A93-115,8.5,11.8,5.31,2.6,1
GZ6-A93-120,8.5,11.8,5.31,2.6,1
GZ7-001-070,7.8,11.8,5.31,2.6,1
GZ7-001-110,8.5,11.8,5.31,2.6,1
GZ7-167-070,8.5,11.8,5.31,2.6,1
GZ7-167-080,8.5,11.8,5.31,2.6,1
GZ7-167-110,8.5,11.8,5.31,2.6,1
GZ7-167-115,8.5,11.8,5.31,2.6,1
GZ7-167-120,7.8,11.8,5.41,2.6,1
GZ7-592-080,8.5,11.8,5.31,2.6,1
GZ7-592-110,8.5,11.8,5.31,2.6,1
GZ7-A93-090,8.5,11.8,5.31,2.6,1
GZ7-A93-110,8.5,11.8,5.31,2.6,1
GZ7-A93-115,8.5,11.8,5.31,2.6,1
HA3-001-070,9.06,12.2,4.72,1.96,1
HA3-001-090,9.06,12.99,5.12,2.14,1
HA3-A93-080,9.06,12.2,4.72,2.05,1
HA3-A93-090,9.06,12.99,5.12,2.14,1
HA3-A93-100,9.06,12.99,5.12,2.23,1
HA3-A93-120,10.04,13.39,5.31,2.4,1
HA6-167-080,8.07,12.2,4.92,1.54,1
GS9-A93-080,4.53,12.6,4.92,1.31,1
GS9-A93-120,4.92,14.17,5.31,1.58,1
J80-B12-115,4.72,13.39,5.12,0.97,1
FZ8-A94-030,8.07,11.02,4.53,1.01,1
FZ8-A94-040,8.07,11.02,4.53,1.1,1
FZ8-B09-070,8.27,11.81,4.53,1.3,1
HS4-001-070,9.06,11.81,4.72,2.05,1
HS4-194-060,9.06,11.81,4.72,1.94,1
HS4-194-090,9.06,12.2,4.72,1.7,1
HS4-B14-030,8.66,11.61,4.72,1.7,1
HS4-B14-060,9.06,11.81,4.72,1.94,1
HS5-001-030,9.06,11.81,4.72,1.72,1
HS5-001-040,9.06,11.81,4.72,1.79,1
HS5-001-050,9.06,12.2,4.72,1.85,1
HS5-001-055,9.06,12.2,4.72,1.9,1
HS5-001-060,9.06,12.2,4.72,1.94,1
HS5-001-070,9.06,12.2,4.72,2.05,1
HS5-001-080,9.84,12.6,4.72,2.23,1
HS5-001-090,9.84,12.6,4.72,2.36,1
HS5-592-030,9.06,11.81,4.72,1.72,1
HS5-592-045,9.06,11.81,4.72,1.81,1
HS5-592-050,9.06,12.2,4.72,1.85,1
HS5-592-055,9.06,12.2,4.72,1.9,1
HS5-592-060,9.06,12.2,4.72,1.94,1
HS5-592-065,9.06,12.2,4.72,1.98,1
HS5-592-070,9.06,12.2,4.72,2.05,1
HS5-A86-045,9.06,11.81,4.72,1.81,1
HS5-A86-050,9.06,12.2,4.72,1.85,1
HS5-A86-055,9.06,12.2,4.72,1.9,1
HS5-A86-070,9.06,12.2,4.72,2.05,1
HS5-A86-080,9.84,12.6,4.72,2.23,1
HS5-B09-030,9.06,11.81,4.72,1.72,1
HS5-B09-040,9.06,11.81,4.72,1.79,1
HS5-B09-055,9.06,12.2,4.72,1.9,1
HS5-B09-070,9.06,12.2,4.72,2.05,1
HS5-B09-080,9.84,12.6,4.72,2.23,1
HS6-001-030,9,12.7,4.91,2.2,1
HS6-001-040,9,12.7,4.91,2.2,1
HS6-001-050,9,12.7,4.91,2.2,1
HS6-001-055,9,12.7,4.91,2.2,1
HS6-001-065,9,12.7,4.91,2.2,1
HS6-001-080,9,12.7,4.91,2.2,1
HS6-592-030,9,12.2,4.81,2,1
HS6-592-040,9,12.2,4.81,2,1
HS6-592-045,9,12.2,4.81,2,1
HS6-592-050,9,12.2,4.81,2,1
HS6-592-055,9,12.2,4.81,2,1
HS6-592-060,9,12.2,4.81,2,1
HS6-592-065,9,12.2,4.81,2,1
HS6-592-080,9,12.2,4.81,2,1
HS6-592-090,9,12.2,4.81,2,1
HS6-A86-045,9,12.2,4.81,2,1
HS6-A86-060,9,12.2,4.81,2,1
HS6-A86-065,9,12.2,4.81,2,1
HS6-A86-070,9,12.2,4.81,2,1
HS6-A86-090,9,12.2,4.81,2,1
HS6-B09-060,9.2,12.8,5.01,2.2,1
HE5-B21-045,8.5,11.7,4.51,2.5,1
HV1-001-030,8.07,11.02,4.53,1.39,1
HV1-001-040,8.07,11.02,4.53,1.48,1
HV1-001-055,8.27,11.81,4.72,1.61,1
HV1-001-065,8.27,11.81,4.72,1.7,1
HV1-001-080,8.66,12.99,5.12,1.83,1
HV2-675-030,8.07,11.02,4.53,1.39,1
HV2-675-060,8.27,11.81,4.72,1.65,1
HV2-675-070,8.27,11.81,4.72,1.74,1
HU4-B28-070,8.5,11.7,4.51,2.5,1
HU5-B28-045,8.5,11.7,4.51,2.5,1
HI2-B04-060,7.09,11.42,4.53,1.06,1
HI2-B04-070,7.09,11.42,4.53,1.12,1
HI3-B04-040,4.53,11.42,4.72,1.15,1
HI5-B04-030,4.13,10.24,4.33,0.37,1
HI5-B04-050,4.33,11.02,4.53,0.41,1
HI5-B04-090,4.53,11.42,4.72,0.48,1
HV3-A61-090,9.45,12.6,4.72,2.14,1
HV1-B36-040,8.07,11.02,4.53,1.48,1
HV1-B36-050,8.27,11.81,4.72,1.57,1
HV1-B36-060,8.27,11.81,4.72,1.65,1
HV1-B36-070,8.27,11.81,4.72,1.74,1
HV1-B36-080,8.66,12.99,5.12,1.83,1
HV1-B36-090,8.66,12.99,5.12,1.92,1
HW8-001-060,8.9,12.2,4.91,1.7,1
HW8-001-070,8.9,12.2,4.91,1.7,1
HW9-864-070,8.27,12.6,5.13,1.8,1
HX2-001-080,9.06,12.2,4.72,1.53,1
HX2-399-040,8.66,10.63,4.33,1.27,1
HX3-001-090,6.8,10.8,4.41,1.4,1
HX5-001-060,9,13,1.81,2,1
HX6-001-060,8.66,12.2,4.72,1.76,1
HX7-442-045,9.06,12.2,4.72,1.76,1
HX7-646-080,9.45,12.99,5.12,2.07,1
HX8-A69-040,6.2,11.3,4.11,1.4,1
HX8-A69-050,6.2,11.3,4.11,1.4,1
HX8-A69-080,6.2,11.3,4.11,1.4,1
HX8-A69-090,6.2,11.3,4.11,1.4,1
HX8-B58-040,6.2,11.3,4.11,1.4,1
HX8-B58-050,6.2,11.3,4.11,1.4,1
HX8-B58-080,6.2,11.3,4.11,1.4,1
HX8-B77-030,6.2,11.3,4.11,1.4,1
HX8-B77-070,6.2,11.3,4.11,1.4,1
HX9-B41-040,7.38,12,5.01,1.6,1
HX9-B41-045,7.38,12,5.01,1.6,1
HX9-B41-055,7.38,12,5.01,1.6,1
HX9-B41-070,7.38,12,5.01,1.6,1
HX9-B41-080,7.38,12,5.01,1.6,1
HY1-001-030,6,10.6,3.91,1.2,1
HY1-001-045,6,10.6,3.91,1.2,1
HY1-001-055,6,10.6,3.91,1.2,1
HY1-001-070,7.3,12.1,4.91,1.6,1
HY2-001-030,8.07,11.02,4.53,1.81,1
HY4-001-055,9.5,13,5.01,2.4,1
HY5-001-050,8.5,12.3,4.81,2.2,1
HY5-001-055,8.5,12.3,4.81,2.2,1
HY5-001-060,8.5,12.3,4.81,2.2,1
HY5-001-065,8.5,12.3,4.81,2.2,1
HY7-001-050,8.4,11.5,4.71,1.4,1
HY7-001-090,8.4,11.5,4.71,1.4,1
HY7-B41-070,8.4,11.5,4.71,1.6,1
IA2-194-040,8.4,11.5,4.61,1.4,1
IA2-194-050,8.4,11.5,4.61,1.4,1
IA2-194-070,8.4,11.5,4.81,1.4,1
IA3-442-065,9.06,12.6,4.92,1.94,1
IA3-646-045,8.27,11.81,4.53,1.76,1
IA3-646-065,9.06,12.6,4.92,1.94,1
IA3-646-090,9.45,12.99,5.12,2.16,1
IA3-B95-040,8.27,11.81,4.53,1.72,1
IA3-B95-055,9.06,12.6,4.92,1.85,1
IA3-B95-060,9.06,12.6,4.92,1.9,1
IA3-B95-065,9.06,12.6,4.92,1.94,1
IA3-C02-040,8.27,11.81,4.53,1.72,1
IA3-C02-050,9.06,12.6,4.92,1.81,1
IA3-C02-060,9.06,12.6,4.92,1.9,1
IA3-C02-065,9.06,12.6,4.92,1.94,1
IA3-C02-090,9.45,12.99,5.12,2.16,1
IA4-001-030,10.5,13.5,5.01,2.4,1
IA4-001-055,10.5,13.5,5.01,2.4,1
IA4-B77-030,11.5,13.5,5.01,2.4,1
IA4-B77-040,11.5,13.5,5.01,2.4,1
IA4-B77-045,11.5,13.5,5.01,2.4,1
IA4-B77-055,11.5,13.5,5.01,2.4,1
IA4-B77-065,11.5,13.5,5.01,2.4,1
IA4-B77-070,11.5,13.5,5.01,2.4,1
IA4-B77-080,11.5,13.5,5.01,2.4,1
IA4-B77-090,11.5,13.5,5.01,2.4,1
IA7-001-030,5.91,10.63,3.94,0.93,1
IA7-001-040,5.91,10.63,3.94,1.01,1
IA7-001-050,6.3,11.42,4.13,1.15,1
IA7-001-055,6.3,11.42,4.13,1.17,1
IA7-001-060,6.3,11.42,4.13,1.19,1
IA7-001-065,6.3,11.42,4.13,1.19,1
IA7-001-070,6.3,11.42,4.13,1.19,1
IA7-001-090,7.28,12.2,4.92,1.41,1
IA8-001-030,5.91,10.63,3.94,1.19,1
IA8-001-050,6.3,11.42,4.13,1.28,1
IA8-001-055,6.3,11.42,4.13,1.32,1
IB5-001-090,9.45,12.99,5.12,2.23,1
IB5-167-065,9.06,12.6,4.92,2.01,1
IB5-A20-030,8.66,11.61,4.72,1.7,1
IB5-A20-080,9.45,12.99,5.12,2.14,1
IB5-A20-090,9.45,12.99,5.12,2.23,1
IB5-B58-030,8.66,11.61,4.72,1.7,1
IB5-B58-080,9.45,12.99,5.12,2.14,1
IB6-001-060,8.66,12.2,4.72,1.76,1
IB6-001-070,8.66,12.2,4.72,1.85,1
IB6-167-050,8.66,12.2,4.72,1.68,1
IB6-167-060,8.66,12.2,4.72,1.76,1
IB6-A20-030,8.66,11.02,4.33,1.5,1
IB6-A20-040,8.66,11.02,4.33,1.59,1
IB6-A20-070,8.66,12.2,4.72,1.85,1
IB6-B58-030,8.66,11.02,4.33,1.5,1
IB6-B58-050,8.66,12.2,4.72,1.68,1
IB6-B58-060,8.66,12.2,4.72,1.76,1
IB6-B58-080,9.45,12.99,5.12,1.94,1
IB8-399-090,8.9,12.2,4.91,1.6,1
IB8-864-090,9.2,12.8,4.81,1.6,1
IB8-A99-070,9,12.2,4.91,1.6,1
IB8-A99-080,9,12.2,4.91,1.6,1
IC2-B73-060,4.53,12.6,4.92,1.21,1
IC3-B48-040,6.69,10.63,4.33,0.95,1
IC3-B48-050,7.09,11.42,4.53,1.04,1
IC3-B48-065,7.09,11.42,4.53,1.08,1
IC3-B48-070,7.09,11.42,4.53,1.12,1
IC3-B48-080,7.48,12.2,4.72,1.19,1
IC3-B48-090,7.48,12.2,4.72,1.23,1
IC3-B58-060,7.09,11.42,4.53,1.06,1
IC3-B69-080,7.48,12.2,4.72,1.19,1
IC5-194-040,8.07,11.02,4.53,1.38,1
IC5-194-050,8.07,11.02,4.53,1.4,1
IC5-194-060,8.27,11.81,4.72,1.52,1
IC5-A20-090,8.07,12.2,4.92,1.73,1
IC5-B06-030,8.07,11.02,4.53,1.32,1
IC5-B06-090,8.07,12.2,4.92,1.73,1
ID7-090-050,9.45,12.99,5.12,1.76,1
ID7-B43-030,9.06,12.2,4.72,1.59,1
ID7-B43-040,9.06,12.2,4.72,1.68,1
IC8-001-040,8.27,11.81,4.53,1.68,1
IC8-001-055,9.06,12.2,4.72,1.81,1
IC8-001-065,9.06,12.2,4.72,1.9,1
IC8-535-060,9.06,12.2,4.72,1.85,1
IC8-535-065,9.06,12.2,4.72,1.9,1
IC8-535-070,9.06,12.2,4.72,1.94,1
IC8-535-090,9.45,12.99,5.12,2.12,1
IC9-477-065,8.66,12.2,4.72,1.9,1
IC9-477-070,8.66,12.2,4.72,1.94,1
IC9-535-055,8.66,12.2,4.72,1.81,1
IC9-535-070,8.66,12.2,4.72,1.94,1
IC9-535-080,9.45,12.6,4.72,2.03,1
IC9-A93-050,8.66,12.2,4.72,1.76,1
IC9-A93-055,8.66,12.2,4.72,1.81,1
IC9-A93-065,8.66,12.2,4.72,1.9,1
ID4-194-090,9.45,12.99,5.13,1.57,1
ID4-399-030,8.66,11.61,4.73,1.39,1
ID4-399-050,8.66,11.61,4.73,1.41,1
ID4-399-060,9.06,12.6,4.93,1.48,1
ID4-399-065,9.06,12.6,4.93,1.49,1
ID4-399-070,9.06,12.6,4.93,1.5,1
ID4-399-080,9.45,12.99,5.13,1.54,1
ID4-A20-030,8.66,11.61,4.72,1.39,1
ID4-B58-050,8.66,11.61,4.72,1.41,1
ID4-B58-060,9.06,12.6,4.92,1.48,1
ID6-090-040,9.7,13.2,5.21,2.4,1
ID6-090-055,9.7,13.2,5.21,2.4,1
ID6-090-065,9.7,13.2,5.21,2.4,1
IE4-011-040,8.9,12.2,5.01,1.8,1
IE4-011-055,8.66,11.81,4.72,1.7,1
IE4-011-060,8.9,12.2,5.01,1.8,1
IE4-011-080,8.9,12.2,5.01,1.8,1
IE5-011-040,8.9,12.2,5.01,1.8,1
IE5-011-070,8.9,12.2,5.01,1.8,1
IF2-B77-060,9,13,1.81,2,1
IF3-C01-030,9,13,1.81,2,1
IF3-C01-060,9,13,1.81,2,1
IF6-A69-060,8.66,12.2,4.72,1.76,1
IF6-A69-070,8.66,12.2,4.72,1.85,1
IF6-A69-090,9.45,12.99,5.12,2.03,1
IF9-011-045,7.87,10.04,4.13,1.1,1
IF9-011-090,8.27,11.81,4.53,1.54,1
IF9-B91-030,7.87,10.04,4.13,1.1,1
IF9-B91-060,8.07,11.02,4.53,1.32,1
IG4-011-045,8.3,11.6,4.51,1.6,1
IG4-011-050,8.3,11.6,4.51,1.6,1
IG4-011-055,8.3,11.6,4.51,1.6,1
IG4-011-060,8.3,11.6,4.51,1.6,1
IG4-011-070,8.3,11.6,4.51,1.6,1
IG4-011-080,8.3,11.6,4.51,1.6,1
IG4-B38-070,8.2,11.5,4.71,1.4,1
IG6-011-030,8.27,12.6,5.11,1.87,1
IG6-011-080,8.27,12.6,5.11,1.87,1
IG6-011-090,8.27,12.6,5.11,1.87,1
IG7-011-045,7.2,11.3,4.51,1.4,1
IG7-011-090,7.2,11.3,4.51,1.4,1
IH2-011-050,6.2,11.3,4.11,1.4,1
IH2-011-090,6.2,11.3,4.11,1.4,1
IH2-B94-040,6.2,11.3,4.11,1.3,1
IH2-B94-050,6.2,11.3,4.11,1.3,1
IH2-B94-055,6.2,11.3,4.11,1.3,1
IH2-B94-080,6.2,11.3,4.11,1.3,1
IH4-011-060,6.3,11.42,4.13,1.19,1
IH4-011-065,6.3,11.42,4.13,1.19,1
IH4-011-080,7.28,12.2,4.92,1.37,1
IH4-011-090,7.28,12.2,4.92,1.41,1
IH5-011-035,5.91,10.63,3.94,1.21,1
IH5-011-045,5.91,10.63,3.94,1.26,1
IH5-011-060,6.3,11.42,4.13,1.37,1
II3-011-030,7.38,12,5.01,1.6,1
II3-011-045,7.38,12,5.01,1.6,1
II3-011-090,7.38,12,5.01,1.6,1
II5-B41-050,7.87,11.81,4.53,1.39,1
II5-B41-065,7.87,11.81,4.53,1.52,1
II5-B41-070,7.87,11.81,4.53,1.57,1
II6-B41-060,7.5,12.6,5.11,1.6,1
II6-B41-080,7.1,12.6,5.11,1.6,1
II6-B58-030,4.8,11.5,4.51,1.2,1
II6-B58-050,4.8,11.5,4.51,1.2,1
II6-B58-060,7.5,12.6,5.11,1.6,1
II7-B41-030,7.1,11.4,4.51,1.2,1
II7-B58-050,4.8,11.5,4.51,1.2,1
II7-B58-090,7.5,12.6,5.11,1.6,1
II8-167-040,9.5,13.2,5.01,2.4,1
II8-167-050,9.5,13.2,5.01,2.2,1
II8-B77-060,8.6,12.5,4.81,2,1
IJ1-011-030,8.27,12.6,5.13,1.8,1
IJ2-011-030,8.27,12.6,5.13,1.8,1
IJ2-011-050,8.27,12.6,5.13,1.8,1
IJ2-011-060,8.27,12.6,5.13,1.8,1
IJ2-011-080,8.27,12.6,5.28,1.8,1
IJ2-011-090,8.27,12.6,5.13,1.8,1
IJ3-011-060,8.27,12.6,5.11,1.87,1
IJ4-231-040,8.07,11.02,4.53,1.48,1
IJ4-231-045,8.07,11.02,4.53,1.52,1
IJ4-231-055,8.27,11.81,4.72,1.61,1
IJ4-231-065,8.27,11.81,4.72,1.7,1
IJ4-231-070,8.27,11.81,4.72,1.74,1
IJ4-231-090,8.66,12.99,5.12,1.92,1
IJ4-B40-045,8.07,11.02,4.53,1.52,1
IJ4-B40-050,8.27,11.81,4.72,1.57,1
IJ4-B40-055,8.27,11.81,4.72,1.61,1
IJ4-B40-060,8.27,11.81,4.72,1.65,1
IJ4-B40-065,8.27,11.81,4.72,1.7,1
IJ4-B40-080,8.66,12.99,5.12,1.83,1
IJ4-B40-090,8.66,12.99,5.12,1.92,1
IJ4-B53-060,8.27,11.81,4.72,1.65,1
IJ5-619-055,8.27,11.81,4.72,1.61,1
IJ5-619-060,8.27,11.81,4.72,1.65,1
IJ5-619-065,8.27,11.81,4.72,1.7,1
IJ5-619-090,8.66,12.99,5.12,1.92,1
IJ6-B58-030,4.13,10.24,4.33,0.37,1
IJ6-B58-050,4.33,11.02,4.53,0.41,1
IJ6-B58-060,4.33,11.02,4.53,0.42,1
IJ6-B69-060,4.33,11.02,4.53,0.42,1
IJ6-B69-070,4.33,11.02,4.53,0.42,1
IJ6-B73-090,4.53,11.42,4.72,0.48,1
IJ7-A20-040,8.07,11.02,4.53,1.9,1
IJ7-A20-090,9.06,12.6,4.92,2.34,1
IJ8-167-030,11.2,12.2,4.81,2.4,1
IJ8-167-040,11.2,12.2,4.81,2.4,1
IJ8-167-050,11.2,12.2,4.81,2.4,1
IJ8-167-055,11.2,12.2,4.81,2.4,1
IJ8-167-060,11.2,12.2,4.81,2.4,1
IJ8-167-080,12.7,13.6,5.01,2.8,1
IJ8-167-090,12.7,13.6,5.01,2.8,1
IJ9-001-030,11.2,12.2,4.81,2.4,1
IJ9-001-050,11.2,12.2,4.81,2.4,1
IJ9-001-060,11.2,12.2,4.81,2.4,1
IK1-001-080,9,13,1.81,2,1
IK1-001-090,9,13,1.81,2,1
IK1-A20-090,9,13,1.81,2,1
IK2-001-070,9,13,1.81,2,1
IK2-001-090,9,13,1.81,2,1
IK2-A20-040,9,13,1.81,2,1
IK2-A20-050,9,13,1.81,2,1
IK2-A20-090,9,13,1.81,2,1
IK4-001-080,8.1,12.3,4.71,1.8,1
IK5-011-030,9,12.1,4.91,1.5,1
IK5-054-050,9,12.3,4.91,1.4,1
IK5-054-090,9,12.3,4.91,1.4,1
IK8-001-040,9.06,12.2,4.72,1.72,1
IK8-090-045,9.06,12.2,4.72,1.76,1
IK8-090-070,9.06,12.6,4.92,1.98,1
IK8-090-080,9.45,12.99,5.12,2.07,1
IK8-090-090,9.45,12.99,5.12,2.16,1
IK8-B72-050,9.06,12.6,4.92,1.81,1
IK8-B72-055,9.06,12.6,4.92,1.85,1
IK8-B72-060,9.06,12.6,4.92,1.9,1
IK8-B72-065,9.06,12.6,4.92,1.94,1
IK8-B72-070,9.06,12.6,4.92,1.98,1
IK8-B72-090,9.45,12.99,5.12,2.16,1
IK9-A20-065,8.4,12.2,4.81,2.2,1
IL2-B41-040,8.07,11.02,4.53,1.85,1
IL2-B41-050,8.27,11.81,4.53,1.9,1
IL2-B41-055,8.27,11.81,4.53,1.94,1
IL2-B41-060,8.27,11.81,4.53,1.98,1
IL3-B88-065,9.06,12.6,4.92,1.94,1
IL3-B96-030,9.06,12.2,4.72,1.63,1
IL3-B96-050,9.06,12.6,4.92,1.81,1
IL3-B96-065,9.06,12.6,4.92,1.94,1
IL3-B96-070,9.06,12.6,4.92,1.98,1
IM3-675-030,8.07,11.02,4.53,1.39,1
IM3-675-045,8.07,11.02,4.53,1.52,1
IM3-675-055,8.27,11.81,4.72,1.61,1
IM3-675-065,8.27,11.81,4.72,1.7,1
IM9-001-030,8.07,11.02,4.53,1.81,1
IM9-001-040,8.07,11.02,4.53,1.9,1
IM9-001-050,8.27,11.81,4.53,1.98,1
IM9-001-060,8.27,11.81,4.53,2.07,1
IM9-001-070,8.27,11.81,4.53,2.16,1
IM9-001-080,9.06,12.6,4.92,2.29,1
IM9-001-090,9.06,12.6,4.92,2.34,1
HY9-001-045,10.8,13.8,5.51,2.4,1
HY9-001-070,10.8,13.8,5.51,2.4,1
HY9-167-030,9.8,13.5,5.21,2.2,1
HY9-167-040,9.8,13.5,5.21,2.2,1
HY9-167-055,9.8,13.5,5.21,2.2,1
HY9-167-065,9.8,13.5,5.21,2.2,1
HY9-167-070,9.8,13.5,5.21,2.2,1
HY9-167-090,9.8,13.5,5.21,2.2,1
HZ1-001-030,13.39,19.69,4.34,3.4,1
HZ1-001-045,13.39,19.69,4.31,3.4,1
HZ1-001-055,14.96,19.69,4.93,3.4,1
HZ1-001-065,14.96,19.69,4.93,3.4,1
HZ1-001-080,14.96,21.65,4.93,3.4,1
HZ1-001-090,14.96,21.65,4.93,3.4,1
HZ1-167-030,13.39,19.69,4.34,3.4,1
HZ1-167-040,13.39,19.69,4.34,3.4,1
HZ1-167-055,14.96,19.69,4.93,3.4,1
HZ1-167-065,14.96,19.69,4.93,3.4,1
IA9-001-040,11.02,12.99,4.72,2.91,1
IA9-001-090,13.19,13.39,5.31,3.35,1
IA9-167-090,13.19,13.39,5.31,3.35,1
ID5-B63-030,12,14,5.01,3.4,1
ID5-B64-030,12,14,5.01,3.4,1
ID5-B64-045,12,14,5.01,3.4,1
ID5-B64-050,12,14,5.01,3.4,1
ID5-B64-060,12,14,5.01,3.4,1
ID5-B64-070,12,14,5.01,3.4,1
ID5-B64-080,12,14,5.01,3.4,1
ID5-B64-090,12,14,5.01,3.4,1
ID5-B78-030,12.5,14,5.01,3.4,1
ID5-B78-040,12,14,5.01,3.4,1
ID9-001-090,12,14,5.21,2.6,1
IE2-001-030,11.5,13.5,5.01,2.8,1
IE2-001-045,11.3,13.5,5.01,2.6,1
IE2-001-050,11.3,13.5,5.01,2.6,1
IE2-001-080,11.3,13.5,5.01,2.6,1
IE2-477-030,11.3,13.3,5.01,2.8,1
IE2-477-045,11.3,13.5,5.01,2.6,1
IE2-477-060,11.3,13.5,5.01,2.6,1
IE2-477-080,11.3,13.5,5.01,2.6,1
IG3-090-030,13.19,14.57,4.92,3.57,1
IG3-090-040,13.19,14.57,4.92,3.68,1
IG3-090-055,13.39,14.96,4.92,3.9,1
IG3-090-060,13.39,14.96,4.92,4.01,1
IG3-090-065,13.39,14.96,4.92,4.01,1
IG3-090-090,13.39,16.54,4.72,4.45,1
IG3-194-035,13.19,14.57,4.92,3.68,1
IG3-194-090,13.39,16.54,4.72,4.45,1
II9-B77-040,11.02,12.99,4.72,2.91,1
II9-B77-070,11.02,12.99,4.72,3.17,1
II9-B87-050,11.02,12.99,4.72,3,1
II9-B87-060,11.02,12.99,4.72,3.09,1
IL4-090-050,11.81,12.2,4.72,2.65,1
IL5-090-040,11.81,12.2,4.72,2.82,1
IL5-090-045,11.81,12.2,4.72,2.84,1
IL5-090-065,12.6,13.19,4.92,3.09,1
IL5-090-080,13.19,13.39,5.31,3.26,1
IL5-090-090,13.19,13.39,5.31,3.31,1
IL6-011-040,11.02,11.81,4.53,2.31,1
IL6-011-045,11.02,11.81,4.53,2.36,1
IL6-011-050,11.81,12.2,4.72,2.43,1
IL6-011-060,11.81,12.2,4.72,2.54,1
IL6-011-065,11.81,12.2,4.72,2.58,1
IL6-011-070,11.81,12.2,4.72,2.65,1
IL6-011-080,12.6,13.19,4.92,2.76,1
IL6-011-090,12.6,13.19,4.92,2.82,1
IN1-001-030,9.45,12.99,5.13,1.6,1
IN1-001-040,9.45,12.99,5.13,1.16,1
IN1-001-070,10.43,13.19,5.32,1.6,1
HY6-001-060,11.2,13.5,5.01,2.4,1
IB7-A20-030,12.8,13.8,5.01,2.4,1
IB7-A20-035,12.8,13.8,5.01,2.4,1
IB7-A20-050,12.8,13.8,5.01,2.4,1
IB7-A20-080,12.8,13.8,5.01,2.4,1
IB7-A20-090,12.8,13.8,5.01,2.4,1
IE1-090-030,12,12.8,4.81,2.2,1
IE1-090-045,12,12.8,4.81,2.2,1
IE1-090-050,12,12.8,4.81,2.2,1
IE1-090-055,12,12.8,4.81,2.2,1
IE1-090-080,12,12.8,4.81,2.2,1
IE1-090-090,12,12.8,4.81,2.2,1
IE3-001-060,14.17,20.87,4.72,3.66,1
IE3-001-065,14.17,20.87,4.72,3.7,1
IB2-090-050,7.4,12.2,5.01,1.8,1
IB2-090-070,7.4,12.2,5.01,1.8,1
IB2-090-080,7.4,12.2,5.01,1.8,1
IB2-090-090,7.4,12.2,5.01,1.8,1
IB2-535-040,7.4,12.2,5.01,1.6,1
IB2-535-070,7.4,12.2,5.01,1.6,1
IB2-B83-030,8,12.2,5.01,1.8,1
IB2-B83-060,8,12.2,5.01,1.8,1
IB2-B83-065,8,12.2,5.01,1.8,1
IB2-B83-070,8,12.2,5.01,1.8,1
IB2-B83-090,8,12.2,5.01,1.8,1
IB4-090-030,8.3,12.6,5.11,1.8,1
IB4-535-030,8.2,12.8,5.11,2,1
IC1-090-030,9,12,5.01,1.8,1
IC1-090-050,9,12,5.01,1.8,1
IC1-090-065,9,12,5.01,1.8,1
IC1-090-070,9,12,5.01,1.8,1
IC1-090-090,9,12,5.01,1.8,1
IC1-477-030,8.27,10.83,4.31,1.72,1
IC1-477-065,8.27,10.83,4.31,1.72,1
IC1-477-070,1,1,1.01,1.5,1
IC1-477-080,8.27,10.83,4.31,1.72,1
IC1-A94-090,8.27,10.83,4.31,1.65,1
IC1-B69-030,8.27,10.83,4.31,1.65,1
IC1-B69-065,8.27,10.83,4.31,1.65,1
IC1-B69-090,8.27,10.83,4.31,1.65,1
IK7-011-030,7.87,10.04,4.13,1.1,1
IK7-011-050,8.07,11.02,4.53,1.32,1
IK7-054-030,7.87,10.04,4.13,1.1,1
IK7-675-030,7.87,10.04,4.13,1.1,1
IK7-675-040,7.87,10.04,4.13,1.1,1
IK7-675-080,8.27,11.81,4.53,1.54,1
EM1-A69-030,8.2,12.4,4.81,1.4,1
EM1-B77-055,8.1,12.2,4.91,1.4,1
FV6-B37-030,8.3,11.5,4.61,1.4,1
FV6-B37-060,8.3,11.5,4.61,1.4,1
FV6-B37-090,8.3,11.5,4.61,1.4,1
GP4-B62-030,9.4,12.4,4.81,2.6,1
GP4-B62-065,9.4,12.4,4.81,2.6,1
GS7-535-030,9.06,11.61,4.72,1.76,1
HE5-A20-040,7.87,11.81,4.53,1.57,1
HE5-A20-070,8.27,12.6,4.72,1.9,1
HE5-B75-080,8.66,12.99,5.31,2.01,1
HF4-A20-060,8.27,11.81,4.72,1.68,1
HF4-A20-070,8.27,11.81,4.72,1.7,1
HF4-B58-040,8.07,11.02,4.53,1.38,1
HJ1-B38-070,8.66,11.61,4.72,1.45,1
HJ1-B38-080,9.06,12.2,4.72,1.55,1
HJ1-B38-090,9.06,12.2,4.72,1.56,1
HJ1-B84-070,8.66,11.61,4.72,1.45,1
HN9-399-050,8.27,12.2,4.31,1.72,1
HN9-399-055,8.27,12.2,4.31,1.72,1
HN9-399-070,8.27,12.2,4.31,1.72,1
HN9-399-080,8.27,12.2,4.31,1.72,1
HO1-399-080,8.27,12.2,4.31,1.72,1
I88-B37-050,8.07,11.02,4.53,1.76,1
I88-B37-055,8.07,11.02,4.53,1.76,1
I88-B37-090,8.27,11.81,4.53,1.98,1
I88-B41-030,7.87,10.04,4.13,1.54,1
I88-B41-055,8.07,11.02,4.53,1.76,1
I88-B41-090,8.27,11.81,4.53,1.98,1
I88-B48-045,7.87,10.04,4.13,1.54,1
I88-B48-060,8.07,11.02,4.53,1.76,1
I88-B48-070,8.07,11.02,4.53,1.76,1
X03-B38-040,8.07,11.02,4.53,1.1,1
X03-B38-050,8.07,11.02,4.53,1.17,1
FH4-864-045,10.8,13.8,5.51,2.2,1
FH4-864-050,10.8,13.8,5.51,2.2,1
FH4-864-055,10.8,13.8,5.51,2.2,1
FH4-864-060,10.8,13.8,5.51,2.2,1
FH4-864-065,10.8,13.8,5.51,2.2,1
FH4-864-080,10.8,13.8,5.51,2.2,1
FH4-864-090,10.8,13.8,5.51,2.2,1
HV5-B61-110,4.3,8.7,3.81,0.4,1
HV5-B61-020,6,9.4,4.01,0.4,1
HV5-B82-110,4.3,8.5,3.81,0.4,1
HV5-B82-130,4.4,8.7,4.01,0.4,1
HV5-B82-010,4.5,9.4,3.91,0.4,1
HV6-B61-110,5.9,9.4,4.01,0.6,1
HV6-B61-130,6,9.4,4.01,0.6,1
HV6-B61-020,7,10.4,4.21,0.8,1
HV6-B82-120,6,9.3,4.01,0.6,1
HV6-B82-010,7,10.3,4.11,0.8,1
HV6-B82-020,7,10.3,4.11,0.8,1
HV7-B53-060,4.5,7.8,3.81,0.2,1
HV7-B53-070,4.8,8.5,3.81,0.2,1
HV7-B53-090,6,8,4.11,0.4,1
HV7-B53-100,4.8,8.7,4.31,0.4,1
HV7-B72-060,4.4,7.7,3.81,0.4,1
HV7-B72-080,4.4,7.8,3.81,0.4,1
HV7-B72-100,6,8,4.11,0.4,1
HV8-B53-070,6,7.7,3.81,0.2,1
HV8-B53-090,6,8,4.11,0.2,1
HV8-B53-100,6,8,4.11,0.2,1
HV8-B72-060,6,7.7,3.81,0.4,1
HV8-B72-070,5.7,7.8,3.81,0.4,1
HV8-B72-080,6,7.7,3.81,0.4,1
HV8-B72-090,6,8,4.11,0.6,1
IN8-090-080,9.45,12.99,5.12,2.05,1
IN8-B45-090,10.04,13.39,5.31,2.14,1
IN8-B45-115,10.83,13.58,5.71,2.36,1
IN8-B97-080,9.45,12.99,5.12,2.05,1
IN8-B97-100,10.04,13.39,5.31,2.23,1
IN8-B97-110,10.83,13.58,5.71,2.31,1
IO2-687-115,10.04,13.39,5.31,2.36,1
IO2-B56-085,9.06,12.6,4.92,2.09,1
IO9-A88-080,9.45,12.99,5.12,2.05,1
IO9-A88-090,10.04,13.39,5.31,2.14,1
IO9-A88-120,10.83,13.58,5.71,2.4,1
IO9-B45-070,9.45,12.99,5.12,1.96,1
IO9-B45-080,9.45,12.99,5.12,2.05,1
IO9-B45-115,10.83,13.58,5.71,2.36,1
IO9-B67-080,9.45,12.99,5.12,2.05,1
IP1-001-090,9.45,12.99,5.12,2.16,1
IP1-001-115,10.04,13.39,5.31,2.38,1
J80-B80-080,4.33,11.81,4.72,0.83,1
AQ3-B77-090,8.5,13.1,5.01,1.6,1
AQ3-B77-100,8.5,13.1,5.01,1.6,1
AQ3-B77-110,8.5,13.1,5.01,0.7,1
AQ3-B77-115,8.5,13.1,5.01,0.7,1
AQ3-B77-120,9,13.5,5.31,1.8,1
EJ8-011-045,7.87,10.04,4.13,1.1,1
EJ8-011-055,8.07,11.02,4.53,1.32,1
EJ8-011-060,8.07,11.02,4.53,1.32,1
EJ8-011-070,8.07,11.02,4.53,1.32,1
EJ8-011-080,8.27,11.81,4.53,1.54,1
EJ8-011-090,8.27,11.81,4.53,1.54,1
EJ9-011-060,8.07,11.02,4.53,1.32,1
EJ9-011-070,8.07,11.02,4.53,1.32,1
HC1-B77-115,8.4,12.7,5.11,1.6,1
HH3-B42-030,7.87,10.04,4.13,1.54,1
HH3-B52-060,8.07,11.02,4.53,1.76,1
HH3-B52-065,8.07,11.02,4.53,1.76,1
HH3-B52-080,8.27,11.81,4.53,1.98,1
HH3-B52-090,8.27,11.81,4.53,1.98,1
HH3-B70-030,7.87,10.04,4.13,1.54,1
HH3-B70-040,7.87,10.04,4.13,1.54,1
HH3-B70-060,8.07,11.02,4.53,1.76,1
HH3-B70-070,8.07,11.02,4.53,1.76,1
HH3-B70-080,8.27,11.81,4.53,1.98,1
IO9-A88-095,10.04,13.39,5.31,2.18,1
IP8-C06-060,8.07,12.2,4.72,1.11,1
IP8-C06-070,8.66,12.6,4.92,1.15,1
IP8-C07-070,8.66,12.6,4.92,1.15,1
IP8-C08-050,8.07,12.2,4.72,1.01,1
IP8-C08-060,8.07,12.2,4.72,1.11,1
IP9-C10-065,5.91,12.01,4.72,1.72,1
IQ1-001-040,11.02,12.99,4.53,3.2,1
IQ1-001-065,11.81,14.17,4.72,3.48,1
IQ1-231-030,11.02,12.99,4.53,3.09,1
IQ1-231-040,11.02,12.99,4.53,3.2,1
IQ1-231-045,11.02,12.99,4.53,3.28,1
IQ1-231-050,11.81,14.17,4.72,3.42,1
IQ1-C11-030,11.02,12.99,4.53,3.09,1
E54-C27-070,4.33,11.02,4.53,0.97,1
E54-C29-030,4.13,10.24,4.33,0.82,1
E54-C29-050,4.33,11.02,4.53,0.93,1
EB1-194-030,6.69,10.63,4.33,1.05,1
EB1-194-040,6.69,10.63,4.33,1.08,1
EB1-194-065,7.09,11.42,4.53,1.25,1
EB1-194-070,7.09,11.42,4.53,1.27,1
EB1-194-080,7.48,12.2,4.72,1.38,1
EB1-194-090,7.48,12.2,4.72,1.43,1
FT9-194-060,7.09,11.42,4.53,1.12,1
FV1-194-060,7.09,11.42,4.53,1.21,1
FV1-194-070,7.09,11.42,4.53,1.29,1
FV1-194-090,7.48,12.2,4.72,1.64,1
HE7-B41-030,8.07,11.42,4.53,0.44,1
HE7-B41-040,8.07,11.42,4.53,0.44,1
HE7-B41-050,8.27,11.81,4.72,0.44,1
HE7-B41-060,8.27,11.81,4.72,0.44,1
HE7-B41-065,8.27,11.81,4.72,0.44,1
HE7-B41-070,8.27,11.81,4.72,0.44,1
HE7-B41-080,8.66,12.6,4.92,0.44,1
HJ1-C23-030,7.87,10.63,4.33,1.23,1
HJ2-C22-050,8.66,11.61,4.72,1.43,1
HJ2-C22-070,8.66,11.61,4.72,1.54,1
HJ2-C22-090,9.06,12.2,4.72,1.62,1
HJ2-C23-030,7.87,10.63,4.33,1.21,1
HJ2-C23-040,7.87,10.63,4.33,1.27,1
HJ2-C23-060,8.66,11.61,4.72,1.42,1
HJ2-C23-080,9.06,12.2,4.72,1.56,1
HX2-194-090,9.06,12.2,4.72,1.58,1
I88-C32-050,8.07,11.02,4.53,1.98,1
I88-C32-055,8.07,11.02,4.53,1.98,1
I88-C32-060,8.07,11.02,4.53,2.2,1
I88-C32-070,8.07,11.02,4.53,2.2,1
IK5-399-060,9,12,5.01,1.4,1
IK8-C19-065,9.7,13.5,5.51,2.2,1
IK8-C19-090,9.7,13.5,5.51,2.2,1
IU9-090-060,8.66,11.61,4.72,1.47,1
IU9-090-080,9.06,12.2,4.72,1.62,1
IU9-399-030,8.66,10.63,4.33,1.29,1
IU9-399-050,8.66,11.61,4.72,1.4,1
IV3-011-040,9,12.5,5.01,2,1
IV3-011-045,9,12.5,5.01,2,1
IV4-001-055,10.8,13.8,5.51,2.4,1
IV4-001-065,10.8,13.8,5.51,2.4,1
IV4-001-070,10.8,13.8,5.51,2.4,1
IV4-001-080,10.8,13.8,5.51,2.4,1
IV4-001-090,10.8,13.8,5.51,2.4,1
IV5-001-045,8.66,10.63,4.33,1.79,1
IV5-194-045,8.66,10.63,4.33,1.79,1
IV5-194-050,8.66,11.81,4.72,1.81,1
IV5-194-055,8.66,11.81,4.72,1.83,1
IV5-194-060,8.66,11.81,4.72,1.85,1
IV5-194-065,8.66,11.81,4.72,1.85,1
IV5-194-070,8.66,11.81,4.72,1.87,1
IV5-194-080,9.06,12.6,5.12,1.9,1
IV5-194-090,9.06,12.6,5.12,1.92,1
IV5-C15-040,8.66,10.63,4.33,1.79,1
IV5-C15-045,8.66,10.63,4.33,1.79,1
IV5-C15-050,8.66,11.81,4.72,1.81,1
IV5-C15-060,8.66,11.81,4.72,1.85,1
IV5-C15-080,9.06,12.6,5.12,1.9,1
IV6-001-060,9.3,13.2,5.21,2,1
IV6-001-070,9.3,13.2,5.21,2,1
IV6-001-090,9.3,13.2,5.21,2,1
IV6-194-060,9.3,13.2,5.21,2,1
IV6-194-065,9.3,13.2,5.21,2,1
IV6-194-070,9.3,13.2,5.21,2,1
IV6-C15-030,9.3,13.2,5.21,2,1
IV6-C15-040,9.3,13.2,5.21,2,1
IV6-C15-050,9.3,13.2,5.21,2,1
IV6-C15-065,9.3,13.2,5.21,2,1
IV9-090-040,8.66,11.61,4.72,2.43,1
IV9-090-055,9.06,11.81,4.72,2.65,1
IV9-090-065,9.06,11.81,4.72,2.65,1
IV9-B41-055,9.06,11.81,4.72,2.65,1
IW1-090-040,8.66,11.61,4.72,2.43,1
IW1-090-055,9.06,11.81,4.72,2.65,1
IW1-090-060,9.06,11.81,4.72,2.65,1
IW1-090-065,9.06,11.81,4.72,2.65,1
IW1-090-080,9.06,12.6,4.92,2.65,1
IW1-675-030,8.66,11.61,4.72,2.43,1
IW1-675-040,8.66,11.61,4.72,2.43,1
IW1-675-060,9.06,11.81,4.72,2.65,1
IW1-675-065,9.06,11.81,4.72,2.65,1
IW1-675-090,9.06,12.6,4.92,2.65,1
IW1-A99-030,8.66,11.61,4.72,2.43,1
IW1-A99-040,8.66,11.61,4.72,2.43,1
IW1-A99-050,9.06,11.81,4.72,2.65,1
IW1-A99-060,9.06,11.81,4.72,2.65,1
IW1-B41-050,9.06,11.81,4.72,2.65,1
IW1-B41-060,9.06,11.81,4.72,2.65,1
IW1-B41-065,9.06,11.81,4.72,2.65,1
IW1-B41-070,9.06,11.81,4.72,2.65,1
IW1-B41-080,9.06,12.6,4.92,2.65,1
IW1-C20-045,8.66,11.61,4.72,2.43,1
IW1-C20-080,9.06,12.6,4.92,2.65,1
IW1-C20-090,9.06,12.6,4.92,2.65,1
IW2-090-030,8.66,11.61,4.72,2.43,1
IW2-A99-030,8.66,11.61,4.72,2.43,1
IW2-A99-040,8.66,11.61,4.72,2.43,1
IW2-A99-055,9.06,11.81,4.72,2.65,1
IW2-A99-060,9.06,11.81,4.72,2.65,1
IW2-A99-080,9.06,12.6,4.92,2.65,1
IW2-B41-030,8.66,11.61,4.72,2.43,1
IW2-B41-040,8.66,11.61,4.72,2.43,1
IW2-B41-050,9.06,11.81,4.72,2.65,1
IW2-B41-060,9.06,11.81,4.72,2.65,1
IW2-B41-070,9.06,11.81,4.72,2.65,1
IW2-B41-080,9.06,12.6,4.92,2.65,1
IW2-C20-045,8.66,11.61,4.72,2.43,1
IW2-C20-055,9.06,11.81,4.72,2.65,1
IW2-C20-060,9.06,11.81,4.72,2.65,1
IW2-C20-080,9.06,12.6,4.92,2.65,1
IW2-C20-090,9.06,12.6,4.92,2.65,1
IX9-090-030,8.66,10.63,4.33,1.9,1
IX9-090-060,8.66,11.81,4.72,2.12,1
IX9-090-070,8.66,11.81,4.72,2.16,1
IX9-090-080,9.06,12.6,5.12,2.29,1
IX9-090-090,9.06,12.6,5.12,2.34,1
IX9-B87-030,8.66,10.63,4.33,1.9,1
IY1-090-080,9.06,12.6,5.12,1.94,1
IY1-090-090,9.06,12.6,5.12,2.03,1
IY1-A99-080,9.06,12.6,5.12,1.94,1
IY2-090-030,8.1,11,4.51,1.4,1
IY2-090-050,8.1,11,4.51,1.4,1
IY2-A99-050,8.1,11,4.51,1.4,1
IY2-A99-090,9.4,13.2,5.31,2,1
IY2-B41-040,9,12.2,5.01,1.6,1
IY2-B41-090,9.4,13.2,5.31,2,1
IY3-090-030,8.66,10.63,4.33,1.85,1
IY3-090-050,8.66,11.81,4.72,1.9,1
IY3-090-060,8.66,11.81,4.72,1.98,1
IY3-090-065,8.66,11.81,4.72,1.98,1
IY3-090-070,8.66,11.81,4.72,1.98,1
IY3-090-080,9.06,12.6,5.12,2.16,1
IY3-090-090,9.06,12.6,5.12,2.25,1
IY3-C15-060,8.66,11.81,4.72,1.98,1
IY3-C15-065,8.66,11.81,4.72,1.98,1
IY4-A09-080,9.84,12.6,4.72,0.44,1
IY9-090-065,8.66,11.81,4.72,1.83,1
IY9-090-080,9.06,12.6,5.12,1.94,1
IY9-A99-030,8.66,10.63,4.33,1.59,1
IY9-A99-040,8.66,10.63,4.33,1.63,1
IY9-A99-060,8.66,11.81,4.72,1.81,1
IY9-A99-080,9.06,12.6,5.12,1.94,1
IY9-A99-090,9.06,12.6,5.12,2.03,1
IY9-C15-080,9.06,12.6,5.12,1.94,1
IZ1-090-030,8.46,11.02,4.53,1.06,1
IZ1-090-040,8.46,11.02,4.53,1.15,1
IZ1-090-050,8.07,12.2,4.92,1.28,1
IZ1-090-060,8.07,12.2,4.92,1.37,1
IZ1-090-065,8.07,12.2,4.92,1.39,1
IZ1-090-080,9.06,12.6,5.12,1.54,1
IZ1-090-090,9.06,12.6,5.12,1.59,1
IZ1-A99-030,8.46,11.02,4.53,1.06,1
IZ1-A99-040,8.46,11.02,4.53,1.15,1
IZ1-A99-060,8.07,12.2,4.92,1.37,1
IZ1-A99-070,8.07,12.2,4.92,1.41,1
IZ1-A99-080,9.06,12.6,5.12,1.54,1
IZ1-A99-090,9.06,12.6,5.12,1.59,1
IZ1-C15-030,8.46,11.02,4.53,1.06,1
IZ1-C15-080,9.06,12.6,5.12,1.54,1
IZ1-C15-090,9.06,12.6,5.12,1.59,1
IZ7-090-070,9.2,13.1,5.21,2,1
IZ7-B41-060,8.4,12.7,5.01,1.8,1
IZ8-090-030,8.46,11.02,4.53,1.46,1
IZ8-090-065,8.66,11.81,4.72,1.7,1
IZ8-090-070,8.66,11.81,4.72,1.81,1
IZ8-090-090,9.06,12.6,5.12,2.07,1
IZ8-C14-030,8.46,11.02,4.53,1.46,1
IZ8-C14-040,8.46,11.02,4.53,1.5,1
IZ8-C14-050,8.66,11.81,4.72,1.59,1
IZ8-C14-065,8.66,11.81,4.72,1.7,1
IZ8-C14-080,9.06,12.6,5.12,1.9,1
JB2-C30-080,4.53,11.42,4.72,0.99,1
JB2-C31-060,4.33,11.02,4.53,0.93,1
JB4-C30-030,7.87,11.61,4.72,0.44,1
JB4-C31-030,7.87,11.61,4.72,0.44,1
JB4-C31-070,8.07,12.2,4.92,0.44,1
JB5-090-050,7.87,11.61,4.72,0.44,1
JB5-090-080,8.27,12.6,5.12,0.44,1
JB5-B41-050,7.87,11.61,4.72,0.44,1
JB6-002-030,7.87,11.61,4.72,0.44,1
JB6-002-060,8.07,12.2,4.92,0.44,1
JB6-002-065,8.07,12.2,4.92,0.44,1
JB6-090-030,7.87,11.61,4.72,0.44,1
JB6-090-060,8.07,12.2,4.92,0.44,1
JB6-090-070,8.07,12.2,4.92,0.44,1
JB6-B41-030,7.87,11.61,4.72,0.44,1
JC8-090-030,4.13,10.24,4.33,0.82,1
JC8-090-060,4.33,11.02,4.53,0.93,1
DG5-C44-080,4.53,11.42,4.72,0.99,1
HF4-C14-060,8.27,11.81,4.72,1.52,1
HF4-C14-065,8.27,11.81,4.72,1.55,1
HF4-C14-090,8.07,12.2,4.92,1.73,1
HF4-C29-050,8.07,11.02,4.53,1.4,1
HF4-C29-060,8.27,11.81,4.72,1.52,1
HF4-C42-080,8.07,12.2,4.92,1.64,1
HO1-194-040,7.87,10.04,4.13,1.98,1
HX8-A99-050,7.5,12,5.01,1.6,1
HX8-A99-065,7.5,12,5.01,1.6,1
HX8-A99-070,7.5,12,5.01,1.6,1
HX8-A99-080,7.5,12,5.01,1.6,1
HX8-A99-090,7.5,12,5.01,1.6,1
HX8-C20-040,7.2,12.2,5.01,1.6,1
HX8-C20-060,7.2,12.2,5.01,1.6,1
HX8-C20-090,7.2,12.2,5.01,1.6,1
HX9-399-045,6.4,11.5,4.01,1.2,1
HX9-399-050,6.4,11.5,4.01,1.2,1
HX9-399-065,6.4,11.5,4.01,1.2,1
HX9-399-080,6.4,11.5,4.01,1.2,1
HX9-399-090,6.4,11.5,4.01,1.2,1
HX9-A99-030,7.5,12,5.01,1.6,1
HX9-C32-090,6.5,11.5,4.01,1.4,1
IC5-C14-040,8.07,11.02,4.53,1.38,1
IC5-C14-060,8.27,11.81,4.72,1.52,1
IC5-C14-065,8.27,11.81,4.72,1.55,1
IC5-C14-080,8.07,12.2,4.92,1.64,1
IC5-C14-090,8.07,12.2,4.92,1.73,1
IC5-C37-065,8.27,11.81,4.72,1.55,1
IC5-C37-070,8.27,11.81,4.72,1.59,1
IC5-C37-090,8.07,12.2,4.92,1.73,1
IT4-C15-065,6.3,11.42,4.13,1.41,1
IT6-090-065,6.3,11.42,4.13,1.26,1
IT6-090-080,7.28,12.2,4.92,1.32,1
IU1-675-070,8.66,11.61,4.72,1.47,1
IU1-675-080,9.06,12.2,4.72,1.58,1
IW1-C14-065,9.06,11.81,4.72,2.65,1
IW1-C14-070,9.06,11.81,4.72,2.65,1
IW1-C14-090,9.06,12.6,4.92,2.65,1
IW1-C52-060,9.06,11.81,4.72,2.65,1
IW2-C52-050,9.06,11.81,4.72,2.65,1
IW2-C52-060,9.06,11.81,4.72,2.65,1
IW2-C52-070,9.06,11.81,4.72,2.65,1
IW4-090-030,8.66,11.61,4.72,2.43,1
IY8-C15-050,9.06,12.6,4.92,1.9,1
JA3-011-045,6.69,10.63,4.33,1.18,1
JA3-011-055,7.09,11.42,4.53,1.25,1
JC8-C34-030,4.13,10.24,4.33,0.82,1
JC8-C34-050,4.33,11.02,4.53,0.93,1
JC8-C34-060,4.33,11.02,4.53,0.93,1
JC8-C34-070,4.33,11.02,4.53,0.97,1
JC8-C34-080,4.53,11.42,4.72,0.99,1
JC8-C34-090,4.53,11.42,4.72,1.06,1
JC8-C53-050,4.33,11.02,4.53,0.93,1
JC8-C53-060,4.33,11.02,4.53,0.93,1
JC8-C53-070,4.33,11.02,4.53,0.97,1
JC8-C53-080,4.53,11.42,4.72,0.99,1
JC8-C53-090,4.53,11.42,4.72,1.06,1
JD8-002-070,7,11.5,4.51,0.6,1
JD8-090-050,7.09,11.42,4.53,0.96,1
JD8-090-065,7.09,11.42,4.53,0.96,1
JE1-442-050,9,11.3,4.51,1.4,1
JE1-442-080,9.3,13,5.31,1.8,1
JE1-C36-090,9.3,13,5.31,1.8,1
JE7-090-040,9,11.3,4.51,1.6,1
JE7-090-050,9,11.3,4.51,1.6,1
JE7-090-090,9.3,13.1,5.31,2,1
JE7-A99-050,9,11.3,4.51,1.6,1
JE7-A99-055,9,11.3,4.51,1.6,1
JE7-A99-080,9.3,13.1,5.31,2,1
JE7-C15-030,9.3,13.1,5.31,2,1
JE7-C15-070,9.3,13.1,5.31,2,1
JE8-090-090,8.5,12.4,5.01,1.6,1
JE8-A99-050,8.1,11,4.51,1.4,1
JE8-A99-060,8.1,11,4.51,1.4,1
JE9-090-090,9.3,13.2,5.21,1.9,1
JE9-A99-030,9.3,13.2,5.21,1.8,1
JE9-A99-040,9.3,13.2,5.21,1.8,1
JE9-A99-050,9.3,13.2,5.21,1.8,1
JE9-A99-060,9.3,13.2,5.21,1.8,1
JE9-A99-065,7,12,5.01,1.4,1
JE9-A99-070,9.3,13.2,5.21,1.8,1
JE9-A99-080,9.3,13.2,5.21,1.8,1
JE9-C15-040,9.3,13.2,5.21,1.8,1
JE9-C15-045,7,12,5.01,1.6,1
JE9-C15-050,9.3,13.3,5.21,1.8,1
JE9-C15-060,9.3,13.2,5.21,1.8,1
JE9-C15-065,7,12,5.01,1.6,1
JE9-C15-070,9.3,13.2,5.21,1.8,1
JE9-C15-080,9.4,13.3,5.21,1.8,1
JE9-C15-090,9.3,13.4,5.21,1.8,1
JI9-090-040,11.02,12.99,4.72,2.91,1
JI9-090-045,11.02,12.99,4.72,2.95,1
JI9-C14-090,13.19,13.39,5.31,3.35,1
R08-368-040,4.13,10.24,4.33,0.64,1
R08-C42-050,4.33,11.02,4.53,0.66,1
HI9-399-030,8.66,10.63,4.33,1.31,1
HX7-C56-030,9.4,13.2,5.21,1,1
HX7-C56-055,9.4,13.2,5.21,2,1
HX7-C56-060,9.4,13.2,5.21,2,1
HX7-C56-070,9.7,13.5,5.21,2.2,1
HX7-C57-055,9.7,13.5,5.51,2.2,1
HX8-C32-040,6.4,11.5,4.01,1.2,1
HX8-C32-080,6.4,11.5,4.01,1.2,1
HX8-C32-090,6.4,11.5,4.01,1.2,1
HY8-001-040,9.5,12.5,5.01,1.8,1
IH2-675-070,6.4,11.5,4.01,1.2,1
IJ7-C15-040,9.3,13.1,5.01,2.4,1
IJ7-C15-060,9.3,13.1,5.01,2.4,1
IJ7-C15-065,9.3,13.1,5.01,2.4,1
IJ7-C15-090,9.3,13.1,5.01,2.4,1
IU1-565-030,8.66,10.63,4.33,1.23,1
IU1-565-040,8.66,10.63,4.33,1.27,1
IV5-675-050,8.66,11.81,4.72,1.81,1
IV5-675-055,8.66,11.81,4.72,1.83,1
IV6-675-040,9.3,13.2,5.21,2,1
IV6-675-050,9.3,13,5.21,2,1
IV6-675-060,9.3,13.2,5.21,2,1
IV6-675-065,9.3,13.2,5.21,2,1
IV9-675-030,8.66,11.61,4.72,2.43,1
IV9-675-045,8.66,11.61,4.72,2.43,1
IV9-675-050,9.06,11.81,4.72,2.65,1
IV9-A99-065,9.06,11.81,4.72,2.65,1
IV9-A99-080,9.06,12.6,4.92,2.65,1
IV9-A99-090,9.06,12.6,4.92,2.65,1
IV9-C14-040,8.66,11.61,4.72,2.43,1
IV9-C14-045,8.66,11.61,4.72,2.43,1
IV9-C14-060,9.06,11.81,4.72,2.65,1
IW2-675-040,8.66,11.61,4.72,2.43,1
IW2-675-055,9.06,11.81,4.72,2.65,1
IW8-090-110,9.2,13.2,5.01,2.2,1
IW8-090-115,9.2,13.2,5.01,2.2,1
IW8-090-120,9.2,13.2,5.01,2.2,1
IX1-090-120,7.8,12.8,5.01,1.8,1
IX1-C75-070,7.5,12.7,5.01,1.6,1
IX1-C75-080,7.5,12.7,5.01,1.6,1
IX1-C75-100,7.5,12.7,5.01,1.6,1
IX1-C75-110,7.6,12.8,5.01,1.7,1
IX1-C75-120,7.8,12.8,5.01,1.8,1
IX1-C80-090,7.5,12.7,5.01,1.6,1
IX1-C80-100,7.5,12.7,5.01,1.6,1
JA2-090-070,8.07,12.2,4.92,1.54,1
JA2-090-080,8.07,12.2,4.92,1.54,1
JA2-090-090,8.27,12.6,5.12,1.76,1
JF3-090-070,8.27,11.81,4.53,1.32,1
EJ8-C23-070,8.66,11.61,4.72,2.43,1
EJ8-C34-060,8.66,11.61,4.72,2.2,1
EJ8-C34-080,9.06,11.81,4.72,2.43,1
IC1-C14-030,9.3,13,5.01,2,1
IC1-C14-040,9.3,13,5.01,2,1
IC1-C14-050,9.3,13,5.01,2,1
IC1-C14-065,9.3,13,5.01,2,1
IC1-C20-030,9.2,12.5,5.01,1.8,1
IC1-C20-040,9.2,12.5,5.01,1.8,1
IC1-C20-050,9.2,12.5,5.01,1.8,1
IC1-C20-065,9.2,12.5,5.01,1.8,1
IC1-C20-090,9.2,12.5,5.01,1.8,1
JJ1-C24-065,7,12,5.01,1.4,1
JJ1-C24-070,7.5,12.2,5.01,1.4,1
JJ1-C26-030,7,12,5.01,1.4,1
JJ4-002-030,8.66,11.61,4.72,2.43,1
JJ4-002-050,9.06,11.81,4.72,2.65,1
JJ4-002-060,9.06,11.81,4.72,2.65,1
JJ4-002-065,9.06,11.81,4.72,2.65,1
JJ4-002-070,9.06,11.81,4.72,2.65,1
JJ4-002-080,9.06,12.6,4.92,2.65,1
JJ4-002-090,9.06,12.6,4.92,2.65,1
JJ4-090-030,8.66,11.61,4.72,2.43,1
JJ4-090-080,9.06,12.6,4.92,2.65,1
JJ5-231-090,9.3,13.2,5.01,2.2,1
JJ5-231-115,10.3,14,5.51,2.4,1
JJ5-C80-110,9.3,13.2,5.01,2.2,1
JJ5-C80-115,10.3,14,5.51,2.4,1
JJ7-442-100,7.5,12.7,5.01,1.8,1
JJ8-475-090,9.3,13.2,5.01,1.8,1
JJ8-475-110,10.3,14,5.51,2.2,1
JJ8-475-120,10.3,14,5.51,2.2,1
JJ9-231-100,8.3,12.7,5.01,1.8,1
JJ9-231-110,9,13.5,5.51,2.2,1
JJ9-231-115,9,13.5,5.51,2.2,1
JJ9-231-120,9,13.5,5.51,2.2,1
JJ9-C80-100,9,13.5,5.51,2.2,1
JJ9-C80-115,9,13.5,5.51,2.2,1
JJ9-C80-120,9,13.5,5.51,2.2,1
JK1-090-040,8.66,11.61,4.72,2.43,1
JK1-090-045,8.66,11.61,4.72,2.43,1
JK1-090-055,9.06,11.81,4.72,2.65,1
JK1-090-090,9.06,12.6,4.92,2.65,1
JK1-B41-030,8.66,11.61,4.72,2.43,1
JK1-B41-040,8.66,11.61,4.72,2.43,1
JK1-B41-045,8.66,11.61,4.72,2.43,1
JK1-B41-060,9.06,11.81,4.72,2.65,1
JK1-B41-065,9.06,11.81,4.72,2.65,1
JK1-B41-070,9.06,11.81,4.72,2.65,1
JK1-C52-040,8.66,11.61,4.72,2.43,1
JK1-C52-080,9.06,12.6,4.92,2.65,1
JK2-002-050,7.5,12.7,5.21,1.6,1
JK2-002-060,7.5,12.7,5.21,1.6,1
JK2-002-070,7.8,13.2,5.21,1.8,1
JK2-002-090,7.8,13.2,5.21,1.8,1
JK2-B41-040,7.5,12.7,5.21,1.6,1
JK2-B41-045,7.5,12.7,5.21,1.6,1
JK2-B41-050,7.5,12.7,5.21,1.6,1
JK2-B41-060,7.5,12.7,5.21,1.6,1
JK2-B41-065,7.5,13.2,5.21,1.8,1
JK4-B41-030,8.8,11.7,4.71,1.6,1
JK4-B41-040,8.8,11.7,4.71,1.6,1
JK4-B41-080,9.3,13.2,5.21,2,1
JK4-C21-060,8.8,11.7,4.71,1.6,1
JK4-C21-070,9.3,13.2,5.21,2,1
JK6-C24-030,6.69,10.63,4.33,0.96,1
JK6-C24-045,6.69,10.63,4.33,1.07,1
JK6-C24-060,7.09,11.42,4.53,1.14,1
JK6-C25-040,6.69,10.63,4.33,1.01,1
JK6-C25-045,6.69,10.63,4.33,1.07,1
JK6-C25-055,7.09,11.42,4.53,1.12,1
JK6-C25-060,7.09,11.42,4.53,1.14,1
JK6-C25-065,7.09,11.42,4.53,1.16,1
JK6-C25-070,7.09,11.42,4.53,1.19,1
JK6-C25-080,7.48,12.2,4.72,1.29,1
JK6-C25-090,7.48,12.2,4.72,1.32,1
JK6-C26-030,6.69,10.63,4.33,0.96,1
JK6-C26-040,6.69,10.63,4.33,1.01,1
JK6-C26-050,7.09,11.42,4.53,1.1,1
JK6-C26-060,7.09,11.42,4.53,1.14,1
JK6-C26-065,7.09,11.42,4.53,1.16,1
JK6-C26-080,7.48,12.2,4.72,1.29,1
JK7-090-040,4.53,11.42,4.72,1.15,1
JK7-C53-040,4.53,11.42,4.72,1.15,1
JK7-C53-070,4.53,12.6,4.92,1.28,1
JK7-C53-080,4.72,13.39,5.12,1.3,1
JL1-011-060,8.07,11.42,4.53,1.46,1
JL1-399-080,8.27,11.81,4.72,1.54,1
JL1-C35-040,7.87,10.43,4.33,1.37,1
JL1-C35-050,8.07,11.42,4.53,1.41,1
JL1-C35-060,8.07,11.42,4.53,1.46,1
JL2-011-040,7.87,10.63,4.33,1.23,1
JL2-011-070,8.27,11.81,4.53,1.37,1
JL2-011-080,8.66,11.81,4.72,1.41,1
JL2-090-030,7.87,10.63,4.33,1.19,1
JL2-090-040,7.87,10.63,4.33,1.23,1
JL2-090-050,8.27,11.81,4.53,1.23,1
JL2-090-080,8.66,11.81,4.72,1.41,1
JL2-090-090,8.66,11.81,4.72,1.5,1
JL2-399-040,7.87,10.63,4.33,1.23,1
JL2-399-050,8.27,11.81,4.53,1.23,1
JL2-399-060,8.27,11.81,4.53,1.23,1
JL2-399-070,8.27,11.81,4.53,1.37,1
JL2-399-090,8.66,11.81,4.72,1.5,1
JL3-090-060,8.27,11.81,4.72,1.41,1
JL3-090-065,8.27,11.81,4.72,1.41,1
JL3-675-050,8.27,11.81,4.72,1.41,1
JL3-675-065,8.27,11.81,4.72,1.41,1
JL4-090-050,8.27,11.81,4.72,1.37,1
JL4-090-090,9.06,12.6,5.12,1.63,1
JL4-675-040,8.66,10.63,4.33,1.32,1
JL4-675-050,8.27,11.81,4.72,1.37,1
JL4-675-060,8.27,11.81,4.72,1.37,1
JL4-675-065,8.27,11.81,4.72,1.46,1
JL4-675-070,8.27,11.81,4.72,1.5,1
JL5-090-045,7.87,10.63,4.33,1.28,1
JL5-090-050,8.27,11.81,4.53,1.23,1
JL5-090-055,8.27,11.81,4.53,1.28,1
JL5-090-065,8.27,11.81,4.53,1.32,1
JL5-090-070,8.27,11.81,4.53,1.32,1
JL5-090-080,8.66,11.81,4.72,1.37,1
JL5-675-040,7.87,10.63,4.33,1.28,1
JL5-675-045,7.87,10.63,4.33,1.28,1
JL5-675-050,8.27,11.81,4.53,1.23,1
JL5-675-060,8.27,11.81,4.53,1.28,1
JL5-675-065,8.27,11.81,4.53,1.32,1
JL5-675-070,8.27,11.81,4.53,1.32,1
JL5-675-080,8.66,11.81,4.72,1.37,1
JL8-399-030,9,12,5.01,1.6,1
JL8-675-060,9,12,5.01,1.6,1
JL9-090-040,7.48,11.42,4.34,1.57,1
JL9-090-045,7.48,11.42,4.34,1.59,1
JL9-090-050,8.07,11.42,4.54,1.6,1
JL9-090-060,8.07,11.42,4.54,1.64,1
JL9-A99-050,8.07,11.42,4.54,1.6,1
JL9-A99-065,8.07,11.42,4.54,1.65,1
JL9-A99-080,8.27,11.81,4.54,1.71,1
JL9-B48-040,7.48,11.42,4.33,1.57,1
JL9-B48-055,8.07,11.42,4.53,1.61,1
JL9-B48-065,8.07,11.42,4.53,1.65,1
JL9-B48-070,8.07,11.42,4.53,1.68,1
JL9-B48-080,8.27,11.81,4.53,1.71,1
JM1-056-030,7.48,11.42,4.33,1.52,1
JM1-056-040,7.48,11.42,4.33,1.57,1
JM1-056-050,8.07,11.42,4.53,1.6,1
JM1-056-055,8.07,11.42,4.53,1.61,1
JM1-056-060,8.07,11.42,4.53,1.64,1
JM1-056-065,8.07,11.42,4.53,1.65,1
JM1-056-070,8.07,11.42,4.53,1.68,1
JM1-056-080,8.27,11.81,4.53,1.71,1
JM1-090-040,7.48,11.42,4.34,1.57,1
JM1-090-045,7.48,11.42,4.34,1.59,1
JM1-A99-030,7.48,11.42,4.33,1.52,1
JM1-A99-090,8.27,11.81,4.53,1.76,1
JM1-C70-030,7.48,11.42,4.33,1.52,1
JM1-C70-040,7.48,11.42,4.33,1.57,1
JM1-C70-045,7.48,11.42,4.33,1.59,1
JM1-C70-090,8.27,11.81,4.53,1.76,1
JM2-056-030,7.48,11.42,4.33,1.52,1
JM2-056-045,7.48,11.42,4.33,1.59,1
JM2-056-080,8.27,11.81,4.53,1.71,1
JM2-A99-030,7.48,11.42,4.34,1.52,1
JM2-A99-045,7.48,11.42,4.34,1.59,1
IN8-C83-070,10.4,13.7,5.51,2.4,1
IN8-C83-100,11.2,14,6.01,2.6,1
IN8-C83-110,11.2,14,6.01,2.6,1
IN8-C83-115,11.2,14,6.01,2.6,1
IV3-012-055,9,12.5,5.01,2,1
IV3-012-070,9,12.5,5.01,2,1
IX1-399-120,7.9,12.7,5.01,1.8,1
IZ5-C74-115,10.2,14,5.51,2.2,1
IZ5-C74-120,10.2,14,5.51,2.2,1
FV6-194-040,7.87,10.04,4.13,1.98,1
FV6-194-050,8.07,11.02,4.53,1.98,1
FV6-194-080,8.27,11.81,4.53,2.2,1
FV8-194-065,8.66,11.61,4.72,2.2,1
FV8-194-080,9.06,11.81,4.72,2.43,1
FV8-194-090,9.06,11.81,4.72,2.65,1
JK2-090-045,7.5,12.7,5.21,1.6,1
JK2-090-055,7.5,12.7,5.21,1.6,1
JK2-090-070,7.5,13.2,5.21,1.8,1
JK2-090-080,7.5,13.2,5.21,1.8,1
HI9-011-030,8.66,10.63,4.33,1.31,1
HI9-011-040,8.66,10.63,4.33,1.34,1
HI9-011-090,9.06,12.2,4.72,1.65,1
HY8-B16-055,9.5,12.5,5.01,2.6,1
IB8-011-080,9.06,12.2,4.72,1.6,1
IV1-090-045,9.06,11.81,4.73,1.8,1
IV1-090-050,9.06,11.81,4.73,1.8,1
IV1-090-055,9.06,11.81,4.73,1.8,1
IV1-090-065,9.06,11.81,4.73,1.8,1
IV1-090-080,9.84,12.6,4.73,1.8,1
IV1-B43-045,9.06,11.81,4.73,1.8,1
IV1-B43-050,9.06,11.81,4.73,1.8,1
IV1-B43-055,9.06,11.81,4.73,1.8,1
IV1-B43-080,9.84,12.6,4.74,1.8,1
IV1-B43-090,9.84,12.6,4.73,1.8,1
IV1-C17-030,7.87,11.81,4.54,1.8,1
IV1-C17-060,9.06,11.81,4.73,1.8,1
IV1-C17-065,9.06,11.81,4.73,1.8,1
IV1-C17-070,9.84,12.6,4.73,1.8,1
IV1-C17-090,9.84,12.6,4.73,1.8,1
IV7-194-040,8.27,11.81,4.53,0.44,1
IV7-C16-040,8.27,11.81,4.53,0.44,1
IV7-C16-045,8.27,11.81,4.53,0.44,1
IV7-C16-050,8.27,11.81,4.53,0.44,1
IV7-C16-065,9.06,11.81,4.72,0.44,1
IV7-C16-070,9.06,11.81,4.72,0.44,1
IV7-C16-080,9.84,12.6,4.72,0.44,1
JA3-012-040,6.69,10.63,4.33,1.12,1
JA5-090-040,5.5,10.7,4.31,1.2,1
JA5-C15-080,7,12.3,4.81,1.4,1
JA5-C15-090,7,12.3,4.81,1.4,1
JA6-090-040,5.51,10.83,4.34,0.8,1
JA6-090-060,5.71,11.81,4.54,0.8,1
JA6-090-080,5.91,12.4,4.73,0.8,1
JA6-090-090,5.91,12.4,4.73,0.8,1
JA6-A99-040,5.51,10.83,4.34,1.2,1
JA6-A99-050,5.51,10.83,4.34,1.2,1
JA6-A99-060,5.71,11.81,4.54,1.2,1
JA6-A99-080,5.91,12.4,4.73,1.2,1
JA6-A99-090,5.91,12.4,4.73,1.2,1
JA7-C15-050,5.51,10.83,4.34,0.8,1
JA7-C15-090,5.91,12.4,4.73,0.8,1
JA7-C20-080,5.91,12.4,4.73,0.8,1
JE5-C33-065,8.07,11.02,4.54,1.2,1
JE5-C33-090,7.87,11.81,4.54,1.2,1
JE6-C33-030,7.83,11.42,4.34,1.4,1
JE6-C33-040,7.48,11.42,4.34,1.4,1
JE6-C33-080,7.87,11.81,4.54,1.8,1
JE6-C55-040,7.48,11.42,4.34,1.4,1
JF4-C14-060,9.84,12.6,4.72,0.44,1
JF4-C14-080,10.24,12.99,4.72,0.44,1
JF4-C15-090,10.24,12.99,4.72,0.44,1
JF5-001-030,9.06,12.2,4.73,1.8,1
JF5-001-040,9.06,12.2,4.73,1.8,1
JF5-001-050,9.06,12.2,4.73,1.8,1
JF5-001-055,9.84,12.6,4.73,1.8,1
JF5-001-060,9.84,12.6,4.73,1.8,1
JF5-001-065,9.84,12.6,4.73,1.8,1
JF5-001-090,10.24,12.99,4.73,1.8,1
JF5-675-055,9.84,12.6,4.73,1.8,1
JF5-675-060,9.84,12.6,4.73,1.8,1
JF5-675-080,10.24,12.99,4.73,1.8,1
JF5-675-090,10.24,12.99,4.73,1.8,1
JF5-A99-040,9.06,12.2,4.73,1.8,1
JF5-A99-055,9.84,12.6,4.72,0.44,1
JF5-A99-065,9.84,12.6,4.72,0.44,1
JF5-C15-030,9.06,12.2,4.73,1.8,1
JF5-C15-055,9.84,12.6,4.72,0.44,1
JF5-C15-060,9.84,12.6,4.73,1.8,1
JF5-C15-065,9.84,12.6,4.72,0.44,1
JF5-C15-070,9.84,12.6,4.73,1.8,1
JF5-C15-080,10.24,12.99,4.73,1.8,1
JF5-C15-090,10.24,12.99,4.73,1.8,1
JF6-001-050,9.06,12.2,4.73,2.2,1
JF6-001-065,9.84,12.6,4.73,2.2,1
JF6-001-080,10.24,12.99,4.73,2.2,1
JF6-C15-065,9.84,12.6,4.73,2.2,1
JF6-C15-070,9.84,12.6,4.73,2.2,1
JF7-001-040,9.06,12.2,4.73,2,1
JF7-001-060,9.84,12.6,4.73,2,1
JF7-001-065,9.84,12.6,4.72,0.44,1
JF7-A99-030,9.06,12.2,4.73,2,1
JF7-A99-040,9.06,12.2,4.73,2,1
JF7-A99-045,9.06,12.2,4.72,0.44,1
JF7-A99-050,9.06,12.2,4.73,2,1
JF7-A99-055,9.84,12.6,4.72,0.44,1
JF7-A99-060,9.84,12.6,4.73,2,1
JF7-A99-080,10.24,12.99,4.73,2,1
JF7-C15-030,9.06,12.2,4.73,2,1
JF7-C15-055,9.84,12.6,4.72,0.44,1
JF7-C15-065,9.84,12.6,4.72,0.44,1
JG1-C24-040,9.06,12.2,4.74,2,1
JG1-C24-055,9.84,12.6,4.72,0.44,1
JG1-C24-060,9.84,12.6,4.73,2,1
JG1-C24-090,10.24,12.99,4.73,2,1
JG1-C25-030,9.06,12.2,4.73,2,1
JG1-C25-045,9.06,12.2,4.72,0.44,1
JG1-C25-070,9.84,12.6,4.73,2,1
JG1-C25-080,10.24,12.99,4.73,2,1
JG1-C25-090,10.24,12.99,4.73,2,1
JG1-C26-030,9.06,12.2,9.07,2,1
JG1-C26-045,9.06,12.2,4.72,0.44,1
JG1-C26-050,9.06,12.2,4.73,2,1
JG1-C26-060,9.84,12.6,4.73,2,1
JG1-C26-090,10.24,12.99,4.73,2,1
JG6-001-030,9.25,11.81,4.14,1.4,1
JG6-001-040,9.25,11.81,4.14,1.4,1
JG6-001-045,9.25,11.81,4.14,1.4,1
JG6-001-055,9.65,12.2,4.34,1.4,1
JG6-194-030,9.25,11.81,4.14,1.4,1
JG6-194-040,9.25,11.81,4.14,1.4,1
JG6-194-045,9.25,11.81,4.14,1.4,1
JG6-194-060,9.65,12.2,4.34,1.4,1
JG7-194-040,9.06,12.2,4.73,1.4,1
JG7-194-070,9.84,12.6,4.73,1.4,1
JG7-194-080,10.24,12.99,4.73,1.4,1
JG7-687-065,9.84,12.6,4.73,1.4,1
JG8-B41-040,7.48,11.42,4.34,1.6,1
JK5-011-065,7.09,11.42,4.53,0.44,1
JK5-090-055,7.09,11.42,4.53,0.44,1
HE8-B41-030,8.07,11.42,4.53,0.44,1
HE8-B41-050,8.27,11.81,4.72,0.44,1
HE8-B41-060,8.27,11.81,4.72,0.44,1
HE8-B41-065,8.27,11.81,4.72,0.44,1
HE8-B41-080,8.66,12.6,4.92,0.44,1
HE8-B41-090,8.66,12.6,4.92,0.44,1
JL6-090-030,9.06,12.2,4.73,2,1
JL6-090-050,9.06,12.2,4.73,2,1
JL6-090-055,9.06,12.2,4.73,2,1
JL6-B41-040,9.06,12.2,4.73,2,1
JL6-B41-065,9.84,12.6,4.73,2,1
IV1-C18-055,9.06,11.81,4.73,1.8,1
IV1-C18-065,9.06,11.81,4.74,1.8,1
IV1-C18-070,9.84,12.6,4.73,1.8,1
IV1-C18-090,9.84,12.6,4.73,1.8,1
HJ6-675-040,8.66,10.63,4.33,1.73,1
HJ6-675-065,9.06,12.2,4.72,1.97,1
HJ6-675-070,9.06,12.2,4.72,1.98,1
HJ6-675-080,9.45,13.39,4.72,2.11,1
HT9-675-065,7.09,11.42,4.53,1.25,1
HT9-B59-070,7.09,11.42,4.53,1.29,1
HK8-675-055,8.66,11.61,4.72,1.96,1
HK8-675-060,8.66,11.61,4.72,1.98,1
IY5-C47-040,11.42,11.81,4.72,2.98,1
IY5-C47-060,11.81,12.6,5.12,3.2,1
IY5-C47-065,11.81,12.6,5.12,3.26,1
IY5-C47-080,12.2,13.39,5.51,3.53,1
IZ9-001-065,9.45,12.01,4.92,2.31,1
JH3-C47-030,7.48,11.42,4.34,2,1
JL7-C59-060,11.42,12.2,4.73,2.2,1
JH4-C59-080,8.66,12.6,4.93,2.4,1
IY5-C48-050,11.81,12.6,5.12,3.2,1
IY5-C48-070,11.81,12.6,5.12,3.31,1
IY5-C49-050,11.81,12.6,5.12,3.2,1
IY5-C49-060,11.81,12.6,5.12,3.2,1
IY5-C49-065,11.81,12.6,5.12,3.26,1
IZ9-C50-030,9.06,11.22,4.53,2.09,1
E2A-001-070,8.27,11.81,4.72,0.44,1
E2D-A69-040,8.27,11.81,4.53,2.02,1
E2D-A69-065,9.06,11.81,4.72,2.2,1
E2D-A69-070,9.06,11.81,4.72,2.2,1
EJ8-C89-045,7.87,10.04,4.13,1.1,1
EJ8-C89-080,8.27,11.81,4.53,1.54,1
GS7-076-080,15.94,21.46,14.37,2.43,1
HF4-040-050,8.4,11.6,4.71,1.4,1
HF4-040-070,8.4,12.5,5.01,1.6,1
HF4-040-090,8.4,12.5,5.01,1.6,1
HH3-B41-065,8.07,11.02,4.53,1.54,1
HH3-B41-080,8.07,11.02,4.53,1.59,1
HL1-D16-040,9.06,11.81,4.72,3.02,1
HL1-D16-090,9.84,12.6,4.72,3.64,1
HX2-B41-080,9.06,12.2,4.72,1.53,1
HX8-288-055,6.3,11.42,4.13,1.12,1
HX9-040-045,6,10.6,4.01,1.2,1
I88-817-030,8.27,10.83,4.33,1.65,1
IC5-040-040,8.4,11.6,5.01,1.4,1
IC5-040-050,8.4,11.6,5.01,1.4,1
IH2-C89-090,7.28,12.2,4.92,1.37,1
IK8-288-050,9.06,12.6,4.92,1.81,1
IN8-D13-115,10.83,13.58,5.71,2.57,1
IN8-D13-120,10.83,13.58,5.71,2.57,1
IU1-C90-030,9,11.3,4.51,1.4,1
IU1-C90-045,9,11.3,4.51,1.4,1
IU1-C90-070,9.3,12.7,5.01,1.6,1
IU1-C90-080,9.3,12.7,5.01,1.6,1
IW1-011-050,9.06,11.81,4.72,2.65,1
IW1-011-090,9.06,12.6,4.92,2.65,1
IW2-011-050,9.06,11.81,4.72,2.65,1
IY1-C89-045,8.66,10.63,4.33,1.68,1
IY1-C89-050,8.66,11.81,4.72,1.76,1
IY1-C89-065,8.66,11.81,4.72,1.83,1
IY1-C89-070,8.66,11.81,4.72,1.85,1
IY1-C89-080,9.06,12.6,5.12,1.94,1
JE6-442-050,8.3,11.5,4.51,1.2,1
JF3-B41-030,7.87,10.63,4.33,1.5,1
JF3-B41-065,8.27,11.81,4.53,1.59,1
JF3-B41-080,8.66,11.81,4.72,1.63,1
JF7-675-045,9.06,12.2,4.72,0.44,1
JF7-675-080,10.24,12.99,4.72,0.44,1
JJ5-076-100,9.3,13.2,5.01,2.2,1
JL2-C90-050,8.2,11.2,4.51,1.4,1
JM1-B93-050,7.5,12,5.01,1.4,1
JM1-B93-055,7.5,12,5.01,1.4,1
JM1-B93-070,8.5,12.2,5.01,1.6,1
JM1-B93-090,8.5,12.2,5.01,1.6,1
JM2-B93-030,7.8,12,4.51,1.4,1
JM2-B93-040,7.8,12,4.51,1.4,1
JM2-B93-050,7.8,12,4.51,1.4,1
JM2-B93-055,7.8,12,4.51,1.4,1
JM2-B93-060,8.5,12.5,4.71,1.6,1
E1E-090-050,8.27,11.81,4.72,1.7,1
E1I-001-040,8.5,11.5,4.51,1.4,1
E1I-001-090,9.3,12.8,5.01,1.6,1
E1Q-001-070,10.83,13.58,5.71,0.44,1
E1R-001-040,9.45,12.99,5.12,0.44,1
E1R-001-045,9.45,12.99,5.12,0.44,1
E1R-001-070,10.43,13.19,5.31,0.44,1
E1T-167-040,9.45,12.99,5.12,0.44,1
E1T-167-045,9.45,12.99,5.12,0.44,1
E1T-167-080,10.83,13.58,5.71,0.44,1
E1U-090-065,12.99,14.17,4.72,0.44,1
E1V-001-040,7.87,11.81,4.53,0.44,1
E1V-001-050,9.06,11.81,4.72,0.44,1
E1V-001-060,9.06,11.81,4.72,0.44,1
E22-D24-070,9.06,11.81,4.72,2.39,1
E2G-001-045,12,13,5.01,2.2,1
E2G-001-060,12,12.8,5.01,2.2,1
E2G-001-065,12,13,5.01,2.2,1
E2H-D07-030,12,12.8,5.01,2.2,1
E2H-D07-040,12,12.8,5.01,2.2,1
E2H-D07-045,12,13,5.01,2.2,1
E2H-D07-055,12,13,5.01,2.2,1
E2H-D07-080,12,13.8,5.31,2.6,1
E2J-090-040,13.39,14.96,4.92,3.79,1
E2K-076-030,13.39,14.96,4.92,3.64,1
E2K-076-040,13.39,14.96,4.92,3.79,1
E2K-076-080,14.76,16.14,5.51,4.41,1
E2M-D20-055,6.7,10.7,4.31,1.3,1
E2N-D20-055,6.7,10.7,4.31,1.2,1
E2W-090-040,8.27,11.81,4.72,1.76,1
E2W-090-050,8.66,12.2,4.72,1.94,1
E2W-090-055,8.66,12.2,4.72,1.98,1
E2W-090-060,8.66,12.2,4.72,2.43,1
E2W-090-065,8.66,12.2,4.72,2.65,1
E2W-090-070,8.66,12.2,4.72,2.76,1
E2W-090-080,9.06,12.6,5.12,2.87,1
E2W-090-090,9.06,12.6,5.12,3,1
E2Y-040-030,8.27,11.81,4.72,1.72,1
E2Y-040-040,8.27,11.81,4.72,1.87,1
E2Y-040-045,8.27,11.81,4.72,1.94,1
E2Y-040-050,8.66,12.2,4.72,1.98,1
E2Y-040-055,8.66,12.2,4.72,2.03,1
E2Y-040-060,8.66,12.2,4.72,2.09,1
E2Y-040-065,8.66,12.2,4.72,2.38,1
E2Y-040-070,8.66,12.2,4.72,2.49,1
E2Y-040-080,9.06,12.6,5.12,2.65,1
E2Y-040-090,9.06,12.6,5.12,2.82,1
E35-076-030,11.02,11.81,4.53,2.16,1
E3A-090-090,13.19,13.39,5.31,2.93,1
E3D-090-090,7.3,12.2,5.01,1.4,1
E3J-001-045,5.91,10.63,3.94,1.12,1
E3L-D20-070,6.3,11.42,4.13,1.32,1
E3P-090-050,8.27,11.81,4.53,2.12,1
E3P-090-055,8.27,11.81,4.53,2.14,1
E3P-090-065,8.27,11.81,4.53,2.18,1
E3P-090-070,8.27,11.81,4.53,2.29,1
E3T-001-030,8.07,11.02,4.53,2.03,1
E3T-001-045,8.07,11.02,4.53,2.09,1
E3T-001-055,8.27,11.81,4.53,2.14,1
E3T-001-065,8.27,11.81,4.53,2.18,1
E3T-001-070,8.27,11.81,4.53,2.29,1
E3T-001-080,9.06,12.6,4.92,2.34,1
E3U-B41-030,8.07,11.02,4.53,2.03,1
E3U-B41-040,8.07,11.02,4.53,2.07,1
E3U-B41-045,8.07,11.02,4.53,2.09,1
E3U-B41-050,8.27,11.81,4.53,2.12,1
E3U-B41-055,8.27,11.81,4.53,2.14,1
E3U-B41-060,8.27,11.81,4.53,2.16,1
E3U-B41-065,8.27,11.81,4.53,2.18,1
E3U-B41-070,8.27,11.81,4.53,2.29,1
E3U-B41-080,9.06,12.6,4.92,2.34,1
E3U-B41-090,9.06,12.6,4.92,2.38,1
E3Y-675-030,9.5,13,5.01,1.8,1
E3Y-675-080,10.5,13.5,5.01,2.4,1
E3Y-675-090,10.5,13.5,5.01,2.4,1
E3Z-001-045,9.5,12.8,5.01,2,1
E3Z-001-060,9.5,12.8,5.01,2,1
E3Z-001-080,10.5,13.5,5.01,2.4,1
E4F-D26-065,8.27,11.81,4.53,1.63,1
E4F-D26-080,9.06,12.2,4.72,1.79,1
E4K-D28-070,8.66,11.81,4.72,0.44,1
E4R-001-045,8.5,11.5,4.51,1.4,1
E4R-001-065,9.3,12.8,5.01,1.8,1
E4T-001-030,7.48,11.42,4.33,0.23,1
E4T-001-090,9.06,12.2,4.72,1.94,1
E4U-090-045,10.24,12.6,4.72,2.65,1
E4U-090-065,10.43,13.39,4.92,2.84,1
E4U-090-070,10.43,13.39,4.92,2.91,1
E4V-231-045,9,12,5.01,1.8,1
E4V-231-090,9,12,5.01,1.8,1
E5D-090-030,9.45,12.99,5.12,0.44,1
E5D-090-080,10.83,13.58,5.71,0.44,1
E5D-090-090,10.83,13.58,5.71,0.44,1
E5F-076-080,9.84,12.6,4.72,0.44,1
E5H-001-040,8.2,11.3,4.51,1.4,1
E5H-001-045,8.2,11.3,4.51,1.4,1
E5H-001-060,7.5,12.3,4.71,1.6,1
E5H-001-065,7.5,12.7,4.71,1.6,1
E5H-001-090,7.5,12.7,4.71,1.6,1
E5T-011-070,9.3,12.8,5.01,1.8,1
E5T-011-090,9.3,12.8,5.01,1.8,1
E6F-001-030,8.27,10.83,4.33,1.98,1
E6F-001-070,8.66,11.61,4.72,2.2,1
E6H-001-030,8.27,10.83,4.33,1.98,1
E7O-001-070,9.7,13.5,5.31,2.2,1
E7O-001-115,11.2,14.3,6.01,2.6,1
E7Q-001-100,8.66,12.6,4.72,0.44,1
E7S-167-110,10.04,13.39,5.31,0.44,1
E7T-167-120,10.04,13.39,5.31,0.44,1
AQ3-925-080,8.07,12.2,4.92,1.54,1
AQ3-925-090,8.27,12.6,5.12,1.76,1
AQ3-925-110,8.66,12.99,5.31,1.76,1
AQ3-925-120,8.66,12.99,5.31,1.98,1
DG5-C99-040,4.13,10.24,4.33,0.39,1
DG5-C99-050,4.33,11.02,4.53,0.41,1
DG5-C99-060,4.33,11.02,4.53,0.42,1
DG5-C99-065,4.33,11.02,4.53,0.42,1
E54-C88-040,4.3,10.3,4.31,0.6,1
E54-C88-050,4.3,10.3,4.31,0.6,1
EJ8-C97-040,7.87,10.04,4.13,1.1,1
FV6-C88-030,7.87,10.04,4.13,1.98,1
FV6-C88-045,7.87,10.04,4.13,1.98,1
FV6-C88-090,8.27,11.81,4.53,2.2,1
HF4-C88-080,8.4,12,5.01,1.6,1
HX2-C99-050,8.66,11.61,4.72,1.38,1
I88-C88-060,8.27,11.81,4.53,1.74,1
I88-C88-090,8.27,10.83,4.33,1.85,1
IF6-817-030,8.27,11.81,4.72,0.44,1
IW1-288-060,9.06,11.81,4.72,2.65,1
IY1-C90-030,8.66,10.63,4.33,1.59,1
IY1-C90-040,8.66,10.63,4.33,1.63,1
JC8-A20-040,4.13,10.24,4.33,0.84,1
JL2-C98-040,8.2,11.2,4.51,1.4,1
JM1-D05-030,7.8,12,4.51,1.4,1
JM1-D05-070,8.5,12.5,4.71,1.8,1
JM1-D05-080,8.5,12.5,4.71,1.8,1
JM1-D05-090,8.5,12.5,4.71,1.4,1
JM2-D05-030,8,12,4.51,1.4,1
FV6-C89-030,7.87,10.04,4.13,1.98,1
FV6-C89-045,7.87,10.04,4.13,1.98,1
FV6-C89-055,8.07,11.02,4.53,1.98,1
FV6-C89-070,8.07,11.02,4.53,2.2,1
HF4-D02-030,8.5,11.6,4.08,1.4,1
HF4-D02-060,8.4,12.5,5.01,1.6,1
I88-C89-050,8.27,11.81,4.53,1.74,1
I88-C89-080,9.06,12.2,4.72,1.85,1
IK8-C96-040,9.06,12.2,4.72,1.72,1
IK8-C96-090,9.45,12.99,5.12,2.16,1
IW1-C15-055,9.06,11.81,4.72,2.65,1
IW1-C15-065,9.06,11.81,4.72,2.65,1
IW1-C15-090,9.06,12.6,4.92,2.65,1
IY1-C91-040,8.66,10.63,4.33,1.63,1
IY1-C91-045,8.66,10.63,4.33,1.68,1
IY1-C91-055,8.66,11.81,4.72,1.79,1
IY1-C91-070,8.66,11.81,4.72,1.85,1
IY1-C91-080,9.06,12.6,5.12,1.94,1
JM1-D06-045,7.5,12,5.01,1.4,1
JM2-D06-040,8,12,4.51,1.4,1
JM2-D06-050,8,12,4.51,1.4,1
JM2-D06-060,8.5,12.5,4.71,1.6,1
JM2-D06-065,8.5,12.5,4.71,1.6,1
JM2-D06-070,8.5,12.5,4.71,1.6,1
J80-D11-070,4.33,11.81,4.72,0.79,1
E4D-090-050,12.99,14.17,4.72,0.44,1
E35-D07-055,11.81,12.2,4.72,2.54,1
E35-D07-080,11.81,13.39,5.12,2.67,1
E3D-D07-090,7.3,12.2,5.01,1.4,1
E3T-D07-030,8.07,11.02,4.53,2.03,1
E3T-D07-040,8.07,11.02,4.53,2.07,1
E3T-D07-045,8.07,11.02,4.53,2.09,1
E3T-D07-050,8.27,11.81,4.53,2.12,1
E3T-D07-055,8.27,11.81,4.53,2.14,1
E3T-D07-060,8.27,11.81,4.53,2.16,1
E3T-D07-065,8.27,11.81,4.53,2.18,1
E3T-D07-070,8.27,11.81,4.53,2.29,1
E3T-D07-090,9.06,12.6,4.92,2.38,1
E2Y-167-030,8.27,11.81,4.72,1.72,1
E2Y-167-040,8.27,11.81,4.72,1.87,1
E2Y-167-045,8.27,11.81,4.72,1.94,1
E2Y-167-050,8.66,12.2,4.72,1.98,1
E2Y-167-055,8.66,12.2,4.72,2.03,1
E2Y-167-060,8.66,12.2,4.72,2.09,1
E2Y-167-065,8.66,12.2,4.72,2.38,1
E2Y-167-070,8.66,12.2,4.72,2.49,1
E2Y-167-090,9.06,12.6,5.12,2.82,1
E3B-167-065,12.6,13.19,4.92,2.82,1
E4L-D20-030,8.3,11.7,5.01,1.4,1
E4L-D20-080,8.5,13,5.01,1.6,1
E3J-B41-030,5.91,10.63,3.94,1.06,1
E5H-B41-045,6.6,10.6,4.31,1.2,1
E5H-B41-065,7.5,12.7,4.71,1.6,1
E1Y-D23-090,9.45,12.99,5.12,2.38,1
E1X-926-040,8.27,11.81,4.53,1.84,1
E1X-926-080,9.84,12.6,4.72,2.2,1
E1X-926-090,9.84,12.6,4.72,2.2,1
E1I-C15-030,8.5,11.5,4.51,1.4,1
E1I-C15-040,8.5,11.5,4.51,1.4,1
E1I-C15-070,9.5,12.8,5.01,1.6,1
E2G-C15-040,12,12.7,5.01,2.2,1
E2G-C15-055,12,12.7,5.01,2.2,1
E2G-C15-070,13,14.5,6.01,2.8,1
E2G-C15-080,13,14.5,6.01,2.8,1
E2G-C15-090,13,14.5,6.01,2.8,1
E3I-C15-080,7.28,12.2,4.92,0.93,1
E3Z-C15-060,9.5,12.8,5.01,2,1
E1X-D21-030,8.27,11.81,4.53,1.84,1
E1X-D21-055,9.06,11.81,4.72,2.02,1
E1X-D21-070,9.06,11.81,4.72,2.2,1
E4V-D18-045,9,12.3,5.01,2,1
E4V-D18-050,9,12.3,5.01,2,1
E4V-D18-055,9,12.3,5.01,2,1
E4V-D18-065,9,12.3,5.01,2,1
E4V-D18-070,9,12.3,5.01,2,1
E4V-D18-080,9.3,13,5.31,2.2,1
E3A-A69-040,11.81,12.2,4.72,2.67,1
E3A-A69-090,13.19,13.39,5.31,2.93,1
E3W-A69-040,11.02,12.99,4.72,2.71,1
E4U-A69-040,10.24,12.6,4.72,2.6,1
E4U-A69-050,10.43,13.39,4.92,2.69,1
E4U-A69-080,11.81,13.39,4.92,3.02,1
E4U-A69-090,11.81,13.39,4.92,3.15,1
E3Y-C89-080,10.5,13.5,5.01,2.4,1
E7O-442-110,10.3,14,5.51,2.4,1
E1I-A99-065,9.5,12.8,5.01,1.6,1
E2W-A99-030,8.27,11.81,4.72,1.59,1
E2W-A99-040,8.27,11.81,4.72,1.76,1
E2W-A99-045,8.27,11.81,4.72,1.87,1
E2W-A99-055,8.66,12.2,4.72,1.98,1
E2W-A99-060,8.66,12.2,4.72,2.43,1
E2W-A99-065,8.66,12.2,4.72,2.65,1
E2W-A99-070,8.66,12.2,4.72,2.76,1
E2W-A99-090,9.06,12.6,5.12,3,1
E2Z-A99-055,11.7,13,5.01,2.6,1
E2Z-A99-060,11.7,13,5.01,2.6,1
E2Z-A99-070,11.7,13,5.01,2.6,1
E3E-A99-060,7.3,12.2,5.01,1.4,1
E1K-288-060,8.66,11.61,4.72,1.53,1
E5H-288-040,6.6,10.6,4.31,1.2,1
E5H-288-055,6.6,10.6,4.31,1.2,1
E5H-288-090,7.5,12.7,4.71,1.6,1
E4T-011-045,7.48,11.42,4.33,1.54,1
E4T-011-080,9.06,12.2,4.72,1.85,1
E4T-011-090,9.06,12.2,4.72,1.94,1
E6H-C91-060,8.66,11.61,4.72,2.2,1
E1E-194-070,8.27,11.81,4.72,1.79,1
E21-194-050,9.06,12.2,4.72,0.44,1
E21-194-080,9.84,12.6,4.72,0.44,1
E4H-194-065,9.06,11.81,4.72,0.44,1
E4R-194-045,7.7,12,4.51,1.4,1
E4R-194-090,9.5,12.8,5.01,1.8,1
E5B-194-060,8.27,11.81,4.53,0.23,1
E7Q-194-110,9.45,12.99,5.12,0.44,1
E22-D26-040,9.06,12.2,4.72,2.03,1
E7O-D33-090,10.3,14,5.51,2.2,1
E1U-076-050,12.6,13.78,4.53,0.44,1
E1U-076-070,12.99,14.17,4.72,0.44,1
E2Y-D07-030,8.27,11.81,4.72,1.72,1
E2Y-D07-045,8.27,11.81,4.72,1.94,1
E2Y-D07-050,8.66,12.2,4.72,1.98,1
E2Y-D07-065,8.66,12.2,4.72,2.38,1
E2Y-D07-070,8.66,12.2,4.72,2.49,1
E2Y-D07-080,9.06,12.6,5.12,2.65,1
E5Q-D07-030,7.48,11.42,4.33,0.44,1
E6A-001-040,8.07,11.02,4.53,1.48,1
E6A-001-050,8.27,11.81,4.53,1.61,1
E6A-001-070,8.27,11.81,4.53,1.72,1
E6E-001-050,8.66,11.81,4.72,1.81,1
E6M-090-040,8.2,10.6,4.31,1.4,1
E6M-090-080,8.6,12.5,4.81,1.6,1
E6O-D19-060,9.4,13.2,5.01,1.7,1
E6V-090-040,8.4,11.6,4.61,1.8,1
E6V-090-080,9.3,13.2,5.01,2,1
E6V-090-090,9.3,13.2,5.01,2,1
E6Y-001-060,8.5,12.5,4.71,1.6,1
E6Y-001-070,8.5,12.5,4.71,1.6,1
E6Y-001-090,8.5,12.5,4.71,1.6,1
E7C-C88-030,7.8,12,4.51,1.4,1
E7C-C88-080,8.5,12.5,4.71,1.6,1
E7X-D12-070,7.5,12.8,5.01,1.8,1
E7X-D12-090,7.5,12.8,5.01,1.8,1
E7X-D12-100,7.5,12.8,5.01,1.8,1
E6A-C91-050,8.27,11.81,4.53,1.61,1
E6E-C91-050,8.66,11.81,4.72,1.81,1
E6M-288-040,8.2,10.6,4.31,1.4,1
E6N-D20-030,7.5,12.4,4.81,1.4,1
E6N-D20-040,7.5,12.4,4.81,1.4,1
E6N-D20-060,7.8,13,5.31,1.8,1
E6N-D20-090,7.8,13,5.31,1.8,1
E6O-D20-055,9,12.2,5.01,1.6,1
E6O-D20-060,9.4,13.2,5.01,1.8,1
E6O-D20-065,9.4,13.2,5.01,1.8,1
E6O-D20-080,9.4,13.2,5.01,1.8,1
E6V-B41-040,8.4,11.6,4.61,1.8,1
E6V-B41-065,9.3,13.2,5.01,2,1
E6V-B41-070,9.3,13.2,5.01,2,1
E6V-B41-090,9.3,13.2,5.01,2,1
E7B-090-040,7.8,12,4.51,1.4,1
E7B-090-045,7.8,12,4.51,1.4,1
E7X-D31-070,7.7,13.2,5.31,2,1
E7X-D31-090,7.7,13.2,5.31,2,1
E7X-D31-110,8,13.5,5.51,2.1,1
E6J-C91-030,9,11.2,4.51,1.4,1
E6Y-C88-070,8.5,12.5,4.71,1.6,1
E6Y-C88-090,8.5,12.5,4.71,1.6,1
E7X-D32-080,7.5,12,5.01,1.8,1
E7X-D32-090,7.5,12.8,5.01,1.8,1
E7X-D32-110,7.7,13.2,5.31,2,1
E7X-D32-120,7.7,13.2,5.31,2,1
E6K-C98-050,8,11,4.51,1.4,1
F65-399-050,8.66,11.61,4.72,1.43,1
F65-399-065,8.66,11.61,4.72,1.52,1
E7A-001-030,8.07,11.42,4.53,0.44,1
E7A-C88-030,8.07,11.42,4.53,0.44,1
E7A-C88-090,9.45,12.6,4.72,0.44,1
E7A-194-030,8.07,11.42,4.53,0.44,1
B1B-001-080,9,12.5,5.01,1.8,1
B1B-288-080,9,12.5,5.01,1.8,1
B1B-288-090,9,12.5,5.01,1.8,1
B1B-B41-070,9,12.5,5.01,1.8,1
B1H-001-030,8.4,12,4.51,1.6,1
B1H-001-065,9,13.2,5.01,2,1
B1H-001-080,9,13.2,5.01,2,1
B1H-592-030,8.4,12,4.51,1.6,1
B1J-001-030,8.4,12,4.51,1.6,1
B1J-001-065,9,13.2,5.01,2,1
B1J-592-080,9,13.2,5.01,2,1
B1K-001-060,8.4,12,4.51,1.6,1
B1K-001-065,9,13.2,5.01,2,1
B1K-001-080,9,13.2,5.01,2,1
B1K-D18-050,8.4,12,4.51,1.6,1
B1K-D18-070,9,13.2,5.01,2,1
B1K-D18-090,9,13.2,5.01,2,1
E4X-B84-060,9.4,12.2,5.01,1.8,1
HX7-A25-090,9.45,12.99,5.12,2.16,1
IK8-D39-045,9.06,12.2,4.72,1.76,1
IK8-D39-070,9.06,12.6,4.92,1.98,1
E7B-D05-030,8,12,4.51,1.6,1
E7B-D05-090,8.5,12.5,4.71,1.6,1
B1S-090-040,9.06,12.2,4.72,2.16,1
B1S-090-070,9.45,12.99,5.12,2.49,1
B1S-167-045,9.06,12.2,4.72,2.2,1
B1T-A76-045,9.06,12.2,4.72,2.2,1
B5R-090-080,9.4,12.2,5.01,1.8,1
E7C-001-030,7.8,12,4.51,1.4,1
E7C-001-040,7.8,12,4.51,1.4,1
E7C-001-090,8.5,12.5,4.71,1.8,1
E4R-090-090,9.5,12.75,4.91,1.8,1
HL1-D16-045,9.06,11.81,4.72,3.15,1
HL1-D16-055,9.45,12.2,4.72,3.28,1
E4T-090-045,7.48,11.42,4.33,1.54,1
268-001-090,8.66,12.6,4.72,1.64,1
279-090-110,8.66,12.99,5.31,2.01,1
593-001-050,8.66,11.81,4.53,1.86,1