n,W,L,H
IC1-477-070,1,1.01,1
ES6-090-070,1,1.01,1
P1055-999-999,1,1.01,1
SFD-904-999,4.25,6.1,0.16
SFC-323-999,4.25,6.1,0.16
SFB-902-999,4.25,6.1,0.16
SFC-010-999,4.25,6.1,0.16
SFC-011-999,4.25,6.1,0.16
SAI-910-999,4.92,7.48,0.16
SAK-910-999,4.92,7.48,0.16
SAO-912-999,4.92,7.48,0.16
SAA-905-999,4.92,7.48,0.16
SAW-914-999,4.92,7.48,0.16
SAC-907-999,4.92,7.48,0.16
SAN-913-999,4.92,7.48,0.16
SAV-905-999,4.92,7.48,0.16
SAJ-905-999,4.92,7.48,0.16
SAH-911-999,4.92,7.48,0.16
SAD-908-999,4.92,7.48,0.16
SAB-906-999,4.92,7.48,0.16
SAY-906-999,4.92,7.48,0.16
SAU-907-999,4.92,7.48,0.16
SAR-908-999,4.92,7.48,0.16
SAG-909-999,4.92,7.48,0.16
SAQ-911-999,4.92,7.48,0.16
SAZ-912-999,4.92,7.48,0.16
SAF-910-999,4.92,7.48,0.16
SAP-910-999,4.92,7.48,0.16
SAT-909-999,4.92,7.48,0.16
SAM-907-999,4.92,7.48,0.16
SAE-909-999,4.92,7.48,0.16
SAX-182-999,4.92,7.48,0.16
SAS-906-999,4.92,7.48,0.16
SAL-182-999,4.92,7.48,0.16
FN9-929-999,4.13,6.69,0.24
FN8-A17-999,4.13,6.69,0.24
FN9-054-999,4.13,6.69,0.24
GH4-A26-999,4.13,6.69,0.24
GH6-694-999,4.13,6.69,0.24
GH5-925-999,4.13,6.69,0.24
FN8-A18-999,4.13,6.69,0.24
FN9-A38-999,4.13,6.69,0.24
FN7-A17-999,4.13,6.69,0.24
D289-999-999,2.09,11.94,1.06
D287-999-999,2.09,11.94,1.06
GH3-482-A35,3.5,7,1.21
GH3-668-A35,3.5,7,1.21
GH3-604-A69,3.5,7,1.21
GH3-604-A35,3.5,7,1.21
GH3-482-A69,3.5,7,1.21
GH3-A35-A69,3.5,7,1.21
GH3-399-A35,3.5,7,1.21
GH3-A35-A35,3.5,7,1.21
GH3-399-A69,3.5,7,1.21
D286-999-999,3.54,6.1,1.38
GG9-800-001,4,9.5,1.01
GG5-001-003,7,11.5,0.51
GG9-001-001,5,9,1.01
GG7-399-006,12,14.63,0.26
GG7-001-006,12,14.63,0.26
GG7-001-005,12,14.63,0.26
GG5-001-005,12,14.63,0.26
GG6-399-006,12,14.63,0.26
GG6-399-005,12,14.63,0.26
GG8-399-006,12,14.63,0.26
GG5-001-004,12,14.63,0.26
GG5-194-005,12,14.63,0.26
GG5-194-004,12,14.63,0.26
GG5-001-006,12,14.63,0.26
GG7-399-005,12,14.63,0.26
GG5-031-005,12,14.63,0.26
GG5-031-006,12,14.63,0.26
GG7-001-004,12,14.63,0.26
GG5-194-006,12,14.63,0.26
D285-999-999,4.53,6.5,1.97
GG5-031-004,7.25,10.5,1.01
GY6-090-060,3.94,11.02,1.89
GY6-090-055,3.94,11.02,1.89
GY6-090-045,3.94,11.02,1.89
GY6-090-050,3.94,11.02,1.89
GY6-090-030,3.94,11.02,1.9
GY6-090-040,3.94,11.02,1.9
FT1-477-030,3.94,11.02,2.09
GY5-A26-030,3.94,11.02,2.09
FT1-090-030,3.94,11.02,2.09
GY5-090-050,3.94,11.02,2.09
FT1-090-050,3.94,11.02,2.09
FT1-477-050,3.94,11.02,2.09
GY5-694-030,3.94,11.02,2.09
FT1-090-040,3.94,11.02,2.09
GY5-090-030,3.94,11.02,2.09
GY5-477-060,3.94,11.02,2.09
FT1-477-060,3.94,11.02,2.09
FT1-090-060,3.94,11.02,2.09
GG5-031-007,8,11.5,1.01
GY6-090-065,4.13,12.01,1.89
GY6-090-090,4.13,12.01,1.89
GY6-090-080,4.13,12.01,1.89
GY6-090-070,4.13,12.01,1.89
FT1-090-065,4.13,12.01,2.09
GY5-694-090,4.13,12.01,2.09
FT1-090-080,4.13,12.01,2.09
GY5-477-070,4.13,12.01,2.09
FT1-090-070,4.13,12.01,2.09
FT1-477-065,4.13,12.01,2.09
FT1-477-070,4.13,12.01,2.09
FT1-477-080,4.13,12.01,2.09
FT1-477-090,4.13,12.01,2.09
HE1-B09-080,4.2,7.6,3.81
GI8-323-060,4.33,7.68,3.74
FP6-694-080,4.33,7.68,3.74
FP6-694-070,4.33,7.68,3.74
GI8-323-080,4.33,7.68,3.74
FP6-A34-080,4.33,7.68,3.74
GI8-323-070,4.33,7.68,3.74
FP6-A34-070,4.33,7.68,3.74
FP6-A26-060,4.33,7.68,3.74
FP6-A40-070,4.33,7.68,3.74
FP6-A26-080,4.33,7.68,3.74
FP6-A34-060,4.33,7.68,3.74
FP6-A40-060,4.33,7.68,3.74
FP6-A26-070,4.33,7.68,3.74
GI8-011-080,4.33,7.68,3.74
GI8-011-060,4.33,7.68,3.74
GI8-011-070,4.33,7.68,3.74
FP6-A40-080,4.33,7.68,3.74
FP6-694-060,4.33,7.68,3.74
D288-999-999,6.1,8.66,2.36
HE1-B12-070,4.01,7.8,4
HE1-B12-060,4.01,7.8,4
HE1-B12-080,4.01,7.8,4
HE1-B09-060,4.3,7.8,3.81
GG7-399-004,14,18,0.51
HC7-A90-060,4.5,7.5,3.81
HV7-B72-060,4.4,7.7,3.81
GG7-031-006,14.5,17.5,0.51
HV7-B72-080,4.4,7.8,3.81
HV7-B53-060,4.5,7.8,3.81
HE1-B09-070,4.5,7.8,3.81
HC7-A90-070,4.5,7.5,4.01
HC7-A90-080,4.5,7.5,4.01
HV5-B82-110,4.3,8.5,3.81
HV5-B61-110,4.3,8.7,3.81
HC6-B18-020,4.5,8,4.01
FP2-A40-130,4.33,8.66,3.94
FP2-A26-110,4.33,8.66,3.94
FP2-A26-130,4.33,8.66,3.94
FP2-001-130,4.33,8.66,3.94
GI6-323-130,4.33,8.66,3.94
GI6-339-120,4.33,8.66,3.94
FP2-001-120,4.33,8.66,3.94
FP2-A26-120,4.33,8.66,3.94
GG9-399-001,8,9.5,2.01
HD8-B09-120,4.5,8.5,4.01
HD8-B09-130,4.5,8.5,4.01
HD4-B07-110,4.5,8.5,4.01
HV5-B82-130,4.4,8.7,4.01
HV7-B53-070,4.8,8.5,3.81
HD8-B12-130,4.5,8.8,4.01
R08-399-060,4.53,8.19,4.33
HV5-B82-010,4.5,9.4,3.91
HE2-B12-070,6,7.8,3.61
HV8-B72-070,5.7,7.8,3.81
FP8-A34-060,5.91,7.68,3.74
FP8-A40-070,5.91,7.68,3.74
GI9-001-060,5.91,7.68,3.74
FP8-A34-070,5.91,7.68,3.74
GI9-011-080,5.91,7.68,3.74
FP8-001-080,5.91,7.68,3.74
GI9-011-060,5.91,7.68,3.74
FP8-A26-060,5.91,7.68,3.74
FP8-A26-080,5.91,7.68,3.74
GI9-001-080,5.91,7.68,3.74
FP8-A34-080,5.91,7.68,3.74
GI9-001-070,5.91,7.68,3.74
GI9-011-070,5.91,7.68,3.74
FP8-A40-060,5.91,7.68,3.74
FP8-A40-080,5.91,7.68,3.74
FP8-A26-070,5.91,7.68,3.74
HV8-B72-080,6,7.7,3.81
HV8-B72-060,6,7.7,3.81
HV8-B53-070,6,7.7,3.81
GG8-399-007,8.5,10.5,2.01
HV7-B53-100,4.8,8.7,4.31
HC6-B18-010,6,7.5,4.01
HC7-A90-100,6,7.5,4.01
GG8-399-003,9,10,2.01
DG5-288-030,4.33,10.24,4.13
DG5-C44-030,4.33,10.24,4.13
JC8-C53-040,4.33,10.24,4.13
R08-368-040,4.33,10.24,4.13
R08-C42-030,4.33,10.24,4.13
E54-011-030,4.33,10.24,4.13
E54-011-040,4.33,10.24,4.13
E54-011-020,4.33,10.24,4.13
DG5-A45-030,4.33,10.24,4.13
E54-090-030,4.33,10.24,4.13
DG5-B12-030,4.33,10.24,4.13
DG5-B12-040,4.33,10.24,4.13
R08-001-030,4.33,10.24,4.13
E54-399-030,4.33,10.24,4.13
HI5-B04-040,4.33,10.24,4.13
R08-399-040,4.33,10.24,4.13
JB2-C31-030,4.33,10.24,4.13
DG5-C99-040,4.33,10.24,4.13
E54-194-040,4.33,10.24,4.13
DG5-137-040,4.33,10.24,4.13
DG5-C99-030,4.33,10.24,4.13
R08-399-030,4.33,10.24,4.13
HU8-B11-040,4.33,10.24,4.13
IJ6-B58-030,4.33,10.24,4.13
JB2-C30-030,4.33,10.24,4.13
DG5-288-040,4.33,10.24,4.13
JC8-090-040,4.33,10.24,4.13
JC8-C53-030,4.33,10.24,4.13
E54-012-040,4.33,10.24,4.13
HI5-B04-030,4.33,10.24,4.13
JC8-A20-030,4.33,10.24,4.13
E54-C29-030,4.33,10.24,4.13
R08-B09-030,4.33,10.24,4.13
DG5-137-030,4.33,10.24,4.13
E54-194-030,4.33,10.24,4.13
DG5-399-030,4.33,10.24,4.13
JC8-090-030,4.33,10.24,4.13
R08-194-040,4.33,10.24,4.13
E54-137-030,4.33,10.24,4.13
E54-010-030,4.33,10.24,4.13
DG5-A32-040,4.33,10.24,4.13
E54-090-040,4.33,10.24,4.13
E54-010-040,4.33,10.24,4.13
E54-012-030,4.33,10.24,4.13
JC8-C34-030,4.33,10.24,4.13
E54-A45-040,4.33,10.24,4.13
DG5-399-040,4.33,10.24,4.13
E54-137-040,4.33,10.24,4.13
E54-399-040,4.33,10.24,4.13
JC8-A20-040,4.33,10.24,4.13
R08-194-030,4.33,10.24,4.13
JC8-C34-040,4.33,10.24,4.13
R08-001-040,4.33,10.24,4.13
HE2-B09-060,6,7.8,4.01
HE2-B09-080,6,7.8,4.01
HE2-B09-070,6,7.8,4.01
HE2-B12-080,6,7.8,4.01
HE2-B12-060,6,7.8,4.01
E54-C88-040,4.31,10.3,4.3
E2T-D20-040,4.31,10.3,4.3
E2T-D20-050,4.31,10.3,4.3
E2T-D20-060,4.31,10.3,4.3
E54-C88-050,4.31,10.3,4.3
HE2-B12-100,6,8,4.01
HC7-A90-090,6,8,4.01
HE1-B09-090,6,8,4.01
HE1-B09-100,6,8,4.01
HE1-B12-100,6,8,4.01
HE2-B12-090,6,8,4.01
HE1-B12-090,6,8,4.01
HE2-B09-090,6,8.1,4.01
HE2-B09-100,6,8.1,4.01
FP8-A26-100,5.91,8.07,4.13
FP6-A26-090,5.91,8.07,4.13
FP6-A26-100,5.91,8.07,4.13
GI9-001-100,5.91,8.07,4.13
GI8-323-090,5.91,8.07,4.13
FP6-A40-100,5.91,8.07,4.13
GI8-323-100,5.91,8.07,4.13
GI9-011-100,5.91,8.07,4.13
FP8-A34-100,5.91,8.07,4.13
FP6-001-090,5.91,8.07,4.13
FP6-694-100,5.91,8.07,4.13
GI8-011-090,5.91,8.07,4.13
FP8-A34-090,5.91,8.07,4.13
FP6-A40-090,5.91,8.07,4.13
FP8-001-100,5.91,8.07,4.13
FP8-A40-090,5.91,8.07,4.13
FP8-A40-100,5.91,8.07,4.13
FP8-A26-090,5.91,8.07,4.13
FP6-A34-090,5.91,8.07,4.13
GI8-011-100,5.91,8.07,4.13
FP6-A34-100,5.91,8.07,4.13
GI9-011-090,5.91,8.07,4.13
GI9-001-090,5.91,8.07,4.13
GI9-323-100,5.91,8.07,4.13
FP6-694-090,5.91,8.07,4.13
HV8-B53-100,6,8,4.11
HV7-B53-090,6,8,4.11
HV7-B72-100,6,8,4.11
HV8-B53-090,6,8,4.11
HV8-B72-090,6,8,4.11
IK1-001-040,9,13,1.81
IK2-A20-060,9,13,1.81
IK1-A20-060,9,13,1.81
IK2-A20-070,9,13,1.81
IK2-001-050,9,13,1.81
IK2-A20-090,9,13,1.81
IK1-A20-040,9,13,1.81
IF3-C01-060,9,13,1.81
IF3-C01-030,9,13,1.81
IF2-B77-060,9,13,1.81
IK2-A20-080,9,13,1.81
IK1-001-070,9,13,1.81
IK1-A20-070,9,13,1.81
IK1-A20-080,9,13,1.81
HX5-001-060,9,13,1.81
IK2-A20-050,9,13,1.81
IK2-A20-040,9,13,1.81
IK2-001-090,9,13,1.81
IK2-001-070,9,13,1.81
IK1-A20-090,9,13,1.81
IK1-001-090,9,13,1.81
IK1-001-080,9,13,1.81
HF1-B14-030,4.6,11.42,4.05
HT2-011-050,4.6,11.4,4.06
HT2-011-040,4.6,11.4,4.06
HT2-011-080,4.6,11.4,4.06
HT2-011-030,4.6,11.4,4.06
HT2-011-090,4.6,11.4,4.06
HT2-011-060,4.6,11.4,4.06
HT2-011-070,4.6,11.4,4.06
HF1-B14-090,4.6,11.42,4.06
HF1-B14-080,4.6,11.42,4.06
HF1-B14-060,4.6,11.42,4.06
HF1-B14-050,4.6,11.42,4.06
GG7-925-005,9.5,15,1.51
DG5-399-070,4.53,11.02,4.33
DG5-137-070,4.53,11.02,4.33
DG5-288-060,4.53,11.02,4.33
E54-399-065,4.53,11.02,4.33
E54-399-060,4.53,11.02,4.33
DG5-137-060,4.53,11.02,4.33
E54-137-065,4.53,11.02,4.33
HU8-B24-050,4.53,11.02,4.33
R08-194-070,4.53,11.02,4.33
E54-012-065,4.53,11.02,4.33
J80-399-070,4.53,11.02,4.33
JC8-090-065,4.53,11.02,4.33
DG5-288-065,4.53,11.02,4.33
E54-194-070,4.53,11.02,4.33
DG5-399-060,4.53,11.02,4.33
R08-C42-050,4.53,11.02,4.33
JC8-C34-060,4.53,11.02,4.33
DG5-C99-065,4.53,11.02,4.33
E54-010-065,4.53,11.02,4.33
HU8-B24-060,4.53,11.02,4.33
E54-194-060,4.53,11.02,4.33
HI5-B04-060,4.53,11.02,4.33
DG5-A45-070,4.53,11.02,4.33
HU8-B11-050,4.53,11.02,4.33
E54-194-065,4.53,11.02,4.33
DG5-C44-065,4.53,11.02,4.33
JC8-C53-050,4.53,11.02,4.33
EQ3-A41-040,4.53,11.02,4.33
JB2-C31-060,4.53,11.02,4.33
JC8-090-060,4.53,11.02,4.33
R08-399-050,4.53,11.02,4.33
DG5-288-050,4.53,11.02,4.33
R08-399-070,4.53,11.02,4.33
E54-011-050,4.53,11.02,4.33
JC8-C34-050,4.53,11.02,4.33
E54-010-070,4.53,11.02,4.33
E54-012-070,4.53,11.02,4.33
E54-C29-050,4.53,11.02,4.33
E54-C27-070,4.53,11.02,4.33
E54-137-060,4.53,11.02,4.33
E54-012-060,4.53,11.02,4.33
E54-012-050,4.53,11.02,4.33
E54-137-070,4.53,11.02,4.33
E54-137-050,4.53,11.02,4.33
E54-090-070,4.53,11.02,4.33
JC8-C53-060,4.53,11.02,4.33
DG5-B12-050,4.53,11.02,4.33
R08-194-050,4.53,11.02,4.33
E54-011-065,4.53,11.02,4.33
DG5-399-065,4.53,11.02,4.33
E54-010-060,4.53,11.02,4.33
JC8-C53-070,4.53,11.02,4.33
R08-001-050,4.53,11.02,4.33
E54-011-060,4.53,11.02,4.33
R08-001-065,4.53,11.02,4.33
DG5-137-050,4.53,11.02,4.33
R08-C42-065,4.53,11.02,4.33
JC8-A20-070,4.53,11.02,4.33
DG5-C99-070,4.53,11.02,4.33
HI5-B04-050,4.53,11.02,4.33
R08-001-070,4.53,11.02,4.33
HU8-B11-060,4.53,11.02,4.33
R08-194-060,4.53,11.02,4.33
E54-399-050,4.53,11.02,4.33
JC8-090-070,4.53,11.02,4.33
R08-368-065,4.53,11.02,4.33
R08-399-065,4.53,11.02,4.33
DG5-137-065,4.53,11.02,4.33
DG5-399-050,4.53,11.02,4.33
E54-010-050,4.53,11.02,4.33
IJ6-B69-050,4.53,11.02,4.33
E54-090-065,4.53,11.02,4.33
DG5-B12-070,4.53,11.02,4.33
DG5-C99-050,4.53,11.02,4.33
JC8-A20-050,4.53,11.02,4.33
HI5-B04-070,4.53,11.02,4.33
JC8-090-050,4.53,11.02,4.33
R08-194-065,4.53,11.02,4.33
E54-399-070,4.53,11.02,4.33
E54-090-060,4.53,11.02,4.33
DG5-B12-060,4.53,11.02,4.33
HU8-B11-065,4.53,11.02,4.33
HU8-B24-070,4.53,11.02,4.33
DG5-C99-060,4.53,11.02,4.33
E54-011-070,4.53,11.02,4.33
JC8-C34-070,4.53,11.02,4.33
IJ6-B69-060,4.53,11.02,4.33
E54-194-050,4.53,11.02,4.33
IJ6-B58-050,4.53,11.02,4.33
E54-090-050,4.53,11.02,4.33
IJ6-B69-070,4.53,11.02,4.33
HU8-B11-070,4.53,11.02,4.33
J80-001-070,4.53,11.02,4.33
JC8-A20-060,4.53,11.02,4.33
HU8-B24-065,4.53,11.02,4.33
R08-001-060,4.53,11.02,4.33
IJ6-B58-060,4.53,11.02,4.33
FP4-A26-110,5.91,9.45,3.94
FP4-A26-130,5.91,9.45,3.94
FP4-694-110,5.91,9.45,3.94
FP4-A40-120,5.91,9.45,3.94
FP4-694-130,5.91,9.45,3.94
FP4-001-110,5.91,9.45,3.94
FP4-694-120,5.91,9.45,3.94
GI6-011-020,5.91,9.45,3.94
FP2-A34-010,5.91,9.45,3.94
FP4-A40-130,5.91,9.45,3.94
FP2-A26-010,5.91,9.45,3.94
FP4-A40-110,5.91,9.45,3.94
FP4-A26-120,5.91,9.45,3.94
FP4-A34-130,5.91,9.45,3.94
HV6-B61-110,5.9,9.4,4.01
HV6-B82-120,6,9.3,4.01
R08-399-090,4.53,11.42,4.33
E2T-D20-090,4.51,11.1,4.5
E2T-D20-070,4.51,11.1,4.5
HV5-B61-020,6,9.4,4.01
HV6-B61-130,6,9.4,4.01
HC6-B18-130,6,9.5,4.01
HC6-B18-110,6,9.5,4.01
HD9-B12-120,6,9.5,4.01
HD9-B09-120,6,9.5,4.01
HD9-B12-130,6,9.5,4.01
HD9-B09-130,6,9.5,4.01
HD9-B09-110,6,9.5,4.01
HC6-B18-120,6,9.5,4.01
HD8-B12-010,6,9.5,4.01
HD8-B09-010,6,9.5,4.01
HD8-B12-020,6,9.5,4.01
HF1-194-070,4.5,12.6,4.06
HF1-194-080,4.5,12.6,4.06
HF1-194-040,4.5,12.6,4.06
HF1-194-060,4.5,12.6,4.06
HF1-194-050,4.5,12.6,4.06
HF1-001-030,4.5,12.52,4.1
HF1-001-040,4.5,12.52,4.1
HF1-001-060,4.5,12.52,4.1
HF1-001-065,4.5,12.52,4.1
HF1-001-050,4.5,12.52,4.1
HF1-001-070,4.5,12.53,4.1
HF1-001-080,4.5,12.53,4.1
HF1-001-090,4.5,12.53,4.1
HF1-194-030,4.52,12.6,4.06
GG6-031-006,8,14.5,2.01
FP2-A26-020,6.3,9.45,3.94
HF1-194-090,4.6,12.6,4.07
GG7-399-003,14,17,1.01
E4R-090-030,6,8,5.01
J80-D11-080,4.72,11.81,4.33
J80-B80-080,4.72,11.81,4.33
EQ3-090-070,4.72,11.81,4.33
J80-D11-070,4.72,11.81,4.33
J80-925-080,4.72,11.81,4.33
ER9-953-070,4.75,12,4.26
EQ4-090-070,4.72,11.81,4.37
EQ4-399-080,4.72,11.81,4.37
EQ4-090-080,4.72,11.81,4.37
EQ4-399-070,4.72,11.81,4.37
JC8-C53-080,4.72,11.42,4.53
JK7-C53-040,4.72,11.42,4.53
JC8-C34-090,4.72,11.42,4.53
J80-001-080,4.72,11.42,4.53
E54-012-090,4.72,11.42,4.53
JK7-090-040,4.72,11.42,4.53
JC8-A20-080,4.72,11.42,4.53
JC8-C53-090,4.72,11.42,4.53
R08-001-090,4.72,11.42,4.53
E54-399-080,4.72,11.42,4.53
E54-012-080,4.72,11.42,4.53
E54-137-090,4.72,11.42,4.53
FD2-090-040,4.72,11.42,4.53
JC8-090-090,4.72,11.42,4.53
DG5-C99-080,4.72,11.42,4.53
DG5-C99-090,4.72,11.42,4.53
HI5-B04-090,4.72,11.42,4.53
R08-001-080,4.72,11.42,4.53
HI3-B04-040,4.72,11.42,4.53
R08-B14-080,4.72,11.42,4.53
DG5-B12-090,4.72,11.42,4.53
HK7-B12-040,4.72,11.42,4.53
HK7-B12-030,4.72,11.42,4.53
J80-399-090,4.72,11.42,4.53
JC8-090-080,4.72,11.42,4.53
FD2-090-030,4.72,11.42,4.53
JK7-C53-030,4.72,11.42,4.53
IJ6-B73-090,4.72,11.42,4.53
E54-399-090,4.72,11.42,4.53
DG5-C44-080,4.72,11.42,4.53
JB2-C30-080,4.72,11.42,4.53
HK7-B12-050,4.72,11.42,4.53
FD2-399-030,4.72,11.42,4.53
FD2-399-040,4.72,11.42,4.53
HK7-001-040,4.72,11.42,4.53
E54-090-090,4.72,11.42,4.53
E54-011-080,4.72,11.42,4.53
E54-010-090,4.72,11.42,4.53
DG5-399-080,4.72,11.42,4.53
HI5-B04-080,4.72,11.42,4.53
E54-090-080,4.72,11.42,4.53
JC8-A20-090,4.72,11.42,4.53
R08-194-080,4.72,11.42,4.53
E54-137-080,4.72,11.42,4.53
JC8-C34-080,4.72,11.42,4.53
E54-194-090,4.72,11.42,4.53
HK7-001-030,4.72,11.42,4.53
JB2-C31-080,4.72,11.42,4.53
J80-399-080,4.72,11.42,4.53
R08-194-090,4.72,11.42,4.53
E54-011-090,4.72,11.42,4.53
HK7-001-050,4.72,11.42,4.53
DG5-B12-080,4.72,11.42,4.53
DG5-399-090,4.72,11.42,4.53
R08-399-080,4.72,11.42,4.53
DG5-C44-090,4.72,11.42,4.53
J80-001-090,4.72,11.42,4.53
E54-010-080,4.72,11.42,4.53
HI3-B04-030,4.72,11.42,4.53
DG5-137-090,4.72,11.42,4.53
DG5-137-080,4.72,11.42,4.53
E54-194-080,4.72,11.42,4.53
E6T-001-040,5.91,10.63,3.94
IA8-001-040,5.91,10.63,3.94
E3I-C15-030,5.91,10.63,3.94
E3J-001-045,5.91,10.63,3.94
E6T-001-045,5.91,10.63,3.94
E6T-001-030,5.91,10.63,3.94
E6T-B41-030,5.91,10.63,3.94
E3J-011-030,5.91,10.63,3.94
GR6-001-045,5.91,10.63,3.94
GR6-001-035,5.91,10.63,3.94
E3J-B41-045,5.91,10.63,3.94
E3I-001-045,5.91,10.63,3.94
DX9-A94-035,5.91,10.63,3.94
IH2-C89-030,5.91,10.63,3.94
E3J-B41-040,5.91,10.63,3.94
IH5-011-030,5.91,10.63,3.94
IT4-001-040,5.91,10.63,3.94
IH4-011-030,5.91,10.63,3.94
E3I-C15-040,5.91,10.63,3.94
IA7-001-030,5.91,10.63,3.94
GR6-001-030,5.91,10.63,3.94
GR6-A76-030,5.91,10.63,3.94
GR6-A76-040,5.91,10.63,3.94
E3L-D20-030,5.91,10.63,3.94
E6T-B41-045,5.91,10.63,3.94
IH2-C89-040,5.91,10.63,3.94
IH5-011-035,5.91,10.63,3.94
IH5-011-045,5.91,10.63,3.94
E3I-001-040,5.91,10.63,3.94
E3I-C15-045,5.91,10.63,3.94
IT6-090-030,5.91,10.63,3.94
IT4-001-045,5.91,10.63,3.94
E3J-001-040,5.91,10.63,3.94
HX8-288-040,5.91,10.63,3.94
E3J-011-045,5.91,10.63,3.94
IH2-C89-045,5.91,10.63,3.94
HX8-288-030,5.91,10.63,3.94
GR6-A76-045,5.91,10.63,3.94
IT4-001-030,5.91,10.63,3.94
CW6-898-030,5.91,10.63,3.94
IA8-001-030,5.91,10.63,3.94
IH5-011-040,5.91,10.63,3.94
IA7-001-040,5.91,10.63,3.94
GR6-A76-035,5.91,10.63,3.94
E3J-B41-030,5.91,10.63,3.94
E3J-001-030,5.91,10.63,3.94
HQ7-001-045,5.91,10.63,3.94
E3J-011-040,5.91,10.63,3.94
E6T-B41-040,5.91,10.63,3.94
E3I-001-030,5.91,10.63,3.94
DX9-B09-045,5.91,10.63,3.94
DX9-B09-030,5.91,10.63,3.94
DX9-A94-045,5.91,10.63,3.94
IT6-090-040,5.91,10.63,3.94
IA8-001-035,5.91,10.63,3.94
HT6-011-045,5.91,10.63,3.94
E3L-D20-040,5.91,10.63,3.94
IA8-001-045,5.91,10.63,3.94
E3L-D20-045,5.91,10.63,3.94
HX8-288-045,5.91,10.63,3.94
E5X-B41-030,5.91,10.63,3.95
E5X-090-030,5.91,10.63,3.95
E5X-090-045,5.91,10.63,3.95
E5X-B41-045,5.91,10.63,3.95
E5X-090-040,5.91,10.63,3.95
E5X-B41-040,5.91,10.63,3.95
HY1-001-060,6,10.6,3.91
HY1-001-055,6,10.6,3.91
HY1-001-045,6,10.6,3.91
HY1-001-030,6,10.6,3.91
HY1-001-065,6,10.6,3.91
HY1-001-040,6,10.6,3.91
HY1-001-050,6,10.6,3.91
II7-B58-030,4.8,11.5,4.51
II7-B58-040,4.8,11.5,4.51
II6-B58-040,4.8,11.5,4.51
II6-B58-050,4.8,11.5,4.51
II6-B58-030,4.8,11.5,4.51
II7-B58-050,4.8,11.5,4.51
GG6-925-006,9,14,2.01
EO8-011-040,5.51,10.63,4.33
EO8-090-040,5.51,10.63,4.33
EO8-090-030,5.51,10.63,4.33
EO8-592-040,5.51,10.63,4.33
EO8-011-030,5.51,10.63,4.33
EO8-592-030,5.51,10.63,4.33
JA5-090-040,5.5,10.7,4.31
JA5-090-030,5.5,10.7,4.31
HX8-A69-035,6,10.6,4.01
E3D-D07-040,6,10.6,4.01
IT4-B41-045,6,10.6,4.01
HX9-040-040,6,10.6,4.01
E3D-090-045,6,10.6,4.01
IT4-B41-050,6,10.6,4.01
IT4-B41-040,6,10.6,4.01
E3D-090-040,6,10.6,4.01
E3D-D07-045,6,10.6,4.01
HX9-040-055,6,10.6,4.01
HX8-001-035,6,10.6,4.01
HX9-040-045,6,10.6,4.01
HX9-040-030,6,10.6,4.01
E3D-D07-030,6,10.6,4.01
E3E-A99-055,6,10.7,4.01
E3E-A99-030,6,10.7,4.01
E3E-001-030,6,10.7,4.01
E3E-001-045,6,10.7,4.01
E3E-001-040,6,10.7,4.01
JA6-A99-045,5.51,10.83,4.34
JA6-090-040,5.51,10.83,4.34
JA7-C20-030,5.51,10.83,4.34
JA7-C20-050,5.51,10.83,4.34
JA6-A99-040,5.51,10.83,4.34
JA6-090-045,5.51,10.83,4.34
JA7-C15-030,5.51,10.83,4.34
JA7-C15-050,5.51,10.83,4.34
JA7-C15-040,5.51,10.83,4.34
JA6-090-030,5.51,10.83,4.34
JA7-C20-040,5.51,10.83,4.34
JA6-A99-030,5.51,10.83,4.34
JA6-A99-050,5.51,10.83,4.34
JA6-090-050,5.51,10.83,4.34
JA7-C20-045,5.51,10.83,4.34
IH2-675-035,6,11,4.01
Q74-399-030,5.91,10.63,4.33
Q74-399-035,5.91,10.63,4.33
HT2-B26-050,5,11.4,4.91
HT2-B26-070,5,11.4,4.91
GS9-399-070,4.92,12.6,4.53
J80-399-100,4.92,12.6,4.53
JK7-C53-060,4.92,12.6,4.53
EQ4-399-100,4.92,12.6,4.53
IC2-B73-060,4.92,12.6,4.53
HI3-B04-060,4.92,12.6,4.53
EQ4-090-100,4.92,12.6,4.53
HI3-B04-070,4.92,12.6,4.53
FD2-090-070,4.92,12.6,4.53
GS9-001-080,4.92,12.6,4.53
HK7-001-060,4.92,12.6,4.53
JK7-090-060,4.92,12.6,4.53
HI3-B04-050,4.92,12.6,4.53
FD2-399-060,4.92,12.6,4.53
JC9-C55-100,4.92,12.6,4.53
EQ3-090-080,4.92,12.6,4.53
J80-D11-090,4.92,12.6,4.53
HK7-001-070,4.92,12.6,4.53
J80-001-100,4.92,12.6,4.53
ER5-950-090,4.92,12.6,4.53
FD2-090-065,4.92,12.6,4.53
J80-925-100,4.92,12.6,4.53
HK7-B12-070,4.92,12.6,4.53
HK7-B12-060,4.92,12.6,4.53
FD2-090-050,4.92,12.6,4.53
JK7-C53-070,4.92,12.6,4.53
FD2-399-050,4.92,12.6,4.53
EQ4-399-090,4.92,12.6,4.53
JC9-C55-090,4.92,12.6,4.53
GS9-001-070,4.92,12.6,4.53
J80-925-090,4.92,12.6,4.53
EQ4-090-090,4.92,12.6,4.53
FD2-090-060,4.92,12.6,4.53
GS9-A93-080,4.92,12.6,4.53
J80-D11-100,4.92,12.6,4.53
FD2-399-070,4.92,12.6,4.53
ER9-953-090,5,12.5,4.51
EM7-959-050,7,9,4.51
HT2-B26-030,5.01,11.4,5
E3E-001-070,6.2,11.5,4.01
CK1-675-040,6.3,11.02,4.13
CK1-090-045,6.3,11.02,4.13
GR6-A76-060,6.3,11.02,4.13
O83-745-065,6.3,11.02,4.13
CK1-675-030,6.3,11.02,4.13
CK1-090-040,6.3,11.02,4.13
DV5-399-065,6.3,11.02,4.13
CK1-090-030,6.3,11.02,4.13
HQ7-001-070,6.3,11.02,4.13
EM7-090-040,6.3,11.02,4.13
DX9-A94-065,6.3,11.02,4.13
DX9-B09-065,6.3,11.02,4.13
DV5-399-050,6.3,11.02,4.13
GR6-A76-065,6.3,11.02,4.13
V80-001-070,6.3,11.02,4.13
Q74-001-030,6.3,11.02,4.13
Z52-546-060,6.3,11.02,4.13
CW6-898-065,6.3,11.02,4.13
Q74-592-045,6.3,11.02,4.13
CK1-675-045,6.3,11.02,4.13
Q74-001-045,6.3,11.02,4.13
CK1-011-030,6.3,11.02,4.13
CW6-898-060,6.3,11.02,4.13
CK1-011-040,6.3,11.02,4.13
CW6-898-055,6.3,11.02,4.13
DX9-B09-055,6.3,11.02,4.13
Q74-001-040,6.3,11.02,4.13
Q74-592-030,6.3,11.02,4.13
CK1-011-045,6.3,11.02,4.13
Q74-592-040,6.3,11.02,4.13
DX9-A94-055,6.3,11.02,4.13
GR6-A76-050,6.3,11.02,4.13
GR6-001-065,6.3,11.02,4.13
HX8-B58-030,6.2,11.3,4.11
HX8-B41-045,6.2,11.3,4.11
IH2-B94-030,6.2,11.3,4.11
HX8-B41-030,6.2,11.3,4.11
IH2-011-050,6.2,11.3,4.11
IH2-011-045,6.2,11.3,4.11
HX8-A69-030,6.2,11.3,4.11
HX8-B41-040,6.2,11.3,4.11
HX8-B41-065,6.2,11.3,4.11
HX8-A69-055,6.2,11.3,4.11
IH2-011-030,6.2,11.3,4.11
IH2-B94-040,6.2,11.3,4.11
HX8-B41-055,6.2,11.3,4.11
IH2-B94-050,6.2,11.3,4.11
IH2-B94-055,6.2,11.3,4.11
IH2-B94-080,6.2,11.3,4.11
IH2-011-070,6.2,11.3,4.11
IH2-B94-060,6.2,11.3,4.11
IH2-011-090,6.2,11.3,4.11
HX8-A69-050,6.2,11.3,4.11
HX8-B58-080,6.2,11.3,4.11
IH2-B94-070,6.2,11.3,4.11
HX8-A69-070,6.2,11.3,4.11
HX8-A69-040,6.2,11.3,4.11
HX8-B41-050,6.2,11.3,4.11
HX8-B58-050,6.2,11.3,4.11
HX8-B41-090,6.2,11.3,4.11
IH2-011-060,6.2,11.3,4.11
HX8-B77-030,6.2,11.3,4.11
IH2-B94-065,6.2,11.3,4.11
HX8-B41-080,6.2,11.3,4.11
IH2-011-040,6.2,11.3,4.11
HX8-B41-060,6.2,11.3,4.11
IH2-011-065,6.2,11.3,4.11
HX8-A69-090,6.2,11.3,4.11
HX8-A69-060,6.2,11.3,4.11
IH2-011-055,6.2,11.3,4.11
HX8-B41-070,6.2,11.3,4.11
HX8-A69-080,6.2,11.3,4.11
HX8-A69-045,6.2,11.3,4.11
IH2-011-080,6.2,11.3,4.11
HX8-B58-040,6.2,11.3,4.11
HX8-A69-065,6.2,11.3,4.11
HX8-B77-070,6.2,11.3,4.11
HX9-040-050,6.3,11.5,4.01
E3D-D07-055,6.3,11.5,4.01
E3D-D07-065,6.3,11.5,4.01
E3D-D07-060,6.3,11.5,4.01
E3D-090-050,6.3,11.5,4.01
E3D-D07-050,6.3,11.5,4.01
E3E-001-050,6.3,11.5,4.01
E3E-A99-050,6.3,11.5,4.01
E3D-090-060,6.3,11.5,4.01
E3D-090-055,6.3,11.5,4.01
HX8-001-090,6.2,11.5,4.11
HX8-001-060,6.2,11.5,4.11
HX8-001-070,6.2,11.5,4.11
HX8-001-065,6.2,11.5,4.11
HX8-001-030,6.2,11.5,4.11
HX8-001-080,6.2,11.5,4.11
HX8-001-055,6.2,11.5,4.11
HX8-001-050,6.2,11.5,4.11
HX8-001-040,6.2,11.5,4.11
HX8-001-045,6.2,11.5,4.11
HD9-B09-010,7,10.5,4.01
HD9-B09-020,7,10.5,4.01
IH2-675-055,6.4,11.5,4.01
IH2-675-050,6.4,11.5,4.01
HX8-399-060,6.4,11.5,4.01
HX9-399-040,6.4,11.5,4.01
HX8-399-065,6.4,11.5,4.01
HX8-C32-030,6.4,11.5,4.01
HX8-C32-060,6.4,11.5,4.01
HX8-399-050,6.4,11.5,4.01
HX8-399-090,6.4,11.5,4.01
HX9-399-055,6.4,11.5,4.01
HX9-399-070,6.4,11.5,4.01
IH2-675-030,6.4,11.5,4.01
HX8-C32-065,6.4,11.5,4.01
HX8-399-030,6.4,11.5,4.01
IH2-675-080,6.4,11.5,4.01
HX8-C32-055,6.4,11.5,4.01
HX8-399-040,6.4,11.5,4.01
HX8-C32-045,6.4,11.5,4.01
HX9-399-060,6.4,11.5,4.01
HX8-399-070,6.4,11.5,4.01
IH2-675-045,6.4,11.5,4.01
IH2-675-060,6.4,11.5,4.01
IH2-675-065,6.4,11.5,4.01
HX9-399-090,6.4,11.5,4.01
IH2-675-090,6.4,11.5,4.01
HX8-399-045,6.4,11.5,4.01
HX9-399-065,6.4,11.5,4.01
HX9-399-050,6.4,11.5,4.01
HX9-399-045,6.4,11.5,4.01
IH2-675-040,6.4,11.5,4.01
HX8-C32-040,6.4,11.5,4.01
HX9-399-080,6.4,11.5,4.01
HX8-C32-080,6.4,11.5,4.01
HX8-399-055,6.4,11.5,4.01
HX8-C32-090,6.4,11.5,4.01
IH2-675-070,6.4,11.5,4.01
HX9-399-030,6.4,11.5,4.01
HX8-C32-050,6.4,11.5,4.01
HX8-C32-070,6.4,11.5,4.01
HX8-399-080,6.4,11.5,4.01
JA7-C20-070,5.51,11.81,4.54
HV6-B82-020,7,10.3,4.11
HV6-B82-010,7,10.3,4.11
E3J-001-060,6.3,11.42,4.13
HX8-288-065,6.3,11.42,4.13
E3I-C15-055,6.3,11.42,4.13
E3I-001-060,6.3,11.42,4.13
CK1-675-055,6.3,11.42,4.13
E6T-B41-065,6.3,11.42,4.13
E6T-B41-070,6.3,11.42,4.13
E3I-C15-050,6.3,11.42,4.13
E3L-D20-070,6.3,11.42,4.13
IT4-001-065,6.3,11.42,4.13
Q74-001-065,6.3,11.42,4.13
Q74-592-050,6.3,11.42,4.13
E3J-B41-060,6.3,11.42,4.13
E3J-B41-065,6.3,11.42,4.13
E6T-001-065,6.3,11.42,4.13
E3I-C15-065,6.3,11.42,4.13
E6T-001-060,6.3,11.42,4.13
E3J-B41-050,6.3,11.42,4.13
E3J-011-050,6.3,11.42,4.13
CK1-675-060,6.3,11.42,4.13
IT4-001-050,6.3,11.42,4.13
E6T-B41-055,6.3,11.42,4.13
IA8-001-060,6.3,11.42,4.13
IH2-C89-065,6.3,11.42,4.13
IH2-C89-060,6.3,11.42,4.13
E3J-001-065,6.3,11.42,4.13
IT4-001-070,6.3,11.42,4.13
E6T-001-070,6.3,11.42,4.13
E6T-001-050,6.3,11.42,4.13
IT4-001-060,6.3,11.42,4.13
Q74-592-060,6.3,11.42,4.13
E3L-D20-060,6.3,11.42,4.13
E6T-B41-050,6.3,11.42,4.13
E6T-B41-060,6.3,11.42,4.13
IH4-011-065,6.3,11.42,4.13
EM7-090-060,6.3,11.42,4.13
EM7-090-050,6.3,11.42,4.13
E3I-001-055,6.3,11.42,4.13
IH2-C89-050,6.3,11.42,4.13
IH5-011-060,6.3,11.42,4.13
Q74-001-055,6.3,11.42,4.13
HX8-288-070,6.3,11.42,4.13
HX8-288-060,6.3,11.42,4.13
IT4-001-055,6.3,11.42,4.13
E3J-011-060,6.3,11.42,4.13
Q74-592-065,6.3,11.42,4.13
E3I-001-050,6.3,11.42,4.13
E3J-001-050,6.3,11.42,4.13
IT6-090-050,6.3,11.42,4.13
E3L-D20-050,6.3,11.42,4.13
Q74-001-060,6.3,11.42,4.13
IT4-C15-065,6.3,11.42,4.13
IH2-C89-070,6.3,11.42,4.13
E3J-011-070,6.3,11.42,4.13
CK1-090-065,6.3,11.42,4.13
IH2-C89-055,6.3,11.42,4.13
CK1-090-070,6.3,11.42,4.13
CK1-090-060,6.3,11.42,4.13
HX8-288-050,6.3,11.42,4.13
E3J-001-070,6.3,11.42,4.13
CK1-090-055,6.3,11.42,4.13
CK1-090-050,6.3,11.42,4.13
E3J-011-065,6.3,11.42,4.13
EM7-090-070,6.3,11.42,4.13
IT6-090-065,6.3,11.42,4.13
IH4-011-060,6.3,11.42,4.13
Q74-001-070,6.3,11.42,4.13
CK1-675-050,6.3,11.42,4.13
CK1-011-070,6.3,11.42,4.13
E3J-011-055,6.3,11.42,4.13
Q74-592-055,6.3,11.42,4.13
IA7-001-055,6.3,11.42,4.13
IA7-001-050,6.3,11.42,4.13
Q74-592-070,6.3,11.42,4.13
HX8-288-055,6.3,11.42,4.13
CK1-675-065,6.3,11.42,4.13
IH5-011-050,6.3,11.42,4.13
E3I-C15-070,6.3,11.42,4.13
E3I-001-070,6.3,11.42,4.13
E3I-001-065,6.3,11.42,4.13
E3J-B41-070,6.3,11.42,4.13
E3J-001-055,6.3,11.42,4.13
IH5-011-065,6.3,11.42,4.13
IH5-011-055,6.3,11.42,4.13
Q74-001-050,6.3,11.42,4.13
CK1-011-065,6.3,11.42,4.13
IH5-011-070,6.3,11.42,4.13
IA7-001-065,6.3,11.42,4.13
CK1-011-060,6.3,11.42,4.13
CK1-675-070,6.3,11.42,4.13
IA8-001-055,6.3,11.42,4.13
IA8-001-070,6.3,11.42,4.13
IT6-090-070,6.3,11.42,4.13
CK1-011-055,6.3,11.42,4.13
CK1-011-050,6.3,11.42,4.13
E6T-001-055,6.3,11.42,4.13
IA8-001-065,6.3,11.42,4.13
IA8-001-050,6.3,11.42,4.13
IT6-090-060,6.3,11.42,4.13
E3I-C15-060,6.3,11.42,4.13
IA7-001-070,6.3,11.42,4.13
E3J-B41-055,6.3,11.42,4.13
IA7-001-060,6.3,11.42,4.13
E5X-090-055,6.3,11.42,4.14
E5X-090-050,6.3,11.42,4.14
E5X-B41-065,6.3,11.42,4.14
E5X-B41-055,6.3,11.42,4.14
E5X-B41-060,6.3,11.42,4.14
E5X-B41-070,6.3,11.42,4.14
E5X-B41-050,6.3,11.42,4.14
E5X-090-065,6.3,11.42,4.14
E5X-090-070,6.3,11.42,4.14
HX9-C32-090,6.5,11.5,4.01
HX9-C32-045,6.5,11.5,4.01
HX9-C32-040,6.5,11.5,4.01
HX9-C32-030,6.5,11.5,4.01
HX9-C32-070,6.5,11.5,4.01
HX9-C32-065,6.5,11.5,4.01
HX9-C32-050,6.5,11.5,4.01
HX9-C32-060,6.5,11.5,4.01
HX9-C32-055,6.5,11.5,4.01
HX9-C32-080,6.5,11.5,4.01
E5H-288-055,6.6,10.6,4.31
E5H-B41-045,6.6,10.6,4.31
E5H-288-050,6.6,10.6,4.31
E5H-288-040,6.6,10.6,4.31
E5H-B41-030,6.6,10.6,4.31
E5H-B41-040,6.6,10.6,4.31
E5H-B41-050,6.6,10.6,4.31
E5H-288-030,6.6,10.6,4.31
E5H-288-045,6.6,10.6,4.31
HD9-B12-010,7,10.3,4.21
FP4-A34-010,7.09,10.43,4.13
FP4-694-010,7.09,10.43,4.13
FP4-A40-010,7.09,10.43,4.13
FP4-A40-020,7.09,10.43,4.13
FP4-A26-020,7.09,10.43,4.13
FP4-694-020,7.09,10.43,4.13
FP4-A26-010,7.09,10.43,4.13
JA7-C20-055,5.71,11.81,4.54
JA7-C20-065,5.71,11.81,4.54
JA6-A99-055,5.71,11.81,4.54
JA6-090-055,5.71,11.81,4.54
JA6-090-070,5.71,11.81,4.54
JA7-C20-060,5.71,11.81,4.54
JA6-A99-060,5.71,11.81,4.54
JA6-090-065,5.71,11.81,4.54
JA6-A99-070,5.71,11.81,4.54
JA6-A99-065,5.71,11.81,4.54
JA6-090-060,5.71,11.81,4.54
HV6-B61-020,7,10.4,4.21
GR5-001-045,6.69,10.63,4.33
EO8-B26-040,6.69,10.63,4.33
JK6-C25-030,6.69,10.63,4.33
EO8-B26-030,6.69,10.63,4.33
JK6-C24-040,6.69,10.63,4.33
HT9-B59-045,6.69,10.63,4.33
GR5-001-040,6.69,10.63,4.33
FV1-194-030,6.69,10.63,4.33
IC3-B48-040,6.69,10.63,4.33
HT9-B59-040,6.69,10.63,4.33
GR5-001-030,6.69,10.63,4.33
EO8-675-040,6.69,10.63,4.33
EO8-675-030,6.69,10.63,4.33
GX9-001-030,6.69,10.63,4.33
JK6-C26-045,6.69,10.63,4.33
EO8-137-040,6.69,10.63,4.33
EO8-137-030,6.69,10.63,4.33
HT9-675-040,6.69,10.63,4.33
GB3-090-040,6.69,10.63,4.33
HI2-B04-030,6.69,10.63,4.33
HI2-B04-040,6.69,10.63,4.33
EO8-A68-040,6.69,10.63,4.33
JA3-011-030,6.69,10.63,4.33
HM2-B15-030,6.69,10.63,4.33
HG4-001-045,6.69,10.63,4.33
HG4-A94-040,6.69,10.63,4.33
FT9-090-030,6.69,10.63,4.33
HT9-B59-030,6.69,10.63,4.33
JK6-C25-040,6.69,10.63,4.33
HT9-675-030,6.69,10.63,4.33
JK6-C25-045,6.69,10.63,4.33
EB1-194-030,6.69,10.63,4.33
FE8-090-030,6.69,10.63,4.33
JK6-C26-030,6.69,10.63,4.33
HG4-001-035,6.69,10.63,4.33
JK6-C26-040,6.69,10.63,4.33
JK5-090-045,6.69,10.63,4.33
HG4-A94-035,6.69,10.63,4.33
JK5-011-040,6.69,10.63,4.33
GR5-A76-045,6.69,10.63,4.33
FE8-090-040,6.69,10.63,4.33
FV1-592-040,6.69,10.63,4.33
JA3-011-040,6.69,10.63,4.33
GR5-A76-030,6.69,10.63,4.33
FT9-090-040,6.69,10.63,4.33
JK6-C24-045,6.69,10.63,4.33
JK6-C24-030,6.69,10.63,4.33
FV1-090-030,6.69,10.63,4.33
JK5-090-040,6.69,10.63,4.33
HM2-B15-040,6.69,10.63,4.33
FT9-137-040,6.69,10.63,4.33
FV1-090-040,6.69,10.63,4.33
JA3-012-040,6.69,10.63,4.33
JA3-011-045,6.69,10.63,4.33
HG4-A94-030,6.69,10.63,4.33
EB1-194-040,6.69,10.63,4.33
HM2-B11-040,6.69,10.63,4.33
HG4-592-045,6.69,10.63,4.33
FE8-592-030,6.69,10.63,4.33
GB3-090-030,6.69,10.63,4.33
HM2-B11-030,6.69,10.63,4.33
HG4-592-030,6.69,10.63,4.33
EB1-A20-040,6.69,10.63,4.33
FE8-592-040,6.69,10.63,4.33
HG4-592-035,6.69,10.63,4.33
HG4-592-040,6.69,10.63,4.33
E2N-D20-030,6.7,10.7,4.31
E2M-D20-045,6.7,10.7,4.31
E2N-D20-055,6.7,10.7,4.31
E2M-D20-050,6.7,10.7,4.31
E2M-D20-040,6.7,10.7,4.31
E2N-D20-050,6.7,10.7,4.31
E2M-D20-055,6.7,10.7,4.31
E2M-D20-030,6.7,10.7,4.31
E2N-D20-045,6.7,10.7,4.31
E2N-D20-040,6.7,10.7,4.31
GK6-A94-030,7.09,10.63,4.13
FV3-090-040,7.09,10.63,4.13
GK6-090-040,7.09,10.63,4.13
FV3-137-040,7.09,10.63,4.13
FV3-592-040,7.09,10.63,4.13
FV3-592-030,7.09,10.63,4.13
FQ7-090-030,7.09,10.63,4.13
FV3-090-030,7.09,10.63,4.13
GK6-090-045,7.09,10.63,4.13
GK6-090-035,7.09,10.63,4.13
GB8-592-030,7.09,10.63,4.13
GK6-090-030,7.09,10.63,4.13
GK6-A89-030,7.09,10.63,4.13
FD7-090-040,7.09,10.63,4.13
FD7-090-030,7.09,10.63,4.13
HT9-011-040,6.75,10.75,4.39
HT9-011-050,6.75,10.75,4.39
HT9-011-060,6.75,10.75,4.39
HS3-001-030,6.75,10.75,4.39
HT9-011-030,6.75,10.75,4.39
HT9-011-070,6.75,10.75,4.39
D284-999-999,9.06,12.8,2.77
GG7-399-007,14.8,18,1.21
J80-D11-115,5.12,13.39,4.72
J80-001-120,5.12,13.39,4.72
EQ4-399-120,5.12,13.39,4.72
J80-001-110,5.12,13.39,4.72
FD2-090-080,5.12,13.39,4.72
FD2-090-090,5.12,13.39,4.72
J80-925-110,5.12,13.39,4.72
J80-D11-110,5.12,13.39,4.72
GS9-399-100,5.12,13.39,4.72
HK7-B12-090,5.12,13.39,4.72
GS9-A93-100,5.12,13.39,4.72
J80-B12-115,5.12,13.39,4.72
J80-B80-110,5.12,13.39,4.72
JC9-C55-115,5.12,13.39,4.72
GS9-001-090,5.12,13.39,4.72
J80-399-120,5.12,13.39,4.72
J80-399-110,5.12,13.39,4.72
JC9-C55-110,5.12,13.39,4.72
EQ4-090-110,5.12,13.39,4.72
J80-925-120,5.12,13.39,4.72
HK7-001-090,5.12,13.39,4.72
J80-925-115,5.12,13.39,4.72
HK7-001-080,5.12,13.39,4.72
JK7-C53-080,5.12,13.39,4.72
J80-001-115,5.12,13.39,4.72
HI3-B04-090,5.12,13.39,4.72
HI3-B04-080,5.12,13.39,4.72
J80-D11-120,5.12,13.39,4.72
EQ4-090-120,5.12,13.39,4.72
HK7-B12-080,5.12,13.39,4.72
EQ4-399-115,5.12,13.39,4.72
EQ4-399-110,5.12,13.39,4.72
EQ4-090-115,5.12,13.39,4.72
GS9-001-100,5.12,13.39,4.72
J80-399-115,5.12,13.39,4.72
HX3-001-050,6.8,10.8,4.41
HX3-001-090,6.8,10.8,4.41
HX3-001-030,6.8,10.8,4.41
HX3-001-070,6.8,10.8,4.41
HX3-001-045,6.8,10.8,4.41
HX3-001-080,6.8,10.8,4.41
HX3-001-055,6.8,10.8,4.41
HX3-001-065,6.8,10.8,4.41
HX3-001-040,6.8,10.8,4.41
HX3-001-060,6.8,10.8,4.41
EJ8-C97-045,7.87,10.04,4.13
GC1-A32-040,7.87,10.04,4.13
IF9-011-040,7.87,10.04,4.13
HH3-B41-040,7.87,10.04,4.13
X03-399-040,7.87,10.04,4.13
HN9-B37-040,7.87,10.04,4.13
I88-592-030,7.87,10.04,4.13
I88-A01-040,7.87,10.04,4.13
I88-B48-040,7.87,10.04,4.13
EJ8-C97-040,7.87,10.04,4.13
X03-339-040,7.87,10.04,4.13
I88-323-040,7.87,10.04,4.13
K04-592-045,7.87,10.04,4.13
H84-A33-030,7.87,10.04,4.13
FZ4-442-040,7.87,10.04,4.13
I88-011-040,7.87,10.04,4.13
HT8-011-030,7.87,10.04,4.13
I88-675-040,7.87,10.04,4.13
H84-090-030,7.87,10.04,4.13
I88-001-045,7.87,10.04,4.13
I88-675-030,7.87,10.04,4.13
HN9-B37-030,7.87,10.04,4.13
EY2-011-040,7.87,10.04,4.13
IF9-011-030,7.87,10.04,4.13
FV6-C88-045,7.87,10.04,4.13
I88-323-030,7.87,10.04,4.13
ES8-592-045,7.87,10.04,4.13
I88-024-030,7.87,10.04,4.13
IG2-011-040,7.87,10.04,4.13
I88-001-040,7.87,10.04,4.13
ES8-090-045,7.87,10.04,4.13
EJ8-A94-030,7.87,10.04,4.13
HI7-B06-040,7.87,10.04,4.13
I88-B41-040,7.87,10.04,4.13
HR1-675-030,7.87,10.04,4.13
HH3-A99-030,7.87,10.04,4.13
IF9-011-045,7.87,10.04,4.13
FV6-194-040,7.87,10.04,4.13
IF9-B91-030,7.87,10.04,4.13
I88-C20-045,7.87,10.04,4.13
K04-001-040,7.87,10.04,4.13
FV6-C88-030,7.87,10.04,4.13
K26-054-045,7.87,10.04,4.13
GY2-442-040,7.87,10.04,4.13
I88-C32-045,7.87,10.04,4.13
EJ8-A94-040,7.87,10.04,4.13
HO1-194-040,7.87,10.04,4.13
K26-054-030,7.87,10.04,4.13
K03-001-030,7.87,10.04,4.13
I88-323-045,7.87,10.04,4.13
X03-339-030,7.87,10.04,4.13
EJ8-C89-040,7.87,10.04,4.13
HH3-B12-030,7.87,10.04,4.13
HH3-B12-040,7.87,10.04,4.13
H84-001-030,7.87,10.04,4.13
ES8-090-040,7.87,10.04,4.13
EJ8-011-045,7.87,10.04,4.13
X03-399-045,7.87,10.04,4.13
X03-399-030,7.87,10.04,4.13
I88-675-045,7.87,10.04,4.13
X03-339-045,7.87,10.04,4.13
HO1-001-040,7.87,10.04,4.13
K03-001-040,7.87,10.04,4.13
I88-C32-040,7.87,10.04,4.13
Z64-001-040,7.87,10.04,4.13
HI7-B06-030,7.87,10.04,4.13
I88-001-030,7.87,10.04,4.13
GY2-442-030,7.87,10.04,4.13
HN9-001-030,7.87,10.04,4.13
I88-592-040,7.87,10.04,4.13
HH3-C88-040,7.87,10.04,4.13
I88-024-045,7.87,10.04,4.13
HH3-B70-040,7.87,10.04,4.13
GY2-231-040,7.87,10.04,4.13
H84-090-040,7.87,10.04,4.13
H84-442-030,7.87,10.04,4.13
HT8-011-040,7.87,10.04,4.13
I88-A15-040,7.87,10.04,4.13
EJ8-C89-045,7.87,10.04,4.13
FV6-C89-045,7.87,10.04,4.13
HH3-B70-030,7.87,10.04,4.13
K04-592-030,7.87,10.04,4.13
FJ4-090-040,7.87,10.04,4.13
I88-A15-030,7.87,10.04,4.13
I88-592-045,7.87,10.04,4.13
IK7-011-030,7.87,10.04,4.13
GX5-231-040,7.87,10.04,4.13
I88-B48-045,7.87,10.04,4.13
I88-B41-030,7.87,10.04,4.13
FV6-C88-040,7.87,10.04,4.13
K03-B09-030,7.87,10.04,4.13
I88-B41-045,7.87,10.04,4.13
HH3-001-040,7.87,10.04,4.13
I88-024-040,7.87,10.04,4.13
EJ8-C89-030,7.87,10.04,4.13
HO1-001-030,7.87,10.04,4.13
EJ8-C97-030,7.87,10.04,4.13
K03-A94-040,7.87,10.04,4.13
IK7-675-040,7.87,10.04,4.13
IK7-675-030,7.87,10.04,4.13
IK7-054-030,7.87,10.04,4.13
K04-001-045,7.87,10.04,4.13
GY2-572-040,7.87,10.04,4.13
GY2-572-030,7.87,10.04,4.13
GY2-231-030,7.87,10.04,4.13
HT8-011-045,7.87,10.04,4.13
FZ4-442-030,7.87,10.04,4.13
H84-A31-030,7.87,10.04,4.13
ES8-194-040,7.87,10.04,4.13
HN9-001-040,7.87,10.04,4.13
HH3-C88-030,7.87,10.04,4.13
HH3-A99-040,7.87,10.04,4.13
ES8-194-045,7.87,10.04,4.13
ES8-323-040,7.87,10.04,4.13
H84-442-040,7.87,10.04,4.13
K03-A94-030,7.87,10.04,4.13
K26-054-040,7.87,10.04,4.13
HH3-B42-030,7.87,10.04,4.13
HH3-001-030,7.87,10.04,4.13
FJ4-090-030,7.87,10.04,4.13
FV6-C89-040,7.87,10.04,4.13
I88-011-045,7.87,10.04,4.13
IG2-011-030,7.87,10.04,4.13
FV6-C89-030,7.87,10.04,4.13
I88-011-030,7.87,10.04,4.13
ES8-194-030,7.87,10.04,4.13
ES8-090-030,7.87,10.04,4.13
ES8-592-040,7.87,10.04,4.13
GX5-231-045,7.87,10.04,4.13
H84-001-040,7.87,10.04,4.13
HO1-194-045,7.87,10.04,4.13
X03-231-040,7.87,10.04,4.13
ES8-592-030,7.87,10.04,4.13
N28-001-030,8.07,10.83,3.74
N28-399-040,8.07,10.83,3.74
N28-645-040,8.07,10.83,3.74
N28-399-030,8.07,10.83,3.74
N28-645-030,8.07,10.83,3.74
N28-001-040,8.07,10.83,3.74
I88-A15-045,7.87,10.04,4.14
EJ8-A94-045,7.87,10.04,4.14
HO6-A89-045,7,10.5,4.51
EB1-675-030,7.09,10.83,4.33
EB1-090-045,7.09,10.83,4.33
EB1-675-045,7.09,10.83,4.33
EB1-592-030,7.09,10.83,4.33
EB1-675-040,7.09,10.83,4.33
EB1-592-040,7.09,10.83,4.33
EB1-592-045,7.09,10.83,4.33
EB1-090-030,7.09,10.83,4.33
EB1-090-040,7.09,10.83,4.33
EO8-592-065,6.3,11.22,4.72
EO8-011-050,6.3,11.22,4.72
EO8-090-060,6.3,11.22,4.72
EO8-011-070,6.3,11.22,4.72
EO8-592-060,6.3,11.22,4.72
EO8-592-050,6.3,11.22,4.72
EO8-090-050,6.3,11.22,4.72
EO8-592-070,6.3,11.22,4.72
EO8-090-070,6.3,11.22,4.72
EO8-090-065,6.3,11.22,4.72
EO8-011-060,6.3,11.22,4.72
IP9-C10-065,5.91,12.01,4.72
HO6-001-070,6.5,11.5,4.51
HF1-A86-030,5.03,13.4,5.01
HL5-B26-030,7.09,11.02,4.33
HJ9-B12-040,7.09,11.02,4.33
HJ9-A99-040,7.09,11.02,4.33
HL5-B26-040,7.09,11.02,4.33
HL5-A89-030,7.09,11.02,4.33
HJ9-001-030,7.09,11.02,4.33
HJ9-B09-030,7.09,11.02,4.33
HL5-A89-040,7.09,11.02,4.33
HJ9-A99-030,7.09,11.02,4.33
HJ9-B12-030,7.09,11.02,4.33
HJ9-B09-040,7.09,11.02,4.33
HJ9-001-040,7.09,11.02,4.33
GR6-001-080,6.69,11.81,4.33
DX9-B09-090,6.69,11.81,4.33
DX9-B09-080,6.69,11.81,4.33
DX9-A94-090,6.69,11.81,4.33
DX9-A94-080,6.69,11.81,4.33
GR6-A76-080,6.69,11.81,4.33
JA7-C15-090,5.91,12.4,4.73
JA7-C20-090,5.91,12.4,4.73
JA6-A99-090,5.91,12.4,4.73
JA6-090-080,5.91,12.4,4.73
JA6-090-090,5.91,12.4,4.73
JA6-A99-080,5.91,12.4,4.73
JA7-C20-080,5.91,12.4,4.73
HO1-A20-045,8.1,10.6,4.11
HO1-001-045,8.1,10.6,4.11
CK1-675-090,6.69,12.2,4.33
CK1-675-080,6.69,12.2,4.33
Q74-592-080,6.69,12.2,4.33
Q74-592-090,6.69,12.2,4.33
CK1-090-090,6.69,12.2,4.33
CK1-011-090,6.69,12.2,4.33
CK1-011-080,6.69,12.2,4.33
CK1-090-080,6.69,12.2,4.33
Q74-001-080,6.69,12.2,4.33
Q74-001-090,6.69,12.2,4.33
HT9-011-045,7,11.2,4.51
X22-090-030,7.87,10.43,4.33
X22-194-040,7.87,10.43,4.33
EJ9-090-040,7.87,10.43,4.33
CM3-194-030,7.87,10.43,4.33
O96-031-045,7.87,10.43,4.33
EK1-090-040,7.87,10.43,4.33
X22-194-035,7.87,10.43,4.33
JL1-399-040,7.87,10.43,4.33
JL1-090-045,7.87,10.43,4.33
X22-001-030,7.87,10.43,4.33
JL1-399-030,7.87,10.43,4.33
X22-011-040,7.87,10.43,4.33
X22-090-035,7.87,10.43,4.33
JL1-090-040,7.87,10.43,4.33
X22-011-035,7.87,10.43,4.33
JL1-090-030,7.87,10.43,4.33
JL1-C35-040,7.87,10.43,4.33
R49-011-040,7.87,10.43,4.33
CM3-826-040,7.87,10.43,4.33
CM3-194-040,7.87,10.43,4.33
EJ9-090-030,7.87,10.43,4.33
EK1-090-030,7.87,10.43,4.33
R49-011-030,7.87,10.43,4.33
X22-194-030,7.87,10.43,4.33
O96-031-030,7.87,10.43,4.33
X22-001-035,7.87,10.43,4.33
FK8-A21-040,7.87,10.43,4.33
X22-011-030,7.87,10.43,4.33
R49-001-030,7.87,10.43,4.33
R49-001-045,7.87,10.43,4.33
X22-090-040,7.87,10.43,4.33
R49-011-045,7.87,10.43,4.33
JL1-C35-030,7.87,10.43,4.33
R49-001-040,7.87,10.43,4.33
X22-001-040,7.87,10.43,4.33
HF9-194-035,7.48,11.02,4.33
HS1-675-030,7.48,11.02,4.33
HS1-001-030,7.48,11.02,4.33
HF9-194-030,7.48,11.02,4.33
FC7-194-030,7.48,11.02,4.33
FC7-001-030,7.48,11.02,4.33
HS1-675-040,7.48,11.02,4.33
HF9-194-040,7.48,11.02,4.33
HS1-675-045,7.48,11.02,4.33
HS1-001-045,7.48,11.02,4.33
HI4-011-040,7.48,11.02,4.33
HS1-001-040,7.48,11.02,4.33
HF9-194-045,7.48,11.02,4.33
HS1-001-035,7.48,11.02,4.33
FC7-090-035,7.48,11.02,4.33
HI4-011-045,7.48,11.02,4.33
HS1-675-035,7.48,11.02,4.33
O96-090-040,7.48,11.02,4.33
FC7-001-035,7.48,11.02,4.33
DV5-001-040,7.48,11.02,4.33
DV5-001-030,7.48,11.02,4.33
O96-090-030,7.48,11.02,4.33
HI4-011-030,7.48,11.02,4.33
EM7-959-060,7.5,9.5,5.01
HP3-001-070,7,11.5,4.46
CC6-090-045,7.87,10.63,4.33
EJ8-323-030,7.87,10.63,4.33
CC6-090-040,7.87,10.63,4.33
ES7-090-030,7.87,10.63,4.33
GQ8-A20-040,7.87,10.63,4.33
EJ8-323-040,7.87,10.63,4.33
ES7-090-040,7.87,10.63,4.33
JF3-090-040,7.87,10.63,4.33
IB8-011-045,7.87,10.63,4.33
FV6-090-045,7.87,10.63,4.33
HJ1-C22-030,7.87,10.63,4.33
ES6-592-030,7.87,10.63,4.33
JJ3-399-040,7.87,10.63,4.33
HJ1-323-030,7.87,10.63,4.33
ES6-592-040,7.87,10.63,4.33
IB8-011-030,7.87,10.63,4.33
EJ8-090-040,7.87,10.63,4.33
HJ1-B06-040,7.87,10.63,4.33
GW7-A06-040,7.87,10.63,4.33
JL5-675-045,7.87,10.63,4.33
IK5-054-045,7.87,10.63,4.33
JL5-675-040,7.87,10.63,4.33
FV6-592-050,7.87,10.63,4.33
GW7-892-030,7.87,10.63,4.33
FE5-090-040,7.87,10.63,4.33
EJ8-090-045,7.87,10.63,4.33
JJ3-090-030,7.87,10.63,4.33
F65-137-040,7.87,10.63,4.33
GW7-090-040,7.87,10.63,4.33
CC6-090-030,7.87,10.63,4.33
GR3-A76-040,7.87,10.63,4.33
CC6-194-040,7.87,10.63,4.33
GR3-A76-030,7.87,10.63,4.33
CC6-011-040,7.87,10.63,4.33
IK5-011-045,7.87,10.63,4.33
HJ1-B06-030,7.87,10.63,4.33
CC6-011-030,7.87,10.63,4.33
GR3-090-030,7.87,10.63,4.33
JL2-011-030,7.87,10.63,4.33
FE5-675-030,7.87,10.63,4.33
FG1-090-040,7.87,10.63,4.33
FV6-090-050,7.87,10.63,4.33
CC6-675-045,7.87,10.63,4.33
FV6-592-040,7.87,10.63,4.33
FE5-675-040,7.87,10.63,4.33
EJ8-399-045,7.87,10.63,4.33
JL5-090-030,7.87,10.63,4.33
FV6-090-030,7.87,10.63,4.33
ES7-090-045,7.87,10.63,4.33
JL2-C35-030,7.87,10.63,4.33
GR3-090-040,7.87,10.63,4.33
FV6-592-030,7.87,10.63,4.33
FE5-675-045,7.87,10.63,4.33
JL5-675-030,7.87,10.63,4.33
JJ3-011-030,7.87,10.63,4.33
L85-001-030,7.87,10.63,4.33
JL2-011-040,7.87,10.63,4.33
IB8-090-045,7.87,10.63,4.33
CC6-675-040,7.87,10.63,4.33
JL2-399-030,7.87,10.63,4.33
JL2-090-030,7.87,10.63,4.33
JF3-090-030,7.87,10.63,4.33
JJ3-090-040,7.87,10.63,4.33
HJ1-323-040,7.87,10.63,4.33
JL2-090-040,7.87,10.63,4.33
JL2-090-045,7.87,10.63,4.33
JF3-B41-030,7.87,10.63,4.33
HJ2-C23-030,7.87,10.63,4.33
L85-001-045,7.87,10.63,4.33
FV6-090-040,7.87,10.63,4.33
JL2-399-040,7.87,10.63,4.33
F65-137-030,7.87,10.63,4.33
FV6-592-045,7.87,10.63,4.33
HJ2-C23-040,7.87,10.63,4.33
HJ1-C23-030,7.87,10.63,4.33
CC6-194-030,7.87,10.63,4.33
EJ8-090-030,7.87,10.63,4.33
JJ3-399-030,7.87,10.63,4.33
HJ1-323-045,7.87,10.63,4.33
HJ1-C23-040,7.87,10.63,4.33
JL5-090-045,7.87,10.63,4.33
CC6-011-045,7.87,10.63,4.33
JL5-090-040,7.87,10.63,4.33
HJ1-B06-045,7.87,10.63,4.33
FE5-090-030,7.87,10.63,4.33
IK5-675-045,7.87,10.63,4.33
HJ1-C22-040,7.87,10.63,4.33
HJ1-C22-045,7.87,10.63,4.33
FE5-090-045,7.87,10.63,4.33
JJ3-011-040,7.87,10.63,4.33
HJ1-C23-045,7.87,10.63,4.33
L85-001-040,7.87,10.63,4.33
HJ2-B06-040,7.87,10.63,4.33
CC6-675-030,7.87,10.63,4.33
HJ2-B06-030,7.87,10.63,4.33
JL2-C35-040,7.87,10.63,4.33
HM6-A20-050,7,11.5,4.51
HE9-001-030,7,11.5,4.51
HP3-001-060,7,11.5,4.51
HE9-001-040,7,11.5,4.51
HE9-194-030,7,11.5,4.51
HE9-A86-040,7,11.5,4.51
JD8-002-070,7,11.5,4.51
HP3-B26-060,7,11.5,4.51
HM6-A89-070,7,11.5,4.51
HQ6-011-050,7,11.5,4.51
HE9-001-050,7,11.5,4.51
HT1-011-030,7,11.5,4.51
HO4-A20-070,7,11.5,4.51
HO4-001-050,7,11.5,4.51
HE9-194-040,7,11.5,4.51
HE9-194-050,7,11.5,4.51
HQ6-011-040,7,11.5,4.51
HM6-A89-050,7,11.5,4.51
IB8-090-030,7.87,10.63,4.34
IB8-090-040,7.87,10.63,4.34
IB8-011-040,7.87,10.63,4.34
II6-B41-030,7.1,11.4,4.51
II7-B41-030,7.1,11.4,4.51
JK6-C25-050,7.09,11.42,4.53
JK6-C26-070,7.09,11.42,4.53
FV1-090-060,7.09,11.42,4.53
HM2-B11-070,7.09,11.42,4.53
GR5-A76-055,7.09,11.42,4.53
HM2-B15-070,7.09,11.42,4.53
HG4-592-055,7.09,11.42,4.53
HT9-B59-050,7.09,11.42,4.53
HM2-B15-060,7.09,11.42,4.53
GB3-090-060,7.09,11.42,4.53
JK5-011-060,7.09,11.42,4.53
JK6-C24-070,7.09,11.42,4.53
HM2-B15-065,7.09,11.42,4.53
HG4-592-070,7.09,11.42,4.53
EO8-137-070,7.09,11.42,4.53
HM2-B11-050,7.09,11.42,4.53
FV1-090-070,7.09,11.42,4.53
JA3-011-070,7.09,11.42,4.53
FT9-090-060,7.09,11.42,4.53
HG4-592-065,7.09,11.42,4.53
HT9-B59-065,7.09,11.42,4.53
EO8-137-060,7.09,11.42,4.53
HM2-B11-065,7.09,11.42,4.53
HG4-A94-050,7.09,11.42,4.53
JA3-011-055,7.09,11.42,4.53
EO8-675-070,7.09,11.42,4.53
FV2-592-060,7.09,11.42,4.53
FV1-592-060,7.09,11.42,4.53
JA3-011-050,7.09,11.42,4.53
FV1-137-065,7.09,11.42,4.53
JD8-090-050,7.09,11.42,4.53
JD8-090-065,7.09,11.42,4.53
FT9-592-060,7.09,11.42,4.53
FT9-592-050,7.09,11.42,4.53
EB1-194-060,7.09,11.42,4.53
EO8-675-065,7.09,11.42,4.53
FT9-090-070,7.09,11.42,4.53
FE8-090-070,7.09,11.42,4.53
FT9-090-050,7.09,11.42,4.53
JA3-011-065,7.09,11.42,4.53
GR5-001-060,7.09,11.42,4.53
GR5-A76-060,7.09,11.42,4.53
EB1-A20-070,7.09,11.42,4.53
GP8-167-050,7.09,11.42,4.53
IC3-B58-060,7.09,11.42,4.53
IC3-B48-070,7.09,11.42,4.53
IC3-B48-065,7.09,11.42,4.53
IC3-B48-050,7.09,11.42,4.53
FT9-090-065,7.09,11.42,4.53
EO8-675-060,7.09,11.42,4.53
EO8-675-050,7.09,11.42,4.53
EB1-194-050,7.09,11.42,4.53
EB1-194-065,7.09,11.42,4.53
EB1-A20-060,7.09,11.42,4.53
FT9-194-060,7.09,11.42,4.53
HG4-592-060,7.09,11.42,4.53
JA3-011-060,7.09,11.42,4.53
FE8-090-050,7.09,11.42,4.53
FV1-194-060,7.09,11.42,4.53
FE8-090-060,7.09,11.42,4.53
FV1-194-070,7.09,11.42,4.53
HI2-B04-050,7.09,11.42,4.53
JA3-012-050,7.09,11.42,4.53
JK6-C24-065,7.09,11.42,4.53
GB3-399-050,7.09,11.42,4.53
HG4-592-050,7.09,11.42,4.53
JK6-C26-055,7.09,11.42,4.53
JK5-011-065,7.09,11.42,4.53
FV1-090-050,7.09,11.42,4.53
JK5-090-055,7.09,11.42,4.53
EO8-137-050,7.09,11.42,4.53
JK6-C24-050,7.09,11.42,4.53
HT9-675-065,7.09,11.42,4.53
HT9-675-050,7.09,11.42,4.53
HT9-B59-070,7.09,11.42,4.53
JK5-090-050,7.09,11.42,4.53
JK6-C24-055,7.09,11.42,4.53
GB3-090-065,7.09,11.42,4.53
FE8-592-070,7.09,11.42,4.53
EB1-194-070,7.09,11.42,4.53
HM2-B15-050,7.09,11.42,4.53
JK6-C26-065,7.09,11.42,4.53
HI2-B04-060,7.09,11.42,4.53
HI2-B04-070,7.09,11.42,4.53
JK6-C25-070,7.09,11.42,4.53
HM2-B11-060,7.09,11.42,4.53
JK6-C25-065,7.09,11.42,4.53
GY1-A70-050,7.09,11.42,4.53
JK6-C25-060,7.09,11.42,4.53
GY1-A70-040,7.09,11.42,4.53
JK6-C25-055,7.09,11.42,4.53
HG4-A94-060,7.09,11.42,4.53
GY1-A70-030,7.09,11.42,4.53
JK6-C26-050,7.09,11.42,4.53
JK6-C26-060,7.09,11.42,4.53
GY1-399-030,7.09,11.42,4.53
FV1-090-065,7.09,11.42,4.53
EO8-B26-050,7.09,11.42,4.53
GB3-090-050,7.09,11.42,4.53
EO8-B26-070,7.09,11.42,4.53
JK6-C24-060,7.09,11.42,4.53
GY1-399-040,7.09,11.42,4.53
HT9-675-060,7.09,11.42,4.53
EO8-137-065,7.09,11.42,4.53
GB3-090-070,7.09,11.42,4.53
HT9-B59-055,7.09,11.42,4.53
HT9-B59-060,7.09,11.42,4.53
IG7-011-080,7.2,11.3,4.51
IG7-011-040,7.2,11.3,4.51
IG7-011-070,7.2,11.3,4.51
IG7-011-055,7.2,11.3,4.51
IG7-011-065,7.2,11.3,4.51
IG7-011-045,7.2,11.3,4.51
IG7-011-030,7.2,11.3,4.51
IG7-011-090,7.2,11.3,4.51
IG7-011-050,7.2,11.3,4.51
IG7-011-060,7.2,11.3,4.51
IC1-477-060,8.27,10.33,4.31
JM1-C70-030,7.48,11.42,4.33
DX9-011-050,7.48,11.42,4.33
JM2-056-030,7.48,11.42,4.33
DX9-955-050,7.48,11.42,4.33
JM2-090-040,7.48,11.42,4.33
FD7-090-060,7.48,11.42,4.33
JL9-B48-040,7.48,11.42,4.33
GK6-090-060,7.48,11.42,4.33
E6I-D24-045,7.48,11.42,4.33
DX9-955-065,7.48,11.42,4.33
GB8-137-060,7.48,11.42,4.33
JM1-C70-045,7.48,11.42,4.33
GB8-592-060,7.48,11.42,4.33
JM1-056-040,7.48,11.42,4.33
JM1-056-030,7.48,11.42,4.33
GB8-592-065,7.48,11.42,4.33
FV3-090-050,7.48,11.42,4.33
JM2-056-035,7.48,11.42,4.33
E4T-090-045,7.48,11.42,4.33
JM1-C70-040,7.48,11.42,4.33
FD7-137-045,7.48,11.42,4.33
JM2-056-045,7.48,11.42,4.33
FD7-090-050,7.48,11.42,4.33
E5B-194-035,7.48,11.42,4.33
FV3-592-070,7.48,11.42,4.33
FQ7-090-050,7.48,11.42,4.33
EM9-090-070,7.48,11.42,4.33
E4T-001-045,7.48,11.42,4.33
FS9-399-050,7.48,11.42,4.33
E5Q-090-040,7.48,11.42,4.33
FD7-090-055,7.48,11.42,4.33
E5P-090-040,7.48,11.42,4.33
E4T-011-040,7.48,11.42,4.33
E5B-090-035,7.48,11.42,4.33
JM2-090-045,7.48,11.42,4.33
E5Q-090-030,7.48,11.42,4.33
FV3-090-060,7.48,11.42,4.33
JM2-056-040,7.48,11.42,4.33
FD7-090-065,7.48,11.42,4.33
FV3-090-070,7.48,11.42,4.33
E4T-001-040,7.48,11.42,4.33
FV3-137-060,7.48,11.42,4.33
FV3-137-070,7.48,11.42,4.33
FV3-592-065,7.48,11.42,4.33
FB3-090-030,7.48,11.42,4.33
GK6-090-070,7.48,11.42,4.33
GK6-090-050,7.48,11.42,4.33
JL9-C70-030,7.48,11.42,4.33
DX9-011-070,7.48,11.42,4.33
JM1-A99-040,7.48,11.42,4.33
E5P-090-030,7.48,11.42,4.33
E5B-194-030,7.48,11.42,4.33
268-001-040,7.48,11.42,4.33
FD7-090-070,7.48,11.42,4.33
E4T-194-040,7.48,11.42,4.33
E4F-D26-040,7.48,11.42,4.33
E4T-194-045,7.48,11.42,4.33
JM1-C70-035,7.48,11.42,4.33
GK6-090-065,7.48,11.42,4.33
GK6-090-055,7.48,11.42,4.33
268-592-040,7.48,11.42,4.33
E5Q-D07-030,7.48,11.42,4.33
E4T-011-035,7.48,11.42,4.33
E4T-194-035,7.48,11.42,4.33
E6I-D24-030,7.48,11.42,4.33
FD7-090-045,7.48,11.42,4.33
E4T-194-030,7.48,11.42,4.33
JM1-A99-045,7.48,11.42,4.33
JM2-090-030,7.48,11.42,4.33
E4T-011-030,7.48,11.42,4.33
JL9-C70-045,7.48,11.42,4.33
JM2-090-035,7.48,11.42,4.33
EM9-090-050,7.48,11.42,4.33
JL9-C70-040,7.48,11.42,4.33
EM9-090-060,7.48,11.42,4.33
GK6-A89-050,7.48,11.42,4.33
GK6-A89-060,7.48,11.42,4.33
E4T-001-030,7.48,11.42,4.33
GK6-A89-070,7.48,11.42,4.33
E4T-011-045,7.48,11.42,4.33
E5B-194-040,7.48,11.42,4.33
E5B-194-045,7.48,11.42,4.33
GK6-A94-055,7.48,11.42,4.33
E5B-090-030,7.48,11.42,4.33
268-001-030,7.48,11.42,4.33
E4F-D26-045,7.48,11.42,4.33
E4F-D26-030,7.48,11.42,4.33
E5Q-D07-040,7.48,11.42,4.33
E5B-090-040,7.48,11.42,4.33
JM1-A99-030,7.48,11.42,4.33
E4T-090-030,7.48,11.42,4.33
DX9-090-065,7.48,11.42,4.33
GK6-A94-050,7.48,11.42,4.33
E4T-090-040,7.48,11.42,4.33
E4T-001-035,7.48,11.42,4.33
268-592-030,7.48,11.42,4.33
E5B-090-045,7.48,11.42,4.33
E6I-D24-035,7.48,11.42,4.33
FV3-592-050,7.48,11.42,4.33
GS9-A93-115,5.31,14.17,4.92
GS9-001-115,5.31,14.17,4.92
GS9-A93-120,5.31,14.17,4.92
GS9-399-115,5.31,14.17,4.92
GS9-001-110,5.31,14.17,4.92
JL9-001-045,7.48,11.42,4.34
JM1-090-035,7.48,11.42,4.34
JM1-001-040,7.48,11.42,4.34
JM1-001-035,7.48,11.42,4.34
JL9-090-030,7.48,11.42,4.34
JL9-A99-040,7.48,11.42,4.34
JM1-090-040,7.48,11.42,4.34
JM1-090-045,7.48,11.42,4.34
JM2-A99-030,7.48,11.42,4.34
JL9-A99-045,7.48,11.42,4.34
JG8-B41-030,7.48,11.42,4.34
JE6-C55-040,7.48,11.42,4.34
JE6-C33-040,7.48,11.42,4.34
JG8-B41-040,7.48,11.42,4.34
JL9-090-045,7.48,11.42,4.34
JE6-C55-045,7.48,11.42,4.34
JE6-C55-030,7.48,11.42,4.34
JE6-C33-045,7.48,11.42,4.34
JL9-A99-030,7.48,11.42,4.34
JM1-090-030,7.48,11.42,4.34
JM2-001-045,7.48,11.42,4.34
JM2-001-035,7.48,11.42,4.34
JM2-001-040,7.48,11.42,4.34
JL9-090-040,7.48,11.42,4.34
JH3-C47-030,7.48,11.42,4.34
JM1-001-030,7.48,11.42,4.34
GS2-616-030,7.48,11.42,4.34
JH3-C47-040,7.48,11.42,4.34
GS2-616-045,7.48,11.42,4.34
JG8-C68-030,7.48,11.42,4.34
GS2-616-040,7.48,11.42,4.34
JE5-C55-030,7.48,11.42,4.34
JM1-001-045,7.48,11.42,4.34
JG8-C68-045,7.48,11.42,4.34
JM2-001-030,7.48,11.42,4.34
JM1-194-035,7.48,11.42,4.34
JE5-C55-045,7.48,11.42,4.34
JL9-001-030,7.48,11.42,4.34
JM1-194-040,7.48,11.42,4.34
JE5-C55-040,7.48,11.42,4.34
JM1-194-030,7.48,11.42,4.34
JM2-A99-045,7.48,11.42,4.34
JL9-001-040,7.48,11.42,4.34
JG8-C68-040,7.48,11.42,4.34
JM1-194-045,7.48,11.42,4.34
JM2-A99-035,7.48,11.42,4.34
JM2-A99-040,7.48,11.42,4.34
E6M-090-050,8.2,10.6,4.31
E6M-B41-030,8.2,10.6,4.31
E6M-B41-050,8.2,10.6,4.31
E6M-288-050,8.2,10.6,4.31
E6M-288-040,8.2,10.6,4.31
E6M-288-030,8.2,10.6,4.31
E6M-B41-040,8.2,10.6,4.31
E6M-090-040,8.2,10.6,4.31
E6M-090-030,8.2,10.6,4.31
FQ6-090-050,8.07,10.43,4.53
DR7-399-040,8.07,10.43,4.53
Q68-644-040,8.07,10.43,4.53
FQ6-090-040,8.07,10.43,4.53
Q68-644-030,8.07,10.43,4.53
DR7-399-045,8.07,10.43,4.53
GO8-090-030,8.07,10.43,4.53
DR7-399-050,8.07,10.43,4.53
DX4-090-040,8.07,10.43,4.53
GX8-090-040,8.07,10.43,4.53
Q68-731-040,8.07,10.43,4.53
DX4-012-040,8.07,10.43,4.53
Q68-731-030,8.07,10.43,4.53
DR7-399-055,8.07,10.43,4.53
GO8-090-040,8.07,10.43,4.53
C19-194-065,7.87,11.81,4.13
O27-001-055,7.87,11.81,4.13
IC1-477-030,8.27,10.83,4.31
IC1-477-050,8.27,10.83,4.31
IC1-477-040,8.27,10.83,4.31
IC1-477-065,8.27,10.83,4.31
IC1-477-090,8.27,10.83,4.31
IC1-A94-050,8.27,10.83,4.31
IC1-A94-060,8.27,10.83,4.31
IC1-A94-070,8.27,10.83,4.31
IC1-B69-090,8.27,10.83,4.31
IC1-A94-080,8.27,10.83,4.31
IC1-B69-060,8.27,10.83,4.31
IC1-A94-040,8.27,10.83,4.31
IC1-477-080,8.27,10.83,4.31
IC1-B69-080,8.27,10.83,4.31
IC1-B69-065,8.27,10.83,4.31
IC1-B69-030,8.27,10.83,4.31
IC1-B69-050,8.27,10.83,4.31
IC1-A94-030,8.27,10.83,4.31
IC1-A94-090,8.27,10.83,4.31
IC1-A94-065,8.27,10.83,4.31
N28-001-060,8.07,11.61,4.13
N28-645-060,8.07,11.61,4.13
N28-645-070,8.07,11.61,4.13
N28-001-050,8.07,11.61,4.13
N28-001-070,8.07,11.61,4.13
N28-A35-050,8.07,11.61,4.13
N28-645-065,8.07,11.61,4.13
N28-399-050,8.07,11.61,4.13
N28-645-050,8.07,11.61,4.13
N28-001-065,8.07,11.61,4.13
GA3-323-040,8.27,10.83,4.33
GA3-011-040,8.27,10.83,4.33
FV8-592-030,8.27,10.83,4.33
GJ7-592-040,8.27,10.83,4.33
X22-399-030,8.27,10.83,4.33
GL4-231-040,8.27,10.83,4.33
GB7-090-030,8.27,10.83,4.33
FQ1-A57-045,8.27,10.83,4.33
FZ8-090-040,8.27,10.83,4.33
FQ1-090-040,8.27,10.83,4.33
GO6-A74-030,8.27,10.83,4.33
FQ1-090-045,8.27,10.83,4.33
E1D-194-040,8.27,10.83,4.33
I88-C88-040,8.27,10.83,4.33
GB7-A22-040,8.27,10.83,4.33
GB7-231-035,8.27,10.83,4.33
FW4-399-030,8.27,10.83,4.33
FZ8-090-030,8.27,10.83,4.33
GB7-A54-040,8.27,10.83,4.33
GB7-A54-030,8.27,10.83,4.33
FW5-477-030,8.27,10.83,4.33
GB7-090-040,8.27,10.83,4.33
GB7-A22-030,8.27,10.83,4.33
FV8-592-040,8.27,10.83,4.33
E6F-C91-030,8.27,10.83,4.33
GA1-011-030,8.27,10.83,4.33
GB7-646-040,8.27,10.83,4.33
I88-817-090,8.27,10.83,4.33
E6H-001-040,8.27,10.83,4.33
ET3-399-045,8.27,10.83,4.33
HF2-A06-045,8.27,10.83,4.33
HF2-A89-030,8.27,10.83,4.33
HF2-194-045,8.27,10.83,4.33
FW6-090-045,8.27,10.83,4.33
E1D-090-040,8.27,10.83,4.33
E1D-090-030,8.27,10.83,4.33
ET9-090-040,8.27,10.83,4.33
GB7-A85-045,8.27,10.83,4.33
FW5-090-045,8.27,10.83,4.33
EJ8-C23-045,8.27,10.83,4.33
FW5-477-040,8.27,10.83,4.33
FW5-477-045,8.27,10.83,4.33
GB7-646-030,8.27,10.83,4.33
HF2-194-040,8.27,10.83,4.33
FW5-592-030,8.27,10.83,4.33
FW5-090-040,8.27,10.83,4.33
FT7-323-045,8.27,10.83,4.33
E1D-C88-040,8.27,10.83,4.33
HV3-A61-030,8.27,10.83,4.33
X22-399-045,8.27,10.83,4.33
E6F-001-040,8.27,10.83,4.33
FV6-323-040,8.27,10.83,4.33
EJ8-C23-040,8.27,10.83,4.33
ED4-090-030,8.27,10.83,4.33
FV8-C88-030,8.27,10.83,4.33
HF2-399-030,8.27,10.83,4.33
FW4-399-040,8.27,10.83,4.33
FB7-090-040,8.27,10.83,4.33
GO6-A74-040,8.27,10.83,4.33
FV8-011-030,8.27,10.83,4.33
FV8-011-040,8.27,10.83,4.33
GB7-646-045,8.27,10.83,4.33
FV8-323-030,8.27,10.83,4.33
GO6-A74-045,8.27,10.83,4.33
FW3-A21-030,8.27,10.83,4.33
GL4-646-045,8.27,10.83,4.33
E6F-C91-040,8.27,10.83,4.33
GL4-646-030,8.27,10.83,4.33
FB7-090-030,8.27,10.83,4.33
Z26-049-030,8.27,10.83,4.33
I88-817-040,8.27,10.83,4.33
E1D-194-030,8.27,10.83,4.33
I88-817-030,8.27,10.83,4.33
I88-054-040,8.27,10.83,4.33
HF3-B25-030,8.27,10.83,4.33
E6H-C91-040,8.27,10.83,4.33
GN6-194-040,8.27,10.83,4.33
GS2-011-030,8.27,10.83,4.33
GS2-011-040,8.27,10.83,4.33
ED4-090-040,8.27,10.83,4.33
HF2-001-030,8.27,10.83,4.33
HF2-001-035,8.27,10.83,4.33
FB7-090-045,8.27,10.83,4.33
GA3-011-030,8.27,10.83,4.33
GL8-090-040,8.27,10.83,4.33
E1D-C88-030,8.27,10.83,4.33
HF2-001-040,8.27,10.83,4.33
HF2-A89-045,8.27,10.83,4.33
E6H-C91-030,8.27,10.83,4.33
GB7-A85-030,8.27,10.83,4.33
GN6-194-035,8.27,10.83,4.33
U98-054-045,8.27,10.83,4.33
HF2-194-035,8.27,10.83,4.33
HF2-399-045,8.27,10.83,4.33
HF3-B25-040,8.27,10.83,4.33
ET3-339-030,8.27,10.83,4.33
E6H-001-030,8.27,10.83,4.33
HV3-A61-040,8.27,10.83,4.33
HV3-A61-045,8.27,10.83,4.33
EJ8-C23-030,8.27,10.83,4.33
FV8-090-040,8.27,10.83,4.33
GB7-090-045,8.27,10.83,4.33
HF2-A06-040,8.27,10.83,4.33
HF2-399-040,8.27,10.83,4.33
E6F-001-030,8.27,10.83,4.33
ET3-339-045,8.27,10.83,4.33
GO6-194-030,8.27,10.83,4.33
GL4-231-035,8.27,10.83,4.33
GB7-231-030,8.27,10.83,4.33
GB7-A85-035,8.27,10.83,4.33
HF3-B25-045,8.27,10.83,4.33
GL8-194-030,8.27,10.83,4.33
FQ1-A57-030,8.27,10.83,4.33
I88-C88-090,8.27,10.83,4.33
GA1-011-040,8.27,10.83,4.33
GL4-646-040,8.27,10.83,4.33
FW5-592-040,8.27,10.83,4.33
GL4-231-045,8.27,10.83,4.33
GB7-A85-040,8.27,10.83,4.33
ET9-399-030,8.27,10.83,4.33
ET9-399-040,8.27,10.83,4.33
GB7-A54-045,8.27,10.83,4.33
HF2-194-030,8.27,10.83,4.33
HF2-A89-040,8.27,10.83,4.33
FQ1-090-030,8.27,10.83,4.33
ET9-090-030,8.27,10.83,4.33
ET9-011-030,8.27,10.83,4.33
HF2-001-045,8.27,10.83,4.33
I88-C88-030,8.27,10.83,4.33
FV8-C88-040,8.27,10.83,4.33
HF2-A06-030,8.27,10.83,4.33
HF2-A06-035,8.27,10.83,4.33
ET9-011-040,8.27,10.83,4.33
HF3-B25-035,8.27,10.83,4.33
ET9-090-045,8.27,10.83,4.33
ET9-011-045,8.27,10.83,4.33
FV8-090-030,8.27,10.83,4.33
GL4-231-030,8.27,10.83,4.33
GA1-090-040,8.27,10.83,4.33
HF2-399-035,8.27,10.83,4.33
X22-399-040,8.27,10.83,4.33
JE6-C33-030,7.83,11.42,4.34
HO4-A20-040,7.3,11.8,4.51
HG3-090-040,7.38,12,4.39
HG3-090-050,7.38,12,4.39
HG3-090-060,7.38,12,4.39
HG3-090-080,7.38,12,4.39
HG3-A95-045,7.38,12,4.39
HO4-001-055,7.5,11.5,4.51
HO4-001-065,7.5,11.5,4.51
HO4-001-090,7.5,11.5,4.51
HO4-001-030,7.5,11.5,4.51
HO4-001-060,7.5,11.5,4.51
HO6-A89-070,7.5,11.5,4.51
FW4-592-040,7.28,11.81,4.53
GG2-001-030,7.28,11.81,4.53
FH5-090-030,7.28,11.81,4.53
FH5-090-045,7.28,11.81,4.53
GG2-194-030,7.28,11.81,4.53
FW4-592-045,7.28,11.81,4.53
FH5-090-040,7.28,11.81,4.53
GG2-001-040,7.28,11.81,4.53
GG2-001-045,7.28,11.81,4.53
GG2-194-045,7.28,11.81,4.53
FW4-477-045,7.28,11.81,4.53
FW4-477-040,7.28,11.81,4.53
FW4-137-040,7.28,11.81,4.53
GG2-194-040,7.28,11.81,4.53
FW4-090-040,7.28,11.81,4.53
FW4-090-030,7.28,11.81,4.53
FW4-137-045,7.28,11.81,4.53
FW4-477-030,7.28,11.81,4.53
HM9-090-090,7,11.25,5.01
HM9-090-070,7,11.25,5.01
HM9-090-050,7,11.25,5.01
HM9-194-080,7,11.25,5.01
HM9-194-070,7,11.25,5.01
HM9-194-030,7,11.25,5.01
HM9-090-040,7,11.25,5.01
HM9-090-055,7,11.25,5.01
HM9-194-050,7,11.25,5.01
HM9-194-090,7,11.25,5.01
HM9-090-045,7,11.25,5.01
HM9-090-030,7,11.25,5.01
HM9-194-065,7,11.25,5.01
HM9-194-055,7,11.25,5.01
HM9-194-040,7,11.25,5.01
HM9-194-060,7,11.25,5.01
HM9-090-060,7,11.25,5.01
HM9-194-045,7,11.25,5.01
HM9-090-080,7,11.25,5.01
E6K-C91-030,8,11,4.51
HG9-A20-030,8,11,4.51
JL1-C98-055,8,11,4.51
JL1-C98-060,8,11,4.51
E6K-565-030,8,11,4.51
JL1-C98-045,8,11,4.51
E6K-C98-040,8,11,4.51
E6K-565-045,8,11,4.51
E6K-C98-045,8,11,4.51
E6K-C91-055,8,11,4.51
E6K-C91-045,8,11,4.51
E6K-C98-050,8,11,4.51
E6K-565-050,8,11,4.51
E6K-565-040,8,11,4.51
E6K-C98-055,8,11,4.51
JL1-C98-050,8,11,4.51
JL1-C98-030,8,11,4.51
E6K-C98-030,8,11,4.51
E6K-C91-050,8,11,4.51
JL1-C98-040,8,11,4.51
E6K-C91-040,8,11,4.51
IY1-090-030,8.66,10.63,4.33
HX2-001-045,8.66,10.63,4.33
IY9-C15-030,8.66,10.63,4.33
IY9-090-040,8.66,10.63,4.33
HI9-C98-040,8.66,10.63,4.33
E1E-194-030,8.66,10.63,4.33
IY1-C90-040,8.66,10.63,4.33
IV5-194-040,8.66,10.63,4.33
HI9-011-030,8.66,10.63,4.33
IU1-565-045,8.66,10.63,4.33
HI9-011-040,8.66,10.63,4.33
HI9-B06-040,8.66,10.63,4.33
JL4-090-030,8.66,10.63,4.33
IU9-090-045,8.66,10.63,4.33
Y12-090-030,8.66,10.63,4.33
HI9-675-030,8.66,10.63,4.33
HJ6-675-040,8.66,10.63,4.33
HX2-B41-030,8.66,10.63,4.33
IU1-675-045,8.66,10.63,4.33
HI9-675-040,8.66,10.63,4.33
IY9-C15-040,8.66,10.63,4.33
IX9-B87-040,8.66,10.63,4.33
IY1-090-040,8.66,10.63,4.33
HX2-399-030,8.66,10.63,4.33
IY1-C90-030,8.66,10.63,4.33
IY1-C89-045,8.66,10.63,4.33
IU9-399-045,8.66,10.63,4.33
IE4-011-045,8.66,10.63,4.33
E1K-288-040,8.66,10.63,4.33
IU9-090-040,8.66,10.63,4.33
IV5-675-045,8.66,10.63,4.33
IX9-B87-030,8.66,10.63,4.33
IX9-090-030,8.66,10.63,4.33
HK8-675-040,8.66,10.63,4.33
IY1-C91-045,8.66,10.63,4.33
IV5-C15-045,8.66,10.63,4.33
IY1-C91-040,8.66,10.63,4.33
IV5-C15-040,8.66,10.63,4.33
IY3-090-030,8.66,10.63,4.33
HI9-399-040,8.66,10.63,4.33
IV5-001-045,8.66,10.63,4.33
IU9-399-030,8.66,10.63,4.33
HI9-399-045,8.66,10.63,4.33
IV5-675-040,8.66,10.63,4.33
E1E-090-040,8.66,10.63,4.33
E1K-001-040,8.66,10.63,4.33
HI9-C98-045,8.66,10.63,4.33
HX2-C99-045,8.66,10.63,4.33
IV5-194-045,8.66,10.63,4.33
IY9-A99-030,8.66,10.63,4.33
Y12-323-045,8.66,10.63,4.33
Y12-323-040,8.66,10.63,4.33
HX2-001-030,8.66,10.63,4.33
JL4-675-040,8.66,10.63,4.33
HI9-C98-030,8.66,10.63,4.33
IU1-675-040,8.66,10.63,4.33
FQ3-001-040,8.66,10.63,4.33
HX2-B41-045,8.66,10.63,4.33
JL3-090-045,8.66,10.63,4.33
IU1-565-040,8.66,10.63,4.33
IU1-565-030,8.66,10.63,4.33
HI9-C90-030,8.66,10.63,4.33
HI9-399-030,8.66,10.63,4.33
IY1-C89-040,8.66,10.63,4.33
HI9-B06-030,8.66,10.63,4.33
IY1-C89-030,8.66,10.63,4.33
HI9-C90-040,8.66,10.63,4.33
HX2-C15-040,8.66,10.63,4.33
HX2-001-040,8.66,10.63,4.33
IY9-A99-040,8.66,10.63,4.33
Y12-323-030,8.66,10.63,4.33
IU9-399-040,8.66,10.63,4.33
HX2-399-040,8.66,10.63,4.33
IU9-090-030,8.66,10.63,4.33
E1E-090-030,8.66,10.63,4.33
IU1-675-030,8.66,10.63,4.33
JL3-675-040,8.66,10.63,4.33
JL3-090-030,8.66,10.63,4.33
HX2-C99-040,8.66,10.63,4.33
HN8-011-030,8.66,10.63,4.33
FQ3-A20-040,8.66,10.63,4.33
FQ3-001-030,8.66,10.63,4.33
CM2-675-040,8.66,10.63,4.33
E1E-194-040,8.66,10.63,4.33
IY1-C90-045,8.66,10.63,4.33
HI9-675-045,8.66,10.63,4.33
JL4-090-040,8.66,10.63,4.33
HN8-011-040,8.66,10.63,4.33
CM2-090-040,8.66,10.63,4.33
HI9-C90-045,8.66,10.63,4.33
IY1-C91-030,8.66,10.63,4.33
IY9-090-030,8.66,10.63,4.33
Y12-738-030,8.66,10.63,4.33
HN8-675-030,8.66,10.63,4.33
HI9-011-045,8.66,10.63,4.33
JL3-675-030,8.66,10.63,4.33
HX2-C99-030,8.66,10.63,4.33
E4R-194-040,7.37,12,4.51
HO6-A89-090,7.5,11.8,4.51
HD1-001-070,10.24,11.02,3.54
HD1-B09-060,10.24,11.02,3.54
EM7-959-070,8,10,5.01
E6K-565-055,8,11,4.56
JE8-090-055,8.1,11,4.51
IY2-090-050,8.1,11,4.51
JE8-090-060,8.1,11,4.51
JE8-090-030,8.1,11,4.51
JE8-090-045,8.1,11,4.51
JE8-A99-050,8.1,11,4.51
JE8-090-050,8.1,11,4.51
JE8-A99-060,8.1,11,4.51
IY2-A99-050,8.1,11,4.51
IY2-090-030,8.1,11,4.51
IY2-090-065,8.1,11,4.51
JE8-090-065,8.1,11,4.51
JE8-090-040,8.1,11,4.51
HF4-D02-030,8.5,11.6,4.08
ES8-090-055,8.07,11.02,4.53
ES8-194-065,8.07,11.02,4.53
HI1-011-040,8.07,11.02,4.53
I88-A15-060,8.07,11.02,4.53
K04-001-050,8.07,11.02,4.53
FV6-C89-055,8.07,11.02,4.53
HH3-B12-080,8.07,11.02,4.53
I88-675-050,8.07,11.02,4.53
HH3-C88-050,8.07,11.02,4.53
E3P-090-030,8.07,11.02,4.53
R49-001-060,8.07,11.02,4.53
I88-C20-055,8.07,11.02,4.53
I88-C32-070,8.07,11.02,4.53
I88-B41-065,8.07,11.02,4.53
HH3-A99-090,8.07,11.02,4.53
Q34-570-040,8.07,11.02,4.53
HH3-B12-060,8.07,11.02,4.53
EJ9-090-065,8.07,11.02,4.53
I88-C32-060,8.07,11.02,4.53
I88-C32-055,8.07,11.02,4.53
I88-001-055,8.07,11.02,4.53
HP4-592-030,8.07,11.02,4.53
EH8-137-030,8.07,11.02,4.53
HP4-001-040,8.07,11.02,4.53
GX5-886-050,8.07,11.02,4.53
I88-C32-050,8.07,11.02,4.53
X22-001-055,8.07,11.02,4.53
HE4-B09-040,8.07,11.02,4.53
IF9-011-070,8.07,11.02,4.53
I88-001-060,8.07,11.02,4.53
X22-194-065,8.07,11.02,4.53
HY2-001-040,8.07,11.02,4.53
HO1-001-065,8.07,11.02,4.53
HF4-C14-050,8.07,11.02,4.53
HO1-A20-070,8.07,11.02,4.53
HM3-001-030,8.07,11.02,4.53
EK1-090-050,8.07,11.02,4.53
GY2-442-050,8.07,11.02,4.53
EJ9-011-070,8.07,11.02,4.53
HN9-A20-060,8.07,11.02,4.53
EJ9-011-060,8.07,11.02,4.53
HN9-001-070,8.07,11.02,4.53
X22-001-050,8.07,11.02,4.53
X22-001-065,8.07,11.02,4.53
EJ8-011-070,8.07,11.02,4.53
ES8-592-065,8.07,11.02,4.53
EJ8-011-060,8.07,11.02,4.53
ES8-090-050,8.07,11.02,4.53
EJ8-011-055,8.07,11.02,4.53
IG2-011-060,8.07,11.02,4.53
HF4-194-040,8.07,11.02,4.53
I88-B41-050,8.07,11.02,4.53
R49-011-050,8.07,11.02,4.53
X22-011-065,8.07,11.02,4.53
HO1-001-070,8.07,11.02,4.53
I88-323-050,8.07,11.02,4.53
H84-001-050,8.07,11.02,4.53
ES8-090-065,8.07,11.02,4.53
H84-001-060,8.07,11.02,4.53
DR7-054-065,8.07,11.02,4.53
X03-399-065,8.07,11.02,4.53
HG8-011-030,8.07,11.02,4.53
HF5-B14-040,8.07,11.02,4.53
HN4-592-040,8.07,11.02,4.53
HH3-B52-050,8.07,11.02,4.53
K03-001-050,8.07,11.02,4.53
GX5-231-060,8.07,11.02,4.53
HT4-011-030,8.07,11.02,4.53
I88-024-060,8.07,11.02,4.53
EJ9-090-060,8.07,11.02,4.53
FV6-C89-070,8.07,11.02,4.53
I88-C20-065,8.07,11.02,4.53
HO1-A20-065,8.07,11.02,4.53
HN9-A20-070,8.07,11.02,4.53
HI1-675-040,8.07,11.02,4.53
HK2-001-040,8.07,11.02,4.53
HP4-592-045,8.07,11.02,4.53
FV6-194-050,8.07,11.02,4.53
HK2-A99-040,8.07,11.02,4.53
HT4-011-040,8.07,11.02,4.53
HT5-011-040,8.07,11.02,4.53
HY3-001-045,8.07,11.02,4.53
IC5-C14-030,8.07,11.02,4.53
HH3-B70-070,8.07,11.02,4.53
HH3-B70-060,8.07,11.02,4.53
HU7-001-060,8.07,11.02,4.53
HN3-011-040,8.07,11.02,4.53
HK2-B12-030,8.07,11.02,4.53
HH3-B52-065,8.07,11.02,4.53
HH3-B52-060,8.07,11.02,4.53
I88-B41-060,8.07,11.02,4.53
Q34-570-045,8.07,11.02,4.53
HP5-001-040,8.07,11.02,4.53
HP4-592-040,8.07,11.02,4.53
EJ8-C89-050,8.07,11.02,4.53
EK1-090-060,8.07,11.02,4.53
EJ9-090-070,8.07,11.02,4.53
ES8-194-070,8.07,11.02,4.53
I88-675-070,8.07,11.02,4.53
I88-A15-050,8.07,11.02,4.53
K26-054-070,8.07,11.02,4.53
IC5-C14-040,8.07,11.02,4.53
EJ8-C97-070,8.07,11.02,4.53
HF4-B07-050,8.07,11.02,4.53
HF4-A89-050,8.07,11.02,4.53
Z18-969-060,8.07,11.02,4.53
ES8-675-050,8.07,11.02,4.53
EH8-892-040,8.07,11.02,4.53
IJ5-619-030,8.07,11.02,4.53
EJ8-C97-065,8.07,11.02,4.53
K03-001-060,8.07,11.02,4.53
HT5-010-030,8.07,11.02,4.53
K03-001-070,8.07,11.02,4.53
FV6-C88-050,8.07,11.02,4.53
HH3-C88-090,8.07,11.02,4.53
K26-054-055,8.07,11.02,4.53
CM3-826-050,8.07,11.02,4.53
HT5-010-050,8.07,11.02,4.53
I88-675-055,8.07,11.02,4.53
HY2-001-045,8.07,11.02,4.53
Q68-001-030,8.07,11.02,4.53
ES8-194-050,8.07,11.02,4.53
X03-011-065,8.07,11.02,4.53
HG1-001-040,8.07,11.02,4.53
HF5-B14-030,8.07,11.02,4.53
I88-B37-065,8.07,11.02,4.53
HG2-001-040,8.07,11.02,4.53
Z18-969-070,8.07,11.02,4.53
I88-B48-050,8.07,11.02,4.53
X03-339-060,8.07,11.02,4.53
GC1-A32-050,8.07,11.02,4.53
DX4-399-070,8.07,11.02,4.53
R49-001-050,8.07,11.02,4.53
EK1-090-070,8.07,11.02,4.53
HF5-B09-040,8.07,11.02,4.53
FV6-C88-055,8.07,11.02,4.53
FV6-C88-065,8.07,11.02,4.53
FV6-C88-070,8.07,11.02,4.53
E3T-001-040,8.07,11.02,4.53
I88-592-070,8.07,11.02,4.53
HF5-001-040,8.07,11.02,4.53
HH3-C88-070,8.07,11.02,4.53
H84-090-070,8.07,11.02,4.53
I88-323-065,8.07,11.02,4.53
X03-399-050,8.07,11.02,4.53
X03-399-055,8.07,11.02,4.53
X03-399-060,8.07,11.02,4.53
HT5-011-030,8.07,11.02,4.53
CM3-826-070,8.07,11.02,4.53
HF4-C29-050,8.07,11.02,4.53
X03-399-070,8.07,11.02,4.53
HG6-011-045,8.07,11.02,4.53
IF9-011-060,8.07,11.02,4.53
K04-001-055,8.07,11.02,4.53
HH3-C32-065,8.07,11.02,4.53
I88-675-060,8.07,11.02,4.53
HP5-592-045,8.07,11.02,4.53
HP5-592-030,8.07,11.02,4.53
I88-001-070,8.07,11.02,4.53
HG6-675-030,8.07,11.02,4.53
K04-592-055,8.07,11.02,4.53
HG8-011-045,8.07,11.02,4.53
DX4-090-050,8.07,11.02,4.53
HO1-194-065,8.07,11.02,4.53
HG8-675-030,8.07,11.02,4.53
I88-001-065,8.07,11.02,4.53
EJ9-090-050,8.07,11.02,4.53
I88-675-065,8.07,11.02,4.53
HO1-194-055,8.07,11.02,4.53
Q34-570-030,8.07,11.02,4.53
HG8-675-045,8.07,11.02,4.53
HH3-001-090,8.07,11.02,4.53
I88-592-050,8.07,11.02,4.53
HH3-A99-050,8.07,11.02,4.53
HU9-B28-030,8.07,11.02,4.53
GW8-090-040,8.07,11.02,4.53
HF4-194-030,8.07,11.02,4.53
HH3-A99-060,8.07,11.02,4.53
EJ8-C89-065,8.07,11.02,4.53
HG2-194-040,8.07,11.02,4.53
I88-011-060,8.07,11.02,4.53
EK1-090-065,8.07,11.02,4.53
K26-054-050,8.07,11.02,4.53
HF4-A89-040,8.07,11.02,4.53
HF5-B09-030,8.07,11.02,4.53
HI7-B06-060,8.07,11.02,4.53
HT5-011-050,8.07,11.02,4.53
I88-011-065,8.07,11.02,4.53
H84-090-050,8.07,11.02,4.53
ES8-194-055,8.07,11.02,4.53
HG2-194-030,8.07,11.02,4.53
HP6-001-045,8.07,11.02,4.53
H84-090-060,8.07,11.02,4.53
HI7-B06-050,8.07,11.02,4.53
HT5-012-030,8.07,11.02,4.53
R49-001-065,8.07,11.02,4.53
HT5-012-040,8.07,11.02,4.53
HP6-001-040,8.07,11.02,4.53
HH3-001-070,8.07,11.02,4.53
HR1-675-060,8.07,11.02,4.53
HH3-C88-060,8.07,11.02,4.53
H84-001-070,8.07,11.02,4.53
HP6-001-030,8.07,11.02,4.53
HH3-C88-065,8.07,11.02,4.53
HR1-675-070,8.07,11.02,4.53
HU7-001-050,8.07,11.02,4.53
I88-024-070,8.07,11.02,4.53
IC5-B06-050,8.07,11.02,4.53
X03-339-050,8.07,11.02,4.53
HG8-011-040,8.07,11.02,4.53
I88-C32-065,8.07,11.02,4.53
EJ9-A94-050,8.07,11.02,4.53
FZ8-A94-030,8.07,11.02,4.53
I88-323-060,8.07,11.02,4.53
X22-194-045,8.07,11.02,4.53
X03-339-065,8.07,11.02,4.53
I88-B48-055,8.07,11.02,4.53
FZ8-A94-040,8.07,11.02,4.53
IJ4-231-045,8.07,11.02,4.53
IJ4-231-040,8.07,11.02,4.53
HT5-010-040,8.07,11.02,4.53
GY2-572-070,8.07,11.02,4.53
GY2-572-050,8.07,11.02,4.53
E3T-D07-045,8.07,11.02,4.53
X22-011-060,8.07,11.02,4.53
Q68-001-040,8.07,11.02,4.53
FV6-194-065,8.07,11.02,4.53
GY2-442-060,8.07,11.02,4.53
HH3-001-080,8.07,11.02,4.53
HV1-001-030,8.07,11.02,4.53
X22-090-050,8.07,11.02,4.53
HV1-001-040,8.07,11.02,4.53
HH3-B70-050,8.07,11.02,4.53
ES8-194-060,8.07,11.02,4.53
EJ8-B09-050,8.07,11.02,4.53
GY2-231-070,8.07,11.02,4.53
I88-B37-060,8.07,11.02,4.53
EJ8-C89-070,8.07,11.02,4.53
HF4-001-040,8.07,11.02,4.53
HF4-001-030,8.07,11.02,4.53
Z64-001-070,8.07,11.02,4.53
IJ7-A20-040,8.07,11.02,4.53
X03-A94-030,8.07,11.02,4.53
IK7-011-070,8.07,11.02,4.53
ES8-323-060,8.07,11.02,4.53
EJ8-C89-060,8.07,11.02,4.53
X03-A94-040,8.07,11.02,4.53
GX5-231-070,8.07,11.02,4.53
I88-B37-070,8.07,11.02,4.53
EJ8-011-065,8.07,11.02,4.53
HH3-B52-070,8.07,11.02,4.53
ES8-090-070,8.07,11.02,4.53
X22-011-045,8.07,11.02,4.53
Q34-090-030,8.07,11.02,4.53
HO1-001-050,8.07,11.02,4.53
HH3-B70-065,8.07,11.02,4.53
HF4-001-050,8.07,11.02,4.53
HF5-001-030,8.07,11.02,4.53
HO1-001-060,8.07,11.02,4.53
EJ8-A94-050,8.07,11.02,4.53
E3T-001-030,8.07,11.02,4.53
IG2-011-050,8.07,11.02,4.53
IJ4-B40-045,8.07,11.02,4.53
E3T-001-045,8.07,11.02,4.53
R49-001-055,8.07,11.02,4.53
HV2-675-030,8.07,11.02,4.53
E3U-B41-030,8.07,11.02,4.53
GX5-886-060,8.07,11.02,4.53
GX5-886-065,8.07,11.02,4.53
GX5-886-070,8.07,11.02,4.53
HM3-A20-040,8.07,11.02,4.53
HF4-C14-040,8.07,11.02,4.53
R49-011-065,8.07,11.02,4.53
X22-011-055,8.07,11.02,4.53
GX6-231-060,8.07,11.02,4.53
HM3-592-035,8.07,11.02,4.53
I88-592-060,8.07,11.02,4.53
HM3-592-030,8.07,11.02,4.53
K26-054-060,8.07,11.02,4.53
FV6-194-070,8.07,11.02,4.53
K04-001-065,8.07,11.02,4.53
H84-A48-065,8.07,11.02,4.53
GX5-231-055,8.07,11.02,4.53
HH3-001-060,8.07,11.02,4.53
HV1-001-045,8.07,11.02,4.53
HM3-001-040,8.07,11.02,4.53
HV1-B36-040,8.07,11.02,4.53
HH3-B41-090,8.07,11.02,4.53
HY2-001-030,8.07,11.02,4.53
FV6-C88-060,8.07,11.02,4.53
EJ8-A94-060,8.07,11.02,4.53
I88-B41-070,8.07,11.02,4.53
GY2-442-070,8.07,11.02,4.53
X03-231-050,8.07,11.02,4.53
GW8-090-030,8.07,11.02,4.53
R49-001-070,8.07,11.02,4.53
E3U-B41-040,8.07,11.02,4.53
I88-024-050,8.07,11.02,4.53
E3U-B41-045,8.07,11.02,4.53
IF9-B91-060,8.07,11.02,4.53
HF4-C14-030,8.07,11.02,4.53
X22-011-050,8.07,11.02,4.53
HY3-001-040,8.07,11.02,4.53
X22-194-060,8.07,11.02,4.53
X03-339-055,8.07,11.02,4.53
I88-592-055,8.07,11.02,4.53
I88-024-055,8.07,11.02,4.53
IC5-B06-030,8.07,11.02,4.53
H84-442-065,8.07,11.02,4.53
I88-323-070,8.07,11.02,4.53
X22-001-060,8.07,11.02,4.53
R49-011-055,8.07,11.02,4.53
IC5-194-050,8.07,11.02,4.53
X22-194-055,8.07,11.02,4.53
IC5-A20-040,8.07,11.02,4.53
X22-194-050,8.07,11.02,4.53
IC5-194-040,8.07,11.02,4.53
HH3-001-050,8.07,11.02,4.53
GW6-A20-060,8.07,11.02,4.53
X22-090-065,8.07,11.02,4.53
I88-001-050,8.07,11.02,4.53
R49-011-060,8.07,11.02,4.53
R49-011-070,8.07,11.02,4.53
EJ8-012-070,8.07,11.02,4.53
IL2-B41-040,8.07,11.02,4.53
EJ8-C97-055,8.07,11.02,4.53
ES8-592-055,8.07,11.02,4.53
CM3-231-060,8.07,11.02,4.53
HF4-B58-040,8.07,11.02,4.53
CM3-194-070,8.07,11.02,4.53
DM6-090-070,8.07,11.02,4.53
DM6-090-060,8.07,11.02,4.53
HJ3-323-040,8.07,11.02,4.53
X03-339-070,8.07,11.02,4.53
DM6-090-050,8.07,11.02,4.53
ES8-592-060,8.07,11.02,4.53
IK7-011-050,8.07,11.02,4.53
CM3-194-060,8.07,11.02,4.53
O96-031-050,8.07,11.02,4.53
I88-011-050,8.07,11.02,4.53
IG2-011-070,8.07,11.02,4.53
CM3-231-050,8.07,11.02,4.53
CM3-231-070,8.07,11.02,4.53
HH3-B41-065,8.07,11.02,4.53
E3T-D07-030,8.07,11.02,4.53
I88-024-065,8.07,11.02,4.53
X22-001-045,8.07,11.02,4.53
FV6-C89-050,8.07,11.02,4.53
HH3-B41-080,8.07,11.02,4.53
ES8-592-050,8.07,11.02,4.53
ES8-090-060,8.07,11.02,4.53
DR7-399-070,8.07,11.02,4.53
HH3-399-065,8.07,11.02,4.53
I88-B37-050,8.07,11.02,4.53
I88-B37-055,8.07,11.02,4.53
GX5-231-050,8.07,11.02,4.53
GX5-231-065,8.07,11.02,4.53
HF4-194-050,8.07,11.02,4.53
X22-090-060,8.07,11.02,4.53
IC5-A20-050,8.07,11.02,4.53
HG2-001-030,8.07,11.02,4.53
HK5-001-050,8.07,11.02,4.53
HK5-001-070,8.07,11.02,4.53
X22-090-045,8.07,11.02,4.53
EJ9-A94-065,8.07,11.02,4.53
X03-B38-050,8.07,11.02,4.53
IC5-A20-030,8.07,11.02,4.53
HH3-C88-080,8.07,11.02,4.53
X03-B38-040,8.07,11.02,4.53
EH8-892-030,8.07,11.02,4.53
I88-B48-070,8.07,11.02,4.53
DX4-090-060,8.07,11.02,4.53
HU9-B28-040,8.07,11.02,4.53
EJ8-A94-070,8.07,11.02,4.53
HI7-B06-070,8.07,11.02,4.53
I88-B48-060,8.07,11.02,4.53
HN9-A20-050,8.07,11.02,4.53
HN9-001-060,8.07,11.02,4.53
I88-B41-055,8.07,11.02,4.53
X22-090-055,8.07,11.02,4.53
HN9-001-050,8.07,11.02,4.53
EH8-137-040,8.07,11.02,4.53
Z64-011-065,8.07,11.02,4.53
EJ8-C97-050,8.07,11.02,4.53
GG1-A89-060,8.07,11.02,4.53
HH3-A99-070,8.07,11.02,4.53
EJ8-C89-055,8.07,11.02,4.53
H84-090-065,8.07,11.02,4.53
CM3-826-060,8.07,11.02,4.53
ES8-323-055,8.07,11.02,4.53
ES8-323-065,8.07,11.02,4.53
ES8-675-060,8.07,11.02,4.53
I88-011-070,8.07,11.02,4.53
I88-011-055,8.07,11.02,4.53
I88-A68-060,8.07,11.02,4.53
AS6-802-070,8.07,11.02,4.53
IJ7-A20-030,8.07,11.02,4.53
HH3-B41-050,8.07,11.02,4.53
IM9-001-040,8.07,11.02,4.53
IM9-001-030,8.07,11.02,4.53
IJ7-A20-045,8.07,11.02,4.53
HH3-B41-070,8.07,11.02,4.53
IM9-001-045,8.07,11.02,4.53
ES8-592-070,8.07,11.02,4.53
IM3-675-045,8.07,11.02,4.53
IM3-675-030,8.07,11.02,4.53
Z18-675-060,8.07,11.02,4.53
Z64-705-060,8.07,11.02,4.53
EJ8-C97-060,8.07,11.02,4.53
HF4-C42-040,8.07,11.02,4.53
ES8-323-050,8.07,11.02,4.53
HG1-B09-030,8.07,11.02,4.53
DR7-399-060,8.07,11.02,4.53
GC1-A32-060,8.07,11.02,4.53
E6A-001-040,8.07,11.02,4.53
DR4-194-060,8.07,11.02,4.53
H84-001-065,8.07,11.02,4.53
GC1-A32-070,8.07,11.02,4.53
DO1-675-070,8.07,11.02,4.53
I88-A15-070,8.07,11.02,4.53
DO1-090-070,8.07,11.02,4.53
H84-442-060,8.07,11.02,4.53
I88-592-065,8.07,11.02,4.53
I88-A94-050,8.07,11.02,4.53
CM3-194-050,8.07,11.02,4.53
I88-323-055,8.07,11.02,4.53
IC5-C14-050,8.07,11.02,4.53
K26-054-065,8.07,11.02,4.53
H84-442-050,8.07,11.02,4.53
IJ5-619-040,8.07,11.02,4.53
IF9-011-050,8.07,11.02,4.53
H84-442-070,8.07,11.02,4.53
IM3-675-040,8.07,11.02,4.53
K03-A94-060,8.07,11.02,4.53
E3T-D07-040,8.07,11.02,4.53
JE6-C55-050,8.07,11.02,4.54
JE5-C33-065,8.07,11.02,4.54
I88-A15-055,8.07,11.02,4.54
JE6-C33-055,8.07,11.02,4.54
JE5-C55-055,8.07,11.02,4.54
JE6-C55-065,8.07,11.02,4.54
JE6-C33-065,8.07,11.02,4.54
JE6-C55-055,8.07,11.02,4.54
I88-A15-065,8.07,11.02,4.54
JE5-C55-065,8.07,11.02,4.54
EJ8-A94-055,8.07,11.02,4.54
JE5-C55-050,8.07,11.02,4.54
JE6-C33-050,8.07,11.02,4.54
JE6-C33-060,8.07,11.02,4.54
JE5-C55-060,8.07,11.02,4.54
EJ8-A94-065,8.07,11.02,4.54
JE6-C55-070,8.07,11.02,4.54
JE6-C33-070,8.07,11.02,4.54
JE6-C55-060,8.07,11.02,4.54
JE5-C55-070,8.07,11.02,4.54
B1B-001-030,8,11.2,4.51
B1B-288-040,8,11.2,4.51
B1B-B41-060,8,11.2,4.51
HS8-323-030,8,11.2,4.51
B1B-B41-030,8,11.2,4.51
B1B-288-060,8,11.2,4.51
B1B-288-050,8,11.2,4.51
HS8-323-040,8,11.2,4.51
B1B-288-030,8,11.2,4.51
B1B-B41-040,8,11.2,4.51
HG9-A20-045,8,11.2,4.51
B1B-001-050,8,11.2,4.51
B1B-B41-050,8,11.2,4.51
B1B-001-040,8,11.2,4.51
B1B-001-060,8,11.2,4.51
HE9-194-070,7.8,11.5,4.51
HE9-001-065,7.8,11.5,4.51
HE9-001-070,7.8,11.5,4.51
HE9-194-060,7.8,11.5,4.51
HE9-A86-065,7.8,11.5,4.51
HE9-167-065,7.8,11.5,4.51
HT1-011-070,7.8,11.5,4.51
HO6-A89-040,7.5,12,4.51
HO1-001-055,8.2,11.8,4.21
EO8-011-080,6.89,11.61,5.12
EO8-090-080,6.89,11.61,5.12
EO8-090-090,6.89,11.61,5.12
EO8-592-080,6.89,11.61,5.12
EO8-592-090,6.89,11.61,5.12
EO8-011-090,6.89,11.61,5.12
GB5-A89-045,8.78,10.3,4.55
O54-592-040,9.06,11.02,4.13
O54-592-030,9.06,11.02,4.13
O72-001-030,9.06,11.02,4.13
O54-001-030,9.06,11.02,4.13
O54-001-040,9.06,11.02,4.13
O54-592-045,9.06,11.02,4.13
O54-644-045,9.06,11.02,4.13
IF6-A69-030,8.66,11.02,4.33
E5R-288-030,8.66,11.02,4.33
IB6-B58-030,8.66,11.02,4.33
E5R-090-030,8.66,11.02,4.33
E5R-076-030,8.66,11.02,4.33
IF6-001-040,8.66,11.02,4.33
E5R-076-040,8.66,11.02,4.33
IF6-001-030,8.66,11.02,4.33
E5R-288-040,8.66,11.02,4.33
GL8-194-065,8.66,11.02,4.33
GL8-194-060,8.66,11.02,4.33
IB6-A20-030,8.66,11.02,4.33
EK8-090-035,8.66,11.02,4.33
E5R-892-040,8.66,11.02,4.33
IF6-A69-040,8.66,11.02,4.33
EK8-194-035,8.66,11.02,4.33
E5R-090-040,8.66,11.02,4.33
EK8-194-030,8.66,11.02,4.33
IF6-B77-030,8.66,11.02,4.33
IB6-A20-040,8.66,11.02,4.33
E5R-892-030,8.66,11.02,4.33
EK8-090-030,8.66,11.02,4.33
E2M-D20-070,7.2,12.2,4.71
JA5-C15-090,7,12.3,4.81
JA5-C15-080,7,12.3,4.81
JL2-C90-030,8.2,11.2,4.51
JL2-C90-055,8.2,11.2,4.51
JL2-C98-045,8.2,11.2,4.51
JL2-C98-050,8.2,11.2,4.51
JL2-C90-045,8.2,11.2,4.51
JL2-C90-040,8.2,11.2,4.51
JL2-C90-050,8.2,11.2,4.51
JL2-C98-040,8.2,11.2,4.51
DW9-137-060,8.2,11.2,4.51
JL2-C98-030,8.2,11.2,4.51
HL3-B26-040,7.82,11.5,4.61
N28-645-090,8.27,12.2,4.13
N28-001-080,8.27,12.2,4.13
N28-001-090,8.27,12.2,4.13
N28-645-080,8.27,12.2,4.13
E4R-194-045,7.7,12,4.51
E6Y-001-055,7.7,12,4.51
E4R-194-050,7.7,12,4.51
E4R-194-035,7.7,12,4.51
E4R-194-055,7.7,12,4.51
E6Y-C88-050,7.7,12,4.51
E6Y-C88-055,7.7,12,4.51
E4R-194-030,7.7,12,4.51
E6Y-C88-040,7.7,12,4.51
E6Y-C88-045,7.7,12,4.51
E6Y-001-040,7.7,12,4.51
E6Y-001-045,7.7,12,4.51
E6Y-001-050,7.7,12,4.51
E4R-001-055,7.7,12,4.51
JM2-090-055,8.07,11.42,4.53
IC9-535-045,8.07,11.42,4.53
HS1-675-065,8.07,11.42,4.53
HJ9-A99-070,8.07,11.42,4.53
HS1-675-070,8.07,11.42,4.53
JM2-056-050,8.07,11.42,4.53
IC9-477-030,8.07,11.42,4.53
HS1-675-060,8.07,11.42,4.53
IC9-477-040,8.07,11.42,4.53
JM1-C70-065,8.07,11.42,4.53
JL1-C35-060,8.07,11.42,4.53
IC9-535-030,8.07,11.42,4.53
JL1-C35-050,8.07,11.42,4.53
IC9-001-030,8.07,11.42,4.53
IC9-535-040,8.07,11.42,4.53
HE7-B41-040,8.07,11.42,4.53
E7A-194-045,8.07,11.42,4.53
HS1-001-060,8.07,11.42,4.53
HE8-B41-030,8.07,11.42,4.53
HI4-011-060,8.07,11.42,4.53
E7A-C88-030,8.07,11.42,4.53
JL1-090-055,8.07,11.42,4.53
JM2-090-065,8.07,11.42,4.53
JL9-C70-060,8.07,11.42,4.53
JM2-090-050,8.07,11.42,4.53
HF9-194-060,8.07,11.42,4.53
JL9-C70-055,8.07,11.42,4.53
JM1-C70-070,8.07,11.42,4.53
IC9-477-045,8.07,11.42,4.53
JM2-056-070,8.07,11.42,4.53
HF9-194-050,8.07,11.42,4.53
HS1-675-055,8.07,11.42,4.53
FC7-001-045,8.07,11.42,4.53
E7A-001-045,8.07,11.42,4.53
JL1-011-060,8.07,11.42,4.53
E7A-001-040,8.07,11.42,4.53
HL5-B26-060,8.07,11.42,4.53
HF9-194-065,8.07,11.42,4.53
FC7-001-070,8.07,11.42,4.53
FC7-001-055,8.07,11.42,4.53
HJ9-A99-060,8.07,11.42,4.53
FC7-194-060,8.07,11.42,4.53
JM2-090-060,8.07,11.42,4.53
JL1-090-065,8.07,11.42,4.53
GK8-886-040,8.07,11.42,4.53
FC7-001-040,8.07,11.42,4.53
FC7-194-045,8.07,11.42,4.53
JL1-090-050,8.07,11.42,4.53
HJ9-001-060,8.07,11.42,4.53
FC7-194-055,8.07,11.42,4.53
E7A-194-035,8.07,11.42,4.53
HL5-A89-070,8.07,11.42,4.53
FC7-001-050,8.07,11.42,4.53
HL5-B26-070,8.07,11.42,4.53
FC7-090-070,8.07,11.42,4.53
GJ8-194-050,8.07,11.42,4.53
GJ8-194-070,8.07,11.42,4.53
IC9-A93-030,8.07,11.42,4.53
IC9-A93-040,8.07,11.42,4.53
FC7-090-055,8.07,11.42,4.53
IC9-A93-045,8.07,11.42,4.53
JM2-056-060,8.07,11.42,4.53
JL9-C70-065,8.07,11.42,4.53
E7A-C88-040,8.07,11.42,4.53
E7A-C88-045,8.07,11.42,4.53
FC7-001-060,8.07,11.42,4.53
HJ9-B12-060,8.07,11.42,4.53
HJ9-B12-070,8.07,11.42,4.53
FC7-090-060,8.07,11.42,4.53
FC7-090-065,8.07,11.42,4.53
HL5-A89-060,8.07,11.42,4.53
E7A-194-030,8.07,11.42,4.53
HS1-001-070,8.07,11.42,4.53
HS1-001-055,8.07,11.42,4.53
FC7-194-070,8.07,11.42,4.53
JM1-A99-050,8.07,11.42,4.53
HF9-194-070,8.07,11.42,4.53
JL9-C70-050,8.07,11.42,4.53
JM1-C70-050,8.07,11.42,4.53
JL1-090-070,8.07,11.42,4.53
JM1-A99-055,8.07,11.42,4.53
IC9-001-040,8.07,11.42,4.53
HJ9-B09-050,8.07,11.42,4.53
HL5-A89-050,8.07,11.42,4.53
JL9-C70-070,8.07,11.42,4.53
HL5-B26-050,8.07,11.42,4.53
JL1-399-050,8.07,11.42,4.53
HJ9-B09-070,8.07,11.42,4.53
HJ9-A99-050,8.07,11.42,4.53
JM1-056-070,8.07,11.42,4.53
HJ9-B09-060,8.07,11.42,4.53
HJ9-001-050,8.07,11.42,4.53
JM1-056-065,8.07,11.42,4.53
JM1-056-060,8.07,11.42,4.53
JM1-056-055,8.07,11.42,4.53
JM1-056-050,8.07,11.42,4.53
JL1-090-060,8.07,11.42,4.53
JL9-B48-070,8.07,11.42,4.53
JL9-B48-065,8.07,11.42,4.53
JL9-B48-055,8.07,11.42,4.53
E7A-001-030,8.07,11.42,4.53
IC9-001-045,8.07,11.42,4.53
HE7-B41-030,8.07,11.42,4.53
HJ9-B12-050,8.07,11.42,4.53
E7A-C88-035,8.07,11.42,4.53
HF9-194-055,8.07,11.42,4.53
JL1-C35-070,8.07,11.42,4.53
JM1-A99-060,8.07,11.42,4.53
JM1-C70-055,8.07,11.42,4.53
JL1-399-060,8.07,11.42,4.53
HS1-675-050,8.07,11.42,4.53
HJ9-001-070,8.07,11.42,4.53
E7A-001-035,8.07,11.42,4.53
FC7-001-065,8.07,11.42,4.53
JM1-A99-065,8.07,11.42,4.53
E7A-194-040,8.07,11.42,4.53
JL1-399-070,8.07,11.42,4.53
JM1-C70-060,8.07,11.42,4.53
HS1-001-050,8.07,11.42,4.53
HS1-001-065,8.07,11.42,4.53
JM2-090-070,8.07,11.42,4.53
HI4-011-050,8.07,11.42,4.53
E5H-001-045,8.2,11.3,4.51
E5H-001-055,8.2,11.3,4.51
E5H-001-040,8.2,11.3,4.51
E5H-001-030,8.2,11.3,4.51
IK5-C89-030,8.2,11.3,4.51
IK5-C89-045,8.2,11.3,4.51
IK5-C89-055,8.2,11.3,4.51
IK5-C89-060,8.2,11.3,4.51
IK5-C89-040,8.2,11.3,4.51
E5H-001-050,8.2,11.3,4.51
IK5-C89-050,8.2,11.3,4.51
JL9-A99-050,8.07,11.42,4.54
JL9-001-065,8.07,11.42,4.54
JM1-194-055,8.07,11.42,4.54
JL9-A99-065,8.07,11.42,4.54
JL9-001-055,8.07,11.42,4.54
JM2-001-060,8.07,11.42,4.54
JM2-A99-050,8.07,11.42,4.54
JM1-001-055,8.07,11.42,4.54
JL9-A99-060,8.07,11.42,4.54
JM1-090-060,8.07,11.42,4.54
JM1-090-070,8.07,11.42,4.54
JM1-194-050,8.07,11.42,4.54
JL9-090-060,8.07,11.42,4.54
JM2-001-065,8.07,11.42,4.54
JM2-A99-070,8.07,11.42,4.54
JM1-090-055,8.07,11.42,4.54
JM1-090-050,8.07,11.42,4.54
JM2-001-055,8.07,11.42,4.54
JM1-001-050,8.07,11.42,4.54
JM2-A99-060,8.07,11.42,4.54
JM2-001-070,8.07,11.42,4.54
JM1-001-060,8.07,11.42,4.54
JM2-A99-055,8.07,11.42,4.54
JM1-194-070,8.07,11.42,4.54
JM2-A99-065,8.07,11.42,4.54
JM1-090-065,8.07,11.42,4.54
JL9-090-070,8.07,11.42,4.54
JL9-090-050,8.07,11.42,4.54
JM1-001-065,8.07,11.42,4.54
JM1-194-060,8.07,11.42,4.54
JM1-001-070,8.07,11.42,4.54
JM1-194-065,8.07,11.42,4.54
JL9-001-060,8.07,11.42,4.55
JL9-001-070,8.07,11.42,4.55
JL9-001-050,8.07,11.42,4.55
JJ1-C24-065,7,12,5.01
JJ1-C24-045,7,12,5.01
JJ1-C26-040,7,12,5.01
JJ1-C24-060,7,12,5.01
JJ1-C24-055,7,12,5.01
JJ1-C24-050,7,12,5.01
JE9-090-055,7,12,5.01
JJ1-C24-030,7,12,5.01
JE9-A99-055,7,12,5.01
JE9-090-045,7,12,5.01
JE9-A99-045,7,12,5.01
JJ1-C26-050,7,12,5.01
JJ1-C26-055,7,12,5.01
JE9-C15-055,7,12,5.01
JE9-090-065,7,12,5.01
JJ1-C26-060,7,12,5.01
JJ1-C24-040,7,12,5.01
JE9-A99-065,7,12,5.01
JE9-C15-045,7,12,5.01
JE9-C15-065,7,12,5.01
JJ1-C26-045,7,12,5.01
JJ1-C26-030,7,12,5.01
E4K-D28-030,7.87,11.81,4.53
DV5-001-050,7.87,11.81,4.53
GW7-A06-070,7.87,11.81,4.53
DV5-001-065,7.87,11.81,4.53
O96-090-050,7.87,11.81,4.53
E4H-194-045,7.87,11.81,4.53
E4I-D27-030,7.87,11.81,4.53
FB7-477-040,7.87,11.81,4.53
FB7-477-030,7.87,11.81,4.53
E2A-001-030,7.87,11.81,4.53
E2A-001-045,7.87,11.81,4.53
DV5-001-060,7.87,11.81,4.53
FB7-001-045,7.87,11.81,4.53
E2A-040-030,7.87,11.81,4.53
HY8-610-040,7.87,11.81,4.53
E1V-001-030,7.87,11.81,4.53
GW7-A06-065,7.87,11.81,4.53
GW7-A06-050,7.87,11.81,4.53
GW7-090-050,7.87,11.81,4.53
E4H-011-040,7.87,11.81,4.53
E4I-D27-045,7.87,11.81,4.53
DV5-001-055,7.87,11.81,4.53
FB7-399-030,7.87,11.81,4.53
E4H-011-035,7.87,11.81,4.53
E4H-194-035,7.87,11.81,4.53
E4H-011-045,7.87,11.81,4.53
II5-B41-050,7.87,11.81,4.53
FB8-399-045,7.87,11.81,4.53
II5-B41-065,7.87,11.81,4.53
II5-B41-070,7.87,11.81,4.53
FB7-399-040,7.87,11.81,4.53
FB7-477-045,7.87,11.81,4.53
FB8-399-040,7.87,11.81,4.53
E2A-040-045,7.87,11.81,4.53
HE5-A20-040,7.87,11.81,4.53
E4I-D27-040,7.87,11.81,4.53
HY8-610-045,7.87,11.81,4.53
E4H-011-030,7.87,11.81,4.53
E4H-194-030,7.87,11.81,4.53
DV5-001-070,7.87,11.81,4.53
E4K-D28-045,7.87,11.81,4.53
E4K-D28-040,7.87,11.81,4.53
E4H-194-040,7.87,11.81,4.53
FB8-399-030,7.87,11.81,4.53
FB7-001-030,7.87,11.81,4.53
E2A-040-040,7.87,11.81,4.53
HY8-610-030,7.87,11.81,4.53
E1V-001-040,7.87,11.81,4.53
GW7-892-050,7.87,11.81,4.53
GW7-090-065,7.87,11.81,4.53
O96-001-055,7.87,11.81,4.53
GW7-A06-060,7.87,11.81,4.53
E2A-001-040,7.87,11.81,4.53
FB7-001-040,7.87,11.81,4.53
FB7-399-045,7.87,11.81,4.53
JE5-C33-090,7.87,11.81,4.54
IV1-C17-030,7.87,11.81,4.54
JE6-C33-080,7.87,11.81,4.54
JE6-C55-080,7.87,11.81,4.54
IV1-C18-030,7.87,11.81,4.54
JE5-C55-090,7.87,11.81,4.54
IV1-B43-040,7.87,11.81,4.54
IV1-C18-040,7.87,11.81,4.54
JE6-C55-090,7.87,11.81,4.54
JE5-C55-080,7.87,11.81,4.54
IV1-B43-030,7.87,11.81,4.54
IV1-C17-040,7.87,11.81,4.54
IV1-090-040,7.87,11.81,4.54
JE6-C33-090,7.87,11.81,4.54
IV1-090-030,7.87,11.81,4.54
E7B-090-055,7.8,12,4.51
E5T-011-055,7.8,12,4.51
JM2-B93-035,7.8,12,4.51
E7B-D06-030,7.8,12,4.51
E5T-675-030,7.8,12,4.51
JM1-D05-050,7.8,12,4.51
E5T-011-045,7.8,12,4.51
E7C-C88-055,7.8,12,4.51
JM2-B93-045,7.8,12,4.51
E5T-011-050,7.8,12,4.51
E5T-675-040,7.8,12,4.51
E7B-090-030,7.8,12,4.51
JM1-D05-040,7.8,12,4.51
E7C-001-055,7.8,12,4.51
E7C-C88-040,7.8,12,4.51
E5T-675-045,7.8,12,4.51
JM1-D05-045,7.8,12,4.51
JM2-B93-030,7.8,12,4.51
JM2-B93-040,7.8,12,4.51
JM2-B93-050,7.8,12,4.51
JM2-B93-055,7.8,12,4.51
E5T-011-040,7.8,12,4.51
JM1-D05-030,7.8,12,4.51
E5T-011-030,7.8,12,4.51
E7C-C88-030,7.8,12,4.51
E7B-090-045,7.8,12,4.51
JM1-D05-055,7.8,12,4.51
E7C-001-050,7.8,12,4.51
E7C-C88-050,7.8,12,4.51
E7C-001-030,7.8,12,4.51
E7C-001-040,7.8,12,4.51
E7B-090-040,7.8,12,4.51
JM1-D05-035,7.8,12,4.51
IZ8-C14-040,8.46,11.02,4.53
IZ1-C15-040,8.46,11.02,4.53
IZ8-C14-030,8.46,11.02,4.53
IZ1-090-040,8.46,11.02,4.53
IZ8-090-030,8.46,11.02,4.53
IZ1-C15-030,8.46,11.02,4.53
IZ1-A99-040,8.46,11.02,4.53
IZ1-A99-030,8.46,11.02,4.53
IZ8-090-040,8.46,11.02,4.53
IZ1-090-030,8.46,11.02,4.53
E2M-D20-090,7.35,12.2,4.71
HO6-001-080,7.5,12.5,4.51
DR6-024-085,8.27,11.81,4.33
DR6-024-080,8.27,11.81,4.33
DR6-024-075,8.27,11.81,4.33
HY7-001-045,8.7,10.8,4.51
E4X-C91-050,8.4,11.2,4.51
E4X-C91-060,8.4,11.2,4.51
E4X-B84-050,8.4,11.2,4.51
E4X-D01-050,8.4,11.2,4.51
E4X-D01-030,8.4,11.2,4.51
E4X-C91-045,8.4,11.2,4.51
E4X-C91-055,8.4,11.2,4.51
E4X-D01-055,8.4,11.2,4.51
GK6-A89-080,8.07,12.2,4.33
GK6-090-090,8.07,12.2,4.33
M81-001-080,8.07,12.2,4.33
GK6-090-080,8.07,12.2,4.33
GG6-399-007,10,14.25,3.01
B5R-090-030,8.5,11.2,4.51
E4X-B84-055,8.5,11.2,4.51
E4X-B84-030,8.5,11.2,4.51
B5R-090-055,8.5,11.2,4.51
E4X-B84-040,8.5,11.2,4.51
E4X-B84-045,8.5,11.2,4.51
B5R-090-060,8.5,11.2,4.51
B5R-090-040,8.5,11.2,4.51
B5R-090-050,8.5,11.2,4.51
B5R-090-045,8.5,11.2,4.51
E5H-B41-080,7.5,12.7,4.51
JE6-C93-045,8.3,11.5,4.51
JE6-442-045,8.3,11.5,4.51
JE6-C93-060,8.3,11.5,4.51
JE6-442-055,8.3,11.5,4.51
JE6-442-030,8.3,11.5,4.51
JE6-C93-040,8.3,11.5,4.51
JE6-C93-050,8.3,11.5,4.51
JE6-442-040,8.3,11.5,4.51
JE6-C93-030,8.3,11.5,4.51
JE6-442-050,8.3,11.5,4.51
HM2-B15-080,7.48,12.2,4.72
JA3-011-090,7.48,12.2,4.72
JA3-011-080,7.48,12.2,4.72
JK6-C26-080,7.48,12.2,4.72
FV1-137-090,7.48,12.2,4.72
HT9-B59-090,7.48,12.2,4.72
FV1-090-080,7.48,12.2,4.72
JA3-012-090,7.48,12.2,4.72
GP8-001-090,7.48,12.2,4.72
GY1-A70-070,7.48,12.2,4.72
HG4-592-080,7.48,12.2,4.72
GY1-A70-060,7.48,12.2,4.72
HI2-B04-080,7.48,12.2,4.72
JK6-C25-090,7.48,12.2,4.72
GB3-090-090,7.48,12.2,4.72
JK6-C25-080,7.48,12.2,4.72
GB3-090-080,7.48,12.2,4.72
JK6-C24-090,7.48,12.2,4.72
HT9-B59-080,7.48,12.2,4.72
JK6-C24-080,7.48,12.2,4.72
JK6-C26-090,7.48,12.2,4.72
IC3-B69-080,7.48,12.2,4.72
IC3-B48-090,7.48,12.2,4.72
HI2-B04-090,7.48,12.2,4.72
IC3-B48-080,7.48,12.2,4.72
HM2-B15-090,7.48,12.2,4.72
HM2-B11-090,7.48,12.2,4.72
EO8-137-090,7.48,12.2,4.72
HG4-A94-090,7.48,12.2,4.72
EB1-194-080,7.48,12.2,4.72
EB1-194-090,7.48,12.2,4.72
FV1-194-090,7.48,12.2,4.72
EO8-137-080,7.48,12.2,4.72
EO8-675-080,7.48,12.2,4.72
FE8-592-080,7.48,12.2,4.72
FT9-090-090,7.48,12.2,4.72
FV1-090-090,7.48,12.2,4.72
HM2-B11-080,7.48,12.2,4.72
HG4-592-090,7.48,12.2,4.72
FT9-090-080,7.48,12.2,4.72
E2M-D20-065,7.5,12.2,4.71
E2M-D20-060,7.5,12.2,4.71
E2N-D20-065,7.5,12.2,4.71
E2N-D20-080,7.5,12.2,4.71
E2N-D20-060,7.5,12.2,4.71
E2N-D20-070,7.5,12.2,4.71
E2M-D20-080,7.5,12.2,4.71
E2N-D20-090,7.5,12.2,4.71
JB4-C31-050,7.87,11.61,4.72
JB6-090-040,7.87,11.61,4.72
EB1-675-070,7.87,11.61,4.72
JB5-B41-030,7.87,11.61,4.72
JB6-B41-050,7.87,11.61,4.72
EB1-675-055,7.87,11.61,4.72
EB1-592-050,7.87,11.61,4.72
JB6-002-050,7.87,11.61,4.72
EB1-592-065,7.87,11.61,4.72
EB1-592-060,7.87,11.61,4.72
EB1-592-055,7.87,11.61,4.72
FV3-090-080,7.87,11.61,4.72
EB1-675-065,7.87,11.61,4.72
JB6-090-050,7.87,11.61,4.72
JB4-C30-030,7.87,11.61,4.72
JB5-090-040,7.87,11.61,4.72
FV3-592-080,7.87,11.61,4.72
EB1-090-070,7.87,11.61,4.72
EB1-090-060,7.87,11.61,4.72
EB1-090-050,7.87,11.61,4.72
EB1-090-055,7.87,11.61,4.72
FV3-592-090,7.87,11.61,4.72
EB1-675-060,7.87,11.61,4.72
JB6-B41-030,7.87,11.61,4.72
JB6-090-030,7.87,11.61,4.72
JB6-002-030,7.87,11.61,4.72
JB5-B41-050,7.87,11.61,4.72
JB5-090-050,7.87,11.61,4.72
JB4-C31-030,7.87,11.61,4.72
EB1-675-050,7.87,11.61,4.72
FV3-090-090,7.87,11.61,4.72
JB5-090-030,7.87,11.61,4.72
EB1-592-070,7.87,11.61,4.72
EB1-090-065,7.87,11.61,4.72
FV3-137-090,7.87,11.61,4.72
DX7-167-045,8.66,11.02,4.53
DX7-090-040,8.66,11.02,4.53
DX7-090-045,8.66,11.02,4.53
DX7-167-040,8.66,11.02,4.53
DX7-090-030,8.66,11.02,4.53
DX7-167-030,8.66,11.02,4.53
HM6-A20-090,7.5,12,4.81
E7B-D05-055,8,12,4.51
JM2-D06-030,8,12,4.51
E7B-D06-055,8,12,4.51
E7B-001-045,8,12,4.51
E7B-001-040,8,12,4.51
JM2-D05-030,8,12,4.51
E7B-001-030,8,12,4.51
JM2-D05-055,8,12,4.51
E7B-D06-050,8,12,4.51
JM2-D06-040,8,12,4.51
E7B-D05-040,8,12,4.51
JM2-D06-045,8,12,4.51
JM2-D05-045,8,12,4.51
E7B-090-060,8,12,4.51
E7B-D05-050,8,12,4.51
E7B-D05-030,8,12,4.51
JM2-D06-055,8,12,4.51
JM2-D06-035,8,12,4.51
E7B-D06-045,8,12,4.51
E7B-D06-040,8,12,4.51
JM2-D05-050,8,12,4.51
JM2-D05-040,8,12,4.51
JM2-D06-050,8,12,4.51
JM2-D05-035,8,12,4.51
E7B-090-065,8,12,4.51
E7B-D05-045,8,12,4.51
E7B-001-050,8,12,4.51
E7B-001-055,8,12,4.51
HG3-090-070,7.38,12,4.89
HG3-A95-055,7.38,12,4.89
HG3-A95-090,7.38,12,4.89
HG3-A95-040,7.38,12,4.89
HG3-090-065,7.38,12,4.89
HG3-A95-060,7.38,12,4.89
HG3-A95-030,7.38,12,4.89
HG3-A95-050,7.38,12,4.89
HG3-A95-080,7.38,12,4.89
HG3-A95-065,7.38,12,4.89
HG3-A95-070,7.38,12,4.89
HY1-001-070,7.3,12.1,4.91
E7B-090-050,8,12,4.52
IG4-011-060,8.3,11.6,4.51
IG4-011-050,8.3,11.6,4.51
IG4-011-080,8.3,11.6,4.51
IG4-011-055,8.3,11.6,4.51
IG4-011-070,8.3,11.6,4.51
IG4-011-045,8.3,11.6,4.51
E5H-001-060,7.5,12.3,4.71
HN9-399-055,8.27,12.2,4.31
HO1-399-080,8.27,12.2,4.31
HN9-399-080,8.27,12.2,4.31
HN9-399-050,8.27,12.2,4.31
HN9-399-070,8.27,12.2,4.31
E4X-C91-030,8.4,11.5,4.51
E3I-001-090,7.28,12.2,4.92
IH5-011-090,7.28,12.2,4.92
E6T-B41-090,7.28,12.2,4.92
E3L-D20-080,7.28,12.2,4.92
GK7-592-040,7.28,12.2,4.92
HX8-288-080,7.28,12.2,4.92
HE8-A89-030,7.28,12.2,4.92
E3L-D20-090,7.28,12.2,4.92
E3J-001-090,7.28,12.2,4.92
HE8-592-040,7.28,12.2,4.92
GK7-A48-040,7.28,12.2,4.92
HE8-194-040,7.28,12.2,4.92
GK7-A48-030,7.28,12.2,4.92
IT6-090-080,7.28,12.2,4.92
E6T-B41-080,7.28,12.2,4.92
HP2-001-030,7.28,12.2,4.92
HO9-001-040,7.28,12.2,4.92
E5X-B41-080,7.28,12.2,4.92
EH4-798-070,7.28,12.2,4.92
IH5-011-080,7.28,12.2,4.92
E3I-C15-090,7.28,12.2,4.92
EH4-798-080,7.28,12.2,4.92
IH2-C89-090,7.28,12.2,4.92
HE7-001-030,7.28,12.2,4.92
HE8-A89-040,7.28,12.2,4.92
Q29-167-080,7.28,12.2,4.92
EH4-861-080,7.28,12.2,4.92
HH8-090-030,7.28,12.2,4.92
HH8-090-040,7.28,12.2,4.92
HH8-A89-040,7.28,12.2,4.92
HH8-A95-040,7.28,12.2,4.92
IH2-C89-080,7.28,12.2,4.92
HE8-167-040,7.28,12.2,4.92
IT4-001-080,7.28,12.2,4.92
E3J-011-080,7.28,12.2,4.92
GX2-886-030,7.28,12.2,4.92
HN2-A89-030,7.28,12.2,4.92
IA7-001-090,7.28,12.2,4.92
Q29-167-070,7.28,12.2,4.92
HE7-592-040,7.28,12.2,4.92
E3J-B41-090,7.28,12.2,4.92
IH4-011-080,7.28,12.2,4.92
E3I-C15-080,7.28,12.2,4.92
IH4-011-090,7.28,12.2,4.92
E3I-001-080,7.28,12.2,4.92
E3J-001-080,7.28,12.2,4.92
E6T-001-090,7.28,12.2,4.92
IA8-001-080,7.28,12.2,4.92
IT4-001-090,7.28,12.2,4.92
HE7-194-040,7.28,12.2,4.92
HE7-001-040,7.28,12.2,4.92
IA8-001-090,7.28,12.2,4.92
E3J-B41-080,7.28,12.2,4.92
EH4-861-070,7.28,12.2,4.92
HP2-001-040,7.28,12.2,4.92
HE7-194-030,7.28,12.2,4.92
E6T-001-080,7.28,12.2,4.92
HE8-167-030,7.28,12.2,4.92
HE8-001-030,7.28,12.2,4.92
HN2-A89-040,7.28,12.2,4.92
HE7-167-040,7.28,12.2,4.92
HE7-592-030,7.28,12.2,4.92
HX8-288-090,7.28,12.2,4.92
GX2-001-030,7.28,12.2,4.92
HN2-090-030,7.28,12.2,4.92
GK7-090-030,7.28,12.2,4.92
GK7-592-030,7.28,12.2,4.92
E3J-011-090,7.28,12.2,4.92
HE8-194-030,7.28,12.2,4.92
HN2-090-040,7.28,12.2,4.92
E5X-B41-090,7.28,12.2,4.93
E5X-090-090,7.28,12.2,4.93
E5X-090-080,7.28,12.2,4.93
FV6-B37-080,8.3,11.5,4.61
FV6-B37-090,8.3,11.5,4.61
FV6-B37-030,8.3,11.5,4.61
FV6-B37-060,8.3,11.5,4.61
FV6-B37-070,8.3,11.5,4.61
HX8-C20-065,7.2,12.2,5.01
HX8-C20-050,7.2,12.2,5.01
HX8-C20-040,7.2,12.2,5.01
HX8-C20-060,7.2,12.2,5.01
HX8-C20-090,7.2,12.2,5.01
HX8-C20-045,7.2,12.2,5.01
HX8-C20-055,7.2,12.2,5.01
HX8-C20-080,7.2,12.2,5.01
HX8-C20-070,7.2,12.2,5.01
HX8-C20-030,7.2,12.2,5.01
E1I-C88-055,8.5,11.5,4.51
E1G-090-055,8.5,11.5,4.51
E1I-001-060,8.5,11.5,4.51
HJ5-001-040,8.5,11.5,4.51
E1G-A99-050,8.5,11.5,4.51
E1I-C15-050,8.5,11.5,4.51
E1I-C88-030,8.5,11.5,4.51
E4R-001-040,8.5,11.5,4.51
E1G-090-040,8.5,11.5,4.51
E1G-C88-055,8.5,11.5,4.51
E1I-A99-055,8.5,11.5,4.51
E1I-C88-040,8.5,11.5,4.51
E1G-C91-030,8.5,11.5,4.51
E1G-C91-050,8.5,11.5,4.51
E1I-C15-045,8.5,11.5,4.51
E1I-001-055,8.5,11.5,4.51
E1G-C88-040,8.5,11.5,4.51
E1I-A99-040,8.5,11.5,4.51
E4R-001-050,8.5,11.5,4.51
E1G-C91-045,8.5,11.5,4.51
E1G-C88-045,8.5,11.5,4.51
E1I-A99-045,8.5,11.5,4.51
E1G-A99-055,8.5,11.5,4.51
E4R-001-035,8.5,11.5,4.51
E1I-001-030,8.5,11.5,4.51
E1G-C91-040,8.5,11.5,4.51
E1I-C15-030,8.5,11.5,4.51
E1I-A99-050,8.5,11.5,4.51
E1G-090-030,8.5,11.5,4.51
E1G-090-045,8.5,11.5,4.51
E1G-090-050,8.5,11.5,4.51
E1I-001-040,8.5,11.5,4.51
E1G-C91-055,8.5,11.5,4.51
E1I-C88-045,8.5,11.5,4.51
E1I-C15-055,8.5,11.5,4.51
E1G-C88-050,8.5,11.5,4.51
E1G-A99-045,8.5,11.5,4.51
E1G-A99-030,8.5,11.5,4.51
JE6-C93-055,8.5,11.5,4.51
E1G-A99-040,8.5,11.5,4.51
E1I-001-045,8.5,11.5,4.51
E1I-C88-050,8.5,11.5,4.51
E4R-001-045,8.5,11.5,4.51
E4R-001-030,8.5,11.5,4.51
E1G-C88-030,8.5,11.5,4.51
E1I-001-050,8.5,11.5,4.51
E1I-C15-040,8.5,11.5,4.51
JM1-D06-055,7.35,12,5.01
HE6-328-035,8.12,11.13,4.89
E4T-001-070,8.27,11.81,4.53
HY2-001-050,8.27,11.81,4.53
IM9-001-065,8.27,11.81,4.53
IM9-001-070,8.27,11.81,4.53
IM9-001-050,8.27,11.81,4.53
IM9-001-060,8.27,11.81,4.53
IF9-011-080,8.27,11.81,4.53
FZ4-442-080,8.27,11.81,4.53
ES8-090-080,8.27,11.81,4.53
E3T-D07-065,8.27,11.81,4.53
IL2-B41-060,8.27,11.81,4.53
E3T-D07-070,8.27,11.81,4.53
IL2-B41-055,8.27,11.81,4.53
E1X-926-040,8.27,11.81,4.53
IL2-B41-050,8.27,11.81,4.53
JL2-C35-060,8.27,11.81,4.53
IK7-011-080,8.27,11.81,4.53
GS2-011-055,8.27,11.81,4.53
I88-011-080,8.27,11.81,4.53
EK1-090-090,8.27,11.81,4.53
EK1-090-080,8.27,11.81,4.53
I88-817-045,8.27,11.81,4.53
I88-817-055,8.27,11.81,4.53
I88-A15-090,8.27,11.81,4.53
EJ8-012-090,8.27,11.81,4.53
JM1-056-080,8.27,11.81,4.53
JL5-090-060,8.27,11.81,4.53
H84-090-080,8.27,11.81,4.53
I88-C88-060,8.27,11.81,4.53
I88-A15-080,8.27,11.81,4.53
FR1-399-030,8.27,11.81,4.53
EJ9-090-080,8.27,11.81,4.53
FV6-C88-090,8.27,11.81,4.53
Q68-644-050,8.27,11.81,4.53
FB7-A93-065,8.27,11.81,4.53
Q68-001-065,8.27,11.81,4.53
Q68-001-060,8.27,11.81,4.53
FQ1-090-050,8.27,11.81,4.53
R49-011-090,8.27,11.81,4.53
HR1-675-080,8.27,11.81,4.53
EJ8-011-080,8.27,11.81,4.53
EJ8-011-090,8.27,11.81,4.53
HN9-001-080,8.27,11.81,4.53
I88-817-050,8.27,11.81,4.53
DZ2-861-065,8.27,11.81,4.53
I88-B41-090,8.27,11.81,4.53
X03-323-060,8.27,11.81,4.53
IK7-675-080,8.27,11.81,4.53
FV8-090-050,8.27,11.81,4.53
IA3-C02-045,8.27,11.81,4.53
E3T-D07-055,8.27,11.81,4.53
JL2-090-070,8.27,11.81,4.53
JL2-090-060,8.27,11.81,4.53
HY3-001-055,8.27,11.81,4.53
E3T-D07-050,8.27,11.81,4.53
E4T-011-070,8.27,11.81,4.53
GK5-090-040,8.27,11.81,4.53
E4T-194-055,8.27,11.81,4.53
E4T-194-070,8.27,11.81,4.53
E1Z-B44-040,8.27,11.81,4.53
E1Z-B44-055,8.27,11.81,4.53
FZ8-A94-070,8.27,11.81,4.53
I88-C89-050,8.27,11.81,4.53
I88-B37-090,8.27,11.81,4.53
IC8-001-045,8.27,11.81,4.53
E3T-D07-060,8.27,11.81,4.53
ED4-090-050,8.27,11.81,4.53
E22-D24-045,8.27,11.81,4.53
E4T-090-055,8.27,11.81,4.53
E21-194-045,8.27,11.81,4.53
E5B-194-055,8.27,11.81,4.53
ET3-399-070,8.27,11.81,4.53
E5B-194-065,8.27,11.81,4.53
E5E-194-030,8.27,11.81,4.53
EJ8-C97-080,8.27,11.81,4.53
IA3-646-045,8.27,11.81,4.53
E1Z-B44-030,8.27,11.81,4.53
IA3-B95-040,8.27,11.81,4.53
IA3-C02-040,8.27,11.81,4.53
FB7-090-055,8.27,11.81,4.53
H84-A33-090,8.27,11.81,4.53
HN9-001-090,8.27,11.81,4.53
FR1-001-035,8.27,11.81,4.53
E4T-090-060,8.27,11.81,4.53
H84-A48-090,8.27,11.81,4.53
GK5-090-030,8.27,11.81,4.53
E21-194-040,8.27,11.81,4.53
E5B-194-050,8.27,11.81,4.53
E4F-D26-060,8.27,11.81,4.53
E6I-D24-055,8.27,11.81,4.53
FH3-090-030,8.27,11.81,4.53
E1X-926-030,8.27,11.81,4.53
ET3-339-055,8.27,11.81,4.53
ET3-339-065,8.27,11.81,4.53
HY2-001-070,8.27,11.81,4.53
N64-001-070,8.27,11.81,4.53
E3T-001-060,8.27,11.81,4.53
ET3-339-070,8.27,11.81,4.53
ET3-339-060,8.27,11.81,4.53
E21-001-045,8.27,11.81,4.53
GK5-090-035,8.27,11.81,4.53
FQ1-090-060,8.27,11.81,4.53
FQ1-090-065,8.27,11.81,4.53
IV7-C16-030,8.27,11.81,4.53
K04-001-090,8.27,11.81,4.53
I88-592-090,8.27,11.81,4.53
E6A-001-070,8.27,11.81,4.53
E6A-001-050,8.27,11.81,4.53
E5B-194-060,8.27,11.81,4.53
FB7-090-060,8.27,11.81,4.53
FB7-090-065,8.27,11.81,4.53
FZ4-442-090,8.27,11.81,4.53
E1X-D21-030,8.27,11.81,4.53
IV7-C69-030,8.27,11.81,4.53
ED4-675-090,8.27,11.81,4.53
E1X-926-035,8.27,11.81,4.53
I88-323-090,8.27,11.81,4.53
IJ7-A20-050,8.27,11.81,4.53
R49-011-080,8.27,11.81,4.53
Q68-731-050,8.27,11.81,4.53
GA3-011-050,8.27,11.81,4.53
E21-001-035,8.27,11.81,4.53
HY3-001-065,8.27,11.81,4.53
IC8-001-040,8.27,11.81,4.53
FB7-960-065,8.27,11.81,4.53
E4T-090-065,8.27,11.81,4.53
ET9-399-070,8.27,11.81,4.53
JL5-675-055,8.27,11.81,4.53
ET3-399-060,8.27,11.81,4.53
ET9-399-060,8.27,11.81,4.53
ET9-399-050,8.27,11.81,4.53
FR1-194-030,8.27,11.81,4.53
FR1-194-040,8.27,11.81,4.53
E1Z-B44-060,8.27,11.81,4.53
E1X-090-030,8.27,11.81,4.53
ET3-399-055,8.27,11.81,4.53
E6A-C91-050,8.27,11.81,4.53
I88-024-080,8.27,11.81,4.53
R49-001-090,8.27,11.81,4.53
IF9-011-090,8.27,11.81,4.53
E4F-D26-065,8.27,11.81,4.53
E3U-B41-065,8.27,11.81,4.53
HH3-B52-090,8.27,11.81,4.53
E1X-926-045,8.27,11.81,4.53
IY4-A09-045,8.27,11.81,4.53
FV8-323-065,8.27,11.81,4.53
FV8-323-050,8.27,11.81,4.53
H84-A31-080,8.27,11.81,4.53
Q68-731-060,8.27,11.81,4.53
HR1-675-090,8.27,11.81,4.53
I88-C88-055,8.27,11.81,4.53
GK5-A06-030,8.27,11.81,4.53
ES8-323-090,8.27,11.81,4.53
FV8-011-050,8.27,11.81,4.53
EK1-323-090,8.27,11.81,4.53
HU7-194-090,8.27,11.81,4.53
JM2-090-090,8.27,11.81,4.53
E4T-090-050,8.27,11.81,4.53
EJ8-A94-080,8.27,11.81,4.53
ED4-090-070,8.27,11.81,4.53
E4T-001-060,8.27,11.81,4.53
Q68-001-070,8.27,11.81,4.53
FZ8-090-060,8.27,11.81,4.53
EJ8-C89-080,8.27,11.81,4.53
FZ8-090-050,8.27,11.81,4.53
FR1-399-040,8.27,11.81,4.53
I88-054-060,8.27,11.81,4.53
JF3-090-070,8.27,11.81,4.53
E5E-194-040,8.27,11.81,4.53
E5E-194-045,8.27,11.81,4.53
E2D-A69-040,8.27,11.81,4.53
E5E-194-035,8.27,11.81,4.53
E1Z-B44-035,8.27,11.81,4.53
E21-194-035,8.27,11.81,4.53
DZ2-861-050,8.27,11.81,4.53
DX4-002-080,8.27,11.81,4.53
JF3-B41-070,8.27,11.81,4.53
I88-592-080,8.27,11.81,4.53
IV7-C16-050,8.27,11.81,4.53
JL2-090-050,8.27,11.81,4.53
IV7-194-040,8.27,11.81,4.53
E4F-D26-070,8.27,11.81,4.53
FV6-194-080,8.27,11.81,4.53
JM2-056-080,8.27,11.81,4.53
E4T-011-050,8.27,11.81,4.53
E4T-090-070,8.27,11.81,4.53
ET9-011-070,8.27,11.81,4.53
JL9-B48-080,8.27,11.81,4.53
ES8-090-090,8.27,11.81,4.53
Q68-731-070,8.27,11.81,4.53
JM1-C70-090,8.27,11.81,4.53
JM1-A99-090,8.27,11.81,4.53
K26-054-090,8.27,11.81,4.53
K03-001-080,8.27,11.81,4.53
ET9-011-050,8.27,11.81,4.53
IV7-C16-040,8.27,11.81,4.53
HO7-399-030,8.27,11.81,4.53
HO7-A94-040,8.27,11.81,4.53
JL2-399-050,8.27,11.81,4.53
JL2-399-060,8.27,11.81,4.53
EL8-194-055,8.27,11.81,4.53
GL9-090-040,8.27,11.81,4.53
JL2-399-070,8.27,11.81,4.53
JL5-090-050,8.27,11.81,4.53
JL5-090-055,8.27,11.81,4.53
JL5-090-065,8.27,11.81,4.53
JL5-090-070,8.27,11.81,4.53
JL5-675-050,8.27,11.81,4.53
JL5-675-060,8.27,11.81,4.53
JL5-675-065,8.27,11.81,4.53
ET9-090-050,8.27,11.81,4.53
JL5-675-070,8.27,11.81,4.53
IV7-C16-045,8.27,11.81,4.53
JL2-011-070,8.27,11.81,4.53
FV8-592-060,8.27,11.81,4.53
JM1-C70-080,8.27,11.81,4.53
EL8-194-070,8.27,11.81,4.53
JL2-090-055,8.27,11.81,4.53
JL2-090-065,8.27,11.81,4.53
E1X-090-035,8.27,11.81,4.53
EU4-090-090,8.27,11.81,4.53
IV7-C69-045,8.27,11.81,4.53
JL9-C70-090,8.27,11.81,4.53
E5B-090-070,8.27,11.81,4.53
IV7-194-035,8.27,11.81,4.53
E1Z-B44-045,8.27,11.81,4.53
E1Z-B44-050,8.27,11.81,4.53
E1Z-B44-065,8.27,11.81,4.53
IV7-C69-035,8.27,11.81,4.53
ET9-011-060,8.27,11.81,4.53
GS2-011-050,8.27,11.81,4.53
IV7-C16-035,8.27,11.81,4.53
FB2-090-080,8.27,11.81,4.53
E3T-001-055,8.27,11.81,4.53
IV7-C69-040,8.27,11.81,4.53
E3U-B41-070,8.27,11.81,4.53
HH3-B70-080,8.27,11.81,4.53
HY3-001-070,8.27,11.81,4.53
E4F-D26-050,8.27,11.81,4.53
IC8-001-030,8.27,11.81,4.53
E3U-B41-060,8.27,11.81,4.53
E1X-D21-040,8.27,11.81,4.53
HN9-A20-090,8.27,11.81,4.53
E1X-D21-035,8.27,11.81,4.53
E3U-B41-055,8.27,11.81,4.53
FV6-C88-080,8.27,11.81,4.53
E3U-B41-050,8.27,11.81,4.53
E3T-001-070,8.27,11.81,4.53
E3T-001-065,8.27,11.81,4.53
IV7-194-050,8.27,11.81,4.53
EJ8-C89-090,8.27,11.81,4.53
E3P-090-070,8.27,11.81,4.53
GY2-442-080,8.27,11.81,4.53
IJ7-A20-055,8.27,11.81,4.53
EJ9-A94-080,8.27,11.81,4.53
H84-442-080,8.27,11.81,4.53
X03-339-090,8.27,11.81,4.53
I88-024-090,8.27,11.81,4.53
E5E-090-035,8.27,11.81,4.53
E5E-090-040,8.27,11.81,4.53
I88-323-080,8.27,11.81,4.53
E5E-090-045,8.27,11.81,4.53
E1Z-B44-070,8.27,11.81,4.53
JF3-B41-065,8.27,11.81,4.53
ES8-323-080,8.27,11.81,4.53
ET9-090-065,8.27,11.81,4.53
DO1-675-080,8.27,11.81,4.53
X03-323-050,8.27,11.81,4.53
I88-C88-045,8.27,11.81,4.53
E4T-194-060,8.27,11.81,4.53
HH3-B52-080,8.27,11.81,4.53
N64-001-050,8.27,11.81,4.53
GL9-090-030,8.27,11.81,4.53
E3P-090-065,8.27,11.81,4.53
IJ7-A20-070,8.27,11.81,4.53
E4T-011-055,8.27,11.81,4.53
E4T-011-060,8.27,11.81,4.53
ET7-675-060,8.27,11.81,4.53
IY4-A09-050,8.27,11.81,4.53
E4T-011-065,8.27,11.81,4.53
E3P-090-055,8.27,11.81,4.53
N64-001-060,8.27,11.81,4.53
E3P-090-050,8.27,11.81,4.53
E4T-194-050,8.27,11.81,4.53
H84-090-090,8.27,11.81,4.53
IM9-001-055,8.27,11.81,4.53
E22-D24-040,8.27,11.81,4.53
K26-054-080,8.27,11.81,4.53
FV8-090-065,8.27,11.81,4.53
FV6-011-060,8.27,11.81,4.53
E5B-090-065,8.27,11.81,4.53
N64-001-055,8.27,11.81,4.53
FQ1-A57-070,8.27,11.81,4.53
GK8-886-070,8.27,11.81,4.53
X03-B38-070,8.27,11.81,4.53
GL9-751-050,8.27,11.81,4.53
GL9-751-065,8.27,11.81,4.53
X03-399-090,8.27,11.81,4.53
GL9-751-070,8.27,11.81,4.53
GM7-886-045,8.27,11.81,4.53
GO8-090-060,8.27,11.81,4.53
GO8-090-070,8.27,11.81,4.53
GO8-886-050,8.27,11.81,4.53
GO8-A69-050,8.27,11.81,4.53
GO8-A69-070,8.27,11.81,4.53
HY2-001-065,8.27,11.81,4.53
E4F-D26-055,8.27,11.81,4.53
IL2-B41-070,8.27,11.81,4.53
HK3-A92-045,8.27,11.81,4.53
I88-001-090,8.27,11.81,4.53
IJ7-A20-065,8.27,11.81,4.53
GA3-323-050,8.27,11.81,4.53
IJ7-A20-060,8.27,11.81,4.53
FV8-592-065,8.27,11.81,4.53
ES8-592-080,8.27,11.81,4.53
FR1-194-045,8.27,11.81,4.53
FJ4-090-080,8.27,11.81,4.53
EU4-090-080,8.27,11.81,4.53
IV7-C69-050,8.27,11.81,4.53
JM1-A99-080,8.27,11.81,4.53
ET9-090-070,8.27,11.81,4.53
ET9-090-060,8.27,11.81,4.53
ET9-090-055,8.27,11.81,4.53
Q68-644-060,8.27,11.81,4.53
ET9-011-065,8.27,11.81,4.53
ET9-011-055,8.27,11.81,4.53
Q68-644-065,8.27,11.81,4.53
R49-399-090,8.27,11.81,4.53
ET3-399-065,8.27,11.81,4.53
X03-399-080,8.27,11.81,4.53
FR1-194-035,8.27,11.81,4.53
I88-011-090,8.27,11.81,4.53
FB7-090-050,8.27,11.81,4.53
GK5-090-045,8.27,11.81,4.53
FV6-323-065,8.27,11.81,4.53
E1X-090-040,8.27,11.81,4.53
FV6-323-070,8.27,11.81,4.53
HY2-001-060,8.27,11.81,4.53
E5B-090-060,8.27,11.81,4.53
FQ1-090-070,8.27,11.81,4.53
HY3-001-060,8.27,11.81,4.53
IG2-011-090,8.27,11.81,4.53
I88-B41-080,8.27,11.81,4.53
EJ8-C97-090,8.27,11.81,4.53
I88-675-080,8.27,11.81,4.53
GY2-231-080,8.27,11.81,4.53
GY2-231-090,8.27,11.81,4.53
GY2-572-080,8.27,11.81,4.53
GK5-A06-045,8.27,11.81,4.53
E1X-D21-045,8.27,11.81,4.53
HY3-001-050,8.27,11.81,4.53
JL2-C35-070,8.27,11.81,4.53
GS2-011-060,8.27,11.81,4.53
HO1-001-080,8.27,11.81,4.53
GS2-011-065,8.27,11.81,4.53
E4T-001-055,8.27,11.81,4.53
GS2-011-070,8.27,11.81,4.53
JF3-B41-060,8.27,11.81,4.53
FR1-090-040,8.27,11.81,4.53
E5B-090-055,8.27,11.81,4.53
GX8-090-070,8.27,11.81,4.53
K04-001-080,8.27,11.81,4.53
E5E-090-030,8.27,11.81,4.53
FR1-399-045,8.27,11.81,4.53
FV8-090-060,8.27,11.81,4.53
FV8-090-070,8.27,11.81,4.53
FV8-592-050,8.27,11.81,4.53
GX5-231-090,8.27,11.81,4.53
HU7-194-080,8.27,11.81,4.53
GX5-886-080,8.27,11.81,4.53
E2D-A69-030,8.27,11.81,4.53
K03-001-090,8.27,11.81,4.53
HN9-B37-080,8.27,11.81,4.53
IG2-011-080,8.27,11.81,4.53
HN9-B37-090,8.27,11.81,4.53
X03-339-080,8.27,11.81,4.53
E5B-090-050,8.27,11.81,4.53
IC8-535-030,8.27,11.81,4.53
GX5-886-090,8.27,11.81,4.53
GX8-090-050,8.27,11.81,4.53
I88-817-060,8.27,11.81,4.53
R49-001-080,8.27,11.81,4.53
GA1-011-050,8.27,11.81,4.53
H84-A25-080,8.27,11.81,4.53
I88-675-090,8.27,11.81,4.53
FZ8-B09-070,8.27,11.81,4.53
E6I-D24-050,8.27,11.81,4.53
E21-194-030,8.27,11.81,4.53
E5B-194-070,8.27,11.81,4.53
HI7-B06-090,8.27,11.81,4.53
FQ1-A57-060,8.27,11.81,4.53
I88-925-050,8.27,11.81,4.53
EJ8-012-080,8.27,11.81,4.53
ES8-194-090,8.27,11.81,4.53
GK5-646-035,8.27,11.81,4.53
E22-D24-030,8.27,11.81,4.53
EJ8-A94-090,8.27,11.81,4.53
Z64-399-090,8.27,11.81,4.53
I88-817-065,8.27,11.81,4.53
FQ1-A57-050,8.27,11.81,4.53
FQ1-A20-065,8.27,11.81,4.53
H84-A36-080,8.27,11.81,4.53
E4T-001-050,8.27,11.81,4.53
X22-399-070,8.27,11.81,4.53
FH3-090-040,8.27,11.81,4.53
X22-399-060,8.27,11.81,4.53
GX5-231-080,8.27,11.81,4.53
FV6-323-050,8.27,11.81,4.53
FV6-323-060,8.27,11.81,4.53
HK3-A92-030,8.27,11.81,4.53
JF3-090-050,8.27,11.81,4.53
FV8-011-060,8.27,11.81,4.53
FV8-011-065,8.27,11.81,4.53
E4T-194-065,8.27,11.81,4.53
FV8-323-060,8.27,11.81,4.53
E21-001-030,8.27,11.81,4.53
FV8-323-070,8.27,11.81,4.53
E1X-090-045,8.27,11.81,4.53
IV7-194-045,8.27,11.81,4.53
JM2-090-080,8.27,11.81,4.53
JL2-C35-050,8.27,11.81,4.53
JF3-090-065,8.27,11.81,4.53
HY2-001-055,8.27,11.81,4.53
Q68-731-065,8.27,11.81,4.53
Q68-644-070,8.27,11.81,4.53
Q68-001-050,8.27,11.81,4.53
X22-399-050,8.27,11.81,4.53
FZ8-090-070,8.27,11.81,4.53
JF3-090-060,8.27,11.81,4.53
X22-399-065,8.27,11.81,4.53
FR1-001-030,8.27,11.81,4.53
EU3-675-070,8.27,11.81,4.53
FQ1-090-055,8.27,11.81,4.53
E4T-001-065,8.27,11.81,4.53
H84-A48-080,8.27,11.81,4.53
HK5-001-090,8.27,11.81,4.53
GY2-442-090,8.27,11.81,4.53
HO7-399-040,8.27,11.81,4.53
FZ8-323-050,8.27,11.81,4.53
I88-A68-090,8.27,11.81,4.53
HO7-A94-030,8.27,11.81,4.53
HO7-A94-045,8.27,11.81,4.53
JL9-C70-080,8.27,11.81,4.53
I88-C88-050,8.27,11.81,4.53
FR1-001-045,8.27,11.81,4.53
ES8-194-080,8.27,11.81,4.53
H84-A36-090,8.27,11.81,4.53
I88-C88-065,8.27,11.81,4.53
FB7-090-070,8.27,11.81,4.53
EJ9-A94-090,8.27,11.81,4.53
EU3-675-050,8.27,11.81,4.53
GK5-A06-040,8.27,11.81,4.53
FH3-090-045,8.27,11.81,4.53
ES8-592-090,8.27,11.81,4.53
FV8-011-070,8.27,11.81,4.53
X03-323-070,8.27,11.81,4.53
GA1-011-060,8.27,11.81,4.53
FJ4-090-090,8.27,11.81,4.53
GA1-090-050,8.27,11.81,4.53
GA3-675-050,8.27,11.81,4.53
I88-001-080,8.27,11.81,4.53
FJ6-090-050,8.27,11.81,4.53
HO1-001-090,8.27,11.81,4.53
E21-001-040,8.27,11.81,4.53
HI7-B06-080,8.27,11.81,4.53
GC1-A32-080,8.27,11.81,4.53
H84-A31-090,8.27,11.81,4.53
GB5-090-080,8.27,11.81,4.53
GC1-090-080,8.27,11.81,4.53
GC1-A41-080,8.27,11.81,4.53
E3T-001-050,8.27,11.81,4.53
E2D-A69-035,8.27,11.81,4.53
JL9-A99-080,8.27,11.81,4.54
JG8-C68-070,8.27,11.81,4.54
GS2-616-070,8.27,11.81,4.54
GS2-616-060,8.27,11.81,4.54
JG8-C68-050,8.27,11.81,4.54
JG8-C68-055,8.27,11.81,4.54
JL9-090-090,8.27,11.81,4.54
JL9-090-080,8.27,11.81,4.54
JG8-C68-065,8.27,11.81,4.54
GS2-616-055,8.27,11.81,4.54
JM1-090-090,8.27,11.81,4.54
JG8-C68-060,8.27,11.81,4.54
JM2-001-090,8.27,11.81,4.54
GS2-616-050,8.27,11.81,4.54
JL9-A99-090,8.27,11.81,4.54
JL9-001-080,8.27,11.81,4.54
JM1-001-090,8.27,11.81,4.54
JL9-001-090,8.27,11.81,4.54
JM1-194-080,8.27,11.81,4.54
JM2-A99-090,8.27,11.81,4.54
JM2-001-080,8.27,11.81,4.54
GS2-616-065,8.27,11.81,4.54
JM2-A99-080,8.27,11.81,4.54
JM1-001-080,8.27,11.81,4.54
JM1-194-090,8.27,11.81,4.54
JG8-B41-070,8.27,11.81,4.54
JG8-B41-060,8.27,11.81,4.54
JM1-090-080,8.27,11.81,4.54
II3-011-060,7.38,12,5.01
II3-011-040,7.38,12,5.01
II3-011-080,7.38,12,5.01
HX9-B41-045,7.38,12,5.01
HX9-B41-055,7.38,12,5.01
HX9-B41-070,7.38,12,5.01
HX9-B41-080,7.38,12,5.01
II3-011-030,7.38,12,5.01
II3-011-090,7.38,12,5.01
II3-011-045,7.38,12,5.01
HX9-001-070,7.38,12,5.01
HX9-001-055,7.38,12,5.01
II3-011-070,7.38,12,5.01
II3-011-055,7.38,12,5.01
II3-011-050,7.38,12,5.01
HX9-001-060,7.38,12,5.01
HX9-001-065,7.38,12,5.01
HX9-001-050,7.38,12,5.01
HX9-001-040,7.38,12,5.01
HX9-001-045,7.38,12,5.01
HX9-001-090,7.38,12,5.01
HX9-B41-040,7.38,12,5.01
HX9-001-030,7.38,12,5.01
HX9-001-080,7.38,12,5.01
JK3-090-040,8.2,11.5,4.71
IG4-B38-070,8.2,11.5,4.71
JG8-B41-050,8.27,11.81,4.55
HJ5-001-060,8.5,11.6,4.51
HJ7-001-065,8.5,11.6,4.51
IA2-194-050,8.4,11.5,4.61
IA2-194-040,8.4,11.5,4.61
E3D-090-070,7.3,12.2,5.01
E3D-D07-070,7.3,12.2,5.01
E3E-001-090,7.3,12.2,5.01
E3D-D07-090,7.3,12.2,5.01
E3D-090-090,7.3,12.2,5.01
E3E-A99-090,7.3,12.2,5.01
E3D-D07-080,7.3,12.2,5.01
E3E-A99-060,7.3,12.2,5.01
E3D-090-065,7.3,12.2,5.01
HE5-B20-045,8.23,11.28,4.81
E6N-D19-050,7.5,12.4,4.81
E6N-D20-055,7.5,12.4,4.81
E6N-D19-030,7.5,12.4,4.81
E6N-D20-030,7.5,12.4,4.81
E6N-D19-045,7.5,12.4,4.81
E6N-D20-045,7.5,12.4,4.81
E6N-D19-040,7.5,12.4,4.81
E6N-D20-050,7.5,12.4,4.81
E6N-D20-040,7.5,12.4,4.81
E6N-D19-055,7.5,12.4,4.81
HE6-B23-030,8.12,11.88,4.64
HE6-B23-040,8.12,11.88,4.64
HE6-328-065,8.12,11.88,4.64
HE6-B23-035,8.12,11.88,4.64
HE6-B23-065,8.12,11.88,4.64
HE6-B23-045,8.12,11.88,4.64
HJ6-011-065,8.5,11.7,4.51
HK8-011-065,8.5,11.7,4.51
HK8-011-030,8.5,11.7,4.51
HU4-B28-070,8.5,11.7,4.51
HE5-B21-045,8.5,11.7,4.51
HU4-313-060,8.5,11.7,4.51
HU5-B28-045,8.5,11.7,4.51
E5H-288-080,7.5,12.7,4.71
E5H-288-090,7.5,12.7,4.71
E5H-001-070,7.5,12.7,4.71
E5H-001-090,7.5,12.7,4.71
E5H-001-065,7.5,12.7,4.71
E5H-288-060,7.5,12.7,4.71
E5H-288-070,7.5,12.7,4.71
E5H-B41-060,7.5,12.7,4.71
E5H-288-065,7.5,12.7,4.71
E5H-B41-090,7.5,12.7,4.71
E5H-001-080,7.5,12.7,4.71
E5H-B41-065,7.5,12.7,4.71
E5H-B41-070,7.5,12.7,4.71
E6V-B41-030,8.4,11.6,4.61
E6V-B41-040,8.4,11.6,4.61
E6V-090-030,8.4,11.6,4.61
E6V-B41-050,8.4,11.6,4.61
E6V-090-050,8.4,11.6,4.61
E6V-090-040,8.4,11.6,4.61
FH5-090-070,8.07,11.81,4.72
GB5-A89-065,8.87,11.2,4.53
JM1-B93-030,7.5,12,5.01
HX8-A99-090,7.5,12,5.01
HX9-A99-090,7.5,12,5.01
JM1-B93-035,7.5,12,5.01
HX9-A99-030,7.5,12,5.01
HX9-A99-060,7.5,12,5.01
HX9-A99-045,7.5,12,5.01
HX8-A99-030,7.5,12,5.01
JM1-B93-045,7.5,12,5.01
HX9-A99-070,7.5,12,5.01
HX9-A99-050,7.5,12,5.01
E7X-D32-080,7.5,12,5.01
HX9-A99-080,7.5,12,5.01
HX9-A99-065,7.5,12,5.01
JM1-D06-050,7.5,12,5.01
HX8-A99-080,7.5,12,5.01
JM1-D06-035,7.5,12,5.01
HX8-A99-070,7.5,12,5.01
HX8-A99-050,7.5,12,5.01
HX9-A99-055,7.5,12,5.01
JM1-B93-050,7.5,12,5.01
JM1-B93-055,7.5,12,5.01
JM1-D06-040,7.5,12,5.01
JM1-B93-040,7.5,12,5.01
HX8-A99-065,7.5,12,5.01
HX9-A99-040,7.5,12,5.01
JM1-D06-030,7.5,12,5.01
HX8-A99-060,7.5,12,5.01
JM1-D06-045,7.5,12,5.01
O54-592-060,9.25,11.81,4.13
O54-592-070,9.25,11.81,4.13
O54-592-065,9.25,11.81,4.13
O54-001-060,9.25,11.81,4.13
O54-592-055,9.25,11.81,4.13
O54-644-060,9.25,11.81,4.13
O54-592-050,9.25,11.81,4.13
FK7-592-070,8.35,12,4.51
HS9-323-060,7.9,11.9,4.81
JG6-194-050,9.25,11.81,4.14
JG6-001-050,9.25,11.81,4.14
JG6-001-040,9.25,11.81,4.14
JG6-001-045,9.25,11.81,4.14
JG6-194-030,9.25,11.81,4.14
JG6-194-040,9.25,11.81,4.14
JG6-001-030,9.25,11.81,4.14
JG6-194-045,9.25,11.81,4.14
IB2-535-080,7.4,12.2,5.01
IB2-535-060,7.4,12.2,5.01
IB2-090-060,7.4,12.2,5.01
IB2-090-050,7.4,12.2,5.01
IB2-090-080,7.4,12.2,5.01
IB2-090-090,7.4,12.2,5.01
IB2-090-070,7.4,12.2,5.01
IB2-535-040,7.4,12.2,5.01
IB2-535-070,7.4,12.2,5.01
HJ6-011-090,8.5,11.8,4.51
HK8-011-050,8.5,11.8,4.51
HJ6-011-050,8.5,11.8,4.51
HJ6-011-070,8.5,11.8,4.51
FK9-592-050,8.38,12,4.51
GB5-A89-060,8.86,11.3,4.53
E6J-C98-050,9,11.2,4.51
E6J-C98-045,9,11.2,4.51
E6J-565-030,9,11.2,4.51
B1A-001-060,9,11.2,4.51
E6J-C91-050,9,11.2,4.51
B1A-288-060,9,11.2,4.51
B1A-288-050,9,11.2,4.51
E6J-565-050,9,11.2,4.51
B1A-001-050,9,11.2,4.51
B1A-288-040,9,11.2,4.51
E6J-C98-040,9,11.2,4.51
E6J-C98-055,9,11.2,4.51
E6J-565-040,9,11.2,4.51
B1A-001-040,9,11.2,4.51
E6J-C91-030,9,11.2,4.51
E6J-C98-030,9,11.2,4.51
E6J-C91-040,9,11.2,4.51
E6J-565-045,9,11.2,4.51
B1A-288-030,9,11.2,4.51
E6J-C91-045,9,11.2,4.51
B1A-001-030,9,11.2,4.51
E6J-565-055,9,11.2,4.51
E6J-C91-055,9,11.2,4.51
B1H-001-040,8.4,12,4.51
B1J-001-050,8.4,12,4.51
B1J-001-040,8.4,12,4.51
B1K-001-040,8.4,12,4.51
B1J-592-030,8.4,12,4.51
B1H-592-040,8.4,12,4.51
B1K-D18-040,8.4,12,4.51
B1K-001-030,8.4,12,4.51
B1H-001-060,8.4,12,4.51
B1H-592-050,8.4,12,4.51
B1K-D18-050,8.4,12,4.51
B1H-001-030,8.4,12,4.51
B1H-001-050,8.4,12,4.51
B1J-592-040,8.4,12,4.51
B1J-592-060,8.4,12,4.51
B1K-001-060,8.4,12,4.51
B1J-001-060,8.4,12,4.51
B1K-001-050,8.4,12,4.51
B1J-592-050,8.4,12,4.51
B1J-001-030,8.4,12,4.51
B1H-592-060,8.4,12,4.51
B1K-D18-030,8.4,12,4.51
B1H-592-030,8.4,12,4.51
HY7-001-050,8.4,11.5,4.71
HY7-001-090,8.4,11.5,4.71
HY7-B41-070,8.4,11.5,4.71
C30-090-090,8.66,11.61,4.53
X22-194-090,8.66,11.61,4.53
O96-399-080,8.66,11.61,4.53
X22-011-070,8.66,11.61,4.53
X22-001-090,8.66,11.61,4.53
X22-011-080,8.66,11.61,4.53
CM3-194-090,8.66,11.61,4.53
X22-194-080,8.66,11.61,4.53
X22-090-070,8.66,11.61,4.53
CM3-826-080,8.66,11.61,4.53
O96-031-080,8.66,11.61,4.53
X22-001-070,8.66,11.61,4.53
X22-001-080,8.66,11.61,4.53
X22-011-090,8.66,11.61,4.53
O96-031-090,8.66,11.61,4.53
X22-090-090,8.66,11.61,4.53
X22-194-070,8.66,11.61,4.53
X22-090-080,8.66,11.61,4.53
EM1-B77-030,8.1,12.2,4.61
HL3-B10-060,7.5,12.06,5.05
II6-B41-080,7.1,12.6,5.11
FG3-167-050,8.45,12,4.51
HF4-C88-050,8.4,11.56,4.71
HJ6-011-080,8.6,11.8,4.51
JJ1-C24-090,7.5,12.2,5.01
JJ1-C24-080,7.5,12.2,5.01
HX9-040-070,7.5,12.2,5.01
JJ1-C26-065,7.5,12.2,5.01
IT4-B41-060,7.5,12.2,5.01
HX9-040-090,7.5,12.2,5.01
IT4-B41-065,7.5,12.2,5.01
HX9-040-065,7.5,12.2,5.01
JJ1-C24-070,7.5,12.2,5.01
HX9-040-080,7.5,12.2,5.01
HX9-040-060,7.5,12.2,5.01
JJ1-C26-080,7.5,12.2,5.01
IU1-C90-045,9,11.3,4.51
HJ5-B58-040,9,11.3,4.51
IU1-C90-030,9,11.3,4.51
IU1-D01-040,9,11.3,4.51
JE7-090-040,9,11.3,4.51
IU1-C90-050,9,11.3,4.51
HJ7-B58-045,9,11.3,4.51
IU1-C90-040,9,11.3,4.51
JE7-090-055,9,11.3,4.51
IU1-D01-055,9,11.3,4.51
IU1-D01-045,9,11.3,4.51
HJ5-B58-050,9,11.3,4.51
IU1-D01-030,9,11.3,4.51
JE7-A99-060,9,11.3,4.51
JE7-090-065,9,11.3,4.51
JE7-A99-065,9,11.3,4.51
HJ7-B58-040,9,11.3,4.51
HJ5-B58-045,9,11.3,4.51
HJ7-B58-050,9,11.3,4.51
HJ5-B58-030,9,11.3,4.51
JE7-A99-050,9,11.3,4.51
IU1-D01-050,9,11.3,4.51
JE1-442-050,9,11.3,4.51
JE7-090-050,9,11.3,4.51
JE7-090-060,9,11.3,4.51
JE7-090-030,9,11.3,4.51
JE7-A99-055,9,11.3,4.51
IU1-C90-055,9,11.3,4.51
HF4-040-050,8.4,11.6,4.71
HF4-C88-060,8.4,11.6,4.71
HE6-328-045,8.35,12.2,4.51
HE5-001-045,8.4,12.13,4.51
B1K-D18-060,8.4,12,4.56
HE6-328-030,8.5,12,4.51
HE5-001-030,8.5,12,4.51
IZ9-C50-030,9.06,11.22,4.53
HG6-011-060,8.27,11.81,4.72
HG6-675-070,8.27,11.81,4.72
HV2-675-070,8.27,11.81,4.72
FW3-A21-070,8.27,11.81,4.72
FW6-477-060,8.27,11.81,4.72
HF5-001-050,8.27,11.81,4.72
HV1-B36-050,8.27,11.81,4.72
IF6-076-030,8.27,11.81,4.72
HV2-675-060,8.27,11.81,4.72
E2A-040-065,8.27,11.81,4.72
HF4-C14-070,8.27,11.81,4.72
HV1-B36-060,8.27,11.81,4.72
HV1-001-065,8.27,11.81,4.72
GJ5-A20-060,8.27,11.81,4.72
E1E-090-070,8.27,11.81,4.72
HF4-C42-065,8.27,11.81,4.72
GJ7-090-050,8.27,11.81,4.72
HG2-194-070,8.27,11.81,4.72
GQ7-A20-050,8.27,11.81,4.72
HF5-B14-060,8.27,11.81,4.72
GJ7-592-065,8.27,11.81,4.72
FW3-A21-060,8.27,11.81,4.72
HV1-B36-070,8.27,11.81,4.72
HG6-011-070,8.27,11.81,4.72
E1E-090-060,8.27,11.81,4.72
HF5-B09-070,8.27,11.81,4.72
FW4-399-070,8.27,11.81,4.72
FW5-090-060,8.27,11.81,4.72
E2W-090-030,8.27,11.81,4.72
HE8-B41-070,8.27,11.81,4.72
JL4-090-060,8.27,11.81,4.72
HF4-001-065,8.27,11.81,4.72
E2W-A99-030,8.27,11.81,4.72
E2W-A99-040,8.27,11.81,4.72
E2W-A99-045,8.27,11.81,4.72
IC5-B06-070,8.27,11.81,4.72
FW5-477-065,8.27,11.81,4.72
E2Y-D07-040,8.27,11.81,4.72
E1E-194-070,8.27,11.81,4.72
E2Y-D07-030,8.27,11.81,4.72
E2Y-D07-045,8.27,11.81,4.72
FW6-477-065,8.27,11.81,4.72
FW6-477-055,8.27,11.81,4.72
FW6-090-070,8.27,11.81,4.72
FW6-090-060,8.27,11.81,4.72
FW5-592-070,8.27,11.81,4.72
FW5-592-060,8.27,11.81,4.72
FW5-592-055,8.27,11.81,4.72
E1E-194-060,8.27,11.81,4.72
FW5-592-050,8.27,11.81,4.72
FW5-477-070,8.27,11.81,4.72
E2A-040-070,8.27,11.81,4.72
JL4-090-070,8.27,11.81,4.72
IF6-817-030,8.27,11.81,4.72
E2Y-167-045,8.27,11.81,4.72
E2Y-167-030,8.27,11.81,4.72
HG8-001-065,8.27,11.81,4.72
HV1-001-055,8.27,11.81,4.72
JL3-675-060,8.27,11.81,4.72
HM3-001-050,8.27,11.81,4.72
E2A-040-060,8.27,11.81,4.72
J61-592-080,8.27,11.81,4.72
JL1-090-090,8.27,11.81,4.72
FW5-090-050,8.27,11.81,4.72
E1E-194-050,8.27,11.81,4.72
FW5-090-055,8.27,11.81,4.72
FW5-090-065,8.27,11.81,4.72
FW5-090-070,8.27,11.81,4.72
HF4-194-070,8.27,11.81,4.72
HG2-194-050,8.27,11.81,4.72
JL1-090-080,8.27,11.81,4.72
HG8-011-065,8.27,11.81,4.72
IF6-817-040,8.27,11.81,4.72
IC5-194-060,8.27,11.81,4.72
JL3-675-070,8.27,11.81,4.72
JL1-399-090,8.27,11.81,4.72
HP6-592-070,8.27,11.81,4.72
JL1-C35-080,8.27,11.81,4.72
JL1-C35-090,8.27,11.81,4.72
FW5-477-055,8.27,11.81,4.72
HF5-001-060,8.27,11.81,4.72
E2Y-167-040,8.27,11.81,4.72
HE4-B09-060,8.27,11.81,4.72
E2A-001-070,8.27,11.81,4.72
HF4-C29-065,8.27,11.81,4.72
HF5-B09-050,8.27,11.81,4.72
HF5-B14-050,8.27,11.81,4.72
HG1-001-070,8.27,11.81,4.72
HG1-194-070,8.27,11.81,4.72
HP5-001-050,8.27,11.81,4.72
HG1-B09-070,8.27,11.81,4.72
HP4-592-065,8.27,11.81,4.72
HG2-001-050,8.27,11.81,4.72
HP4-592-060,8.27,11.81,4.72
HG2-001-060,8.27,11.81,4.72
HG2-001-070,8.27,11.81,4.72
FW5-477-050,8.27,11.81,4.72
FW6-477-070,8.27,11.81,4.72
HG2-194-060,8.27,11.81,4.72
HP4-592-055,8.27,11.81,4.72
HI1-011-050,8.27,11.81,4.72
HI1-011-060,8.27,11.81,4.72
E2W-090-035,8.27,11.81,4.72
HF5-A21-060,8.27,11.81,4.72
E2A-040-050,8.27,11.81,4.72
HF4-B12-065,8.27,11.81,4.72
JL4-675-050,8.27,11.81,4.72
JL4-090-050,8.27,11.81,4.72
JL3-675-065,8.27,11.81,4.72
JL3-675-050,8.27,11.81,4.72
JL3-090-065,8.27,11.81,4.72
JL3-090-060,8.27,11.81,4.72
HF4-194-060,8.27,11.81,4.72
FW5-477-060,8.27,11.81,4.72
HI1-011-065,8.27,11.81,4.72
HP5-001-060,8.27,11.81,4.72
HF4-A06-060,8.27,11.81,4.72
HF4-A06-070,8.27,11.81,4.72
HF5-B09-060,8.27,11.81,4.72
JL1-399-080,8.27,11.81,4.72
HF4-194-065,8.27,11.81,4.72
HP5-001-055,8.27,11.81,4.72
IJ4-231-060,8.27,11.81,4.72
HF4-B12-060,8.27,11.81,4.72
HT4-011-070,8.27,11.81,4.72
JL4-675-060,8.27,11.81,4.72
HP4-592-050,8.27,11.81,4.72
IC5-C37-065,8.27,11.81,4.72
HN4-592-070,8.27,11.81,4.72
HJ4-323-055,8.27,11.81,4.72
HJ4-323-060,8.27,11.81,4.72
E2A-001-050,8.27,11.81,4.72
HI1-675-070,8.27,11.81,4.72
HG1-001-060,8.27,11.81,4.72
HN4-001-050,8.27,11.81,4.72
HN3-675-065,8.27,11.81,4.72
HN3-675-050,8.27,11.81,4.72
HF5-B14-070,8.27,11.81,4.72
HE7-B41-050,8.27,11.81,4.72
IC5-B06-065,8.27,11.81,4.72
HM3-592-070,8.27,11.81,4.72
JL3-090-055,8.27,11.81,4.72
HE4-B09-070,8.27,11.81,4.72
HE7-B41-060,8.27,11.81,4.72
HE7-B41-065,8.27,11.81,4.72
HJ4-011-070,8.27,11.81,4.72
HF4-C14-060,8.27,11.81,4.72
HN4-592-060,8.27,11.81,4.72
HJ4-011-060,8.27,11.81,4.72
HI1-011-070,8.27,11.81,4.72
HI1-675-050,8.27,11.81,4.72
IC5-C14-065,8.27,11.81,4.72
HT5-011-070,8.27,11.81,4.72
HP4-001-060,8.27,11.81,4.72
HI1-675-060,8.27,11.81,4.72
IC5-C14-060,8.27,11.81,4.72
HP4-001-050,8.27,11.81,4.72
IC5-C37-070,8.27,11.81,4.72
HI1-A98-060,8.27,11.81,4.72
HG8-011-055,8.27,11.81,4.72
HM3-A20-060,8.27,11.81,4.72
HM3-001-060,8.27,11.81,4.72
HP6-001-060,8.27,11.81,4.72
HF4-C29-060,8.27,11.81,4.72
HJ3-323-050,8.27,11.81,4.72
HF4-C14-065,8.27,11.81,4.72
HJ3-323-060,8.27,11.81,4.72
HP4-592-070,8.27,11.81,4.72
HF4-C29-070,8.27,11.81,4.72
JL4-675-065,8.27,11.81,4.72
FT7-675-060,8.27,11.81,4.72
IJ5-619-060,8.27,11.81,4.72
HT5-011-065,8.27,11.81,4.72
IJ5-619-065,8.27,11.81,4.72
HT5-011-060,8.27,11.81,4.72
IC5-B06-060,8.27,11.81,4.72
IC5-194-070,8.27,11.81,4.72
HT5-010-060,8.27,11.81,4.72
HT4-011-065,8.27,11.81,4.72
HT4-011-050,8.27,11.81,4.72
HT3-011-070,8.27,11.81,4.72
IJ5-619-070,8.27,11.81,4.72
HE7-B41-070,8.27,11.81,4.72
HT3-011-060,8.27,11.81,4.72
IM3-675-055,8.27,11.81,4.72
IM3-675-065,8.27,11.81,4.72
HE8-B41-065,8.27,11.81,4.72
HV1-001-070,8.27,11.81,4.72
HF4-001-070,8.27,11.81,4.72
IJ5-619-055,8.27,11.81,4.72
IM3-675-050,8.27,11.81,4.72
HM3-001-070,8.27,11.81,4.72
HG6-001-070,8.27,11.81,4.72
IJ4-231-055,8.27,11.81,4.72
HG6-001-060,8.27,11.81,4.72
IJ4-231-065,8.27,11.81,4.72
E2Y-040-045,8.27,11.81,4.72
IJ4-231-070,8.27,11.81,4.72
E2Y-040-040,8.27,11.81,4.72
E2Y-040-030,8.27,11.81,4.72
HE8-B41-060,8.27,11.81,4.72
E2A-040-055,8.27,11.81,4.72
IJ4-B40-055,8.27,11.81,4.72
E2W-090-040,8.27,11.81,4.72
HT5-012-065,8.27,11.81,4.72
IJ4-B40-060,8.27,11.81,4.72
IF6-076-040,8.27,11.81,4.72
E1E-090-050,8.27,11.81,4.72
IJ4-B40-065,8.27,11.81,4.72
IJ4-B53-060,8.27,11.81,4.72
IJ4-B40-050,8.27,11.81,4.72
JL4-675-070,8.27,11.81,4.72
IJ5-619-050,8.27,11.81,4.72
IJ4-231-050,8.27,11.81,4.72
HF5-B14-065,8.27,11.81,4.72
HP6-001-050,8.27,11.81,4.72
HE4-A20-060,8.27,11.81,4.72
IJ4-B40-070,8.27,11.81,4.72
HE4-A21-050,8.27,11.81,4.72
E2W-090-045,8.27,11.81,4.72
HE4-B09-050,8.27,11.81,4.72
HP5-592-070,8.27,11.81,4.72
HP5-592-065,8.27,11.81,4.72
HP5-592-060,8.27,11.81,4.72
IC5-A20-060,8.27,11.81,4.72
IM3-675-060,8.27,11.81,4.72
FT8-011-050,8.27,11.81,4.72
IM3-675-070,8.27,11.81,4.72
HP5-592-055,8.27,11.81,4.72
HP5-001-070,8.27,11.81,4.72
HP5-001-065,8.27,11.81,4.72
HF4-001-060,8.27,11.81,4.72
HP6-001-055,8.27,11.81,4.72
HP6-001-065,8.27,11.81,4.72
HP6-592-050,8.27,11.81,4.72
HF5-001-070,8.27,11.81,4.72
FT8-675-060,8.27,11.81,4.72
HV1-001-060,8.27,11.81,4.72
HV1-001-050,8.27,11.81,4.72
HT5-010-070,8.27,11.81,4.72
IC5-A20-065,8.27,11.81,4.72
IC5-A20-070,8.27,11.81,4.72
HE8-B41-050,8.27,11.81,4.72
HT4-011-060,8.27,11.81,4.72
HF4-A20-060,8.27,11.81,4.72
HT5-012-060,8.27,11.81,4.72
HT5-010-065,8.27,11.81,4.72
HP6-001-070,8.27,11.81,4.72
HN4-592-050,8.27,11.81,4.72
HF4-A20-070,8.27,11.81,4.72
HP6-592-065,8.27,11.81,4.72
HP6-592-060,8.27,11.81,4.72
IC5-194-065,8.27,11.81,4.72
E2W-A99-035,8.27,11.81,4.72
E4X-D01-045,8.4,12.2,4.51
593-001-050,8.66,11.81,4.53
HF4-D02-040,8.5,11.6,4.71
HF4-D02-050,8.5,11.6,4.71
IA2-A69-090,8.4,11.5,4.81
IA2-194-070,8.4,11.5,4.81
FW4-477-050,8.07,12.2,4.72
GG2-001-055,8.07,12.2,4.72
GG2-001-065,8.07,12.2,4.72
FW4-137-050,8.07,12.2,4.72
E7Q-194-080,8.07,12.2,4.72
FW4-137-060,8.07,12.2,4.72
E5S-076-030,8.07,12.2,4.72
DV5-001-090,8.07,12.2,4.72
E7Q-001-080,8.07,12.2,4.72
E5Q-090-060,8.07,12.2,4.72
E5S-090-040,8.07,12.2,4.72
GG2-001-050,8.07,12.2,4.72
268-592-060,8.07,12.2,4.72
E7M-030-070,8.07,12.2,4.72
FW4-592-050,8.07,12.2,4.72
E5S-076-040,8.07,12.2,4.72
268-592-070,8.07,12.2,4.72
E5Q-090-050,8.07,12.2,4.72
FW4-090-060,8.07,12.2,4.72
E5P-090-050,8.07,12.2,4.72
GR4-090-060,8.07,12.2,4.72
268-592-050,8.07,12.2,4.72
E5Q-D07-070,8.07,12.2,4.72
IP8-C06-060,8.07,12.2,4.72
IP8-C08-050,8.07,12.2,4.72
IP8-C08-060,8.07,12.2,4.72
FW4-592-060,8.07,12.2,4.72
FW4-090-050,8.07,12.2,4.72
E5Q-D07-060,8.07,12.2,4.72
E5Q-D07-065,8.07,12.2,4.72
E5S-288-030,8.07,12.2,4.72
268-001-070,8.07,12.2,4.72
268-001-065,8.07,12.2,4.72
E5P-090-060,8.07,12.2,4.72
268-592-065,8.07,12.2,4.72
E5Q-D07-050,8.07,12.2,4.72
FH5-090-055,8.07,12.2,4.72
FW4-090-070,8.07,12.2,4.72
FH5-090-065,8.07,12.2,4.72
268-001-050,8.07,12.2,4.72
FW4-137-065,8.07,12.2,4.72
FW4-090-065,8.07,12.2,4.72
FW4-090-055,8.07,12.2,4.72
GG2-194-050,8.07,12.2,4.72
E5P-090-065,8.07,12.2,4.72
GG2-194-070,8.07,12.2,4.72
DV5-001-080,8.07,12.2,4.72
FH5-090-060,8.07,12.2,4.72
FW4-592-070,8.07,12.2,4.72
268-001-060,8.07,12.2,4.72
E7M-030-080,8.07,12.2,4.72
GG2-001-070,8.07,12.2,4.72
GG2-194-060,8.07,12.2,4.72
E7Q-001-070,8.07,12.2,4.72
GG2-001-060,8.07,12.2,4.72
GG2-194-055,8.07,12.2,4.72
FW4-137-070,8.07,12.2,4.72
E5Q-090-065,8.07,12.2,4.72
FH5-090-050,8.07,12.2,4.72
E7Q-194-070,8.07,12.2,4.72
E5S-892-040,8.07,12.2,4.72
FW4-477-070,8.07,12.2,4.72
FW4-477-055,8.07,12.2,4.72
E5Q-090-070,8.07,12.2,4.72
E5P-090-070,8.07,12.2,4.72
E5S-288-040,8.07,12.2,4.72
E5S-090-030,8.07,12.2,4.72
E5S-892-030,8.07,12.2,4.72
GG2-194-065,8.07,12.2,4.72
FW4-477-065,8.07,12.2,4.72
HE6-328-040,8.5,12.15,4.51
HL3-B26-060,7.42,12.5,5.03
HE5-B20-040,8.53,11.32,4.84
E2E-011-030,8.5,12.2,4.51
E2E-011-045,8.5,12.2,4.51
E2E-011-040,8.5,12.2,4.51
E2E-011-035,8.5,12.2,4.51
IK4-001-080,8.1,12.3,4.71
HE9-001-080,7.5,12.5,5.01
HE9-194-090,7.5,12.5,5.01
HE9-001-090,7.5,12.5,5.01
HE9-167-080,7.5,12.5,5.01
HE9-194-080,7.5,12.5,5.01
JJ1-C26-090,7.5,12.5,5.01
JJ1-C26-070,7.5,12.5,5.01
IA2-194-080,8.5,11.5,4.81
IA2-194-090,8.5,11.5,4.81
E4X-D01-040,8.4,11.2,5.01
HK8-011-060,9,12,4.39
IV9-675-045,8.66,11.61,4.72
F65-137-070,8.66,11.61,4.72
IU1-675-065,8.66,11.61,4.72
IV9-C14-040,8.66,11.61,4.72
FE5-675-055,8.66,11.61,4.72
IV9-C14-045,8.66,11.61,4.72
IW2-675-040,8.66,11.61,4.72
ID4-B58-050,8.66,11.61,4.72
ID4-A20-030,8.66,11.61,4.72
HI9-675-060,8.66,11.61,4.72
HI9-399-070,8.66,11.61,4.72
JK1-A99-045,8.66,11.61,4.72
GR3-A76-070,8.66,11.61,4.72
JK1-C52-045,8.66,11.61,4.72
HJ2-C22-060,8.66,11.61,4.72
FE5-090-050,8.66,11.61,4.72
ES7-194-070,8.66,11.61,4.72
ES7-194-060,8.66,11.61,4.72
IB5-B58-030,8.66,11.61,4.72
JJ3-011-050,8.66,11.61,4.72
HI9-011-055,8.66,11.61,4.72
IB8-090-065,8.66,11.61,4.72
IB8-090-055,8.66,11.61,4.72
IW4-090-040,8.66,11.61,4.72
IV9-675-030,8.66,11.61,4.72
IU1-675-070,8.66,11.61,4.72
FV6-090-065,8.66,11.61,4.72
IV9-090-045,8.66,11.61,4.72
HX2-001-050,8.66,11.61,4.72
IU9-090-050,8.66,11.61,4.72
HX2-399-050,8.66,11.61,4.72
FE5-090-055,8.66,11.61,4.72
FE5-090-070,8.66,11.61,4.72
HI9-011-060,8.66,11.61,4.72
FV8-C88-070,8.66,11.61,4.72
IW4-090-030,8.66,11.61,4.72
IU9-090-070,8.66,11.61,4.72
IU9-399-070,8.66,11.61,4.72
E2Q-D20-030,8.66,11.61,4.72
IB5-167-030,8.66,11.61,4.72
HJ1-B06-070,8.66,11.61,4.72
E1D-090-060,8.66,11.61,4.72
HI9-675-070,8.66,11.61,4.72
E6H-001-070,8.66,11.61,4.72
HX2-C99-065,8.66,11.61,4.72
IU1-675-055,8.66,11.61,4.72
IW4-675-030,8.66,11.61,4.72
HI9-399-060,8.66,11.61,4.72
HJ2-B06-050,8.66,11.61,4.72
IW1-C20-030,8.66,11.61,4.72
E6F-001-060,8.66,11.61,4.72
HX2-C99-060,8.66,11.61,4.72
HX2-C99-070,8.66,11.61,4.72
E6F-C91-060,8.66,11.61,4.72
JK1-C52-040,8.66,11.61,4.72
IW2-C15-030,8.66,11.61,4.72
FE5-477-065,8.66,11.61,4.72
JJ3-090-060,8.66,11.61,4.72
FE5-090-065,8.66,11.61,4.72
JK1-B41-045,8.66,11.61,4.72
FQ3-001-070,8.66,11.61,4.72
E1D-C88-070,8.66,11.61,4.72
E1D-194-050,8.66,11.61,4.72
E1K-288-070,8.66,11.61,4.72
HX2-001-070,8.66,11.61,4.72
IW2-C15-045,8.66,11.61,4.72
HI9-C98-065,8.66,11.61,4.72
CM2-090-050,8.66,11.61,4.72
HI9-C98-055,8.66,11.61,4.72
CC6-011-050,8.66,11.61,4.72
E1D-194-070,8.66,11.61,4.72
JK1-B41-040,8.66,11.61,4.72
ES6-592-060,8.66,11.61,4.72
ES6-592-070,8.66,11.61,4.72
EJ8-C23-070,8.66,11.61,4.72
EJ8-C34-060,8.66,11.61,4.72
HJ1-B06-055,8.66,11.61,4.72
HI9-011-065,8.66,11.61,4.72
JJ3-399-050,8.66,11.61,4.72
JJ4-002-030,8.66,11.61,4.72
HJ1-323-055,8.66,11.61,4.72
IU1-565-060,8.66,11.61,4.72
CC6-194-050,8.66,11.61,4.72
IB8-011-055,8.66,11.61,4.72
IB8-011-065,8.66,11.61,4.72
JJ4-090-030,8.66,11.61,4.72
FV6-592-065,8.66,11.61,4.72
EJ8-C23-065,8.66,11.61,4.72
JK1-090-040,8.66,11.61,4.72
JK1-090-045,8.66,11.61,4.72
CC6-090-065,8.66,11.61,4.72
JK1-B41-030,8.66,11.61,4.72
L85-001-065,8.66,11.61,4.72
HI9-B06-055,8.66,11.61,4.72
ES7-592-050,8.66,11.61,4.72
HI9-B06-065,8.66,11.61,4.72
IW2-A99-045,8.66,11.61,4.72
EJ8-090-060,8.66,11.61,4.72
FE5-675-060,8.66,11.61,4.72
JJ4-090-045,8.66,11.61,4.72
JJ3-090-070,8.66,11.61,4.72
IU9-090-060,8.66,11.61,4.72
IU9-399-050,8.66,11.61,4.72
HS8-011-070,8.66,11.61,4.72
IW2-675-045,8.66,11.61,4.72
IW1-C14-045,8.66,11.61,4.72
IV9-090-040,8.66,11.61,4.72
IW1-090-040,8.66,11.61,4.72
HJ1-C23-060,8.66,11.61,4.72
CM2-090-060,8.66,11.61,4.72
HJ1-B38-070,8.66,11.61,4.72
IW2-011-040,8.66,11.61,4.72
HI9-C90-065,8.66,11.61,4.72
CM2-675-060,8.66,11.61,4.72
CM2-675-070,8.66,11.61,4.72
IW1-675-030,8.66,11.61,4.72
IW1-675-040,8.66,11.61,4.72
CC6-675-070,8.66,11.61,4.72
ES7-090-065,8.66,11.61,4.72
HJ1-B84-070,8.66,11.61,4.72
HJ2-B06-070,8.66,11.61,4.72
JK1-C52-030,8.66,11.61,4.72
HJ2-C23-060,8.66,11.61,4.72
HX2-001-060,8.66,11.61,4.72
CC6-194-060,8.66,11.61,4.72
CC6-090-050,8.66,11.61,4.72
GR3-A76-065,8.66,11.61,4.72
IB5-167-040,8.66,11.61,4.72
HU9-B28-065,8.66,11.61,4.72
HI9-B06-050,8.66,11.61,4.72
HI9-675-050,8.66,11.61,4.72
IB5-001-030,8.66,11.61,4.72
GR3-A76-050,8.66,11.61,4.72
GR3-090-060,8.66,11.61,4.72
GR3-090-050,8.66,11.61,4.72
HJ2-B06-060,8.66,11.61,4.72
IW1-288-030,8.66,11.61,4.72
HX2-C99-055,8.66,11.61,4.72
HJ1-323-065,8.66,11.61,4.72
E1K-001-060,8.66,11.61,4.72
IW2-011-045,8.66,11.61,4.72
CC6-675-055,8.66,11.61,4.72
HJ2-C22-050,8.66,11.61,4.72
HJ2-C22-070,8.66,11.61,4.72
IW1-A99-030,8.66,11.61,4.72
IW1-A99-040,8.66,11.61,4.72
FV6-592-070,8.66,11.61,4.72
CM2-054-060,8.66,11.61,4.72
HJ1-C23-065,8.66,11.61,4.72
HJ1-C22-065,8.66,11.61,4.72
HX2-399-060,8.66,11.61,4.72
IK5-675-065,8.66,11.61,4.72
HI9-011-050,8.66,11.61,4.72
IB5-A20-040,8.66,11.61,4.72
HJ1-323-070,8.66,11.61,4.72
GR3-090-070,8.66,11.61,4.72
FV6-592-055,8.66,11.61,4.72
HX2-399-070,8.66,11.61,4.72
HS4-B14-030,8.66,11.61,4.72
CC6-011-055,8.66,11.61,4.72
IB5-001-040,8.66,11.61,4.72
HX2-B41-060,8.66,11.61,4.72
EJ8-323-055,8.66,11.61,4.72
FE5-675-070,8.66,11.61,4.72
FE5-675-065,8.66,11.61,4.72
ES6-592-050,8.66,11.61,4.72
IK5-054-065,8.66,11.61,4.72
IW1-A99-045,8.66,11.61,4.72
ES7-592-070,8.66,11.61,4.72
ES7-090-055,8.66,11.61,4.72
FV8-C88-050,8.66,11.61,4.72
FE5-090-060,8.66,11.61,4.72
F65-137-060,8.66,11.61,4.72
FQ3-001-050,8.66,11.61,4.72
CC6-011-070,8.66,11.61,4.72
E6H-001-060,8.66,11.61,4.72
HI9-399-065,8.66,11.61,4.72
IW1-C15-040,8.66,11.61,4.72
ES7-090-050,8.66,11.61,4.72
E2Q-D20-050,8.66,11.61,4.72
IW1-C20-045,8.66,11.61,4.72
IW2-090-030,8.66,11.61,4.72
IW2-A99-030,8.66,11.61,4.72
CC6-011-060,8.66,11.61,4.72
HI9-399-055,8.66,11.61,4.72
IW2-675-030,8.66,11.61,4.72
FV6-090-055,8.66,11.61,4.72
IW2-A99-040,8.66,11.61,4.72
IW2-B41-030,8.66,11.61,4.72
IW2-B41-040,8.66,11.61,4.72
EJ8-399-060,8.66,11.61,4.72
IW2-C20-045,8.66,11.61,4.72
EJ8-399-070,8.66,11.61,4.72
EJ8-090-065,8.66,11.61,4.72
HI9-675-065,8.66,11.61,4.72
HJ1-B06-065,8.66,11.61,4.72
IB5-A20-030,8.66,11.61,4.72
E1K-001-070,8.66,11.61,4.72
IW1-090-045,8.66,11.61,4.72
E6F-001-050,8.66,11.61,4.72
E6F-001-070,8.66,11.61,4.72
IW2-C20-030,8.66,11.61,4.72
HL7-A89-070,8.66,11.61,4.72
HX2-001-065,8.66,11.61,4.72
HX2-001-055,8.66,11.61,4.72
IW4-399-030,8.66,11.61,4.72
IW4-399-040,8.66,11.61,4.72
HI9-675-055,8.66,11.61,4.72
HL7-A89-060,8.66,11.61,4.72
IK5-011-065,8.66,11.61,4.72
IW4-675-040,8.66,11.61,4.72
C91-001-040,8.66,11.61,4.72
IU1-565-050,8.66,11.61,4.72
EJ8-090-055,8.66,11.61,4.72
HS8-011-060,8.66,11.61,4.72
JJ4-090-040,8.66,11.61,4.72
E1D-090-070,8.66,11.61,4.72
IW2-011-030,8.66,11.61,4.72
FV8-194-070,8.66,11.61,4.72
IU1-565-055,8.66,11.61,4.72
IU1-565-065,8.66,11.61,4.72
L85-399-050,8.66,11.61,4.72
HX2-C99-050,8.66,11.61,4.72
L85-001-060,8.66,11.61,4.72
HJ1-C22-050,8.66,11.61,4.72
L85-001-050,8.66,11.61,4.72
CC6-675-065,8.66,11.61,4.72
CC6-011-065,8.66,11.61,4.72
HJ2-C23-070,8.66,11.61,4.72
IW1-011-040,8.66,11.61,4.72
AS8-323-040,8.66,11.61,4.72
AS8-323-030,8.66,11.61,4.72
CC6-090-055,8.66,11.61,4.72
CM2-675-050,8.66,11.61,4.72
IV9-090-030,8.66,11.61,4.72
ES6-090-065,8.66,11.61,4.72
EJ8-675-060,8.66,11.61,4.72
K25-194-060,8.66,11.61,4.72
IW2-C20-040,8.66,11.61,4.72
GR3-A76-060,8.66,11.61,4.72
HX2-B41-065,8.66,11.61,4.72
HX2-B41-055,8.66,11.61,4.72
L85-001-070,8.66,11.61,4.72
IW1-675-045,8.66,11.61,4.72
IU9-399-065,8.66,11.61,4.72
IU9-399-055,8.66,11.61,4.72
IU9-090-065,8.66,11.61,4.72
IU9-090-055,8.66,11.61,4.72
HJ1-C22-070,8.66,11.61,4.72
HJ1-C22-060,8.66,11.61,4.72
FE5-675-050,8.66,11.61,4.72
HJ1-C23-050,8.66,11.61,4.72
FV8-C88-060,8.66,11.61,4.72
HI9-C90-055,8.66,11.61,4.72
CC6-675-050,8.66,11.61,4.72
FQ3-A20-060,8.66,11.61,4.72
IU1-675-060,8.66,11.61,4.72
IW1-011-030,8.66,11.61,4.72
IW1-011-045,8.66,11.61,4.72
IW1-C15-030,8.66,11.61,4.72
IW2-C15-040,8.66,11.61,4.72
FQ3-A20-050,8.66,11.61,4.72
CC6-675-060,8.66,11.61,4.72
F65-137-050,8.66,11.61,4.72
HK2-001-060,8.66,11.61,4.72
IW1-288-040,8.66,11.61,4.72
HI9-C98-060,8.66,11.61,4.72
F65-399-050,8.66,11.61,4.72
F65-399-065,8.66,11.61,4.72
IW1-C15-045,8.66,11.61,4.72
E6H-001-050,8.66,11.61,4.72
IU1-565-070,8.66,11.61,4.72
E6F-C91-050,8.66,11.61,4.72
E6H-C91-070,8.66,11.61,4.72
E6H-C91-050,8.66,11.61,4.72
E1K-288-050,8.66,11.61,4.72
EJ8-C34-065,8.66,11.61,4.72
IV9-675-040,8.66,11.61,4.72
HK8-675-070,8.66,11.61,4.72
JJ3-011-070,8.66,11.61,4.72
FV6-090-060,8.66,11.61,4.72
FV6-090-070,8.66,11.61,4.72
EJ8-C23-055,8.66,11.61,4.72
IW1-090-030,8.66,11.61,4.72
IW1-C20-040,8.66,11.61,4.72
JJ3-090-050,8.66,11.61,4.72
IW2-090-040,8.66,11.61,4.72
HJ1-C23-070,8.66,11.61,4.72
E1K-001-050,8.66,11.61,4.72
IG5-011-070,8.66,11.61,4.72
HI9-C98-070,8.66,11.61,4.72
HJ1-B06-050,8.66,11.61,4.72
HI9-011-070,8.66,11.61,4.72
HK2-B12-070,8.66,11.61,4.72
HK2-B09-070,8.66,11.61,4.72
E1K-288-060,8.66,11.61,4.72
FV6-592-060,8.66,11.61,4.72
E6H-C91-060,8.66,11.61,4.72
HI9-B06-060,8.66,11.61,4.72
JJ3-011-060,8.66,11.61,4.72
HK2-B09-060,8.66,11.61,4.72
HK2-B09-050,8.66,11.61,4.72
HK2-A99-070,8.66,11.61,4.72
JJ3-399-070,8.66,11.61,4.72
CC6-090-060,8.66,11.61,4.72
CM2-090-070,8.66,11.61,4.72
HK2-A99-050,8.66,11.61,4.72
CM2-826-060,8.66,11.61,4.72
CM2-054-050,8.66,11.61,4.72
IK5-675-055,8.66,11.61,4.72
CC6-090-070,8.66,11.61,4.72
ES6-090-055,8.66,11.61,4.72
ES6-090-050,8.66,11.61,4.72
HK8-675-050,8.66,11.61,4.72
E1D-C88-050,8.66,11.61,4.72
E6F-C91-070,8.66,11.61,4.72
ID4-A20-050,8.66,11.61,4.72
HJ1-C23-055,8.66,11.61,4.72
E1D-C88-060,8.66,11.61,4.72
EJ8-399-055,8.66,11.61,4.72
E2Q-D20-040,8.66,11.61,4.72
HK8-675-055,8.66,11.61,4.72
HK8-675-060,8.66,11.61,4.72
EJ8-323-070,8.66,11.61,4.72
Y12-738-055,8.66,11.61,4.72
EJ8-399-065,8.66,11.61,4.72
EJ8-323-065,8.66,11.61,4.72
ES6-090-060,8.66,11.61,4.72
ES7-090-060,8.66,11.61,4.72
EJ8-090-070,8.66,11.61,4.72
EJ8-090-050,8.66,11.61,4.72
ES7-090-070,8.66,11.61,4.72
L85-001-055,8.66,11.61,4.72
IK5-011-055,8.66,11.61,4.72
IK5-054-055,8.66,11.61,4.72
ES6-592-065,8.66,11.61,4.72
FV8-194-065,8.66,11.61,4.72
HX2-B41-070,8.66,11.61,4.72
HI9-C90-070,8.66,11.61,4.72
FQ3-A20-070,8.66,11.61,4.72
HI9-B06-070,8.66,11.61,4.72
HJ1-B06-060,8.66,11.61,4.72
HJ1-C22-055,8.66,11.61,4.72
HX2-B41-050,8.66,11.61,4.72
EJ8-323-060,8.66,11.61,4.72
IW2-090-045,8.66,11.61,4.72
E1D-194-060,8.66,11.61,4.72
HI9-C90-060,8.66,11.61,4.72
HI9-C90-050,8.66,11.61,4.72
IW1-288-045,8.66,11.61,4.72
HI9-C98-050,8.66,11.61,4.72
IU1-675-050,8.66,11.61,4.72
EJ8-323-050,8.66,11.61,4.72
E1D-090-050,8.66,11.61,4.72
IB8-090-070,8.66,11.61,4.73
IB8-090-060,8.66,11.61,4.73
ID4-399-050,8.66,11.61,4.73
IB8-011-070,8.66,11.61,4.73
ID4-090-050,8.66,11.61,4.73
ID4-194-050,8.66,11.61,4.73
IB8-011-060,8.66,11.61,4.73
ID4-090-040,8.66,11.61,4.73
ID4-399-030,8.66,11.61,4.73
ID4-194-040,8.66,11.61,4.73
IB8-011-050,8.66,11.61,4.73
ID4-090-030,8.66,11.61,4.73
IB8-090-050,8.66,11.61,4.73
ID4-194-030,8.66,11.61,4.73
IX1-C75-080,7.5,12.7,5.01
IX1-C75-100,7.5,12.7,5.01
IX1-090-070,7.5,12.7,5.01
IX1-399-080,7.5,12.7,5.01
IX1-090-080,7.5,12.7,5.01
IX1-399-070,7.5,12.7,5.01
IX1-C75-070,7.5,12.7,5.01
IX1-399-100,7.5,12.7,5.01
JJ7-442-100,7.5,12.7,5.01
IX1-C75-090,7.5,12.7,5.01
IX1-090-100,7.5,12.7,5.01
IX1-090-090,7.5,12.7,5.01
IX1-C80-090,7.5,12.7,5.01
IX1-C80-100,7.5,12.7,5.01
IX1-399-090,7.5,12.7,5.01
JM2-D05-060,8.5,12.5,4.51
FN6-090-080,8.5,12.5,4.51
E7X-D12-070,7.5,12.8,5.01
B1B-001-055,8,12,5.01
B1B-001-065,8,12,5.01
E7X-D12-090,7.5,12.8,5.01
E7X-D12-100,7.5,12.8,5.01
E4R-090-050,8,12,5.01
E7X-D12-080,7.5,12.8,5.01
E7X-D32-070,7.5,12.8,5.01
B1B-001-045,8,12,5.01
E4R-090-060,8,12,5.01
E4R-090-070,8,12,5.01
B1B-288-045,8,12,5.01
E4R-090-065,8,12,5.01
E4R-090-040,8,12,5.01
B1B-288-065,8,12,5.01
E4R-090-045,8,12,5.01
B1B-288-055,8,12,5.01
E4R-090-080,8,12,5.01
E7X-D32-090,7.5,12.8,5.01
E4R-090-055,8,12,5.01
E7X-D32-100,7.5,12.8,5.01
HF3-C05-045,8.5,12.15,4.66
GK7-592-050,7.48,12.6,5.12
GY1-399-090,7.48,12.6,5.12
HE7-167-060,7.48,12.6,5.12
GY1-A70-080,7.48,12.6,5.12
HE8-592-065,7.48,12.6,5.12
HE7-001-065,7.48,12.6,5.12
GK7-090-050,7.48,12.6,5.12
HE8-167-070,7.48,12.6,5.12
EH4-861-090,7.48,12.6,5.12
GK7-592-060,7.48,12.6,5.12
HE8-001-065,7.48,12.6,5.12
GY1-A70-090,7.48,12.6,5.12
HE7-194-070,7.48,12.6,5.12
HN2-090-050,7.48,12.6,5.12
HN2-A95-070,7.48,12.6,5.12
HH8-090-060,7.48,12.6,5.12
HE7-A89-060,7.48,12.6,5.12
HE7-194-065,7.48,12.6,5.12
HE8-592-050,7.48,12.6,5.12
HE8-001-060,7.48,12.6,5.12
HE8-194-060,7.48,12.6,5.12
HE7-592-050,7.48,12.6,5.12
HH8-090-070,7.48,12.6,5.12
EH4-861-100,7.48,12.6,5.12
HE7-194-060,7.48,12.6,5.12
HE7-167-065,7.48,12.6,5.12
HE8-001-050,7.48,12.6,5.12
GX2-001-060,7.48,12.6,5.12
GY1-399-080,7.48,12.6,5.12
HE8-592-060,7.48,12.6,5.12
HE8-194-070,7.48,12.6,5.12
HH8-090-050,7.48,12.6,5.12
HE7-A89-070,7.48,12.6,5.12
HN2-090-070,7.48,12.6,5.12
GK7-A48-060,7.48,12.6,5.12
HE8-592-070,7.48,12.6,5.12
HN2-A89-065,7.48,12.6,5.12
HP2-001-070,7.48,12.6,5.12
GK7-A48-065,7.48,12.6,5.12
FD7-090-090,7.48,12.6,5.12
HE7-001-050,7.48,12.6,5.12
HP2-001-050,7.48,12.6,5.12
HE7-A89-050,7.48,12.6,5.12
FD7-090-080,7.48,12.6,5.12
HE7-167-070,7.48,12.6,5.12
HN2-090-060,7.48,12.6,5.12
HE8-167-050,7.48,12.6,5.12
HE7-001-060,7.48,12.6,5.12
HE7-592-060,7.48,12.6,5.12
HE8-A89-060,7.48,12.6,5.12
GK7-090-070,7.48,12.6,5.12
HO9-001-060,7.48,12.6,5.12
HP2-001-060,7.48,12.6,5.12
HE8-A89-065,7.48,12.6,5.12
GK7-090-060,7.48,12.6,5.12
HE7-592-065,7.48,12.6,5.12
HE7-001-070,7.48,12.6,5.12
HE8-167-060,7.48,12.6,5.12
HN2-A95-060,7.48,12.6,5.12
HE7-194-050,7.48,12.6,5.12
HE8-001-070,7.48,12.6,5.12
Q29-167-100,7.48,12.6,5.12
GK7-A48-070,7.48,12.6,5.12
GK7-A48-050,7.48,12.6,5.12
Q29-167-090,7.48,12.6,5.12
HN2-090-065,7.48,12.6,5.12
HE7-167-050,7.48,12.6,5.12
HN2-A89-070,7.48,12.6,5.12
HP2-001-065,7.48,12.6,5.12
HE8-194-050,7.48,12.6,5.12
GK7-592-070,7.48,12.6,5.12
HE7-592-070,7.48,12.6,5.12
HE8-194-065,7.48,12.6,5.12
GK7-592-065,7.48,12.6,5.12
HE8-167-065,7.48,12.6,5.12
GK7-090-065,7.48,12.6,5.12
IV5-C15-055,8.66,11.81,4.72
IV5-001-070,8.66,11.81,4.72
JL5-675-080,8.66,11.81,4.72
IX9-B87-060,8.66,11.81,4.72
IY1-C91-065,8.66,11.81,4.72
IY3-C15-050,8.66,11.81,4.72
IY3-C15-070,8.66,11.81,4.72
JL2-090-080,8.66,11.81,4.72
IY1-090-060,8.66,11.81,4.72
E4I-D27-050,8.66,11.81,4.72
IZ8-090-060,8.66,11.81,4.72
E4I-D27-070,8.66,11.81,4.72
JL2-399-080,8.66,11.81,4.72
IY1-C90-060,8.66,11.81,4.72
E4I-D27-065,8.66,11.81,4.72
JL2-011-080,8.66,11.81,4.72
E7A-194-050,8.66,11.81,4.72
JL2-C35-090,8.66,11.81,4.72
JL2-C35-080,8.66,11.81,4.72
E4I-D27-060,8.66,11.81,4.72
JL2-090-090,8.66,11.81,4.72
E6E-C91-050,8.66,11.81,4.72
JL5-090-080,8.66,11.81,4.72
IY1-C90-065,8.66,11.81,4.72
IE4-011-055,8.66,11.81,4.72
IV5-675-060,8.66,11.81,4.72
E6E-001-050,8.66,11.81,4.72
JF3-B41-090,8.66,11.81,4.72
E4K-D28-050,8.66,11.81,4.72
JL2-399-090,8.66,11.81,4.72
IY1-090-070,8.66,11.81,4.72
E4I-D27-055,8.66,11.81,4.72
IY1-C89-070,8.66,11.81,4.72
JL5-090-090,8.66,11.81,4.72
IY3-C15-065,8.66,11.81,4.72
IY3-C15-060,8.66,11.81,4.72
IY3-090-070,8.66,11.81,4.72
IY3-090-065,8.66,11.81,4.72
IY3-090-060,8.66,11.81,4.72
IY3-090-050,8.66,11.81,4.72
IX9-B87-050,8.66,11.81,4.72
IX9-B87-070,8.66,11.81,4.72
IX9-090-070,8.66,11.81,4.72
E7A-C88-060,8.66,11.81,4.72
IX9-090-060,8.66,11.81,4.72
IY1-090-050,8.66,11.81,4.72
IV5-675-050,8.66,11.81,4.72
IV5-675-055,8.66,11.81,4.72
IY1-C91-050,8.66,11.81,4.72
E7A-001-060,8.66,11.81,4.72
E7A-001-055,8.66,11.81,4.72
JL5-675-090,8.66,11.81,4.72
E4K-D28-055,8.66,11.81,4.72
IY9-090-065,8.66,11.81,4.72
E4K-D28-065,8.66,11.81,4.72
IY9-A99-060,8.66,11.81,4.72
IV5-001-065,8.66,11.81,4.72
IY1-C89-065,8.66,11.81,4.72
JF3-B41-080,8.66,11.81,4.72
E7A-001-065,8.66,11.81,4.72
IY1-C89-050,8.66,11.81,4.72
E7A-C88-065,8.66,11.81,4.72
E7A-194-055,8.66,11.81,4.72
E7A-194-070,8.66,11.81,4.72
IY9-C15-070,8.66,11.81,4.72
E7A-C88-055,8.66,11.81,4.72
IY9-090-050,8.66,11.81,4.72
FQ6-090-060,8.66,11.81,4.72
FQ6-090-070,8.66,11.81,4.72
IY1-C90-050,8.66,11.81,4.72
IY9-A99-050,8.66,11.81,4.72
IZ8-C14-065,8.66,11.81,4.72
IZ8-C14-050,8.66,11.81,4.72
IZ8-090-070,8.66,11.81,4.72
IZ8-090-065,8.66,11.81,4.72
IV5-001-055,8.66,11.81,4.72
IV5-C15-065,8.66,11.81,4.72
IY9-090-070,8.66,11.81,4.72
E4K-D28-070,8.66,11.81,4.72
IZ8-C14-060,8.66,11.81,4.72
IY9-C15-065,8.66,11.81,4.72
IV5-C15-070,8.66,11.81,4.72
IV5-675-065,8.66,11.81,4.72
IY1-C91-070,8.66,11.81,4.72
IY1-C91-060,8.66,11.81,4.72
IY1-C89-060,8.66,11.81,4.72
IV5-001-050,8.66,11.81,4.72
IV5-001-060,8.66,11.81,4.72
IZ8-C14-070,8.66,11.81,4.72
E7A-001-070,8.66,11.81,4.72
IY1-C90-055,8.66,11.81,4.72
IX9-090-050,8.66,11.81,4.72
IY9-C15-060,8.66,11.81,4.72
E7A-194-065,8.66,11.81,4.72
E7A-C88-070,8.66,11.81,4.72
E7A-001-050,8.66,11.81,4.72
E7A-194-060,8.66,11.81,4.72
IY9-090-060,8.66,11.81,4.72
IY9-A99-070,8.66,11.81,4.72
IY1-C90-070,8.66,11.81,4.72
IZ8-090-050,8.66,11.81,4.72
IY1-C91-055,8.66,11.81,4.72
IV5-C15-060,8.66,11.81,4.72
JL2-011-090,8.66,11.81,4.72
IY9-C15-050,8.66,11.81,4.72
E4K-D28-060,8.66,11.81,4.72
IV5-C15-050,8.66,11.81,4.72
E7A-C88-050,8.66,11.81,4.72
IY9-A99-065,8.66,11.81,4.72
IV5-194-070,8.66,11.81,4.72
IV5-675-070,8.66,11.81,4.72
IV5-194-065,8.66,11.81,4.72
IY1-C89-055,8.66,11.81,4.72
IV5-194-050,8.66,11.81,4.72
IV5-194-055,8.66,11.81,4.72
IV5-194-060,8.66,11.81,4.72
IY1-B87-070,8.66,11.81,4.72
II7-B58-060,7.5,12.6,5.11
II6-B58-060,7.5,12.6,5.11
II7-B58-090,7.5,12.6,5.11
II6-B41-060,7.5,12.6,5.11
HA6-167-080,8.07,12.2,4.92
HT5-010-090,8.07,12.2,4.92
HJ9-B12-090,8.07,12.2,4.92
HJ9-B09-090,8.07,12.2,4.92
IC5-B06-080,8.07,12.2,4.92
GF1-399-070,8.07,12.2,4.92
HJ9-001-080,8.07,12.2,4.92
JB5-090-060,8.07,12.2,4.92
AQ3-040-070,8.07,12.2,4.92
HT5-012-090,8.07,12.2,4.92
HJ9-A99-080,8.07,12.2,4.92
JB5-B41-070,8.07,12.2,4.92
HL5-A89-080,8.07,12.2,4.92
IC5-B06-090,8.07,12.2,4.92
IZ1-C15-065,8.07,12.2,4.92
AQ3-370-070,8.07,12.2,4.92
HF4-001-080,8.07,12.2,4.92
279-277-080,8.07,12.2,4.92
HA6-001-080,8.07,12.2,4.92
H88-841-080,8.07,12.2,4.92
HA6-001-070,8.07,12.2,4.92
GT4-001-070,8.07,12.2,4.92
279-005-070,8.07,12.2,4.92
HL5-A89-090,8.07,12.2,4.92
279-167-080,8.07,12.2,4.92
JA2-090-080,8.07,12.2,4.92
JA2-090-070,8.07,12.2,4.92
IC5-A20-090,8.07,12.2,4.92
279-090-070,8.07,12.2,4.92
279-090-080,8.07,12.2,4.92
JB6-B41-070,8.07,12.2,4.92
L05-001-070,8.07,12.2,4.92
GT2-001-070,8.07,12.2,4.92
HF4-C14-080,8.07,12.2,4.92
279-167-070,8.07,12.2,4.92
JA2-090-060,8.07,12.2,4.92
AQ3-925-070,8.07,12.2,4.92
279-277-070,8.07,12.2,4.92
AQ3-040-080,8.07,12.2,4.92
L05-399-080,8.07,12.2,4.92
JB4-C31-060,8.07,12.2,4.92
IZ1-C15-070,8.07,12.2,4.92
IZ1-C15-060,8.07,12.2,4.92
IZ1-C15-050,8.07,12.2,4.92
IZ1-A99-065,8.07,12.2,4.92
IZ1-A99-050,8.07,12.2,4.92
IZ1-090-070,8.07,12.2,4.92
AQ3-001-070,8.07,12.2,4.92
AQ3-001-080,8.07,12.2,4.92
HJ9-B12-080,8.07,12.2,4.92
HJ9-B09-080,8.07,12.2,4.92
GF1-399-080,8.07,12.2,4.92
L05-001-080,8.07,12.2,4.92
AQ3-925-080,8.07,12.2,4.92
L66-001-070,8.07,12.2,4.92
HL5-B26-080,8.07,12.2,4.92
IC5-C37-090,8.07,12.2,4.92
L66-001-080,8.07,12.2,4.92
GJ8-090-090,8.07,12.2,4.92
L05-399-070,8.07,12.2,4.92
279-005-080,8.07,12.2,4.92
HF4-001-090,8.07,12.2,4.92
HF4-B12-080,8.07,12.2,4.92
IC5-C14-090,8.07,12.2,4.92
GJ8-194-080,8.07,12.2,4.92
GF1-231-070,8.07,12.2,4.92
JB4-C30-060,8.07,12.2,4.92
JB6-090-065,8.07,12.2,4.92
HJ9-A99-090,8.07,12.2,4.92
L05-277-070,8.07,12.2,4.92
GT4-001-080,8.07,12.2,4.92
IC5-194-080,8.07,12.2,4.92
IC5-A20-080,8.07,12.2,4.92
JB4-C31-065,8.07,12.2,4.92
HT5-010-080,8.07,12.2,4.92
HF4-194-090,8.07,12.2,4.92
HF4-A06-080,8.07,12.2,4.92
HL5-B26-090,8.07,12.2,4.92
IZ1-090-050,8.07,12.2,4.92
HJ9-001-090,8.07,12.2,4.92
IZ1-090-065,8.07,12.2,4.92
IC5-C14-080,8.07,12.2,4.92
HF4-194-080,8.07,12.2,4.92
L05-277-080,8.07,12.2,4.92
HF4-C42-080,8.07,12.2,4.92
IZ1-090-060,8.07,12.2,4.92
JB6-090-070,8.07,12.2,4.92
JB6-090-060,8.07,12.2,4.92
JB6-002-065,8.07,12.2,4.92
JB6-002-060,8.07,12.2,4.92
HF4-C14-090,8.07,12.2,4.92
JB4-C31-070,8.07,12.2,4.92
IZ1-A99-060,8.07,12.2,4.92
IZ1-A99-070,8.07,12.2,4.92
GT2-001-080,8.07,12.2,4.92
JK4-090-040,8.8,11.7,4.71
JK4-090-065,8.8,11.7,4.71
JK4-B41-050,8.8,11.7,4.71
JK4-C21-065,8.8,11.7,4.71
JK4-090-060,8.8,11.7,4.71
JK4-C21-040,8.8,11.7,4.71
JK4-090-030,8.8,11.7,4.71
JK4-B41-065,8.8,11.7,4.71
JK4-C21-060,8.8,11.7,4.71
JK4-B41-040,8.8,11.7,4.71
JK4-090-050,8.8,11.7,4.71
JK4-B41-060,8.8,11.7,4.71
JK4-B41-030,8.8,11.7,4.71
JK4-C21-030,8.8,11.7,4.71
JK4-C21-050,8.8,11.7,4.71
EM1-B77-055,8.1,12.2,4.91
L05-001-060,8.07,12.2,4.93
HL3-001-080,8.02,12.06,5.02
HF3-C05-035,8.5,12.15,4.71
E4L-D20-030,8.3,11.7,5.01
E4L-D20-060,8.3,11.7,5.01
E4L-D20-050,8.3,11.7,5.01
E4L-D20-040,8.3,11.7,5.01
IX1-090-110,7.6,12.8,5.01
IX1-090-115,7.6,12.8,5.01
IX1-C75-110,7.6,12.8,5.01
E3Z-001-055,9.5,12.8,4.01
IC5-040-050,8.4,11.6,5.01
IC5-040-040,8.4,11.6,5.01
IC5-C88-040,8.4,11.6,5.01
IC5-C88-030,8.4,11.6,5.01
IC5-040-030,8.4,11.6,5.01
IJ7-C15-030,9.3,13.1,4.01
GZ7-001-070,7.8,11.8,5.31
IB2-B83-090,8,12.2,5.01
IB2-B83-070,8,12.2,5.01
IB2-B83-065,8,12.2,5.01
IB2-B83-060,8,12.2,5.01
IB2-B83-030,8,12.2,5.01
IB2-B83-080,8,12.2,5.01
IB2-B83-040,8,12.2,5.01
EM1-A69-030,8.2,12.4,4.81
HF3-C05-030,8.5,12.15,4.76
HM4-001-060,8.38,12,4.89
HM4-A20-070,8.38,12,4.89
HE5-001-040,8.4,12.3,4.76
FC7-090-080,8.27,12.6,4.72
HF9-194-090,8.27,12.6,4.72
FP1-965-080,8.27,12.6,4.72
HS1-675-080,8.27,12.6,4.72
FC7-001-080,8.27,12.6,4.72
HI4-011-080,8.27,12.6,4.72
HS1-001-080,8.27,12.6,4.72
HF9-194-080,8.27,12.6,4.72
FC7-194-080,8.27,12.6,4.72
HE5-A20-070,8.27,12.6,4.72
FC7-001-090,8.27,12.6,4.72
IK9-A20-065,8.4,12.2,4.81
IK9-A20-080,8.4,12.2,4.81
IK9-A20-090,8.4,12.2,4.81
E6M-B41-070,8.2,12.5,4.81
E6M-B41-060,8.2,12.5,4.81
E6M-B41-065,8.2,12.5,4.81
E6M-B41-090,8.2,12.5,4.81
E6M-B41-080,8.2,12.5,4.81
IB4-B83-030,7.6,12.7,5.11
IB4-B83-080,7.6,12.7,5.11
IB4-B83-070,7.6,12.7,5.11
IB4-B83-050,7.6,12.7,5.11
DR6-001-090,8.66,12.6,4.53
DR6-024-100,8.66,12.6,4.53
DR6-024-095,8.66,12.6,4.53
DR6-024-090,8.66,12.6,4.53
DR6-001-100,8.66,12.6,4.53
E7B-D05-065,8.4,12.5,4.71
GZ7-001-080,7.9,11.8,5.31
JK2-090-045,7.5,12.7,5.21
JK2-090-055,7.5,12.7,5.21
JK2-B41-060,7.5,12.7,5.21
JK2-B41-050,7.5,12.7,5.21
JK2-002-050,7.5,12.7,5.21
JK2-B41-045,7.5,12.7,5.21
JK2-B41-040,7.5,12.7,5.21
JK2-002-060,7.5,12.7,5.21
GS7-535-030,9.06,11.61,4.72
DX7-090-065,9.06,11.61,4.72
DX7-167-055,9.06,11.61,4.72
GS7-090-030,9.06,11.61,4.72
DX7-167-070,9.06,11.61,4.72
DX7-167-050,9.06,11.61,4.72
GS7-A69-030,9.06,11.61,4.72
GS7-090-040,9.06,11.61,4.72
DX7-167-060,9.06,11.61,4.72
DX7-167-065,9.06,11.61,4.72
DX7-090-060,9.06,11.61,4.72
DX7-090-070,9.06,11.61,4.72
DX7-090-050,9.06,11.61,4.72
GS7-535-040,9.06,11.61,4.72
GS7-167-030,9.06,11.61,4.72
DX7-090-055,9.06,11.61,4.72
GS7-A69-040,9.06,11.61,4.72
IX1-399-110,7.7,12.9,5.01
IX1-399-115,7.7,12.9,5.01
IX1-C80-115,7.7,12.9,5.01
IX1-C80-110,7.7,12.9,5.01
IX1-C80-120,7.7,12.9,5.01
GZ7-167-120,7.8,11.8,5.41
HF2-A89-060,8.66,12.2,4.72
HV3-A61-050,8.66,12.2,4.72
IC9-001-050,8.66,12.2,4.72
Q34-570-050,8.66,12.2,4.72
GW7-A06-090,8.66,12.2,4.72
E2Y-040-060,8.66,12.2,4.72
IF6-001-060,8.66,12.2,4.72
E2W-090-070,8.66,12.2,4.72
E2Y-167-050,8.66,12.2,4.72
IF6-001-070,8.66,12.2,4.72
HF2-399-050,8.66,12.2,4.72
GB7-A22-050,8.66,12.2,4.72
HF2-399-060,8.66,12.2,4.72
GB7-A22-070,8.66,12.2,4.72
Q34-570-055,8.66,12.2,4.72
IC9-001-070,8.66,12.2,4.72
IC9-477-055,8.66,12.2,4.72
IC9-477-050,8.66,12.2,4.72
E2Y-040-050,8.66,12.2,4.72
IC9-001-055,8.66,12.2,4.72
Q34-570-070,8.66,12.2,4.72
HF2-A89-065,8.66,12.2,4.72
IC9-001-060,8.66,12.2,4.72
IF6-A69-065,8.66,12.2,4.72
IC9-535-050,8.66,12.2,4.72
E2Y-040-055,8.66,12.2,4.72
GB7-A85-055,8.66,12.2,4.72
GB7-A85-065,8.66,12.2,4.72
GB7-646-070,8.66,12.2,4.72
HF3-B25-050,8.66,12.2,4.72
FM1-090-070,8.66,12.2,4.72
GB7-A54-065,8.66,12.2,4.72
GL4-646-065,8.66,12.2,4.72
HF2-399-055,8.66,12.2,4.72
IC9-001-065,8.66,12.2,4.72
E2W-090-060,8.66,12.2,4.72
GO6-194-050,8.66,12.2,4.72
HV3-A61-065,8.66,12.2,4.72
IF6-A69-050,8.66,12.2,4.72
IF6-B77-070,8.66,12.2,4.72
E2W-090-050,8.66,12.2,4.72
E2W-090-055,8.66,12.2,4.72
EH8-892-050,8.66,12.2,4.72
IF6-001-065,8.66,12.2,4.72
GB7-A81-050,8.66,12.2,4.72
GO6-194-070,8.66,12.2,4.72
IF6-B77-065,8.66,12.2,4.72
E2Y-040-065,8.66,12.2,4.72
GL4-231-065,8.66,12.2,4.72
E2Y-040-070,8.66,12.2,4.72
Q34-090-060,8.66,12.2,4.72
GL4-231-050,8.66,12.2,4.72
GB7-A81-060,8.66,12.2,4.72
HF2-001-055,8.66,12.2,4.72
HF2-194-055,8.66,12.2,4.72
HF2-399-065,8.66,12.2,4.72
E2W-090-065,8.66,12.2,4.72
GB7-090-050,8.66,12.2,4.72
HV3-A61-055,8.66,12.2,4.72
GL4-231-060,8.66,12.2,4.72
GB7-090-060,8.66,12.2,4.72
HF2-A06-070,8.66,12.2,4.72
GL4-646-055,8.66,12.2,4.72
GO6-A74-055,8.66,12.2,4.72
HF2-001-065,8.66,12.2,4.72
IC9-A93-070,8.66,12.2,4.72
GO6-A74-070,8.66,12.2,4.72
GO6-A74-065,8.66,12.2,4.72
GO6-194-055,8.66,12.2,4.72
IC9-535-065,8.66,12.2,4.72
GB7-A85-050,8.66,12.2,4.72
GB7-A54-055,8.66,12.2,4.72
GL4-646-070,8.66,12.2,4.72
GL4-231-070,8.66,12.2,4.72
GO6-A74-050,8.66,12.2,4.72
GB7-A85-070,8.66,12.2,4.72
GL4-231-055,8.66,12.2,4.72
EH8-137-050,8.66,12.2,4.72
GB7-090-070,8.66,12.2,4.72
IF6-001-050,8.66,12.2,4.72
EH8-892-070,8.66,12.2,4.72
EH8-892-065,8.66,12.2,4.72
EH8-892-060,8.66,12.2,4.72
EH8-137-070,8.66,12.2,4.72
EH8-137-060,8.66,12.2,4.72
HX6-001-060,8.66,12.2,4.72
GB7-646-050,8.66,12.2,4.72
GB7-646-065,8.66,12.2,4.72
GB7-646-055,8.66,12.2,4.72
IB6-001-060,8.66,12.2,4.72
IB6-001-070,8.66,12.2,4.72
IB6-167-050,8.66,12.2,4.72
IB6-167-060,8.66,12.2,4.72
GL4-646-050,8.66,12.2,4.72
HF2-A06-060,8.66,12.2,4.72
IB6-A20-070,8.66,12.2,4.72
IB6-B58-050,8.66,12.2,4.72
GB7-090-065,8.66,12.2,4.72
HV3-A61-060,8.66,12.2,4.72
HF2-A89-050,8.66,12.2,4.72
GB7-231-070,8.66,12.2,4.72
E2Y-D07-055,8.66,12.2,4.72
FM1-592-080,8.66,12.2,4.72
HF3-B25-065,8.66,12.2,4.72
HF2-194-070,8.66,12.2,4.72
HF2-A06-055,8.66,12.2,4.72
HF2-194-065,8.66,12.2,4.72
HF2-194-060,8.66,12.2,4.72
E2W-A99-050,8.66,12.2,4.72
HF2-001-070,8.66,12.2,4.72
HF2-001-060,8.66,12.2,4.72
HF2-399-070,8.66,12.2,4.72
Q34-570-060,8.66,12.2,4.72
HF2-A89-055,8.66,12.2,4.72
IF6-B77-060,8.66,12.2,4.72
GB7-A54-070,8.66,12.2,4.72
IC9-A93-060,8.66,12.2,4.72
GB7-A85-060,8.66,12.2,4.72
FA4-482-070,8.66,12.2,4.72
EZ2-090-050,8.66,12.2,4.72
IF6-B77-050,8.66,12.2,4.72
HV3-A61-070,8.66,12.2,4.72
HF2-A06-050,8.66,12.2,4.72
IB6-B58-060,8.66,12.2,4.72
GB7-A22-055,8.66,12.2,4.72
IC9-A93-055,8.66,12.2,4.72
HF3-B25-060,8.66,12.2,4.72
GO6-A74-060,8.66,12.2,4.72
IF6-A69-060,8.66,12.2,4.72
IF6-A69-070,8.66,12.2,4.72
E2W-A99-065,8.66,12.2,4.72
E2W-A99-060,8.66,12.2,4.72
E2W-A99-055,8.66,12.2,4.72
HF3-B25-055,8.66,12.2,4.72
GA6-A46-065,8.66,12.2,4.72
E2Y-167-070,8.66,12.2,4.72
GB7-A54-060,8.66,12.2,4.72
HF2-001-050,8.66,12.2,4.72
E2Y-167-065,8.66,12.2,4.72
HF2-A89-070,8.66,12.2,4.72
IC9-535-060,8.66,12.2,4.72
E2Y-167-060,8.66,12.2,4.72
E2Y-167-055,8.66,12.2,4.72
IC9-477-060,8.66,12.2,4.72
IC9-A93-050,8.66,12.2,4.72
IC9-535-070,8.66,12.2,4.72
IC9-A93-065,8.66,12.2,4.72
IC9-535-055,8.66,12.2,4.72
GB7-646-060,8.66,12.2,4.72
HF2-A06-065,8.66,12.2,4.72
IC9-477-065,8.66,12.2,4.72
HF2-194-050,8.66,12.2,4.72
E2Y-D07-065,8.66,12.2,4.72
GB7-A22-065,8.66,12.2,4.72
E2Y-D07-070,8.66,12.2,4.72
GB7-231-060,8.66,12.2,4.72
GB7-231-065,8.66,12.2,4.72
GB7-A22-060,8.66,12.2,4.72
IC9-477-070,8.66,12.2,4.72
GB7-090-055,8.66,12.2,4.72
E2W-A99-070,8.66,12.2,4.72
HF3-B13-060,8.66,12.2,4.72
E2Y-D07-050,8.66,12.2,4.72
HF3-B25-070,8.66,12.2,4.72
IX1-C75-120,7.8,12.8,5.01
IX1-090-120,7.8,12.8,5.01
IX1-C75-115,7.8,12.8,5.01
JM2-D05-065,8.5,12.5,4.71
E7B-001-065,8.5,12.5,4.71
E7B-090-070,8.5,12.5,4.71
E7B-D06-065,8.5,12.5,4.71
JM2-B93-060,8.5,12.5,4.71
E7B-090-080,8.5,12.5,4.71
E7B-001-090,8.5,12.5,4.71
E7B-090-090,8.5,12.5,4.71
E7B-D06-060,8.5,12.5,4.71
JM2-D06-080,8.5,12.5,4.71
E7C-C88-090,8.5,12.5,4.71
E7B-D06-090,8.5,12.5,4.71
JM2-D06-065,8.5,12.5,4.71
JM2-D06-070,8.5,12.5,4.71
E7C-001-060,8.5,12.5,4.71
JM2-B93-070,8.5,12.5,4.71
JM2-B93-090,8.5,12.5,4.71
E6Y-C88-060,8.5,12.5,4.71
E7B-D06-080,8.5,12.5,4.71
E6Y-001-080,8.5,12.5,4.71
E7B-001-080,8.5,12.5,4.71
E6Y-C88-090,8.5,12.5,4.71
JM2-D06-090,8.5,12.5,4.71
E6Y-C88-070,8.5,12.5,4.71
E7B-D06-070,8.5,12.5,4.71
E6Y-001-060,8.5,12.5,4.71
E6Y-001-070,8.5,12.5,4.71
E6Y-C88-080,8.5,12.5,4.71
E6Y-001-090,8.5,12.5,4.71
JM2-B93-065,8.5,12.5,4.71
JM2-D05-070,8.5,12.5,4.71
E7C-C88-080,8.5,12.5,4.71
JM1-D05-065,8.5,12.5,4.71
JM2-D05-080,8.5,12.5,4.71
JM2-D06-060,8.5,12.5,4.71
E6Y-C88-065,8.5,12.5,4.71
E7B-001-060,8.5,12.5,4.71
E7C-001-090,8.5,12.5,4.71
JM1-D05-070,8.5,12.5,4.71
JM1-D05-080,8.5,12.5,4.71
JM1-D05-090,8.5,12.5,4.71
JM2-D05-090,8.5,12.5,4.71
E7C-001-080,8.5,12.5,4.71
E7C-C88-070,8.5,12.5,4.71
E7B-001-070,8.5,12.5,4.71
E7B-D05-090,8.5,12.5,4.71
E7B-D05-060,8.5,12.5,4.71
JM2-B93-080,8.5,12.5,4.71
JM1-D05-060,8.5,12.5,4.71
E7B-D05-070,8.5,12.5,4.71
E7C-C88-060,8.5,12.5,4.71
E7B-D05-080,8.5,12.5,4.71
FH5-A01-090,8.4,12.4,4.81
FH5-A01-050,8.4,12.4,4.81
FH5-A01-055,8.4,12.4,4.81
FH5-A01-065,8.4,12.4,4.81
FH5-A01-070,8.4,12.4,4.81
FH5-A01-030,8.4,12.4,4.81
FH5-A01-040,8.4,12.4,4.81
FH5-A01-060,8.4,12.4,4.81
IX1-399-120,7.9,12.7,5.01
HY5-001-050,8.5,12.3,4.81
HY5-001-065,8.5,12.3,4.81
HY5-001-055,8.5,12.3,4.81
HY5-001-060,8.5,12.3,4.81
HF4-C88-080,8.4,12,5.01
FB7-399-065,9.06,11.81,4.72
IV9-675-060,9.06,11.81,4.72
EK8-090-070,9.06,11.81,4.72
EK8-090-055,9.06,11.81,4.72
HL1-D16-045,9.06,11.81,4.72
EK8-090-065,9.06,11.81,4.72
EK8-090-050,9.06,11.81,4.72
IV9-675-055,9.06,11.81,4.72
IV9-090-060,9.06,11.81,4.72
IW2-011-065,9.06,11.81,4.72
FC1-477-050,9.06,11.81,4.72
E1X-090-055,9.06,11.81,4.72
IV7-C16-070,9.06,11.81,4.72
IV7-C16-065,9.06,11.81,4.72
E1X-090-070,9.06,11.81,4.72
IW2-011-070,9.06,11.81,4.72
E4H-194-055,9.06,11.81,4.72
E22-D24-060,9.06,11.81,4.72
E5E-194-060,9.06,11.81,4.72
E1X-926-060,9.06,11.81,4.72
IW1-C15-050,9.06,11.81,4.72
E4H-011-055,9.06,11.81,4.72
FB7-001-055,9.06,11.81,4.72
FB7-001-060,9.06,11.81,4.72
IW1-675-070,9.06,11.81,4.72
E2D-A69-065,9.06,11.81,4.72
IW2-C20-050,9.06,11.81,4.72
HL1-D16-040,9.06,11.81,4.72
IW1-C15-070,9.06,11.81,4.72
IW2-C15-060,9.06,11.81,4.72
E5E-090-060,9.06,11.81,4.72
E5E-090-055,9.06,11.81,4.72
E5E-090-050,9.06,11.81,4.72
E1V-001-050,9.06,11.81,4.72
IW1-C15-065,9.06,11.81,4.72
IW1-C15-055,9.06,11.81,4.72
IW2-090-065,9.06,11.81,4.72
IW2-090-060,9.06,11.81,4.72
IW1-C15-060,9.06,11.81,4.72
E1V-001-060,9.06,11.81,4.72
FC1-001-060,9.06,11.81,4.72
FC1-001-070,9.06,11.81,4.72
IW1-288-060,9.06,11.81,4.72
FC1-477-060,9.06,11.81,4.72
FC1-477-070,9.06,11.81,4.72
E22-D24-070,9.06,11.81,4.72
E22-D24-050,9.06,11.81,4.72
IY4-A09-055,9.06,11.81,4.72
IW1-A99-070,9.06,11.81,4.72
GQ6-231-030,9.06,11.81,4.72
FB7-001-065,9.06,11.81,4.72
E5E-090-065,9.06,11.81,4.72
E5E-090-070,9.06,11.81,4.72
IV9-090-050,9.06,11.81,4.72
IW1-288-055,9.06,11.81,4.72
E2D-A69-050,9.06,11.81,4.72
FB7-399-050,9.06,11.81,4.72
IW2-011-055,9.06,11.81,4.72
E6F-001-090,9.06,11.81,4.72
GQ5-090-040,9.06,11.81,4.72
IW1-011-050,9.06,11.81,4.72
IW2-011-050,9.06,11.81,4.72
IW1-288-070,9.06,11.81,4.72
E5E-194-050,9.06,11.81,4.72
E5E-194-070,9.06,11.81,4.72
E4H-194-065,9.06,11.81,4.72
IV7-C69-055,9.06,11.81,4.72
IV7-C69-065,9.06,11.81,4.72
E1X-D21-070,9.06,11.81,4.72
E1X-D21-055,9.06,11.81,4.72
IW2-C20-070,9.06,11.81,4.72
IV9-675-070,9.06,11.81,4.72
IW2-A99-070,9.06,11.81,4.72
IW2-A99-050,9.06,11.81,4.72
IW1-675-055,9.06,11.81,4.72
IV9-B41-070,9.06,11.81,4.72
IV9-B41-065,9.06,11.81,4.72
E2D-A69-070,9.06,11.81,4.72
IV7-C16-055,9.06,11.81,4.72
JJ4-090-055,9.06,11.81,4.72
HY8-610-065,9.06,11.81,4.72
FB7-477-050,9.06,11.81,4.72
IW2-090-055,9.06,11.81,4.72
FG9-751-045,9.06,11.81,4.72
IW1-C20-055,9.06,11.81,4.72
IW1-C14-055,9.06,11.81,4.72
IW1-090-050,9.06,11.81,4.72
IW2-675-050,9.06,11.81,4.72
IW1-011-070,9.06,11.81,4.72
E1V-001-065,9.06,11.81,4.72
E1D-090-080,9.06,11.81,4.72
E22-D24-065,9.06,11.81,4.72
IV7-C69-060,9.06,11.81,4.72
E1X-926-050,9.06,11.81,4.72
E4H-194-060,9.06,11.81,4.72
E5E-194-065,9.06,11.81,4.72
IV9-090-070,9.06,11.81,4.72
IW2-090-050,9.06,11.81,4.72
IW2-090-070,9.06,11.81,4.72
FB7-477-060,9.06,11.81,4.72
FB7-399-070,9.06,11.81,4.72
IW1-288-050,9.06,11.81,4.72
E1X-926-055,9.06,11.81,4.72
E1X-D21-050,9.06,11.81,4.72
E1X-D21-065,9.06,11.81,4.72
GP4-A77-030,9.06,11.81,4.72
GQ5-090-030,9.06,11.81,4.72
HS4-001-050,9.06,11.81,4.72
FC1-001-050,9.06,11.81,4.72
E1X-926-070,9.06,11.81,4.72
E6F-C91-090,9.06,11.81,4.72
IV9-A99-070,9.06,11.81,4.72
E6H-C91-080,9.06,11.81,4.72
E4H-194-070,9.06,11.81,4.72
FB7-477-070,9.06,11.81,4.72
IV7-C69-070,9.06,11.81,4.72
HS4-194-070,9.06,11.81,4.72
FB7-399-055,9.06,11.81,4.72
HY8-610-070,9.06,11.81,4.72
IW1-C20-050,9.06,11.81,4.72
HY8-610-060,9.06,11.81,4.72
IV9-B41-060,9.06,11.81,4.72
FB7-001-050,9.06,11.81,4.72
IW1-288-065,9.06,11.81,4.72
E5E-194-055,9.06,11.81,4.72
E6F-C91-080,9.06,11.81,4.72
GQ6-231-040,9.06,11.81,4.72
IW2-C15-050,9.06,11.81,4.72
GP4-A77-040,9.06,11.81,4.72
FG9-090-030,9.06,11.81,4.72
E1D-090-090,9.06,11.81,4.72
HN8-011-050,9.06,11.81,4.72
HN8-011-060,9.06,11.81,4.72
HN8-011-070,9.06,11.81,4.72
HN8-675-050,9.06,11.81,4.72
HN8-675-060,9.06,11.81,4.72
E1X-090-050,9.06,11.81,4.72
E1D-C88-090,9.06,11.81,4.72
E4H-011-065,9.06,11.81,4.72
IW1-011-065,9.06,11.81,4.72
E1X-090-065,9.06,11.81,4.72
E1X-926-065,9.06,11.81,4.72
E6F-001-080,9.06,11.81,4.72
E1X-090-060,9.06,11.81,4.72
IW1-675-050,9.06,11.81,4.72
IW1-A99-065,9.06,11.81,4.72
IW1-C20-065,9.06,11.81,4.72
E2D-A69-060,9.06,11.81,4.72
E2D-A69-055,9.06,11.81,4.72
IW2-C20-065,9.06,11.81,4.72
E4H-011-060,9.06,11.81,4.72
IW1-011-060,9.06,11.81,4.72
HS4-001-070,9.06,11.81,4.72
FV8-C88-090,9.06,11.81,4.72
HY8-610-055,9.06,11.81,4.72
IW4-399-070,9.06,11.81,4.72
JJ4-090-065,9.06,11.81,4.72
IV9-675-065,9.06,11.81,4.72
IW2-675-070,9.06,11.81,4.72
FB7-001-070,9.06,11.81,4.72
FB8-399-050,9.06,11.81,4.72
EJ8-C23-080,9.06,11.81,4.72
EJ8-C23-090,9.06,11.81,4.72
JJ4-090-070,9.06,11.81,4.72
HS5-B09-040,9.06,11.81,4.72
HS5-B09-030,9.06,11.81,4.72
HS5-A86-045,9.06,11.81,4.72
IY4-A09-065,9.06,11.81,4.72
IY4-A09-060,9.06,11.81,4.72
HS5-592-045,9.06,11.81,4.72
HS5-592-030,9.06,11.81,4.72
HS5-001-040,9.06,11.81,4.72
HS5-001-030,9.06,11.81,4.72
HS4-B14-060,9.06,11.81,4.72
HS4-194-060,9.06,11.81,4.72
HY8-610-050,9.06,11.81,4.72
E1V-001-055,9.06,11.81,4.72
IW2-C15-070,9.06,11.81,4.72
IW2-011-060,9.06,11.81,4.72
JJ4-002-060,9.06,11.81,4.72
JJ4-002-050,9.06,11.81,4.72
E6H-C91-090,9.06,11.81,4.72
E1D-194-080,9.06,11.81,4.72
EJ8-C34-080,9.06,11.81,4.72
FG9-751-040,9.06,11.81,4.72
JJ4-090-060,9.06,11.81,4.72
GQ5-090-045,9.06,11.81,4.72
IV7-194-070,9.06,11.81,4.72
IW4-090-050,9.06,11.81,4.72
IV9-C14-060,9.06,11.81,4.72
IV9-A99-065,9.06,11.81,4.72
IV9-675-050,9.06,11.81,4.72
JJ4-090-050,9.06,11.81,4.72
IW4-675-070,9.06,11.81,4.72
IW2-C52-070,9.06,11.81,4.72
IW2-C52-060,9.06,11.81,4.72
JJ4-002-065,9.06,11.81,4.72
JJ4-002-070,9.06,11.81,4.72
E22-D24-055,9.06,11.81,4.72
JK1-090-055,9.06,11.81,4.72
FV8-194-090,9.06,11.81,4.72
FV8-194-080,9.06,11.81,4.72
E4H-194-050,9.06,11.81,4.72
E1D-194-090,9.06,11.81,4.72
FV8-C88-080,9.06,11.81,4.72
HL1-D16-030,9.06,11.81,4.72
E6H-001-090,9.06,11.81,4.72
IW2-C15-055,9.06,11.81,4.72
IW2-C52-050,9.06,11.81,4.72
E4H-011-070,9.06,11.81,4.72
IW2-C15-065,9.06,11.81,4.72
E1X-D21-060,9.06,11.81,4.72
FG9-090-045,9.06,11.81,4.72
JK1-B41-070,9.06,11.81,4.72
JK1-B41-065,9.06,11.81,4.72
E6H-001-080,9.06,11.81,4.72
EK8-194-050,9.06,11.81,4.72
JK1-B41-060,9.06,11.81,4.72
E4H-011-050,9.06,11.81,4.72
IW1-C52-060,9.06,11.81,4.72
IW2-675-055,9.06,11.81,4.72
IW1-C14-065,9.06,11.81,4.72
IW1-B41-060,9.06,11.81,4.72
IW1-B41-050,9.06,11.81,4.72
IW1-A99-060,9.06,11.81,4.72
IW1-C14-070,9.06,11.81,4.72
IW1-A99-050,9.06,11.81,4.72
IW1-675-065,9.06,11.81,4.72
IW1-675-060,9.06,11.81,4.72
IW1-090-065,9.06,11.81,4.72
IW1-090-060,9.06,11.81,4.72
IW1-090-055,9.06,11.81,4.72
IW2-675-065,9.06,11.81,4.72
IV9-A99-060,9.06,11.81,4.72
IV9-B41-055,9.06,11.81,4.72
IV9-090-065,9.06,11.81,4.72
IV9-090-055,9.06,11.81,4.72
IW2-675-060,9.06,11.81,4.72
IW1-090-070,9.06,11.81,4.72
IW1-B41-065,9.06,11.81,4.72
IW1-B41-070,9.06,11.81,4.72
E1D-C88-080,9.06,11.81,4.72
IW2-A99-060,9.06,11.81,4.72
IW1-011-055,9.06,11.81,4.72
EK8-194-060,9.06,11.81,4.72
FG9-090-040,9.06,11.81,4.72
IW1-A99-055,9.06,11.81,4.72
FG9-751-030,9.06,11.81,4.72
IW2-A99-065,9.06,11.81,4.72
IW2-C20-060,9.06,11.81,4.72
IW2-C20-055,9.06,11.81,4.72
IW2-A99-055,9.06,11.81,4.72
FB7-477-065,9.06,11.81,4.72
FB7-477-055,9.06,11.81,4.72
IW2-B41-070,9.06,11.81,4.72
IW2-B41-060,9.06,11.81,4.72
IW2-B41-050,9.06,11.81,4.72
FB7-399-060,9.06,11.81,4.72
HE5-B20-030,8.83,11.83,4.84
IV1-090-060,9.06,11.81,4.73
IV1-090-045,9.06,11.81,4.73
IV1-090-050,9.06,11.81,4.73
IV1-090-055,9.06,11.81,4.73
IV1-090-065,9.06,11.81,4.73
IV1-B43-045,9.06,11.81,4.73
IV1-B43-050,9.06,11.81,4.73
HE5-194-060,9.06,11.81,4.73
IV1-C18-045,9.06,11.81,4.73
IV1-B43-055,9.06,11.81,4.73
IV1-C18-050,9.06,11.81,4.73
IV1-C18-055,9.06,11.81,4.73
IV1-C17-045,9.06,11.81,4.73
IV1-C18-060,9.06,11.81,4.73
IV1-C17-050,9.06,11.81,4.73
IV1-C17-065,9.06,11.81,4.73
HE5-194-070,9.06,11.81,4.73
HE5-194-030,9.06,11.81,4.73
IV1-B43-060,9.06,11.81,4.73
IV1-C17-055,9.06,11.81,4.73
IV1-C17-060,9.06,11.81,4.73
IV1-C18-065,9.06,11.81,4.74
IV1-B43-065,9.06,11.81,4.74
ET9-806-050,8.9,12,4.76
E4X-C91-040,8.4,11.2,5.41
O54-644-080,9.65,12.2,4.33
O54-592-080,9.65,12.2,4.33
O54-592-090,9.65,12.2,4.33
O54-001-080,9.65,12.2,4.33
O54-001-090,9.65,12.2,4.33
JG6-001-065,9.65,12.2,4.34
JG6-194-065,9.65,12.2,4.34
JG6-001-070,9.65,12.2,4.34
JG6-001-055,9.65,12.2,4.34
JG6-194-060,9.65,12.2,4.34
JG6-194-055,9.65,12.2,4.34
JG6-001-060,9.65,12.2,4.34
JG6-194-070,9.65,12.2,4.34
JL1-C98-065,8.5,12,5.01
HF3-C05-040,8.5,12,5.01
JE8-090-070,8.5,12,5.01
JL1-C98-090,8.5,12,5.01
JL1-C98-080,8.5,12,5.01
JL1-C98-070,8.5,12,5.01
E7Q-194-100,8.66,12.6,4.72
268-001-080,8.66,12.6,4.72
268-592-080,8.66,12.6,4.72
E7Q-194-090,8.66,12.6,4.72
E2A-040-090,8.66,12.6,4.72
E7Q-001-090,8.66,12.6,4.72
E7Q-001-100,8.66,12.6,4.72
E2A-040-080,8.66,12.6,4.72
E2A-001-090,8.66,12.6,4.72
268-001-090,8.66,12.6,4.72
E2A-001-080,8.66,12.6,4.72
E7M-030-090,8.66,12.6,4.72
E7M-030-100,8.66,12.6,4.72
268-592-090,8.66,12.6,4.72
E4K-D28-080,8.66,12.6,4.72
E4I-D27-080,8.66,12.6,4.72
JK2-090-080,7.5,13.2,5.21
JK2-090-070,7.5,13.2,5.21
JK2-B41-065,7.5,13.2,5.21
GF1-231-090,8.27,12.2,5.12
E6M-090-060,8.6,12.5,4.81
II8-B77-080,8.6,12.5,4.81
E6M-090-070,8.6,12.5,4.81
E6M-288-090,8.6,12.5,4.81
E6M-090-080,8.6,12.5,4.81
II8-B77-050,8.6,12.5,4.81
E6M-090-090,8.6,12.5,4.81
E6M-288-070,8.6,12.5,4.81
E6M-288-060,8.6,12.5,4.81
II8-B77-060,8.6,12.5,4.81
E6M-288-080,8.6,12.5,4.81
E2E-011-055,9.4,12.2,4.51
JM1-D06-070,8.5,12.2,5.01
E6K-565-090,8.5,12.2,5.01
JM1-B93-060,8.5,12.2,5.01
JM1-B93-080,8.5,12.2,5.01
JM1-B93-070,8.5,12.2,5.01
JM1-B93-090,8.5,12.2,5.01
E6K-565-060,8.5,12.2,5.01
JM1-D06-090,8.5,12.2,5.01
E6K-565-070,8.5,12.2,5.01
JM1-D06-060,8.5,12.2,5.01
JM1-D06-065,8.5,12.2,5.01
E6K-565-080,8.5,12.2,5.01
JM1-D06-080,8.5,12.2,5.01
JM1-B93-065,8.5,12.2,5.01
E6K-C91-060,8.5,12.2,5.01
E6K-C98-065,8.5,12.2,5.01
E6K-C98-060,8.5,12.2,5.01
E6K-565-065,8.5,12.2,5.01
E6K-C91-080,8.5,12.2,5.01
E6K-C98-090,8.5,12.2,5.01
E6K-C98-070,8.5,12.2,5.01
E6K-C98-080,8.5,12.2,5.01
E6K-C91-065,8.5,12.2,5.01
HM8-194-040,8.75,11.88,5.01
FB7-090-080,9.06,12.2,4.72
IK8-646-045,9.06,12.2,4.72
IK8-288-030,9.06,12.2,4.72
FQ3-399-080,9.06,12.2,4.72
AS8-323-070,9.06,12.2,4.72
IG5-011-080,9.06,12.2,4.72
FV6-090-090,9.06,12.2,4.72
IG5-011-090,9.06,12.2,4.72
HX7-442-040,9.06,12.2,4.72
ET9-090-090,9.06,12.2,4.72
E4T-090-080,9.06,12.2,4.72
FQ3-A20-080,9.06,12.2,4.72
Q68-644-090,9.06,12.2,4.72
DR1-001-080,9.06,12.2,4.72
CR2-001-080,9.06,12.2,4.72
CC6-090-090,9.06,12.2,4.72
GX8-A06-090,9.06,12.2,4.72
Z65-001-090,9.06,12.2,4.72
GF9-A83-085,9.06,12.2,4.72
GF9-A83-075,9.06,12.2,4.72
HJ1-C22-080,9.06,12.2,4.72
GA1-090-090,9.06,12.2,4.72
GX7-A76-080,9.06,12.2,4.72
GM3-592-040,9.06,12.2,4.72
FE5-675-090,9.06,12.2,4.72
GU8-A74-080,9.06,12.2,4.72
FZ8-A94-090,9.06,12.2,4.72
HI9-675-090,9.06,12.2,4.72
HA3-A93-075,9.06,12.2,4.72
IK8-001-030,9.06,12.2,4.72
HA3-001-075,9.06,12.2,4.72
CM2-054-090,9.06,12.2,4.72
HJ2-B06-090,9.06,12.2,4.72
HJ1-C23-080,9.06,12.2,4.72
CM2-675-080,9.06,12.2,4.72
ED4-090-090,9.06,12.2,4.72
EJ8-399-090,9.06,12.2,4.72
GM3-A76-035,9.06,12.2,4.72
HK2-B12-090,9.06,12.2,4.72
HJ2-B06-080,9.06,12.2,4.72
IU9-090-090,9.06,12.2,4.72
GM2-090-045,9.06,12.2,4.72
IU9-399-090,9.06,12.2,4.72
ET9-090-080,9.06,12.2,4.72
EU3-011-080,9.06,12.2,4.72
L85-001-090,9.06,12.2,4.72
B1S-167-030,9.06,12.2,4.72
HS4-194-080,9.06,12.2,4.72
AS8-323-050,9.06,12.2,4.72
GU8-194-080,9.06,12.2,4.72
HI9-B06-090,9.06,12.2,4.72
E6C-001-045,9.06,12.2,4.72
GA1-011-090,9.06,12.2,4.72
X03-323-090,9.06,12.2,4.72
FQ1-A57-090,9.06,12.2,4.72
E4T-001-090,9.06,12.2,4.72
DR1-005-080,9.06,12.2,4.72
GG2-001-080,9.06,12.2,4.72
DR1-001-070,9.06,12.2,4.72
IU1-565-090,9.06,12.2,4.72
JJ3-090-080,9.06,12.2,4.72
GA3-011-080,9.06,12.2,4.72
HJ1-B06-090,9.06,12.2,4.72
C91-001-060,9.06,12.2,4.72
GA3-011-090,9.06,12.2,4.72
GS2-011-080,9.06,12.2,4.72
L85-399-090,9.06,12.2,4.72
FH3-090-070,9.06,12.2,4.72
HJ1-C22-090,9.06,12.2,4.72
IU1-675-080,9.06,12.2,4.72
IK8-090-040,9.06,12.2,4.72
IK8-001-035,9.06,12.2,4.72
HA3-001-080,9.06,12.2,4.72
HA3-001-085,9.06,12.2,4.72
HA3-194-085,9.06,12.2,4.72
C91-001-070,9.06,12.2,4.72
IK8-646-035,9.06,12.2,4.72
GG2-194-080,9.06,12.2,4.72
GA3-323-080,9.06,12.2,4.72
HA3-194-080,9.06,12.2,4.72
E5R-892-060,9.06,12.2,4.72
GU8-194-070,9.06,12.2,4.72
FZ8-090-090,9.06,12.2,4.72
FZ8-090-080,9.06,12.2,4.72
FW4-477-080,9.06,12.2,4.72
JJ3-090-090,9.06,12.2,4.72
E5B-194-080,9.06,12.2,4.72
B1S-090-045,9.06,12.2,4.72
B1T-A76-040,9.06,12.2,4.72
GL8-194-080,9.06,12.2,4.72
GA1-090-080,9.06,12.2,4.72
E1K-288-080,9.06,12.2,4.72
FV6-592-080,9.06,12.2,4.72
JF7-001-045,9.06,12.2,4.72
IL3-B96-040,9.06,12.2,4.72
IK8-B72-030,9.06,12.2,4.72
E4F-D26-080,9.06,12.2,4.72
CR2-001-070,9.06,12.2,4.72
X22-399-090,9.06,12.2,4.72
FE5-090-090,9.06,12.2,4.72
JJ3-011-080,9.06,12.2,4.72
E1K-001-080,9.06,12.2,4.72
FX6-A53-050,9.06,12.2,4.72
GF9-231-075,9.06,12.2,4.72
HX2-B41-090,9.06,12.2,4.72
HI9-C90-090,9.06,12.2,4.72
CC6-011-080,9.06,12.2,4.72
DR1-005-070,9.06,12.2,4.72
FT5-A68-060,9.06,12.2,4.72
HX2-399-090,9.06,12.2,4.72
FB7-090-090,9.06,12.2,4.72
GF9-646-070,9.06,12.2,4.72
GA1-011-080,9.06,12.2,4.72
FW4-477-090,9.06,12.2,4.72
FW4-090-090,9.06,12.2,4.72
FW4-090-080,9.06,12.2,4.72
E4A-090-035,9.06,12.2,4.72
HX2-399-080,9.06,12.2,4.72
HJ6-675-065,9.06,12.2,4.72
FV8-090-090,9.06,12.2,4.72
CR2-810-080,9.06,12.2,4.72
HJ6-675-070,9.06,12.2,4.72
FQ1-090-080,9.06,12.2,4.72
IF6-817-070,9.06,12.2,4.72
FX6-A53-060,9.06,12.2,4.72
CC6-675-090,9.06,12.2,4.72
GF9-442-075,9.06,12.2,4.72
HI9-675-080,9.06,12.2,4.72
GF9-646-075,9.06,12.2,4.72
HJ1-323-080,9.06,12.2,4.72
GF9-646-080,9.06,12.2,4.72
E5R-288-065,9.06,12.2,4.72
IB8-011-080,9.06,12.2,4.72
HI9-011-090,9.06,12.2,4.72
CM2-090-090,9.06,12.2,4.72
Q68-644-080,9.06,12.2,4.72
E4S-D29-035,9.06,12.2,4.72
E4S-328-035,9.06,12.2,4.72
FE5-675-080,9.06,12.2,4.72
EJ8-399-080,9.06,12.2,4.72
E5R-288-060,9.06,12.2,4.72
E6C-C91-040,9.06,12.2,4.72
FX6-580-070,9.06,12.2,4.72
FX6-580-050,9.06,12.2,4.72
FQ9-399-070,9.06,12.2,4.72
FQ1-A20-080,9.06,12.2,4.72
IK8-C95-030,9.06,12.2,4.72
FT5-137-050,9.06,12.2,4.72
FT5-137-060,9.06,12.2,4.72
JF7-A99-045,9.06,12.2,4.72
JG1-C25-045,9.06,12.2,4.72
JG1-C26-045,9.06,12.2,4.72
FV8-011-080,9.06,12.2,4.72
FV8-011-090,9.06,12.2,4.72
FV8-090-080,9.06,12.2,4.72
CC6-011-090,9.06,12.2,4.72
FV8-323-080,9.06,12.2,4.72
FV8-592-080,9.06,12.2,4.72
FX6-580-060,9.06,12.2,4.72
FH3-399-055,9.06,12.2,4.72
FH3-090-065,9.06,12.2,4.72
FH3-090-060,9.06,12.2,4.72
FH3-090-055,9.06,12.2,4.72
FH3-090-050,9.06,12.2,4.72
Q68-731-080,9.06,12.2,4.72
X22-399-080,9.06,12.2,4.72
FW4-137-080,9.06,12.2,4.72
FW4-137-090,9.06,12.2,4.72
FW4-592-080,9.06,12.2,4.72
E5R-090-065,9.06,12.2,4.72
GG2-001-090,9.06,12.2,4.72
IU9-399-080,9.06,12.2,4.72
GG2-194-090,9.06,12.2,4.72
FR8-090-090,9.06,12.2,4.72
FV8-592-090,9.06,12.2,4.72
CM2-675-090,9.06,12.2,4.72
E6C-C91-045,9.06,12.2,4.72
ET9-399-090,9.06,12.2,4.72
GF6-455-075,9.06,12.2,4.72
C91-001-050,9.06,12.2,4.72
GF9-A83-070,9.06,12.2,4.72
GF9-A83-080,9.06,12.2,4.72
FV6-592-090,9.06,12.2,4.72
EJ8-323-090,9.06,12.2,4.72
EJ8-323-080,9.06,12.2,4.72
JL6-C20-045,9.06,12.2,4.72
HI9-399-080,9.06,12.2,4.72
GF9-646-085,9.06,12.2,4.72
FZ8-A94-080,9.06,12.2,4.72
GL9-751-080,9.06,12.2,4.72
GL9-751-090,9.06,12.2,4.72
IK8-B72-040,9.06,12.2,4.72
JF7-675-045,9.06,12.2,4.72
ED4-090-080,9.06,12.2,4.72
DZ2-892-080,9.06,12.2,4.72
IK8-090-030,9.06,12.2,4.72
HJ1-B06-080,9.06,12.2,4.72
GR3-090-080,9.06,12.2,4.72
GR3-090-090,9.06,12.2,4.72
GR3-A76-090,9.06,12.2,4.72
DQ5-399-090,9.06,12.2,4.72
E4T-194-090,9.06,12.2,4.72
GM2-090-030,9.06,12.2,4.72
GM2-090-040,9.06,12.2,4.72
CM2-054-080,9.06,12.2,4.72
GM3-592-045,9.06,12.2,4.72
GM3-A76-045,9.06,12.2,4.72
CM2-090-080,9.06,12.2,4.72
E4T-001-080,9.06,12.2,4.72
EL8-194-080,9.06,12.2,4.72
EL8-194-090,9.06,12.2,4.72
IK8-288-040,9.06,12.2,4.72
L85-617-090,9.06,12.2,4.72
EJ8-090-090,9.06,12.2,4.72
ET9-011-090,9.06,12.2,4.72
ET9-011-080,9.06,12.2,4.72
ES7-090-080,9.06,12.2,4.72
GF6-455-085,9.06,12.2,4.72
E5R-892-070,9.06,12.2,4.72
ET5-675-080,9.06,12.2,4.72
HX2-B41-080,9.06,12.2,4.72
IK8-B72-045,9.06,12.2,4.72
E21-001-070,9.06,12.2,4.72
E5R-090-060,9.06,12.2,4.72
ES7-675-090,9.06,12.2,4.72
ET3-339-080,9.06,12.2,4.72
E5R-892-050,9.06,12.2,4.72
IF6-817-060,9.06,12.2,4.72
IF6-076-060,9.06,12.2,4.72
CR2-810-070,9.06,12.2,4.72
I88-817-080,9.06,12.2,4.72
B1S-167-040,9.06,12.2,4.72
E4C-076-035,9.06,12.2,4.72
FT6-675-050,9.06,12.2,4.72
ES6-090-080,9.06,12.2,4.72
HX2-001-090,9.06,12.2,4.72
FT5-A68-050,9.06,12.2,4.72
ES6-592-090,9.06,12.2,4.72
FT5-675-070,9.06,12.2,4.72
FT5-675-060,9.06,12.2,4.72
ES7-090-090,9.06,12.2,4.72
IF6-076-050,9.06,12.2,4.72
GR3-A76-080,9.06,12.2,4.72
ES6-592-080,9.06,12.2,4.72
HX7-A25-045,9.06,12.2,4.72
FQ1-A57-080,9.06,12.2,4.72
HS5-001-050,9.06,12.2,4.72
FE5-090-080,9.06,12.2,4.72
E5B-090-090,9.06,12.2,4.72
HI9-C98-080,9.06,12.2,4.72
IU1-675-090,9.06,12.2,4.72
IK8-646-040,9.06,12.2,4.72
E5R-076-065,9.06,12.2,4.72
IF6-076-065,9.06,12.2,4.72
X03-323-080,9.06,12.2,4.72
JF7-C15-045,9.06,12.2,4.72
HA3-194-070,9.06,12.2,4.72
CC6-675-080,9.06,12.2,4.72
IK8-288-045,9.06,12.2,4.72
HJ6-675-060,9.06,12.2,4.72
L85-001-080,9.06,12.2,4.72
JF7-675-040,9.06,12.2,4.72
E5R-288-050,9.06,12.2,4.72
IK8-001-045,9.06,12.2,4.72
IK8-C95-040,9.06,12.2,4.72
E4S-328-045,9.06,12.2,4.72
IC8-001-050,9.06,12.2,4.72
GF9-231-070,9.06,12.2,4.72
IF6-076-070,9.06,12.2,4.72
JF7-675-050,9.06,12.2,4.72
HJ1-B38-090,9.06,12.2,4.72
IC8-535-070,9.06,12.2,4.72
HS4-194-090,9.06,12.2,4.72
IC8-535-065,9.06,12.2,4.72
IC8-535-060,9.06,12.2,4.72
IC8-001-065,9.06,12.2,4.72
IU1-565-080,9.06,12.2,4.72
E5B-194-090,9.06,12.2,4.72
IC8-001-055,9.06,12.2,4.72
JL6-C20-030,9.06,12.2,4.72
ID7-B43-040,9.06,12.2,4.72
ID7-B43-030,9.06,12.2,4.72
IK8-D39-040,9.06,12.2,4.72
IC8-001-060,9.06,12.2,4.72
E4F-D26-090,9.06,12.2,4.72
E5B-090-080,9.06,12.2,4.72
E4A-090-040,9.06,12.2,4.72
HA3-194-075,9.06,12.2,4.72
HX7-442-045,9.06,12.2,4.72
HX2-001-080,9.06,12.2,4.72
HS5-592-065,9.06,12.2,4.72
E22-D26-040,9.06,12.2,4.72
HS5-592-060,9.06,12.2,4.72
HS5-592-055,9.06,12.2,4.72
HS5-592-050,9.06,12.2,4.72
FQ1-090-090,9.06,12.2,4.72
HS5-001-070,9.06,12.2,4.72
HS5-001-060,9.06,12.2,4.72
HS5-592-070,9.06,12.2,4.72
HS5-001-055,9.06,12.2,4.72
E21-194-050,9.06,12.2,4.72
HA3-001-070,9.06,12.2,4.72
HA3-A93-080,9.06,12.2,4.72
EJ8-090-080,9.06,12.2,4.72
E4S-328-030,9.06,12.2,4.72
HX7-A25-040,9.06,12.2,4.72
E4T-011-090,9.06,12.2,4.72
E4T-011-080,9.06,12.2,4.72
JJ3-011-090,9.06,12.2,4.72
HX2-C15-090,9.06,12.2,4.72
HS5-A86-050,9.06,12.2,4.72
HS5-A86-070,9.06,12.2,4.72
IK8-D39-030,9.06,12.2,4.72
F65-137-090,9.06,12.2,4.72
E21-001-050,9.06,12.2,4.72
JJ3-399-080,9.06,12.2,4.72
HS4-001-080,9.06,12.2,4.72
HS5-B09-060,9.06,12.2,4.72
E21-001-060,9.06,12.2,4.72
HS5-B09-065,9.06,12.2,4.72
HS5-A86-055,9.06,12.2,4.72
HI9-399-090,9.06,12.2,4.72
E22-D26-030,9.06,12.2,4.72
E4S-D29-040,9.06,12.2,4.72
E5R-892-065,9.06,12.2,4.72
IK8-646-030,9.06,12.2,4.72
B1T-090-030,9.06,12.2,4.72
E1K-001-090,9.06,12.2,4.72
HS5-B09-070,9.06,12.2,4.72
HS5-B09-055,9.06,12.2,4.72
E5R-090-050,9.06,12.2,4.72
HJ1-B38-080,9.06,12.2,4.72
HJ6-675-050,9.06,12.2,4.72
HL7-A89-080,9.06,12.2,4.72
B1S-167-045,9.06,12.2,4.72
HL7-A96-080,9.06,12.2,4.72
E21-194-060,9.06,12.2,4.72
F65-137-080,9.06,12.2,4.72
E21-194-055,9.06,12.2,4.72
HJ1-B84-090,9.06,12.2,4.72
CC6-090-080,9.06,12.2,4.72
E4S-D29-045,9.06,12.2,4.72
E1K-288-090,9.06,12.2,4.72
Y12-738-090,9.06,12.2,4.72
IK8-D39-045,9.06,12.2,4.72
Y12-738-080,9.06,12.2,4.72
I88-C89-080,9.06,12.2,4.72
IK8-C96-040,9.06,12.2,4.72
B1S-090-040,9.06,12.2,4.72
AS8-011-070,9.06,12.2,4.72
E4T-194-080,9.06,12.2,4.72
E22-D26-045,9.06,12.2,4.72
HX7-A25-030,9.06,12.2,4.72
HI9-B06-080,9.06,12.2,4.72
HI9-011-080,9.06,12.2,4.72
GM3-592-030,9.06,12.2,4.72
IL3-B96-030,9.06,12.2,4.72
IK8-090-045,9.06,12.2,4.72
IK8-001-040,9.06,12.2,4.72
HX7-442-030,9.06,12.2,4.72
ET3-399-080,9.06,12.2,4.72
HI9-C90-080,9.06,12.2,4.72
FV6-090-080,9.06,12.2,4.72
E21-194-070,9.06,12.2,4.72
AS8-323-060,9.06,12.2,4.72
E21-194-065,9.06,12.2,4.72
B1T-A76-045,9.06,12.2,4.72
HI9-C98-090,9.06,12.2,4.72
Q68-731-090,9.06,12.2,4.72
E4T-090-090,9.06,12.2,4.72
E4S-D29-030,9.06,12.2,4.72
HX2-194-090,9.06,12.2,4.72
Y12-090-080,9.06,12.2,4.72
HJ2-C23-080,9.06,12.2,4.72
IF6-817-050,9.06,12.2,4.72
HJ1-C23-090,9.06,12.2,4.72
HJ1-B84-080,9.06,12.2,4.72
JL6-C20-040,9.06,12.2,4.72
HK2-B09-080,9.06,12.2,4.72
IU9-090-080,9.06,12.2,4.72
E21-001-065,9.06,12.2,4.72
E4S-328-040,9.06,12.2,4.72
HX2-C99-080,9.06,12.2,4.72
E5R-090-070,9.06,12.2,4.72
I88-C88-080,9.06,12.2,4.72
JF5-C15-045,9.06,12.2,4.72
Z65-011-080,9.06,12.2,4.72
HJ1-323-090,9.06,12.2,4.72
IK8-C95-045,9.06,12.2,4.72
IF6-817-065,9.06,12.2,4.72
JF4-C15-050,9.06,12.2,4.72
JF4-C14-050,9.06,12.2,4.72
I88-C88-070,9.06,12.2,4.72
HJ2-C22-090,9.06,12.2,4.72
HJ2-C22-080,9.06,12.2,4.72
I88-817-070,9.06,12.2,4.72
JL6-090-060,9.06,12.2,4.73
JF5-C15-030,9.06,12.2,4.73
JF6-001-050,9.06,12.2,4.73
JG7-C41-050,9.06,12.2,4.73
JG7-C41-040,9.06,12.2,4.73
JG7-687-045,9.06,12.2,4.73
JF7-001-040,9.06,12.2,4.73
JF7-A99-030,9.06,12.2,4.73
JG7-194-050,9.06,12.2,4.73
JG8-C68-080,9.06,12.2,4.73
IB8-011-090,9.06,12.2,4.73
JF7-A99-040,9.06,12.2,4.73
JF7-A99-050,9.06,12.2,4.73
JF7-C15-030,9.06,12.2,4.73
JG1-C25-030,9.06,12.2,4.73
JG7-194-040,9.06,12.2,4.73
JF7-C15-050,9.06,12.2,4.73
JF5-675-045,9.06,12.2,4.73
JF5-675-050,9.06,12.2,4.73
JF5-A99-050,9.06,12.2,4.73
JG1-C24-050,9.06,12.2,4.73
JG7-194-035,9.06,12.2,4.73
JL6-090-030,9.06,12.2,4.73
JL6-090-050,9.06,12.2,4.73
JG7-C41-030,9.06,12.2,4.73
JL6-090-055,9.06,12.2,4.73
JF5-A99-040,9.06,12.2,4.73
JG1-C26-040,9.06,12.2,4.73
JG7-687-050,9.06,12.2,4.73
JL6-B41-045,9.06,12.2,4.73
JL6-B41-050,9.06,12.2,4.73
JF5-675-030,9.06,12.2,4.73
JF5-001-030,9.06,12.2,4.73
JF7-001-030,9.06,12.2,4.73
JL6-B41-040,9.06,12.2,4.73
JF5-001-040,9.06,12.2,4.73
JF5-001-050,9.06,12.2,4.73
JF7-C15-040,9.06,12.2,4.73
JG1-C26-050,9.06,12.2,4.73
JG7-194-030,9.06,12.2,4.73
JL6-090-040,9.06,12.2,4.73
JF5-C15-040,9.06,12.2,4.73
JF5-001-045,9.06,12.2,4.73
JG7-687-040,9.06,12.2,4.73
JG1-C25-040,9.06,12.2,4.73
JL6-090-045,9.06,12.2,4.73
JF7-001-050,9.06,12.2,4.73
JF5-675-040,9.06,12.2,4.73
JL6-B41-030,9.06,12.2,4.73
IB8-090-090,9.06,12.2,4.73
GS2-616-080,9.06,12.2,4.73
JG8-B41-090,9.06,12.2,4.73
JG7-C41-045,9.06,12.2,4.73
JG8-C68-090,9.06,12.2,4.73
JG1-C24-030,9.06,12.2,4.73
IB8-090-080,9.06,12.2,4.73
JG7-687-035,9.06,12.2,4.73
JG1-C24-040,9.06,12.2,4.74
GS2-616-090,9.06,12.2,4.74
Y54-001-070,10.63,11.42,4.33
E6K-C91-070,8.6,12.2,5.01
HF4-C88-065,8.4,12.5,5.01
HF4-D02-065,8.4,12.5,5.01
HF4-D02-070,8.4,12.5,5.01
HF4-C88-070,8.4,12.5,5.01
HF4-C88-090,8.4,12.5,5.01
HF4-040-070,8.4,12.5,5.01
HF4-D02-060,8.4,12.5,5.01
HF4-040-090,8.4,12.5,5.01
JE8-090-090,8.5,12.4,5.01
JE8-A99-070,8.5,12.4,5.01
JE8-C15-060,8.5,12.4,5.01
JE8-A99-080,8.5,12.4,5.01
JE8-A99-090,8.5,12.4,5.01
GZ6-592-100,8.5,11.7,5.31
GZ6-167-110,8.5,11.7,5.31
JJ9-231-090,8.3,12.7,5.01
JJ9-231-100,8.3,12.7,5.01
JJ9-C80-090,8.3,12.7,5.01
HS6-A86-065,9,12.2,4.81
HS6-A86-060,9,12.2,4.81
HS6-A86-045,9,12.2,4.81
HS6-592-080,9,12.2,4.81
HS6-A86-070,9,12.2,4.81
HS6-592-070,9,12.2,4.81
HJ5-B58-060,9,12.2,4.81
HJ5-B58-065,9,12.2,4.81
HS6-592-065,9,12.2,4.81
HJ7-B58-065,9,12.2,4.81
HJ5-B58-055,9,12.2,4.81
HJ7-B58-060,9,12.2,4.81
HS6-A86-090,9,12.2,4.81
HS6-592-060,9,12.2,4.81
HS6-592-090,9,12.2,4.81
HJ7-B58-055,9,12.2,4.81
HS6-592-050,9,12.2,4.81
HS6-592-055,9,12.2,4.81
HS6-592-045,9,12.2,4.81
HS6-592-040,9,12.2,4.81
HS6-592-030,9,12.2,4.81
E2E-011-050,9.4,12.5,4.51
E2E-011-060,9.4,12.5,4.51
E2E-011-065,9.4,12.5,4.51
HE5-B20-070,8.85,12.25,4.89
Q68-001-080,8.66,12.99,4.72
Q68-001-090,8.66,12.99,4.72
HE5-B20-060,8.88,12.25,4.89
HE5-B20-050,8.88,12.25,4.89
HE5-B20-080,8.88,12.25,4.89
E6K-C91-090,8.5,12.5,5.01
IG6-011-030,8.27,12.6,5.11
IG6-011-090,8.27,12.6,5.11
IG6-011-080,8.27,12.6,5.11
IJ3-011-060,8.27,12.6,5.11
IJ3-011-055,8.27,12.6,5.11
IG6-011-070,8.27,12.6,5.11
GZ6-A93-080,8.5,11.8,5.31
GZ7-592-115,8.5,11.8,5.31
GZ6-001-115,8.5,11.8,5.31
GZ7-592-090,8.5,11.8,5.31
GZ7-A93-120,8.5,11.8,5.31
GZ6-001-120,8.5,11.8,5.31
GZ6-167-100,8.5,11.8,5.31
GZ6-001-090,8.5,11.8,5.31
GZ7-001-090,8.5,11.8,5.31
GZ7-001-100,8.5,11.8,5.31
GZ7-592-100,8.5,11.8,5.31
GZ6-592-090,8.5,11.8,5.31
GZ6-001-080,8.5,11.8,5.31
GZ7-592-120,8.5,11.8,5.31
GZ6-592-115,8.5,11.8,5.31
GZ7-A93-115,8.5,11.8,5.31
GZ7-A93-110,8.5,11.8,5.31
GZ7-001-115,8.5,11.8,5.31
GZ6-A93-100,8.5,11.8,5.31
GZ6-A93-110,8.5,11.8,5.31
GZ6-A93-115,8.5,11.8,5.31
GZ6-A93-120,8.5,11.8,5.31
GZ7-001-110,8.5,11.8,5.31
GZ6-592-110,8.5,11.8,5.31
GZ7-167-070,8.5,11.8,5.31
GZ7-167-080,8.5,11.8,5.31
GZ6-A93-090,8.5,11.8,5.31
GZ6-001-100,8.5,11.8,5.31
GZ6-167-115,8.5,11.8,5.31
GZ7-001-120,8.5,11.8,5.31
GZ6-001-110,8.5,11.8,5.31
GZ7-167-110,8.5,11.8,5.31
GZ7-167-115,8.5,11.8,5.31
GZ7-592-080,8.5,11.8,5.31
GZ7-592-110,8.5,11.8,5.31
GZ7-A93-090,8.5,11.8,5.31
GZ6-592-120,8.5,11.8,5.31
GZ6-592-080,8.5,11.8,5.31
IB8-399-070,8.9,12.2,4.91
IB8-399-050,8.9,12.2,4.91
HW8-001-070,8.9,12.2,4.91
IB8-399-060,8.9,12.2,4.91
IB8-399-080,8.9,12.2,4.91
IB8-399-030,8.9,12.2,4.91
IB8-399-040,8.9,12.2,4.91
IB8-399-090,8.9,12.2,4.91
HW8-001-060,8.9,12.2,4.91
JB5-090-080,8.27,12.6,5.12
E7S-167-070,8.27,12.6,5.12
EB1-675-090,8.27,12.6,5.12
H88-841-120,8.27,12.6,5.12
L05-001-090,8.27,12.6,5.12
GT6-001-100,8.27,12.6,5.12
L05-277-090,8.27,12.6,5.12
E7T-167-080,8.27,12.6,5.12
JB6-B41-090,8.27,12.6,5.12
GT2-001-090,8.27,12.6,5.12
GT4-001-100,8.27,12.6,5.12
GD2-001-100,8.27,12.6,5.12
AQ3-925-090,8.27,12.6,5.12
HA6-001-090,8.27,12.6,5.12
JB6-B41-080,8.27,12.6,5.12
E7T-167-070,8.27,12.6,5.12
AQ3-925-100,8.27,12.6,5.12
L66-001-100,8.27,12.6,5.12
GT2-001-100,8.27,12.6,5.12
279-277-090,8.27,12.6,5.12
L05-001-100,8.27,12.6,5.12
GW8-090-060,8.27,12.6,5.12
279-167-100,8.27,12.6,5.12
H88-841-100,8.27,12.6,5.12
GW8-090-070,8.27,12.6,5.12
279-090-100,8.27,12.6,5.12
GW8-090-050,8.27,12.6,5.12
EB1-090-090,8.27,12.6,5.12
GW5-A20-070,8.27,12.6,5.12
HA6-001-100,8.27,12.6,5.12
GD1-001-090,8.27,12.6,5.12
279-090-090,8.27,12.6,5.12
AQ1-001-090,8.27,12.6,5.12
AQ3-040-090,8.27,12.6,5.12
L05-277-100,8.27,12.6,5.12
JA2-090-090,8.27,12.6,5.12
GT6-001-090,8.27,12.6,5.12
AQ3-040-100,8.27,12.6,5.12
AQ3-399-100,8.27,12.6,5.12
GF1-399-090,8.27,12.6,5.12
GT4-001-090,8.27,12.6,5.12
AQ1-399-100,8.27,12.6,5.12
279-005-100,8.27,12.6,5.12
279-167-090,8.27,12.6,5.12
JA2-090-100,8.27,12.6,5.12
GF1-399-100,8.27,12.6,5.12
JB6-090-080,8.27,12.6,5.12
GD1-167-090,8.27,12.6,5.12
GD2-001-090,8.27,12.6,5.12
GF5-090-090,8.27,12.6,5.12
AQ3-001-090,8.27,12.6,5.12
EB1-592-080,8.27,12.6,5.12
H88-841-110,8.27,12.6,5.12
E7S-167-080,8.27,12.6,5.12
279-005-090,8.27,12.6,5.12
L05-399-100,8.27,12.6,5.12
L66-001-090,8.27,12.6,5.12
AQ3-399-090,8.27,12.6,5.12
279-277-100,8.27,12.6,5.12
EB1-675-080,8.27,12.6,5.12
EB1-090-080,8.27,12.6,5.12
H88-841-090,8.27,12.6,5.12
AQ1-001-100,8.27,12.6,5.12
AQ3-001-100,8.27,12.6,5.12
EB1-592-090,8.27,12.6,5.12
L05-399-090,8.27,12.6,5.12
GD1-001-100,8.27,12.6,5.12
FK4-A11-090,9.15,12.25,4.76
IB4-090-065,8.3,12.6,5.11
IB4-090-040,8.3,12.6,5.11
IB4-090-080,8.3,12.6,5.11
IB4-090-050,8.3,12.6,5.11
IB4-090-030,8.3,12.6,5.11
IB4-090-060,8.3,12.6,5.11
IZ7-B41-050,8.4,12.7,5.01
IZ7-B41-065,8.4,12.7,5.01
IZ7-B41-060,8.4,12.7,5.01
HW9-864-050,8.27,12.6,5.13
IJ2-011-050,8.27,12.6,5.13
IJ2-011-090,8.27,12.6,5.13
IJ2-011-060,8.27,12.6,5.13
IJ2-011-030,8.27,12.6,5.13
IJ1-011-030,8.27,12.6,5.13
IJ2-011-070,8.27,12.6,5.13
HW9-864-070,8.27,12.6,5.13
IK5-011-040,9,12.1,4.91
IK5-011-060,9,12.1,4.91
IK5-011-030,9,12.1,4.91
IK5-011-090,9,12.1,4.91
IK5-011-070,9,12.1,4.91
IK5-011-080,9,12.1,4.91
IK5-011-050,9,12.1,4.91
IB4-535-030,8.2,12.8,5.11
IB4-535-060,8.2,12.8,5.11
IB4-535-080,8.2,12.8,5.11
IB4-535-070,8.2,12.8,5.11
IB4-535-090,8.2,12.8,5.11
IB4-535-040,8.2,12.8,5.11
IB4-535-065,8.2,12.8,5.11
IB4-535-050,8.2,12.8,5.11
JK2-002-090,7.8,13.2,5.21
JK2-002-070,7.8,13.2,5.21
E5S-288-065,8.66,12.6,4.92
E5S-090-065,8.66,12.6,4.92
E5Q-090-080,8.66,12.6,4.92
E5S-090-050,8.66,12.6,4.92
E5S-076-050,8.66,12.6,4.92
E5S-892-060,8.66,12.6,4.92
IP8-C06-070,8.66,12.6,4.92
IP8-C07-070,8.66,12.6,4.92
E5Q-090-090,8.66,12.6,4.92
E5S-288-060,8.66,12.6,4.92
E5S-892-070,8.66,12.6,4.92
E5S-288-070,8.66,12.6,4.92
J61-592-090,8.66,12.6,4.92
E5S-892-065,8.66,12.6,4.92
E5S-076-065,8.66,12.6,4.92
E5S-076-060,8.66,12.6,4.92
HE7-B41-080,8.66,12.6,4.92
E5S-090-060,8.66,12.6,4.92
E5Q-D07-080,8.66,12.6,4.92
E5Q-D07-090,8.66,12.6,4.92
J61-592-100,8.66,12.6,4.92
HE8-B41-080,8.66,12.6,4.92
E5P-090-080,8.66,12.6,4.92
HE7-B41-090,8.66,12.6,4.92
HE8-B41-090,8.66,12.6,4.92
E5S-892-050,8.66,12.6,4.92
E5S-288-050,8.66,12.6,4.92
E5P-090-090,8.66,12.6,4.92
E5S-090-070,8.66,12.6,4.92
E5S-076-070,8.66,12.6,4.92
JH4-C59-080,8.66,12.6,4.93
E6N-D19-090,7.8,13,5.31
E6N-D20-070,7.8,13,5.31
E6N-D20-065,7.8,13,5.31
E6N-D19-070,7.8,13,5.31
E6N-D20-060,7.8,13,5.31
E6N-D20-090,7.8,13,5.31
E6N-D19-080,7.8,13,5.31
E6N-D19-065,7.8,13,5.31
E6N-D20-080,7.8,13,5.31
E6N-D19-060,7.8,13,5.31
IC5-040-070,8.4,12.8,5.01
IC5-040-080,8.4,12.8,5.01
IC5-040-065,8.4,12.8,5.01
IC5-040-060,8.4,12.8,5.01
IK5-675-050,9,12.2,4.91
IK5-675-030,9,12.2,4.91
IK5-675-090,9,12.2,4.91
IB8-A99-050,9,12.2,4.91
IB8-A99-040,9,12.2,4.91
IK5-675-080,9,12.2,4.91
IB8-A99-090,9,12.2,4.91
IB8-A99-080,9,12.2,4.91
IK5-675-070,9,12.2,4.91
IK5-675-060,9,12.2,4.91
IK5-675-040,9,12.2,4.91
IB8-A99-070,9,12.2,4.91
E7X-D12-110,7.7,13.2,5.31
E7X-D31-090,7.7,13.2,5.31
E7X-D31-070,7.7,13.2,5.31
E7X-D12-120,7.7,13.2,5.31
E7X-D32-115,7.7,13.2,5.31
E7X-D32-110,7.7,13.2,5.31
E7X-D31-080,7.7,13.2,5.31
E7X-D32-120,7.7,13.2,5.31
E7X-D31-100,7.7,13.2,5.31
E7X-D12-115,7.7,13.2,5.31
HY7-001-065,9,12,5.01
HG9-A20-055,9,12,5.01
IC1-090-080,9,12,5.01
JL8-675-030,9,12,5.01
JL8-675-070,9,12,5.01
JL8-054-090,9,12,5.01
HE6-B23-055,9,12,5.01
HG9-A20-060,9,12,5.01
JL8-054-080,9,12,5.01
E4V-231-090,9,12,5.01
E4V-231-080,9,12,5.01
JL8-675-080,9,12,5.01
IK5-399-060,9,12,5.01
HG9-A20-070,9,12,5.01
JL8-399-050,9,12,5.01
IC1-090-060,9,12,5.01
JL8-399-040,9,12,5.01
IC1-090-040,9,12,5.01
JL8-054-060,9,12,5.01
E4V-231-045,9,12,5.01
IC1-090-030,9,12,5.01
HK8-011-070,9,12,5.01
JL8-399-080,9,12,5.01
JL8-399-090,9,12,5.01
IC1-090-070,9,12,5.01
JL8-399-030,9,12,5.01
JL8-675-060,9,12,5.01
HG9-A20-050,9,12,5.01
JL8-399-070,9,12,5.01
Z65-705-065,9,12,5.01
HY7-001-055,9,12,5.01
IC1-090-090,9,12,5.01
JL8-675-040,9,12,5.01
JL8-399-060,9,12,5.01
JL8-054-040,9,12,5.01
JL8-675-090,9,12,5.01
E4V-231-030,9,12,5.01
E5T-011-035,9,12,5.01
IC1-090-065,9,12,5.01
HS8-323-070,9,12,5.01
JL8-054-050,9,12,5.01
JL8-675-050,9,12,5.01
JL8-054-070,9,12,5.01
IC1-090-050,9,12,5.01
JL8-054-030,9,12,5.01
HE6-B23-060,9.15,12.43,4.76
HE6-328-055,9.25,12.3,4.76
EH4-861-110,7.87,12.99,5.31
EH4-861-120,7.87,12.99,5.31
FH5-090-080,7.87,12.99,5.31
FH5-090-090,7.87,12.99,5.31
IK5-054-040,9,12.3,4.91
IK5-054-080,9,12.3,4.91
IK5-054-060,9,12.3,4.91
IK5-054-050,9,12.3,4.91
IK5-054-030,9,12.3,4.91
IK5-054-070,9,12.3,4.91
IK5-054-090,9,12.3,4.91
IE5-011-030,8.9,12.2,5.01
IE4-011-040,8.9,12.2,5.01
IE5-011-065,8.9,12.2,5.01
IE4-011-080,8.9,12.2,5.01
IE4-011-050,8.9,12.2,5.01
IE5-011-050,8.9,12.2,5.01
IE4-011-060,8.9,12.2,5.01
IE5-011-080,8.9,12.2,5.01
IE4-011-065,8.9,12.2,5.01
IE4-011-030,8.9,12.2,5.01
IE4-011-070,8.9,12.2,5.01
IE5-011-040,8.9,12.2,5.01
IE5-011-060,8.9,12.2,5.01
IE5-011-070,8.9,12.2,5.01
E4H-011-090,9.45,12.2,4.72
HY8-B39-090,9.45,12.2,4.72
FB7-001-080,9.45,12.2,4.72
HY8-610-080,9.45,12.2,4.72
FG9-090-065,9.45,12.2,4.72
FB7-477-080,9.45,12.2,4.72
FG9-751-050,9.45,12.2,4.72
GQ6-231-065,9.45,12.2,4.72
HL1-D16-070,9.45,12.2,4.72
HL1-D16-060,9.45,12.2,4.72
GP4-A77-065,9.45,12.2,4.72
EW2-137-050,9.45,12.2,4.72
GP4-A77-055,9.45,12.2,4.72
FB7-001-090,9.45,12.2,4.72
FG9-090-060,9.45,12.2,4.72
HL1-D16-065,9.45,12.2,4.72
FG9-751-060,9.45,12.2,4.72
GQ5-090-065,9.45,12.2,4.72
FB7-399-090,9.45,12.2,4.72
GQ5-090-060,9.45,12.2,4.72
HL1-D16-050,9.45,12.2,4.72
GP4-A77-070,9.45,12.2,4.72
FB7-477-090,9.45,12.2,4.72
FB7-399-080,9.45,12.2,4.72
E4H-011-080,9.45,12.2,4.72
HL1-001-070,9.45,12.2,4.72
HN8-675-090,9.45,12.2,4.72
HY8-B39-080,9.45,12.2,4.72
FG9-751-055,9.45,12.2,4.72
HL1-001-060,9.45,12.2,4.72
FG9-751-065,9.45,12.2,4.72
HN8-011-090,9.45,12.2,4.72
HL1-001-050,9.45,12.2,4.72
HN8-011-080,9.45,12.2,4.72
EW2-592-050,9.45,12.2,4.72
E4H-194-090,9.45,12.2,4.72
FG9-090-050,9.45,12.2,4.72
GQ5-090-070,9.45,12.2,4.72
E4H-194-080,9.45,12.2,4.72
GQ5-090-055,9.45,12.2,4.72
FG9-090-070,9.45,12.2,4.72
FG9-090-055,9.45,12.2,4.72
GQ5-090-050,9.45,12.2,4.72
HL1-D16-055,9.45,12.2,4.72
FG9-751-070,9.45,12.2,4.72
HY8-610-090,9.45,12.2,4.72
HC1-B77-115,8.4,12.7,5.11
HE5-194-090,9.45,12.2,4.73
HE5-194-080,9.45,12.2,4.73
HS8-323-060,9,12.1,5.01
ID4-C88-050,9,12.2,5.01
ID4-C88-060,9,12.2,5.01
E6O-D20-030,9,12.2,5.01
E6O-D20-050,9,12.2,5.01
ID4-C88-030,9,12.2,5.01
E6O-D20-055,9,12.2,5.01
E6O-D20-040,9,12.2,5.01
E6O-D19-040,9,12.2,5.01
E6O-D19-030,9,12.2,5.01
E6O-D20-045,9,12.2,5.01
ID4-C88-040,9,12.2,5.01
E6O-D19-050,9,12.2,5.01
IY2-B41-040,9,12.2,5.01
HJ7-B14-080,9,12.5,4.89
IJ2-011-080,8.27,12.6,5.28
HE5-B20-055,9.25,12.5,4.76
HE6-B23-050,9.25,12.5,4.76
HE6-B23-070,9.25,12.5,4.76
HG9-001-040,9,12.25,5.01
HY7-C14-065,9.2,12,5.01
HY7-C14-045,9.2,12,5.01
HY7-C14-055,9.2,12,5.01
HE5-B20-065,9.3,12.5,4.76
HE5-001-055,9.3,12.5,4.76
E4L-D20-065,8.5,13,5.01
E4L-D20-080,8.5,13,5.01
E4L-D20-090,8.5,13,5.01
E4L-D20-070,8.5,13,5.01
E4V-D18-065,9,12.3,5.01
JL2-C90-080,9,12.3,5.01
E4V-D18-055,9,12.3,5.01
JL2-C98-090,9,12.3,5.01
E4V-D18-045,9,12.3,5.01
E4V-D18-060,9,12.3,5.01
E4V-D18-040,9,12.3,5.01
JL2-C90-060,9,12.3,5.01
JL2-C98-080,9,12.3,5.01
E4V-231-065,9,12.3,5.01
E4V-231-070,9,12.3,5.01
E4V-D18-050,9,12.3,5.01
E4V-D18-030,9,12.3,5.01
JL2-C90-090,9,12.3,5.01
E4V-231-040,9,12.3,5.01
E4V-D18-070,9,12.3,5.01
JL2-C98-060,9,12.3,5.01
JL2-C98-065,9,12.3,5.01
JL2-C98-070,9,12.3,5.01
JL2-C90-065,9,12.3,5.01
E4V-231-050,9,12.3,5.01
JL2-C90-070,9,12.3,5.01
E4V-231-060,9,12.3,5.01
JL2-C98-055,9,12.3,5.01
E4V-231-055,9,12.3,5.01
AQ3-B77-115,8.5,13.1,5.01
AQ3-B77-090,8.5,13.1,5.01
AQ3-B77-100,8.5,13.1,5.01
AQ3-B77-110,8.5,13.1,5.01
IZ9-001-065,9.45,12.01,4.92
HF3-C05-065,9.1,12.5,4.91
FW4-399-080,8.66,12.6,5.12
FT7-323-080,8.66,12.6,5.12
FW6-477-080,8.66,12.6,5.12
FW3-A49-090,8.66,12.6,5.12
FW6-090-090,8.66,12.6,5.12
FW5-477-080,8.66,12.6,5.12
FW6-477-090,8.66,12.6,5.12
FW8-090-080,8.66,12.6,5.12
FW5-477-090,8.66,12.6,5.12
FW6-090-080,8.66,12.6,5.12
IU1-D01-090,9.3,12,5.01
GP4-B62-090,9.4,12.4,4.81
GP4-B62-050,9.4,12.4,4.81
GP4-B62-065,9.4,12.4,4.81
GP4-B62-030,9.4,12.4,4.81
GP4-B62-070,9.4,12.4,4.81
GP4-B62-055,9.4,12.4,4.81
GP4-B62-045,9.4,12.4,4.81
GP4-B62-080,9.4,12.4,4.81
GP4-B62-040,9.4,12.4,4.81
GP4-B62-060,9.4,12.4,4.81
HS6-001-090,9,12.7,4.91
HS6-001-055,9,12.7,4.91
HS6-001-070,9,12.7,4.91
HS6-001-030,9,12.7,4.91
HS6-001-060,9,12.7,4.91
HS6-001-050,9,12.7,4.91
HS6-001-040,9,12.7,4.91
HS6-001-080,9,12.7,4.91
HS6-001-065,9,12.7,4.91
IV1-B43-070,9.84,12.06,4.73
HF3-C05-055,9.25,12.75,4.76
FF1-888-040,10.63,12.2,4.33
FF1-888-030,10.63,12.2,4.33
FF1-090-050,10.63,12.2,4.33
IW1-011-080,9.06,12.6,4.92
HO7-A94-065,9.06,12.6,4.92
IW1-B41-080,9.06,12.6,4.92
JJ4-090-080,9.06,12.6,4.92
IW1-C20-080,9.06,12.6,4.92
E3T-001-090,9.06,12.6,4.92
Q34-570-090,9.06,12.6,4.92
HX7-A25-065,9.06,12.6,4.92
JJ4-002-090,9.06,12.6,4.92
JJ4-002-080,9.06,12.6,4.92
HN6-A86-070,9.06,12.6,4.92
IO8-001-070,9.06,12.6,4.92
FR1-090-060,9.06,12.6,4.92
FR1-090-065,9.06,12.6,4.92
FR1-751-050,9.06,12.6,4.92
FR1-751-055,9.06,12.6,4.92
FR1-751-060,9.06,12.6,4.92
IW1-C20-090,9.06,12.6,4.92
IW2-C15-080,9.06,12.6,4.92
GU3-090-070,9.06,12.6,4.92
GU3-167-080,9.06,12.6,4.92
IW2-A99-080,9.06,12.6,4.92
HN6-A86-055,9.06,12.6,4.92
HN6-194-070,9.06,12.6,4.92
HN6-194-065,9.06,12.6,4.92
IO2-687-075,9.06,12.6,4.92
IO2-687-080,9.06,12.6,4.92
HY3-001-080,9.06,12.6,4.92
IK8-C95-060,9.06,12.6,4.92
IK8-646-070,9.06,12.6,4.92
HO7-A94-060,9.06,12.6,4.92
HO7-A94-055,9.06,12.6,4.92
HO7-A94-050,9.06,12.6,4.92
IW1-090-080,9.06,12.6,4.92
HO7-399-065,9.06,12.6,4.92
IB5-001-060,9.06,12.6,4.92
GL9-090-060,9.06,12.6,4.92
GK5-A06-055,9.06,12.6,4.92
GK5-A06-050,9.06,12.6,4.92
E22-D26-070,9.06,12.6,4.92
IB5-A20-070,9.06,12.6,4.92
FR1-001-060,9.06,12.6,4.92
FR1-090-055,9.06,12.6,4.92
IW2-C52-080,9.06,12.6,4.92
IW5-675-080,9.06,12.6,4.92
E22-D26-050,9.06,12.6,4.92
FR1-001-055,9.06,12.6,4.92
IK8-646-050,9.06,12.6,4.92
IB5-A20-060,9.06,12.6,4.92
IW1-675-090,9.06,12.6,4.92
E22-D26-055,9.06,12.6,4.92
IW4-675-080,9.06,12.6,4.92
E3P-090-090,9.06,12.6,4.92
JK1-C52-080,9.06,12.6,4.92
E22-D26-060,9.06,12.6,4.92
GK5-A06-070,9.06,12.6,4.92
IJ7-A20-080,9.06,12.6,4.92
IV9-B41-080,9.06,12.6,4.92
JK1-C52-090,9.06,12.6,4.92
GU3-090-080,9.06,12.6,4.92
E3T-001-080,9.06,12.6,4.92
IW2-C20-080,9.06,12.6,4.92
HX7-A25-050,9.06,12.6,4.92
E3U-B41-080,9.06,12.6,4.92
IL2-B41-080,9.06,12.6,4.92
FR1-194-065,9.06,12.6,4.92
IK8-001-055,9.06,12.6,4.92
IK8-D39-050,9.06,12.6,4.92
IW2-011-080,9.06,12.6,4.92
HK3-A92-070,9.06,12.6,4.92
IK8-001-050,9.06,12.6,4.92
IW1-288-080,9.06,12.6,4.92
IV9-A99-090,9.06,12.6,4.92
IV9-A99-080,9.06,12.6,4.92
IK8-090-065,9.06,12.6,4.92
Q34-090-090,9.06,12.6,4.92
IV9-B41-090,9.06,12.6,4.92
HK3-A92-060,9.06,12.6,4.92
IW2-A99-090,9.06,12.6,4.92
IW2-B41-090,9.06,12.6,4.92
IW2-C20-090,9.06,12.6,4.92
HO7-399-055,9.06,12.6,4.92
E3U-B41-090,9.06,12.6,4.92
IK8-C95-050,9.06,12.6,4.92
IK8-090-060,9.06,12.6,4.92
GU7-399-070,9.06,12.6,4.92
GU3-167-070,9.06,12.6,4.92
ID4-A20-060,9.06,12.6,4.92
IK8-288-060,9.06,12.6,4.92
IW1-A99-090,9.06,12.6,4.92
HN6-194-050,9.06,12.6,4.92
GU7-090-070,9.06,12.6,4.92
IO8-001-075,9.06,12.6,4.92
FR1-751-070,9.06,12.6,4.92
IW1-C14-090,9.06,12.6,4.92
GU7-090-080,9.06,12.6,4.92
HY2-001-080,9.06,12.6,4.92
IW2-675-090,9.06,12.6,4.92
HY2-001-090,9.06,12.6,4.92
IW1-A99-080,9.06,12.6,4.92
IY8-C15-050,9.06,12.6,4.92
E3T-D07-090,9.06,12.6,4.92
E22-D26-065,9.06,12.6,4.92
HN6-194-060,9.06,12.6,4.92
HO7-399-050,9.06,12.6,4.92
IW1-C15-090,9.06,12.6,4.92
IK8-D39-055,9.06,12.6,4.92
IK8-D39-065,9.06,12.6,4.92
HX7-A25-060,9.06,12.6,4.92
GK5-A06-065,9.06,12.6,4.92
IB5-A20-065,9.06,12.6,4.92
GL9-090-065,9.06,12.6,4.92
IK8-646-060,9.06,12.6,4.92
GK5-A06-060,9.06,12.6,4.92
HX7-A25-055,9.06,12.6,4.92
IK8-001-070,9.06,12.6,4.92
IO2-687-070,9.06,12.6,4.92
IW2-B41-080,9.06,12.6,4.92
HO7-399-070,9.06,12.6,4.92
Q34-570-080,9.06,12.6,4.92
JK1-090-090,9.06,12.6,4.92
IW2-011-090,9.06,12.6,4.92
IK8-D39-060,9.06,12.6,4.92
HX7-A25-070,9.06,12.6,4.92
GK5-090-050,9.06,12.6,4.92
IW1-011-090,9.06,12.6,4.92
IB5-A20-050,9.06,12.6,4.92
IK8-C95-055,9.06,12.6,4.92
IK8-090-055,9.06,12.6,4.92
IK8-288-050,9.06,12.6,4.92
IB5-167-065,9.06,12.6,4.92
IK8-C95-070,9.06,12.6,4.92
GK5-646-060,9.06,12.6,4.92
IV9-090-080,9.06,12.6,4.92
GK5-090-060,9.06,12.6,4.92
IK8-001-060,9.06,12.6,4.92
IB5-167-070,9.06,12.6,4.92
HX7-442-065,9.06,12.6,4.92
GJ1-A71-070,9.06,12.6,4.92
GJ1-A54-050,9.06,12.6,4.92
HX7-442-050,9.06,12.6,4.92
IB5-001-070,9.06,12.6,4.92
IB5-001-050,9.06,12.6,4.92
IK8-288-065,9.06,12.6,4.92
IW2-090-090,9.06,12.6,4.92
IO2-B56-085,9.06,12.6,4.92
GL9-194-070,9.06,12.6,4.92
GL9-194-060,9.06,12.6,4.92
GL9-194-050,9.06,12.6,4.92
IK8-001-065,9.06,12.6,4.92
GL9-090-055,9.06,12.6,4.92
IW2-090-080,9.06,12.6,4.92
IA3-442-065,9.06,12.6,4.92
HX7-442-060,9.06,12.6,4.92
E2Q-D20-070,9.06,12.6,4.92
IA3-646-065,9.06,12.6,4.92
IA3-B95-060,9.06,12.6,4.92
IA3-B95-065,9.06,12.6,4.92
IA3-C02-050,9.06,12.6,4.92
IA3-C02-060,9.06,12.6,4.92
IA3-C02-065,9.06,12.6,4.92
IK8-288-070,9.06,12.6,4.92
IW2-675-080,9.06,12.6,4.92
FR1-001-065,9.06,12.6,4.92
FR1-194-070,9.06,12.6,4.92
IA3-B95-055,9.06,12.6,4.92
IK8-646-065,9.06,12.6,4.92
E2Q-D20-060,9.06,12.6,4.92
FR1-399-065,9.06,12.6,4.92
GK5-090-055,9.06,12.6,4.92
JJ4-090-090,9.06,12.6,4.92
IB5-167-050,9.06,12.6,4.92
IL3-B88-070,9.06,12.6,4.92
IJ7-A20-090,9.06,12.6,4.92
IM9-001-090,9.06,12.6,4.92
IM9-001-080,9.06,12.6,4.92
IL3-B96-070,9.06,12.6,4.92
IK8-090-070,9.06,12.6,4.92
IL3-B96-065,9.06,12.6,4.92
IL3-B96-050,9.06,12.6,4.92
IK8-B72-050,9.06,12.6,4.92
IK8-B72-055,9.06,12.6,4.92
IK8-B72-060,9.06,12.6,4.92
FR1-090-070,9.06,12.6,4.92
IK8-B72-065,9.06,12.6,4.92
IK8-B72-070,9.06,12.6,4.92
IV9-675-080,9.06,12.6,4.92
IL3-B88-065,9.06,12.6,4.92
IK8-646-055,9.06,12.6,4.92
FR1-399-060,9.06,12.6,4.92
GK5-090-065,9.06,12.6,4.92
GK5-090-070,9.06,12.6,4.92
IW4-675-090,9.06,12.6,4.92
FR1-399-055,9.06,12.6,4.92
GL9-090-070,9.06,12.6,4.92
FR1-001-070,9.06,12.6,4.92
IO8-001-085,9.06,12.6,4.92
FR1-399-050,9.06,12.6,4.92
FR1-399-070,9.06,12.6,4.92
ID4-B58-060,9.06,12.6,4.92
ID4-A20-070,9.06,12.6,4.92
HO7-399-060,9.06,12.6,4.92
IL3-B96-060,9.06,12.6,4.92
IV9-090-090,9.06,12.6,4.92
IW1-090-090,9.06,12.6,4.92
IW1-C15-080,9.06,12.6,4.92
IK8-C95-065,9.06,12.6,4.92
IW4-399-080,9.06,12.6,4.92
IP1-001-080,9.06,12.6,4.92
IK8-090-050,9.06,12.6,4.92
ID4-B58-070,9.06,12.6,4.92
IK8-D39-070,9.06,12.6,4.92
IK8-288-055,9.06,12.6,4.92
FR1-194-050,9.06,12.6,4.92
HO7-A94-070,9.06,12.6,4.92
IP1-001-070,9.06,12.6,4.92
IB5-167-060,9.06,12.6,4.92
FR1-194-055,9.06,12.6,4.92
FR1-001-050,9.06,12.6,4.92
GM7-886-050,9.06,12.6,4.92
IW1-675-080,9.06,12.6,4.92
IW2-C15-090,9.06,12.6,4.92
IO2-687-085,9.06,12.6,4.92
IW1-288-090,9.06,12.6,4.92
GM7-886-070,9.06,12.6,4.92
HY3-001-090,9.06,12.6,4.92
E2Q-D20-065,9.06,12.6,4.92
FR1-194-060,9.06,12.6,4.92
GM7-886-055,9.06,12.6,4.92
GM7-886-060,9.06,12.6,4.92
IB5-001-065,9.06,12.6,4.92
IF6-817-080,9.45,12.6,4.72
GB7-090-090,9.45,12.6,4.72
E7A-C88-090,9.45,12.6,4.72
GB7-A54-090,9.45,12.6,4.72
CR2-001-095,9.45,12.6,4.72
HF3-B25-080,9.45,12.6,4.72
CR2-810-095,9.45,12.6,4.72
IC9-A93-080,9.45,12.6,4.72
GB7-A54-080,9.45,12.6,4.72
GL4-231-080,9.45,12.6,4.72
DR1-005-100,9.45,12.6,4.72
GB7-A22-090,9.45,12.6,4.72
IF6-076-090,9.45,12.6,4.72
GL4-646-080,9.45,12.6,4.72
C92-203-080,9.45,12.6,4.72
DX7-090-090,9.45,12.6,4.72
IC9-477-090,9.45,12.6,4.72
E7A-C88-080,9.45,12.6,4.72
GB7-646-090,9.45,12.6,4.72
E7A-001-090,9.45,12.6,4.72
HF2-A89-080,9.45,12.6,4.72
HF2-399-090,9.45,12.6,4.72
HF2-399-080,9.45,12.6,4.72
HF2-A06-080,9.45,12.6,4.72
E7A-001-080,9.45,12.6,4.72
IC9-535-090,9.45,12.6,4.72
HF2-194-090,9.45,12.6,4.72
GB7-231-080,9.45,12.6,4.72
CR2-001-100,9.45,12.6,4.72
CR2-810-100,9.45,12.6,4.72
HF2-001-090,9.45,12.6,4.72
HF3-B25-090,9.45,12.6,4.72
E7A-194-080,9.45,12.6,4.72
GB7-090-080,9.45,12.6,4.72
IF6-817-090,9.45,12.6,4.72
HF3-B13-090,9.45,12.6,4.72
AS8-323-090,9.45,12.6,4.72
HF2-A89-090,9.45,12.6,4.72
DX7-167-090,9.45,12.6,4.72
IC9-A93-090,9.45,12.6,4.72
HF2-194-080,9.45,12.6,4.72
DX7-167-080,9.45,12.6,4.72
C91-001-080,9.45,12.6,4.72
B34-011-090,9.45,12.6,4.72
DX7-090-080,9.45,12.6,4.72
E5R-076-080,9.45,12.6,4.72
E5R-288-080,9.45,12.6,4.72
GB7-A22-080,9.45,12.6,4.72
GL4-231-090,9.45,12.6,4.72
GB7-A85-080,9.45,12.6,4.72
IC9-477-080,9.45,12.6,4.72
E5R-892-080,9.45,12.6,4.72
GB7-646-080,9.45,12.6,4.72
GB7-A85-090,9.45,12.6,4.72
GL4-646-090,9.45,12.6,4.72
IC9-535-080,9.45,12.6,4.72
HV3-A61-090,9.45,12.6,4.72
GO6-A74-090,9.45,12.6,4.72
AS8-323-080,9.45,12.6,4.72
CR2-001-090,9.45,12.6,4.72
HV3-A61-080,9.45,12.6,4.72
HF2-A06-090,9.45,12.6,4.72
E5R-090-080,9.45,12.6,4.72
E5R-076-090,9.45,12.6,4.72
GB7-231-090,9.45,12.6,4.72
GO6-A74-080,9.45,12.6,4.72
E5R-288-090,9.45,12.6,4.72
E5R-090-090,9.45,12.6,4.72
IC9-001-090,9.45,12.6,4.72
HF2-001-080,9.45,12.6,4.72
IC9-001-080,9.45,12.6,4.72
IF6-076-080,9.45,12.6,4.72
E5R-892-090,9.45,12.6,4.72
CR2-810-090,9.45,12.6,4.72
DR1-005-090,9.45,12.6,4.72
ID4-194-070,9.06,12.6,4.93
ID4-090-065,9.06,12.6,4.93
ID4-090-060,9.06,12.6,4.93
ID4-399-060,9.06,12.6,4.93
ID4-399-065,9.06,12.6,4.93
ID4-194-065,9.06,12.6,4.93
ID4-090-070,9.06,12.6,4.93
ID4-194-060,9.06,12.6,4.93
ID4-399-070,9.06,12.6,4.93
B1B-B41-090,9,12.5,5.01
IV3-012-055,9,12.5,5.01
B1B-288-080,9,12.5,5.01
IV3-011-065,9,12.5,5.01
B1B-288-090,9,12.5,5.01
IV3-011-040,9,12.5,5.01
IV3-011-050,9,12.5,5.01
IV3-011-045,9,12.5,5.01
IV3-012-050,9,12.5,5.01
IV3-011-060,9,12.5,5.01
B1B-001-080,9,12.5,5.01
HF3-C05-050,9,12.5,5.01
IV3-012-070,9,12.5,5.01
B1B-B41-070,9,12.5,5.01
IV3-011-080,9,12.5,5.01
B1B-B41-080,9,12.5,5.01
B1B-288-070,9,12.5,5.01
IV3-011-090,9,12.5,5.01
B1B-001-090,9,12.5,5.01
B1B-001-070,9,12.5,5.01
HE6-328-050,9,12.5,5.01
IV3-011-055,9,12.5,5.01
IV3-011-070,9,12.5,5.01
HE5-001-065,9.3,12.5,4.86
IB8-864-030,9.2,12.8,4.81
IB8-864-040,9.2,12.8,4.81
IB8-864-060,9.2,12.8,4.81
IB8-864-090,9.2,12.8,4.81
HG9-A20-080,9.1,12.5,5.01
HF3-C05-060,9.1,12.8,4.91
E4X-C91-080,9.4,12.2,5.01
B5R-090-070,9.4,12.2,5.01
E4X-D01-080,9.4,12.2,5.01
E4X-B84-080,9.4,12.2,5.01
E4X-C91-070,9.4,12.2,5.01
E4X-D01-090,9.4,12.2,5.01
E4X-B84-065,9.4,12.2,5.01
E4X-C91-065,9.4,12.2,5.01
B5R-090-080,9.4,12.2,5.01
E4X-B84-090,9.4,12.2,5.01
B5R-090-090,9.4,12.2,5.01
E4X-D01-070,9.4,12.2,5.01
E4X-D01-065,9.4,12.2,5.01
E4X-B84-060,9.4,12.2,5.01
B5R-090-065,9.4,12.2,5.01
E4X-B84-070,9.4,12.2,5.01
E4X-C91-090,9.4,12.2,5.01
E4X-D01-060,9.4,12.2,5.01
FW5-592-080,8.66,12.99,5.12
HN3-675-080,8.66,12.99,5.12
HV1-001-090,8.66,12.99,5.12
HP4-592-080,8.66,12.99,5.12
HN4-592-080,8.66,12.99,5.12
HN4-592-090,8.66,12.99,5.12
HJ3-323-080,8.66,12.99,5.12
GX2-886-090,8.66,12.99,5.12
HJ3-323-090,8.66,12.99,5.12
HP6-592-080,8.66,12.99,5.12
GK7-090-090,8.66,12.99,5.12
HP6-001-080,8.66,12.99,5.12
HT4-011-090,8.66,12.99,5.12
HV1-001-080,8.66,12.99,5.12
HJ4-011-080,8.66,12.99,5.12
HN3-675-090,8.66,12.99,5.12
FT8-675-080,8.66,12.99,5.12
HV1-B36-080,8.66,12.99,5.12
HT4-011-080,8.66,12.99,5.12
HJ4-011-090,8.66,12.99,5.12
HV1-B36-090,8.66,12.99,5.12
HJ4-323-090,8.66,12.99,5.12
E5S-288-090,8.66,12.99,5.12
HN3-011-080,8.66,12.99,5.12
HN2-A95-080,8.66,12.99,5.12
IJ5-619-090,8.66,12.99,5.12
FW3-090-090,8.66,12.99,5.12
HE7-592-080,8.66,12.99,5.12
HI1-675-090,8.66,12.99,5.12
HI1-675-080,8.66,12.99,5.12
HP5-592-080,8.66,12.99,5.12
HE7-001-090,8.66,12.99,5.12
HM3-A20-080,8.66,12.99,5.12
HI1-011-080,8.66,12.99,5.12
HM3-A20-090,8.66,12.99,5.12
HI1-011-090,8.66,12.99,5.12
HE7-001-080,8.66,12.99,5.12
HJ4-323-080,8.66,12.99,5.12
HP5-592-090,8.66,12.99,5.12
HP5-001-090,8.66,12.99,5.12
HP5-001-080,8.66,12.99,5.12
HE8-001-080,8.66,12.99,5.12
IJ4-231-090,8.66,12.99,5.12
E5S-288-080,8.66,12.99,5.12
IJ4-B40-080,8.66,12.99,5.12
FW5-090-090,8.66,12.99,5.12
HN2-090-090,8.66,12.99,5.12
HP6-001-090,8.66,12.99,5.12
IJ4-B40-090,8.66,12.99,5.12
HN2-A89-080,8.66,12.99,5.12
HH8-090-080,8.66,12.99,5.12
HF5-001-090,8.66,12.99,5.12
HN2-090-080,8.66,12.99,5.12
GW9-001-080,8.66,12.99,5.12
HF5-B14-090,8.66,12.99,5.12
HP4-592-090,8.66,12.99,5.12
HE8-A89-090,8.66,12.99,5.12
HE8-592-090,8.66,12.99,5.12
HE8-592-080,8.66,12.99,5.12
HE8-194-090,8.66,12.99,5.12
HE8-194-080,8.66,12.99,5.12
HE8-167-090,8.66,12.99,5.12
HE7-194-090,8.66,12.99,5.12
HE7-A89-080,8.66,12.99,5.12
GK7-592-080,8.66,12.99,5.12
HE7-592-090,8.66,12.99,5.12
GJ5-090-080,8.66,12.99,5.12
GK7-090-080,8.66,12.99,5.12
HE7-194-080,8.66,12.99,5.12
GJ6-592-080,8.66,12.99,5.12
HE7-167-080,8.66,12.99,5.12
EH8-892-080,8.66,12.99,5.12
E5S-076-090,8.66,12.99,5.12
IM3-675-080,8.66,12.99,5.12
FW5-592-090,8.66,12.99,5.12
E5S-892-090,8.66,12.99,5.12
HE4-B09-080,8.66,12.99,5.12
E5S-076-080,8.66,12.99,5.12
E5S-892-080,8.66,12.99,5.12
HG2-001-090,8.66,12.99,5.12
GK7-592-090,8.66,12.99,5.12
E5S-090-090,8.66,12.99,5.12
HG2-001-080,8.66,12.99,5.12
GW9-886-090,8.66,12.99,5.12
HF5-001-080,8.66,12.99,5.12
E5S-090-080,8.66,12.99,5.12
IJ5-619-080,8.66,12.99,5.12
HF5-B14-080,8.66,12.99,5.12
HN2-A89-090,8.66,12.99,5.12
HM3-001-080,8.66,12.99,5.12
HG2-194-090,8.66,12.99,5.12
HG1-001-080,8.66,12.99,5.12
HG2-194-080,8.66,12.99,5.12
HE8-167-080,8.66,12.99,5.12
HF5-B09-080,8.66,12.99,5.12
HG1-B09-090,8.66,12.99,5.12
EH8-137-080,8.66,12.99,5.12
HP6-592-090,8.66,12.99,5.12
IC1-C20-040,9.2,12.5,5.01
IC1-C20-050,9.2,12.5,5.01
IC1-C20-065,9.2,12.5,5.01
IC1-C20-030,9.2,12.5,5.01
IC1-C20-090,9.2,12.5,5.01
HJ6-011-060,9.25,12.88,4.89
HJ6-011-045,9.4,12.4,5.01
HJ6-011-055,9.4,12.4,5.01
IY1-C89-080,9.06,12.6,5.12
E2Y-167-090,9.06,12.6,5.12
IZ1-A99-080,9.06,12.6,5.12
E1E-090-080,9.06,12.6,5.12
IX9-090-080,9.06,12.6,5.12
IZ1-A99-090,9.06,12.6,5.12
E2Y-040-090,9.06,12.6,5.12
IX9-090-090,9.06,12.6,5.12
IZ1-C15-080,9.06,12.6,5.12
IZ1-C15-090,9.06,12.6,5.12
GY7-167-080,9.06,12.6,5.12
IY1-C91-090,9.06,12.6,5.12
IY9-090-080,9.06,12.6,5.12
IZ1-090-090,9.06,12.6,5.12
IY1-C89-090,9.06,12.6,5.12
IZ8-090-080,9.06,12.6,5.12
IY9-A99-080,9.06,12.6,5.12
IY3-090-090,9.06,12.6,5.12
GY8-001-080,9.06,12.6,5.12
IY9-A99-090,9.06,12.6,5.12
IY9-C15-080,9.06,12.6,5.12
IY3-090-080,9.06,12.6,5.12
IY1-090-090,9.06,12.6,5.12
E2W-A99-090,9.06,12.6,5.12
IZ8-C14-090,9.06,12.6,5.12
GY7-167-070,9.06,12.6,5.12
IZ1-090-080,9.06,12.6,5.12
IV5-675-080,9.06,12.6,5.12
IY1-A99-080,9.06,12.6,5.12
E1E-194-090,9.06,12.6,5.12
IY1-090-080,9.06,12.6,5.12
E1E-090-090,9.06,12.6,5.12
JL4-090-080,9.06,12.6,5.12
E1E-194-080,9.06,12.6,5.12
E2Y-D07-080,9.06,12.6,5.12
IY1-B87-090,9.06,12.6,5.12
IX9-B87-090,9.06,12.6,5.12
IV5-675-090,9.06,12.6,5.12
E2Y-167-080,9.06,12.6,5.12
IY1-C91-080,9.06,12.6,5.12
IV5-194-080,9.06,12.6,5.12
IZ8-C14-080,9.06,12.6,5.12
IZ8-090-090,9.06,12.6,5.12
JL3-675-080,9.06,12.6,5.12
IV5-C15-080,9.06,12.6,5.12
JL4-090-090,9.06,12.6,5.12
E2W-A99-080,9.06,12.6,5.12
IX9-B87-080,9.06,12.6,5.12
IV5-194-090,9.06,12.6,5.12
E2W-090-080,9.06,12.6,5.12
E2W-090-090,9.06,12.6,5.12
JL3-675-090,9.06,12.6,5.12
E2Y-040-080,9.06,12.6,5.12
IY3-C15-080,9.06,12.6,5.12
IY1-B87-080,9.06,12.6,5.12
IY1-C90-080,9.06,12.6,5.12
IY1-C90-090,9.06,12.6,5.12
HJ7-B58-080,9.3,12.8,4.91
HJ7-B58-090,9.3,12.8,4.91
HJ5-B58-090,9.3,12.8,4.91
HJ5-B58-080,9.3,12.8,4.91
HJ5-B58-070,9.3,12.8,4.91
HJ7-B58-070,9.3,12.8,4.91
HS5-A86-080,9.84,12.6,4.72
HS5-001-090,9.84,12.6,4.72
HS5-001-080,9.84,12.6,4.72
E5G-090-080,9.84,12.6,4.72
GS7-A69-060,9.84,12.6,4.72
E6C-C91-070,9.84,12.6,4.72
E6C-001-060,9.84,12.6,4.72
E1X-926-090,9.84,12.6,4.72
E21-194-080,9.84,12.6,4.72
E1X-926-080,9.84,12.6,4.72
JL6-C20-065,9.84,12.6,4.72
JL6-C20-060,9.84,12.6,4.72
HS5-B09-080,9.84,12.6,4.72
JG1-C24-065,9.84,12.6,4.72
E2D-A69-080,9.84,12.6,4.72
E5O-090-050,9.84,12.6,4.72
E5E-194-080,9.84,12.6,4.72
E5O-090-060,9.84,12.6,4.72
E6C-C91-050,9.84,12.6,4.72
GS7-090-060,9.84,12.6,4.72
JG1-C26-065,9.84,12.6,4.72
E5G-090-090,9.84,12.6,4.72
E2D-A69-090,9.84,12.6,4.72
E1X-090-080,9.84,12.6,4.72
E4C-167-070,9.84,12.6,4.72
E4C-076-055,9.84,12.6,4.72
E1V-001-080,9.84,12.6,4.72
E4C-076-050,9.84,12.6,4.72
GS7-535-060,9.84,12.6,4.72
E4S-D29-050,9.84,12.6,4.72
JF7-675-060,9.84,12.6,4.72
GS7-535-050,9.84,12.6,4.72
JF7-675-055,9.84,12.6,4.72
E22-D24-080,9.84,12.6,4.72
E4A-090-050,9.84,12.6,4.72
E4S-328-050,9.84,12.6,4.72
E4A-090-055,9.84,12.6,4.72
E1V-001-070,9.84,12.6,4.72
E4A-090-060,9.84,12.6,4.72
E4A-090-065,9.84,12.6,4.72
E1X-D21-080,9.84,12.6,4.72
E1X-D21-090,9.84,12.6,4.72
HS5-A86-090,9.84,12.6,4.72
JF7-675-070,9.84,12.6,4.72
JG1-C25-065,9.84,12.6,4.72
E1V-001-090,9.84,12.6,4.72
E22-D24-090,9.84,12.6,4.72
JF7-675-065,9.84,12.6,4.72
E1X-090-090,9.84,12.6,4.72
JL6-C20-055,9.84,12.6,4.72
E6C-C91-060,9.84,12.6,4.72
JL6-C20-070,9.84,12.6,4.72
JF4-C14-070,9.84,12.6,4.72
JG1-C26-055,9.84,12.6,4.72
E21-001-090,9.84,12.6,4.72
E21-001-080,9.84,12.6,4.72
E4C-076-070,9.84,12.6,4.72
E4C-076-065,9.84,12.6,4.72
E6C-C91-055,9.84,12.6,4.72
E4C-076-060,9.84,12.6,4.72
E4A-090-070,9.84,12.6,4.72
JF7-A99-055,9.84,12.6,4.72
FX6-A27-080,9.84,12.6,4.72
E4S-328-060,9.84,12.6,4.72
E5E-090-080,9.84,12.6,4.72
E4S-D29-060,9.84,12.6,4.72
GP4-A77-080,9.84,12.6,4.72
JF5-A99-055,9.84,12.6,4.72
JF5-A99-065,9.84,12.6,4.72
E4S-328-065,9.84,12.6,4.72
JF7-001-055,9.84,12.6,4.72
IV7-C69-090,9.84,12.6,4.72
GP4-A77-090,9.84,12.6,4.72
JF5-C15-055,9.84,12.6,4.72
GS7-167-070,9.84,12.6,4.72
JF4-C14-065,9.84,12.6,4.72
E4S-D29-055,9.84,12.6,4.72
GS7-090-050,9.84,12.6,4.72
GS7-A69-050,9.84,12.6,4.72
JF5-C15-065,9.84,12.6,4.72
E5F-076-080,9.84,12.6,4.72
HL1-D16-080,9.84,12.6,4.72
W90-137-060,9.84,12.6,4.72
JF4-C15-065,9.84,12.6,4.72
FT5-A68-080,9.84,12.6,4.72
JF4-C15-070,9.84,12.6,4.72
JF4-C14-060,9.84,12.6,4.72
GS7-090-065,9.84,12.6,4.72
E4S-328-055,9.84,12.6,4.72
W90-399-060,9.84,12.6,4.72
E6C-001-070,9.84,12.6,4.72
E6C-001-050,9.84,12.6,4.72
E4S-D29-065,9.84,12.6,4.72
GS7-A69-070,9.84,12.6,4.72
E1Z-B44-080,9.84,12.6,4.72
HL1-D16-090,9.84,12.6,4.72
IV7-194-090,9.84,12.6,4.72
GS7-A69-065,9.84,12.6,4.72
GS7-167-065,9.84,12.6,4.72
JF7-A99-065,9.84,12.6,4.72
E5O-090-065,9.84,12.6,4.72
JF7-C15-065,9.84,12.6,4.72
GS7-167-060,9.84,12.6,4.72
GS7-167-050,9.84,12.6,4.72
JF4-C15-060,9.84,12.6,4.72
JF7-001-065,9.84,12.6,4.72
E1Z-B44-090,9.84,12.6,4.72
E5F-076-090,9.84,12.6,4.72
E5E-090-090,9.84,12.6,4.72
GS7-090-070,9.84,12.6,4.72
JF7-C15-055,9.84,12.6,4.72
IY4-A09-080,9.84,12.6,4.72
FG9-751-090,9.84,12.6,4.72
HS5-B09-090,9.84,12.6,4.72
E6C-001-055,9.84,12.6,4.72
E5E-194-090,9.84,12.6,4.72
IV7-C69-080,9.84,12.6,4.72
FX6-580-090,9.84,12.6,4.72
FG9-090-080,9.84,12.6,4.72
JG1-C24-055,9.84,12.6,4.72
IV7-C16-080,9.84,12.6,4.72
E5F-167-080,9.84,12.6,4.72
E5F-167-090,9.84,12.6,4.72
GQ5-090-080,9.84,12.6,4.72
FX6-580-080,9.84,12.6,4.72
GQ5-090-090,9.84,12.6,4.72
BK1-090-070,9.84,12.6,4.72
HL1-A93-090,9.84,12.6,4.72
GQ6-231-080,9.84,12.6,4.72
JL6-B41-065,9.84,12.6,4.73
JL6-B41-070,9.84,12.6,4.73
JF7-C15-060,9.84,12.6,4.73
JL6-090-070,9.84,12.6,4.73
JG1-C26-070,9.84,12.6,4.73
IV1-C17-070,9.84,12.6,4.73
JG1-C25-060,9.84,12.6,4.73
IV1-C17-080,9.84,12.6,4.73
IV1-090-090,9.84,12.6,4.73
JG7-687-065,9.84,12.6,4.73
JF7-001-070,9.84,12.6,4.73
JF6-C15-060,9.84,12.6,4.73
JG7-C41-060,9.84,12.6,4.73
JG1-C24-070,9.84,12.6,4.73
JG7-194-070,9.84,12.6,4.73
JF5-675-065,9.84,12.6,4.73
IV1-C18-090,9.84,12.6,4.73
IV1-C18-070,9.84,12.6,4.73
JG7-194-055,9.84,12.6,4.73
IV1-C18-080,9.84,12.6,4.73
JF7-C15-070,9.84,12.6,4.73
JL6-B41-060,9.84,12.6,4.73
IV1-C17-090,9.84,12.6,4.73
JG7-687-055,9.84,12.6,4.73
IV1-090-080,9.84,12.6,4.73
JF5-001-070,9.84,12.6,4.73
IV1-090-070,9.84,12.6,4.73
JF5-001-065,9.84,12.6,4.73
JF5-675-070,9.84,12.6,4.73
JF5-001-060,9.84,12.6,4.73
JF5-001-055,9.84,12.6,4.73
JG1-C24-060,9.84,12.6,4.73
JF5-C15-060,9.84,12.6,4.73
JF5-C15-070,9.84,12.6,4.73
JF7-A99-060,9.84,12.6,4.73
JG1-C25-070,9.84,12.6,4.73
JF5-675-055,9.84,12.6,4.73
JG7-C41-055,9.84,12.6,4.73
JG1-C26-060,9.84,12.6,4.73
JG7-C41-065,9.84,12.6,4.73
JF5-675-060,9.84,12.6,4.73
JF6-C15-065,9.84,12.6,4.73
JF5-A99-060,9.84,12.6,4.73
JL6-090-065,9.84,12.6,4.73
IV1-B43-090,9.84,12.6,4.73
JF7-A99-070,9.84,12.6,4.73
JF6-C15-070,9.84,12.6,4.73
JF5-A99-070,9.84,12.6,4.73
JL6-B41-055,9.84,12.6,4.73
JF7-001-060,9.84,12.6,4.73
JF6-001-065,9.84,12.6,4.73
IV1-B43-080,9.84,12.6,4.74
AQ3-A06-090,8.5,13.15,5.26
GP1-090-030,11.02,11.81,4.53
IL6-011-035,11.02,11.81,4.53
E35-D07-045,11.02,11.81,4.53
E35-076-030,11.02,11.81,4.53
IL6-011-030,11.02,11.81,4.53
IL4-090-030,11.02,11.81,4.53
IL6-011-040,11.02,11.81,4.53
IL6-011-045,11.02,11.81,4.53
E35-D07-040,11.02,11.81,4.53
E35-090-030,11.02,11.81,4.53
IL4-090-040,11.02,11.81,4.53
E35-076-035,11.02,11.81,4.53
GP1-A69-030,11.02,11.81,4.53
IL4-090-045,11.02,11.81,4.53
GP1-A69-040,11.02,11.81,4.53
E35-090-040,11.02,11.81,4.53
E35-090-045,11.02,11.81,4.53
E35-076-045,11.02,11.81,4.53
E35-D07-030,11.02,11.81,4.53
GP1-090-040,11.02,11.81,4.53
IL4-090-035,11.02,11.81,4.53
E35-076-040,11.02,11.81,4.53
GP1-090-045,11.02,11.81,4.53
HS6-B09-060,9.2,12.8,5.01
HS8-323-090,9.2,12.8,5.01
HS8-323-080,9.2,12.8,5.01
IK5-C89-090,9.3,12.7,5.01
IK5-C89-080,9.3,12.7,5.01
IU1-C90-060,9.3,12.7,5.01
IK5-C89-070,9.3,12.7,5.01
IU1-C90-090,9.3,12.7,5.01
IU1-D01-065,9.3,12.7,5.01
IU1-C90-080,9.3,12.7,5.01
IU1-D01-060,9.3,12.7,5.01
IU1-C90-065,9.3,12.7,5.01
IU1-D01-070,9.3,12.7,5.01
IK5-C89-065,9.3,12.7,5.01
IU1-D01-080,9.3,12.7,5.01
IU1-C90-070,9.3,12.7,5.01
E4R-090-090,9.5,12.75,4.91
HE6-328-060,9.5,12.5,5.01
HY8-001-040,9.5,12.5,5.01
HY8-B16-055,9.5,12.5,5.01
HY8-001-080,9.5,12.5,5.01
HF3-C05-070,9.5,12.5,5.01
HY8-B16-060,9.5,12.5,5.01
HE6-328-070,9.5,12.5,5.01
HY8-B16-090,9.5,12.5,5.01
HY8-B16-080,9.5,12.5,5.01
HY8-B16-030,9.5,12.5,5.01
HY8-B16-070,9.5,12.5,5.01
HY8-B16-050,9.5,12.5,5.01
E7X-D31-110,8,13.5,5.51
E7X-D31-120,8,13.5,5.51
E7X-D31-115,8,13.5,5.51
B1H-001-065,9,13.2,5.01
B1H-001-080,9,13.2,5.01
B1H-592-080,9,13.2,5.01
B1J-592-090,9,13.2,5.01
B1H-001-090,9,13.2,5.01
B1K-D18-080,9,13.2,5.01
B1J-001-065,9,13.2,5.01
B1J-592-080,9,13.2,5.01
B1J-001-090,9,13.2,5.01
B1H-001-070,9,13.2,5.01
B1J-592-065,9,13.2,5.01
B1H-592-070,9,13.2,5.01
B1K-D18-090,9,13.2,5.01
B1K-D18-070,9,13.2,5.01
B1J-592-070,9,13.2,5.01
B1J-001-080,9,13.2,5.01
B1K-001-080,9,13.2,5.01
B1H-592-065,9,13.2,5.01
B1K-D18-065,9,13.2,5.01
B1K-001-065,9,13.2,5.01
B1K-001-090,9,13.2,5.01
B1K-001-070,9,13.2,5.01
B1H-592-090,9,13.2,5.01
B1J-001-070,9,13.2,5.01
E4R-194-065,9.3,12.8,5.01
JE6-442-065,9.3,12.8,5.01
E1I-001-070,9.3,12.8,5.01
HG9-A20-090,9.3,12.8,5.01
E4R-194-060,9.3,12.8,5.01
E4R-001-060,9.3,12.8,5.01
E1I-C88-070,9.3,12.8,5.01
E5T-011-080,9.3,12.8,5.01
E4R-001-090,9.3,12.8,5.01
JE6-C93-065,9.3,12.8,5.01
E5T-011-065,9.3,12.8,5.01
E4R-001-070,9.3,12.8,5.01
JE6-C93-090,9.3,12.8,5.01
E1I-001-080,9.3,12.8,5.01
E1I-001-090,9.3,12.8,5.01
E5T-011-070,9.3,12.8,5.01
E5T-011-060,9.3,12.8,5.01
JE6-442-080,9.3,12.8,5.01
E1I-C15-090,9.3,12.8,5.01
E1I-C15-065,9.3,12.8,5.01
E5T-675-060,9.3,12.8,5.01
JE6-442-060,9.3,12.8,5.01
E1I-001-065,9.3,12.8,5.01
E4R-001-080,9.3,12.8,5.01
JE6-C93-070,9.3,12.8,5.01
JE6-442-070,9.3,12.8,5.01
E4R-001-065,9.3,12.8,5.01
JE6-C93-080,9.3,12.8,5.01
JE6-442-090,9.3,12.8,5.01
E4R-194-070,9.3,12.8,5.01
E5T-011-090,9.3,12.8,5.01
E4R-194-080,9.3,12.8,5.01
E5T-675-090,9.3,12.8,5.01
EE6-030-080,9.65,13,4.76
FR4-A20-070,9.45,13.39,4.72
FR4-A20-050,9.45,13.39,4.72
HJ6-675-080,9.45,13.39,4.72
FR4-A20-060,9.45,13.39,4.72
AQ3-925-115,8.66,12.99,5.31
AQ3-925-110,8.66,12.99,5.31
GD1-001-110,8.66,12.99,5.31
JA2-090-120,8.66,12.99,5.31
GF1-399-120,8.66,12.99,5.31
GT2-001-120,8.66,12.99,5.31
HA6-001-110,8.66,12.99,5.31
GD1-167-115,8.66,12.99,5.31
GD2-001-110,8.66,12.99,5.31
279-167-115,8.66,12.99,5.31
AQ3-001-120,8.66,12.99,5.31
AQ3-925-120,8.66,12.99,5.31
279-090-115,8.66,12.99,5.31
279-090-120,8.66,12.99,5.31
AQ3-040-110,8.66,12.99,5.31
HE5-A20-090,8.66,12.99,5.31
279-167-110,8.66,12.99,5.31
GT2-001-110,8.66,12.99,5.31
HA6-001-120,8.66,12.99,5.31
HA6-001-115,8.66,12.99,5.31
GT4-001-110,8.66,12.99,5.31
GT4-001-115,8.66,12.99,5.31
GF1-399-115,8.66,12.99,5.31
GF1-399-110,8.66,12.99,5.31
L05-277-110,8.66,12.99,5.31
AQ3-399-120,8.66,12.99,5.31
279-277-115,8.66,12.99,5.31
279-277-110,8.66,12.99,5.31
L05-001-120,8.66,12.99,5.31
279-005-110,8.66,12.99,5.31
JA2-090-115,8.66,12.99,5.31
GD1-001-120,8.66,12.99,5.31
AQ3-040-120,8.66,12.99,5.31
GT4-001-120,8.66,12.99,5.31
GT6-001-110,8.66,12.99,5.31
GT6-001-120,8.66,12.99,5.31
GT2-001-115,8.66,12.99,5.31
HE5-B75-080,8.66,12.99,5.31
AQ1-001-115,8.66,12.99,5.31
AQ1-001-110,8.66,12.99,5.31
GD2-001-115,8.66,12.99,5.31
AQ3-399-110,8.66,12.99,5.31
279-005-120,8.66,12.99,5.31
AQ3-001-110,8.66,12.99,5.31
279-167-120,8.66,12.99,5.31
GD1-001-115,8.66,12.99,5.31
279-005-115,8.66,12.99,5.31
L05-399-120,8.66,12.99,5.31
279-277-120,8.66,12.99,5.31
GD2-001-120,8.66,12.99,5.31
279-090-110,8.66,12.99,5.31
L05-001-110,8.66,12.99,5.31
HE5-A20-080,8.66,12.99,5.31
Q29-167-110,8.66,12.99,5.31
JA2-090-110,8.66,12.99,5.31
GD2-167-115,8.66,12.99,5.31
L05-277-120,8.66,12.99,5.31
L66-001-110,8.66,12.99,5.31
L66-001-120,8.66,12.99,5.31
L05-399-110,8.66,12.99,5.31
E3X-090-040,10.43,12.2,4.72
E3X-090-045,10.43,12.2,4.72
E3X-090-030,10.43,12.2,4.72
J61-592-120,8.66,13.58,5.12
J61-592-110,8.66,13.58,5.12
J61-592-115,8.66,13.58,5.12
HA3-194-100,9.06,12.99,5.12
GF6-194-090,9.06,12.99,5.12
GW8-090-080,9.06,12.99,5.12
HA3-194-095,9.06,12.99,5.12
HA3-194-090,9.06,12.99,5.12
GF9-231-100,9.06,12.99,5.12
GF9-231-090,9.06,12.99,5.12
GU8-194-090,9.06,12.99,5.12
GU9-001-090,9.06,12.99,5.12
GF9-646-090,9.06,12.99,5.12
GU9-001-100,9.06,12.99,5.12
GV1-001-100,9.06,12.99,5.12
GF6-455-095,9.06,12.99,5.12
GV1-399-100,9.06,12.99,5.12
HA3-001-100,9.06,12.99,5.12
HA3-A93-100,9.06,12.99,5.12
HA3-A93-090,9.06,12.99,5.12
GF9-646-095,9.06,12.99,5.12
E7S-167-090,9.06,12.99,5.12
GF9-A83-100,9.06,12.99,5.12
HA3-001-090,9.06,12.99,5.12
E7T-167-100,9.06,12.99,5.12
E7S-167-100,9.06,12.99,5.12
GU8-A74-090,9.06,12.99,5.12
GU8-194-100,9.06,12.99,5.12
E7T-167-090,9.06,12.99,5.12
HA3-001-095,9.06,12.99,5.12
GF9-646-100,9.06,12.99,5.12
EE6-090-080,9.75,13,4.76
FE5-A01-065,9.3,13,5.01
FE5-A01-045,9.3,13,5.01
IC1-C14-060,9.3,13,5.01
FE5-A01-030,9.3,13,5.01
FE5-A01-040,9.3,13,5.01
FE5-A01-050,9.3,13,5.01
FE5-A01-090,9.3,13,5.01
FE5-A01-060,9.3,13,5.01
FE5-A01-080,9.3,13,5.01
FE5-A01-070,9.3,13,5.01
FE5-A01-055,9.3,13,5.01
IC1-C14-030,9.3,13,5.01
IC1-C14-040,9.3,13,5.01
IC1-C14-065,9.3,13,5.01
IC1-C14-050,9.3,13,5.01
IW8-C75-110,9.2,13.2,5.01
IW8-090-120,9.2,13.2,5.01
IW8-090-100,9.2,13.2,5.01
IW8-C75-100,9.2,13.2,5.01
IW8-090-070,9.2,13.2,5.01
IW8-090-090,9.2,13.2,5.01
IW8-090-080,9.2,13.2,5.01
IW8-090-115,9.2,13.2,5.01
IW8-090-110,9.2,13.2,5.01
E4U-090-030,10.24,12.6,4.72
E4U-A69-035,10.24,12.6,4.72
E4U-A69-040,10.24,12.6,4.72
E4U-090-035,10.24,12.6,4.72
E4U-A69-030,10.24,12.6,4.72
E4U-090-045,10.24,12.6,4.72
E4U-090-040,10.24,12.6,4.72
E4U-A69-045,10.24,12.6,4.72
E1G-C91-070,9.5,12.8,5.01
E1G-C88-065,9.5,12.8,5.01
E1G-C88-060,9.5,12.8,5.01
E1I-A99-090,9.5,12.8,5.01
E1G-A99-060,9.5,12.8,5.01
E1G-C88-070,9.5,12.8,5.01
E1G-A99-080,9.5,12.8,5.01
E4R-194-090,9.5,12.8,5.01
E1G-090-060,9.5,12.8,5.01
E3Z-001-030,9.5,12.8,5.01
E1G-A99-090,9.5,12.8,5.01
E1G-090-090,9.5,12.8,5.01
E1I-A99-070,9.5,12.8,5.01
E1G-090-070,9.5,12.8,5.01
E3Z-C15-030,9.5,12.8,5.01
E1G-090-065,9.5,12.8,5.01
E1G-C88-080,9.5,12.8,5.01
E3Z-001-050,9.5,12.8,5.01
E1I-C15-070,9.5,12.8,5.01
E3Z-C15-060,9.5,12.8,5.01
E1I-C88-060,9.5,12.8,5.01
E3Z-C15-065,9.5,12.8,5.01
E3Z-001-045,9.5,12.8,5.01
E1G-C91-080,9.5,12.8,5.01
E1G-C88-090,9.5,12.8,5.01
E1I-C88-065,9.5,12.8,5.01
E3Z-C15-055,9.5,12.8,5.01
E3Z-001-060,9.5,12.8,5.01
E1I-A99-065,9.5,12.8,5.01
E1I-C88-080,9.5,12.8,5.01
E3Z-C15-040,9.5,12.8,5.01
E3Z-001-040,9.5,12.8,5.01
E3Z-C15-050,9.5,12.8,5.01
E1I-A99-080,9.5,12.8,5.01
E1I-C15-080,9.5,12.8,5.01
E1I-C88-090,9.5,12.8,5.01
E1G-C91-060,9.5,12.8,5.01
E1G-C91-065,9.5,12.8,5.01
E1G-090-080,9.5,12.8,5.01
E1I-A99-060,9.5,12.8,5.01
E1G-C91-090,9.5,12.8,5.01
E3Z-001-065,9.5,12.8,5.01
E1G-A99-070,9.5,12.8,5.01
E3Z-C15-045,9.5,12.8,5.01
E1G-A99-065,9.5,12.8,5.01
IJ7-C15-040,9.3,13.1,5.01
IJ7-C15-065,9.3,13.1,5.01
IJ7-C15-090,9.3,13.1,5.01
IJ7-C15-055,9.3,13.1,5.01
IJ7-C15-070,9.3,13.1,5.01
IW9-090-090,9.3,13.1,5.01
IJ7-C15-050,9.3,13.1,5.01
IJ7-C15-045,9.3,13.1,5.01
IJ7-C15-060,9.3,13.1,5.01
HY8-001-065,9.8,12.5,5.01
HY8-001-070,9.8,12.5,5.01
HY8-001-050,9.8,12.5,5.01
HY8-001-055,9.8,12.5,5.01
HY8-001-060,9.8,12.5,5.01
JJ5-076-100,9.3,13.2,5.01
E6V-090-065,9.3,13.2,5.01
E6V-B41-060,9.3,13.2,5.01
JJ5-C80-100,9.3,13.2,5.01
JJ8-475-100,9.3,13.2,5.01
E6V-B41-090,9.3,13.2,5.01
JJ5-231-100,9.3,13.2,5.01
JJ5-076-090,9.3,13.2,5.01
E6V-090-070,9.3,13.2,5.01
JJ8-090-100,9.3,13.2,5.01
JJ5-C80-110,9.3,13.2,5.01
E6V-090-090,9.3,13.2,5.01
JJ5-076-070,9.3,13.2,5.01
JJ5-231-080,9.3,13.2,5.01
JJ5-C80-090,9.3,13.2,5.01
E6V-B41-080,9.3,13.2,5.01
JJ8-475-090,9.3,13.2,5.01
E6V-B41-065,9.3,13.2,5.01
JJ5-231-070,9.3,13.2,5.01
E6V-090-080,9.3,13.2,5.01
E6V-B41-070,9.3,13.2,5.01
E6V-090-060,9.3,13.2,5.01
JJ5-231-090,9.3,13.2,5.01
E3Y-675-055,9.5,13,5.01
HY4-001-055,9.5,13,5.01
E3Y-675-045,9.5,13,5.01
E3Y-C89-045,9.5,13,5.01
E3Y-C89-040,9.5,13,5.01
E3Y-675-050,9.5,13,5.01
E3Y-C89-065,9.5,13,5.01
E3Y-675-030,9.5,13,5.01
ET9-806-080,9.5,13,5.01
E3Y-675-060,9.5,13,5.01
ET9-806-040,9.5,13,5.01
ET9-806-030,9.5,13,5.01
E3Y-C89-055,9.5,13,5.01
E3Y-C89-030,9.5,13,5.01
E3Y-C89-060,9.5,13,5.01
E3Y-C89-050,9.5,13,5.01
ET9-806-060,9.5,13,5.01
E3Y-675-040,9.5,13,5.01
GV6-227-110,11.22,13.39,4.13
GV6-A34-130,11.22,13.39,4.13
GV7-323-130,11.22,13.39,4.13
GV7-339-130,11.22,13.39,4.13
E6O-D19-060,9.4,13.2,5.01
E6O-D19-080,9.4,13.2,5.01
E6O-D20-065,9.4,13.2,5.01
E6O-D20-060,9.4,13.2,5.01
E6O-D19-090,9.4,13.2,5.01
E6O-D20-070,9.4,13.2,5.01
E6O-D20-090,9.4,13.2,5.01
E6O-D20-080,9.4,13.2,5.01
E6O-D19-070,9.4,13.2,5.01
E2E-011-070,10,13,4.81
E2E-011-080,10,13,4.81
E2E-011-090,10,13,4.81
FH4-090-040,10.24,12.99,4.72
FH4-090-035,10.24,12.99,4.72
E4S-D29-070,10.24,12.99,4.72
E4S-328-090,10.24,12.99,4.72
E4C-167-080,10.24,12.99,4.72
FK3-090-040,10.24,12.99,4.72
JF4-C14-080,10.24,12.99,4.72
JF4-C14-090,10.24,12.99,4.72
JL6-C20-080,10.24,12.99,4.72
GM2-090-080,10.24,12.99,4.72
FH4-090-045,10.24,12.99,4.72
B1S-090-080,10.24,12.99,4.72
E6C-C91-080,10.24,12.99,4.72
IA4-076-050,10.24,12.99,4.72
GR7-A76-040,10.24,12.99,4.72
E4S-328-070,10.24,12.99,4.72
E4S-D29-080,10.24,12.99,4.72
E6C-C91-090,10.24,12.99,4.72
GM3-090-090,10.24,12.99,4.72
JF4-C15-090,10.24,12.99,4.72
W90-399-080,10.24,12.99,4.72
FK3-090-045,10.24,12.99,4.72
IA4-076-030,10.24,12.99,4.72
IA4-076-045,10.24,12.99,4.72
HS7-001-080,10.24,12.99,4.72
E5O-090-080,10.24,12.99,4.72
E4C-076-090,10.24,12.99,4.72
FH4-090-030,10.24,12.99,4.72
E4S-328-080,10.24,12.99,4.72
E4C-076-080,10.24,12.99,4.72
GL1-A76-045,10.24,12.99,4.72
B1T-A76-080,10.24,12.99,4.72
JL6-C20-090,10.24,12.99,4.72
E6C-001-080,10.24,12.99,4.72
E4C-167-090,10.24,12.99,4.72
E4A-090-080,10.24,12.99,4.72
JF7-675-080,10.24,12.99,4.72
FH4-167-030,10.24,12.99,4.72
FH4-167-040,10.24,12.99,4.72
IA4-076-040,10.24,12.99,4.72
GM3-592-080,10.24,12.99,4.72
GM3-A76-080,10.24,12.99,4.72
FK3-090-030,10.24,12.99,4.72
IA4-076-055,10.24,12.99,4.72
E4A-090-090,10.24,12.99,4.72
GR7-A76-035,10.24,12.99,4.72
B1S-090-090,10.24,12.99,4.72
W90-001-080,10.24,12.99,4.72
JF4-C15-080,10.24,12.99,4.72
GN4-090-040,10.24,12.99,4.72
GN4-090-035,10.24,12.99,4.72
FH4-167-045,10.24,12.99,4.72
GM2-090-090,10.24,12.99,4.72
JF7-675-090,10.24,12.99,4.72
E4S-D29-090,10.24,12.99,4.72
IZ7-090-030,9.2,13.1,5.21
IZ7-090-070,9.2,13.1,5.21
IZ7-090-060,9.2,13.1,5.21
IZ7-090-050,9.2,13.1,5.21
IZ7-090-040,9.2,13.1,5.21
II8-167-050,9.5,13.2,5.01
II8-167-040,9.5,13.2,5.01
II8-167-060,9.5,13.2,5.01
II8-167-080,9.5,13.2,5.01
II8-167-090,9.5,13.2,5.01
ID4-A20-090,9.45,12.99,5.12
GU6-399-090,9.45,12.99,5.12
IK8-D39-080,9.45,12.99,5.12
IP1-001-090,9.45,12.99,5.12
IO9-B67-080,9.45,12.99,5.12
IO9-B45-080,9.45,12.99,5.12
IO9-B45-070,9.45,12.99,5.12
ID7-B43-050,9.45,12.99,5.12
GM2-090-055,9.45,12.99,5.12
IO9-A88-080,9.45,12.99,5.12
ID7-090-070,9.45,12.99,5.12
GU3-167-090,9.45,12.99,5.12
E1T-167-040,9.45,12.99,5.12
E1R-001-045,9.45,12.99,5.12
ID7-090-060,9.45,12.99,5.12
IN8-090-080,9.45,12.99,5.12
IN8-B97-080,9.45,12.99,5.12
E1T-167-045,9.45,12.99,5.12
IK8-C96-090,9.45,12.99,5.12
IO2-687-100,9.45,12.99,5.12
GU3-167-100,9.45,12.99,5.12
IN8-D13-080,9.45,12.99,5.12
ID4-A20-080,9.45,12.99,5.12
HX7-A25-090,9.45,12.99,5.12
IK8-C95-080,9.45,12.99,5.12
FR1-399-080,9.45,12.99,5.12
E5D-090-030,9.45,12.99,5.12
IK8-288-080,9.45,12.99,5.12
IB5-167-080,9.45,12.99,5.12
FR1-001-080,9.45,12.99,5.12
E1R-001-040,9.45,12.99,5.12
E1Y-D23-090,9.45,12.99,5.12
B1S-090-070,9.45,12.99,5.12
FR1-194-090,9.45,12.99,5.12
FR1-399-090,9.45,12.99,5.12
GY8-001-100,9.45,12.99,5.12
IN8-D13-070,9.45,12.99,5.12
E7Q-194-120,9.45,12.99,5.12
E7Q-194-110,9.45,12.99,5.12
IO9-A88-085,9.45,12.99,5.12
IO9-A88-075,9.45,12.99,5.12
HO7-399-090,9.45,12.99,5.12
E7Q-001-115,9.45,12.99,5.12
ID7-090-055,9.45,12.99,5.12
IO8-001-100,9.45,12.99,5.12
IO2-687-095,9.45,12.99,5.12
IB5-167-090,9.45,12.99,5.12
GL9-090-080,9.45,12.99,5.12
E7Q-001-110,9.45,12.99,5.12
E7Q-194-115,9.45,12.99,5.12
IF6-B77-090,9.45,12.99,5.12
GY7-167-090,9.45,12.99,5.12
IN8-B97-085,9.45,12.99,5.12
E1R-001-030,9.45,12.99,5.12
HN6-A86-090,9.45,12.99,5.12
HN6-A86-080,9.45,12.99,5.12
HN6-194-090,9.45,12.99,5.12
HN6-194-080,9.45,12.99,5.12
GY7-001-090,9.45,12.99,5.12
IF6-001-090,9.45,12.99,5.12
HK3-A92-080,9.45,12.99,5.12
E7Q-001-120,9.45,12.99,5.12
B1S-090-060,9.45,12.99,5.12
GK5-A06-080,9.45,12.99,5.12
E1T-167-035,9.45,12.99,5.12
E2Q-D20-090,9.45,12.99,5.12
E5D-090-035,9.45,12.99,5.12
IK8-C95-090,9.45,12.99,5.12
B1T-A76-050,9.45,12.99,5.12
IK8-646-080,9.45,12.99,5.12
GU7-399-090,9.45,12.99,5.12
GU7-090-100,9.45,12.99,5.12
GU7-090-090,9.45,12.99,5.12
FR1-751-080,9.45,12.99,5.12
GM3-A76-065,9.45,12.99,5.12
GM3-A76-055,9.45,12.99,5.12
E22-D26-090,9.45,12.99,5.12
FR1-001-090,9.45,12.99,5.12
HO7-A94-080,9.45,12.99,5.12
HO7-A94-090,9.45,12.99,5.12
IC8-535-090,9.45,12.99,5.12
ID7-090-050,9.45,12.99,5.12
IK8-D39-090,9.45,12.99,5.12
IB6-B58-080,9.45,12.99,5.12
IB5-B58-080,9.45,12.99,5.12
IB5-A20-090,9.45,12.99,5.12
IB5-A20-080,9.45,12.99,5.12
IB5-001-090,9.45,12.99,5.12
IA3-C02-090,9.45,12.99,5.12
IA3-646-090,9.45,12.99,5.12
FR1-194-080,9.45,12.99,5.12
GM3-A76-050,9.45,12.99,5.12
HX7-646-080,9.45,12.99,5.12
GY8-592-100,9.45,12.99,5.12
GY8-167-090,9.45,12.99,5.12
GY8-001-090,9.45,12.99,5.12
GY7-592-100,9.45,12.99,5.12
GY7-592-090,9.45,12.99,5.12
GY7-167-100,9.45,12.99,5.12
GY7-001-100,9.45,12.99,5.12
ID7-B43-055,9.45,12.99,5.12
E5D-090-040,9.45,12.99,5.12
E7M-030-120,9.45,12.99,5.12
B1T-A76-065,9.45,12.99,5.12
B1S-090-065,9.45,12.99,5.12
IF6-A69-090,9.45,12.99,5.12
IN8-B97-075,9.45,12.99,5.12
GM3-592-055,9.45,12.99,5.12
FH3-090-090,9.45,12.99,5.12
FH3-090-080,9.45,12.99,5.12
E7M-030-110,9.45,12.99,5.12
GK5-A06-090,9.45,12.99,5.12
IK8-001-090,9.45,12.99,5.12
GY8-592-090,9.45,12.99,5.12
IK8-288-090,9.45,12.99,5.12
ID7-B43-070,9.45,12.99,5.12
IF6-001-080,9.45,12.99,5.12
IF6-A69-080,9.45,12.99,5.12
IF6-B77-080,9.45,12.99,5.12
B1S-090-055,9.45,12.99,5.12
GM3-592-050,9.45,12.99,5.12
GM3-592-060,9.45,12.99,5.12
GU3-090-100,9.45,12.99,5.12
B1T-A76-070,9.45,12.99,5.12
E22-D26-080,9.45,12.99,5.12
IN8-090-075,9.45,12.99,5.12
IN8-090-070,9.45,12.99,5.12
IP1-001-100,9.45,12.99,5.12
IK8-646-090,9.45,12.99,5.12
E2Q-D20-080,9.45,12.99,5.12
E1T-167-030,9.45,12.99,5.12
E1Y-D23-080,9.45,12.99,5.12
IK8-C96-080,9.45,12.99,5.12
E5D-090-045,9.45,12.99,5.12
E1R-001-035,9.45,12.99,5.12
GM3-090-070,9.45,12.99,5.12
GM3-090-065,9.45,12.99,5.12
GM3-090-060,9.45,12.99,5.12
GM3-090-055,9.45,12.99,5.12
GM3-090-050,9.45,12.99,5.12
GM2-167-070,9.45,12.99,5.12
GM2-167-065,9.45,12.99,5.12
GM2-167-060,9.45,12.99,5.12
GM2-090-070,9.45,12.99,5.12
GM2-090-065,9.45,12.99,5.12
GM2-090-050,9.45,12.99,5.12
GM3-592-065,9.45,12.99,5.12
GU3-090-090,9.45,12.99,5.12
GM7-A82-080,9.45,12.99,5.12
IO2-687-090,9.45,12.99,5.12
IO8-001-090,9.45,12.99,5.12
GL9-194-090,9.45,12.99,5.12
GL9-090-090,9.45,12.99,5.12
GM2-090-060,9.45,12.99,5.12
GK5-646-080,9.45,12.99,5.12
GK5-090-080,9.45,12.99,5.12
GK5-090-090,9.45,12.99,5.12
B1T-A76-060,9.45,12.99,5.12
HX7-A25-080,9.45,12.99,5.12
HO7-399-080,9.45,12.99,5.12
IN8-B97-070,9.45,12.99,5.12
GM3-592-070,9.45,12.99,5.12
IK8-090-090,9.45,12.99,5.12
IK8-001-080,9.45,12.99,5.12
IK8-B72-080,9.45,12.99,5.12
IK8-B72-090,9.45,12.99,5.12
ID7-B43-060,9.45,12.99,5.12
IK8-090-080,9.45,12.99,5.12
IJ7-C15-080,9.3,13.5,5.01
IW9-090-115,9.3,13.5,5.01
IW9-090-120,9.3,13.5,5.01
JF6-C15-080,10.24,12.99,4.73
JF7-A99-090,10.24,12.99,4.73
JF7-001-080,10.24,12.99,4.73
JG6-194-080,10.24,12.99,4.73
JF5-A99-080,10.24,12.99,4.73
JF5-001-080,10.24,12.99,4.73
JG7-194-080,10.24,12.99,4.73
JF7-C15-080,10.24,12.99,4.73
JG1-C26-090,10.24,12.99,4.73
JG1-C25-090,10.24,12.99,4.73
JG1-C25-080,10.24,12.99,4.73
JL6-B41-080,10.24,12.99,4.73
JG1-C24-090,10.24,12.99,4.73
JF7-001-090,10.24,12.99,4.73
JF7-A99-080,10.24,12.99,4.73
JL6-090-090,10.24,12.99,4.73
JF5-C15-090,10.24,12.99,4.73
JF5-C15-080,10.24,12.99,4.73
JF5-675-090,10.24,12.99,4.73
JF5-675-080,10.24,12.99,4.73
JF5-001-090,10.24,12.99,4.73
JF6-C15-090,10.24,12.99,4.73
JL6-090-080,10.24,12.99,4.73
JG1-C24-080,10.24,12.99,4.73
JF5-A99-090,10.24,12.99,4.73
JF6-001-080,10.24,12.99,4.73
JG7-C41-080,10.24,12.99,4.73
JG6-001-080,10.24,12.99,4.73
JG7-C41-090,10.24,12.99,4.73
JL6-B41-090,10.24,12.99,4.73
JG1-C26-080,10.24,12.99,4.73
JF7-C15-090,10.24,12.99,4.73
ID4-399-080,9.45,12.99,5.13
IN1-001-045,9.45,12.99,5.13
ID4-090-090,9.45,12.99,5.13
IN1-001-055,9.45,12.99,5.13
ID4-090-080,9.45,12.99,5.13
IN1-001-040,9.45,12.99,5.13
IN1-001-030,9.45,12.99,5.13
ID4-194-080,9.45,12.99,5.13
IN1-001-050,9.45,12.99,5.13
ID4-194-090,9.45,12.99,5.13
IV6-675-050,9.3,13,5.21
IY5-C47-040,11.42,11.81,4.72
JK4-090-080,9.3,13.2,5.21
IV6-675-060,9.3,13.2,5.21
JE9-A99-080,9.3,13.2,5.21
JE9-C15-040,9.3,13.2,5.21
JE9-C15-060,9.3,13.2,5.21
JE9-C15-070,9.3,13.2,5.21
JE9-090-060,9.3,13.2,5.21
IV6-675-040,9.3,13.2,5.21
JE9-A99-070,9.3,13.2,5.21
JK4-C21-070,9.3,13.2,5.21
IV6-675-065,9.3,13.2,5.21
JK4-B41-090,9.3,13.2,5.21
JE9-090-080,9.3,13.2,5.21
IV6-001-060,9.3,13.2,5.21
IV6-001-070,9.3,13.2,5.21
IV6-001-090,9.3,13.2,5.21
IV6-194-060,9.3,13.2,5.21
JE9-090-050,9.3,13.2,5.21
IV6-194-065,9.3,13.2,5.21
IV6-C15-030,9.3,13.2,5.21
IV6-C15-040,9.3,13.2,5.21
IV6-C15-050,9.3,13.2,5.21
IV6-C15-065,9.3,13.2,5.21
JE9-A99-060,9.3,13.2,5.21
JK4-B41-080,9.3,13.2,5.21
IV6-194-070,9.3,13.2,5.21
JE9-A99-050,9.3,13.2,5.21
JE9-A99-090,9.3,13.2,5.21
JE9-090-040,9.3,13.2,5.21
JE9-A99-040,9.3,13.2,5.21
JK4-090-070,9.3,13.2,5.21
JK4-090-090,9.3,13.2,5.21
JE9-A99-030,9.3,13.2,5.21
JK4-B41-070,9.3,13.2,5.21
JE9-090-090,9.3,13.2,5.21
IV6-C15-090,9.3,13.2,5.21
JE9-090-070,9.3,13.2,5.21
E4V-D18-080,9.3,13,5.31
JE1-C36-090,9.3,13,5.31
JE1-442-080,9.3,13,5.31
E4V-D18-090,9.3,13,5.31
HE6-328-090,9.5,13.5,5.01
HE6-328-080,9.5,13.5,5.01
IW8-C75-120,9.5,13.5,5.01
IW8-C75-115,9.5,13.5,5.01
JE9-C15-050,9.3,13.3,5.21
AQ3-B77-120,9,13.5,5.31
HX7-C56-060,9.4,13.2,5.21
HX7-C56-055,9.4,13.2,5.21
HX7-C56-030,9.4,13.2,5.21
JE7-090-090,9.3,13.1,5.31
JE7-090-080,9.3,13.1,5.31
JE7-090-070,9.3,13.1,5.31
JE7-C15-070,9.3,13.1,5.31
JE7-A99-090,9.3,13.1,5.31
JE7-C15-030,9.3,13.1,5.31
JE7-A99-070,9.3,13.1,5.31
JE7-A99-080,9.3,13.1,5.31
B1A-001-070,9.2,13,5.41
B1A-288-070,9.2,13,5.41
B1A-288-090,9.2,13,5.41
B1A-001-090,9.2,13,5.41
B1A-288-080,9.2,13,5.41
B1A-001-080,9.2,13,5.41
CR2-001-110,9.45,13.39,5.12
DR6-001-120,9.45,13.39,5.12
DR6-001-110,9.45,13.39,5.12
DR6-024-120,9.45,13.39,5.12
CR2-001-120,9.45,13.39,5.12
DR6-024-110,9.45,13.39,5.12
CR2-810-120,9.45,13.39,5.12
CR2-810-110,9.45,13.39,5.12
DR6-024-115,9.45,13.39,5.12
IQ1-001-040,11.02,12.99,4.53
IQ1-231-045,11.02,12.99,4.53
IQ1-C11-030,11.02,12.99,4.53
IQ1-231-030,11.02,12.99,4.53
IQ1-231-040,11.02,12.99,4.53
JE9-C15-090,9.3,13.4,5.21
JE9-C15-080,9.4,13.3,5.21
HE5-001-060,9.45,13.5,5.13
HE5-001-070,9.45,13.5,5.13
HE5-001-050,9.45,13.5,5.13
E2Z-090-040,11.3,12.3,4.71
E2Z-090-050,11.3,12.3,4.71
E2Z-090-055,11.3,12.3,4.71
E2Z-090-035,11.3,12.3,4.71
E2Z-A99-045,11.3,12.3,4.71
E2Z-090-045,11.3,12.3,4.71
E2Z-A99-030,11.3,12.3,4.71
E2Z-A99-035,11.3,12.3,4.71
E2Z-090-030,11.3,12.3,4.71
E2Z-A99-040,11.3,12.3,4.71
HE5-001-080,9.45,13.5,5.14
E6J-565-060,9.2,13.2,5.41
E6J-C91-065,9.2,13.2,5.41
E6J-565-090,9.2,13.2,5.41
E6J-C98-090,9.2,13.2,5.41
E6J-C98-080,9.2,13.2,5.41
E6J-C98-065,9.2,13.2,5.41
E6J-C91-090,9.2,13.2,5.41
E6J-C98-060,9.2,13.2,5.41
E6J-565-080,9.2,13.2,5.41
E6J-C91-070,9.2,13.2,5.41
E6J-C91-060,9.2,13.2,5.41
E6J-C91-080,9.2,13.2,5.41
E6J-565-065,9.2,13.2,5.41
E6J-C98-070,9.2,13.2,5.41
E6J-565-070,9.2,13.2,5.41
IJ9-001-030,11.2,12.2,4.81
IJ9-001-040,11.2,12.2,4.81
IJ9-001-060,11.2,12.2,4.81
IJ8-167-040,11.2,12.2,4.81
IJ8-167-050,11.2,12.2,4.81
IJ8-167-055,11.2,12.2,4.81
IJ8-167-030,11.2,12.2,4.81
IJ9-001-050,11.2,12.2,4.81
IJ8-167-060,11.2,12.2,4.81
IJ8-167-065,11.2,12.2,4.81
FG9-751-080,10,13.15,5.01
IY2-B41-090,9.4,13.2,5.31
IY2-A99-090,9.4,13.2,5.31
IY2-B41-080,9.4,13.2,5.31
IY2-B41-070,9.4,13.2,5.31
IY2-090-070,9.4,13.2,5.31
IY2-A99-080,9.4,13.2,5.31
JL7-C59-060,11.42,12.2,4.73
ID6-090-060,9.7,13.2,5.21
ID6-090-065,9.7,13.2,5.21
ID6-090-050,9.7,13.2,5.21
ID6-090-030,9.7,13.2,5.21
ID6-090-055,9.7,13.2,5.21
ID6-090-040,9.7,13.2,5.21
ID6-090-045,9.7,13.2,5.21
ID6-090-090,9.7,13.2,5.21
JJ9-C80-115,9,13.5,5.51
JJ9-C80-100,9,13.5,5.51
JJ9-231-120,9,13.5,5.51
JJ9-C80-120,9,13.5,5.51
JJ9-231-110,9,13.5,5.51
JJ9-231-115,9,13.5,5.51
IJ8-167-045,11.2,12.2,4.91
GS7-535-080,10.24,13.39,4.92
GS7-090-080,10.24,13.39,4.92
GS7-535-090,10.24,13.39,4.92
GS7-167-080,10.24,13.39,4.92
GS7-A69-090,10.24,13.39,4.92
GS7-090-090,10.24,13.39,4.92
GS7-A69-080,10.24,13.39,4.92
JI9-C14-040,11.02,12.99,4.72
E3X-090-050,11.02,12.99,4.72
E3W-090-030,11.02,12.99,4.72
JI9-C14-055,11.02,12.99,4.72
JI9-C14-070,11.02,12.99,4.72
JI9-C14-050,11.02,12.99,4.72
II9-B77-040,11.02,12.99,4.72
IA9-001-070,11.02,12.99,4.72
JI9-090-045,11.02,12.99,4.72
JI9-090-040,11.02,12.99,4.72
E3W-090-050,11.02,12.99,4.72
E3W-A69-035,11.02,12.99,4.72
E3W-090-035,11.02,12.99,4.72
IA4-076-065,11.02,12.99,4.72
IA9-001-060,11.02,12.99,4.72
E3W-090-040,11.02,12.99,4.72
IA4-076-070,11.02,12.99,4.72
E3X-090-055,11.02,12.99,4.72
E3X-090-065,11.02,12.99,4.72
E2L-090-030,11.02,12.99,4.72
GS6-A69-045,11.02,12.99,4.72
E3W-A69-040,11.02,12.99,4.72
JI9-090-030,11.02,12.99,4.72
E2L-090-045,11.02,12.99,4.72
JI9-090-060,11.02,12.99,4.72
JI9-C14-060,11.02,12.99,4.72
GS6-167-040,11.02,12.99,4.72
II9-B87-060,11.02,12.99,4.72
GS6-A69-040,11.02,12.99,4.72
II9-B77-030,11.02,12.99,4.72
II9-B87-050,11.02,12.99,4.72
II9-B77-070,11.02,12.99,4.72
E3W-A69-030,11.02,12.99,4.72
II9-B77-050,11.02,12.99,4.72
II9-B77-060,11.02,12.99,4.72
GS6-090-045,11.02,12.99,4.72
IA9-001-065,11.02,12.99,4.72
E3W-090-045,11.02,12.99,4.72
GS6-090-030,11.02,12.99,4.72
E3X-090-060,11.02,12.99,4.72
E3W-A69-050,11.02,12.99,4.72
JI9-C14-065,11.02,12.99,4.72
E2L-090-050,11.02,12.99,4.72
E3Q-001-045,11.02,12.99,4.72
GS6-090-035,11.02,12.99,4.72
IA4-076-060,11.02,12.99,4.72
E3W-A69-045,11.02,12.99,4.72
GS6-A69-035,11.02,12.99,4.72
IA9-001-050,11.02,12.99,4.72
E3Q-001-030,11.02,12.99,4.72
JI9-090-055,11.02,12.99,4.72
JI9-090-065,11.02,12.99,4.72
JI9-090-070,11.02,12.99,4.72
IA9-001-040,11.02,12.99,4.72
JI9-090-050,11.02,12.99,4.72
JI9-C14-045,11.02,12.99,4.72
JI9-C14-030,11.02,12.99,4.72
GS6-167-030,11.02,12.99,4.72
E3Q-001-040,11.02,12.99,4.72
E3Q-001-035,11.02,12.99,4.72
IA9-001-030,11.02,12.99,4.72
IA9-001-055,11.02,12.99,4.72
GS6-090-040,11.02,12.99,4.72
GS6-A69-030,11.02,12.99,4.72
II9-B77-065,11.02,12.99,4.72
E3W-090-060,11.42,12.6,4.72
E3W-A69-060,11.42,12.6,4.72
GP1-090-050,11.42,12.6,4.72
GP1-090-065,11.42,12.6,4.72
GP1-A69-065,11.42,12.6,4.72
GP1-090-060,11.42,12.6,4.72
GP1-090-070,11.42,12.6,4.72
E3W-090-055,11.42,12.6,4.72
E3W-A69-055,11.42,12.6,4.72
GP1-A69-060,11.42,12.6,4.72
GP1-A69-070,11.42,12.6,4.72
E3W-090-070,11.42,12.6,4.72
GP1-A69-050,11.42,12.6,4.72
GP1-090-055,11.42,12.6,4.72
E3W-A69-070,11.42,12.6,4.72
E3W-090-065,11.42,12.6,4.72
E3W-A69-065,11.42,12.6,4.72
GP1-A69-055,11.42,12.6,4.72
E35-D07-050,11.81,12.2,4.72
E35-090-070,11.81,12.2,4.72
E35-090-055,11.81,12.2,4.72
E3A-A69-040,11.81,12.2,4.72
ID5-040-045,11.81,12.2,4.72
IL5-090-040,11.81,12.2,4.72
IL4-090-050,11.81,12.2,4.72
FG8-751-030,11.81,12.2,4.72
E3B-167-030,11.81,12.2,4.72
E35-090-065,11.81,12.2,4.72
E35-076-060,11.81,12.2,4.72
E3A-A69-045,11.81,12.2,4.72
E35-076-050,11.81,12.2,4.72
E35-090-050,11.81,12.2,4.72
E35-090-060,11.81,12.2,4.72
E35-076-065,11.81,12.2,4.72
IL5-090-030,11.81,12.2,4.72
E35-076-070,11.81,12.2,4.72
E35-076-055,11.81,12.2,4.72
IL4-090-070,11.81,12.2,4.72
IL4-090-060,11.81,12.2,4.72
E3A-A69-030,11.81,12.2,4.72
FG8-090-030,11.81,12.2,4.72
E3A-090-045,11.81,12.2,4.72
FG8-751-045,11.81,12.2,4.72
E3B-040-045,11.81,12.2,4.72
E3B-040-040,11.81,12.2,4.72
E3B-167-040,11.81,12.2,4.72
E3A-090-040,11.81,12.2,4.72
ID5-040-040,11.81,12.2,4.72
FG8-751-040,11.81,12.2,4.72
E3B-167-045,11.81,12.2,4.72
E35-D07-055,11.81,12.2,4.72
IL6-011-055,11.81,12.2,4.72
ID5-040-050,11.81,12.2,4.72
IL4-090-065,11.81,12.2,4.72
E35-D07-065,11.81,12.2,4.72
IL4-090-055,11.81,12.2,4.72
IL6-011-060,11.81,12.2,4.72
IL6-011-070,11.81,12.2,4.72
ID5-040-030,11.81,12.2,4.72
E3B-040-030,11.81,12.2,4.72
IL5-090-035,11.81,12.2,4.72
E35-D07-070,11.81,12.2,4.72
E3A-090-030,11.81,12.2,4.72
E35-D07-060,11.81,12.2,4.72
IL6-011-065,11.81,12.2,4.72
IL5-090-045,11.81,12.2,4.72
IL6-011-050,11.81,12.2,4.72
HE6-B23-080,9.65,13.43,5.26
HX7-C56-070,9.7,13.5,5.21
HF3-C05-080,9.65,13.5,5.26
HE5-B20-090,9.65,13.5,5.26
HF3-C05-090,9.65,13.5,5.26
E4U-A69-055,10.43,13.39,4.92
E4U-A69-060,10.43,13.39,4.92
E4U-A69-065,10.43,13.39,4.92
E4U-A69-050,10.43,13.39,4.92
E4U-A69-070,10.43,13.39,4.92
E4U-090-070,10.43,13.39,4.92
E7F-001-070,10.43,13.39,4.92
E4U-090-060,10.43,13.39,4.92
E4U-090-055,10.43,13.39,4.92
E7F-001-080,10.43,13.39,4.92
E4U-090-050,10.43,13.39,4.92
E4U-090-065,10.43,13.39,4.92
HY9-167-060,9.8,13.5,5.21
HY9-167-070,9.8,13.5,5.21
HY9-167-065,9.8,13.5,5.21
HY9-167-080,9.8,13.5,5.21
HY9-167-030,9.8,13.5,5.21
HY9-167-040,9.8,13.5,5.21
HY9-167-050,9.8,13.5,5.21
HY9-167-090,9.8,13.5,5.21
HY9-167-045,9.8,13.5,5.21
HY9-167-055,9.8,13.5,5.21
E3Y-675-065,10.5,13.2,5.01
E7O-001-090,9.7,13.5,5.31
E7O-442-080,9.7,13.5,5.31
E7O-442-070,9.7,13.5,5.31
E7O-001-080,9.7,13.5,5.31
E7O-442-090,9.7,13.5,5.31
E7O-D33-080,9.7,13.5,5.31
E7O-D33-070,9.7,13.5,5.31
E7O-001-070,9.7,13.5,5.31
FK3-090-035,10.5,13.5,4.91
FF1-399-080,11.02,13.39,4.72
FF1-399-090,11.02,13.39,4.72
FF1-888-090,11.02,13.39,4.72
FF1-090-065,11.02,13.39,4.72
FF1-090-080,11.02,13.39,4.72
FF1-888-080,11.02,13.39,4.72
FF1-888-060,11.02,13.39,4.72
FF1-090-070,11.02,13.39,4.72
FF1-090-090,11.02,13.39,4.72
FF1-090-060,11.02,13.39,4.72
FF1-888-070,11.02,13.39,4.72
DR1-001-110,9.67,13.75,5.26
FH4-A01-060,12.1,13.6,4.26
EE6-030-090,9.75,13.75,5.26
HE5-001-090,9.5,13.5,5.51
FK3-090-055,12.2,13.39,4.33
GM4-090-045,12.2,13.39,4.33
FK3-090-060,12.2,13.39,4.33
FK3-090-070,12.2,13.39,4.33
FH4-090-065,12.2,13.39,4.33
FH4-090-050,12.2,13.39,4.33
GL1-090-070,12.2,13.39,4.33
FH4-167-070,12.2,13.39,4.33
FH4-090-070,12.2,13.39,4.33
GM4-090-030,12.2,13.39,4.33
FH4-167-060,12.2,13.39,4.33
FH4-167-050,12.2,13.39,4.33
FK3-090-065,12.2,13.39,4.33
FK3-090-050,12.2,13.39,4.33
GM4-090-035,12.2,13.39,4.33
FH4-090-060,12.2,13.39,4.33
GL1-A76-070,12.2,13.39,4.33
FH4-A21-055,12.2,13.39,4.33
GM4-090-040,12.2,13.39,4.33
FH4-A21-060,12.2,13.39,4.33
FH4-090-055,12.2,13.39,4.33
ID4-C88-080,9.7,13.5,5.41
ID4-C88-090,9.7,13.5,5.41
ID4-C88-070,9.7,13.5,5.41
ID4-C88-065,9.7,13.5,5.41
E3Z-001-070,10.5,13.5,5.01
IA4-001-070,10.5,13.5,5.01
IA4-001-050,10.5,13.5,5.01
E3Y-C89-080,10.5,13.5,5.01
E3Z-001-090,10.5,13.5,5.01
E3Y-C89-090,10.5,13.5,5.01
IA4-001-090,10.5,13.5,5.01
IA4-001-040,10.5,13.5,5.01
E3Z-C15-070,10.5,13.5,5.01
IA4-001-080,10.5,13.5,5.01
IA4-001-055,10.5,13.5,5.01
E3Z-001-080,10.5,13.5,5.01
E3Y-C89-070,10.5,13.5,5.01
E3Y-675-090,10.5,13.5,5.01
E3Y-675-080,10.5,13.5,5.01
IA4-001-060,10.5,13.5,5.01
IA4-001-030,10.5,13.5,5.01
IA4-001-045,10.5,13.5,5.01
E3Y-675-070,10.5,13.5,5.01
IA4-001-065,10.5,13.5,5.01
HA3-A93-110,10.04,13.39,5.31
E7T-167-120,10.04,13.39,5.31
HA3-A93-115,10.04,13.39,5.31
E7S-167-110,10.04,13.39,5.31
GU3-090-115,10.04,13.39,5.31
IN8-B97-090,10.04,13.39,5.31
IN8-D13-100,10.04,13.39,5.31
GF9-A83-115,10.04,13.39,5.31
GU3-167-115,10.04,13.39,5.31
E7T-167-110,10.04,13.39,5.31
GU3-592-110,10.04,13.39,5.31
GU3-167-120,10.04,13.39,5.31
GV1-194-115,10.04,13.39,5.31
IO2-687-110,10.04,13.39,5.31
GY7-001-110,10.04,13.39,5.31
GY7-001-115,10.04,13.39,5.31
GY7-001-120,10.04,13.39,5.31
GY7-167-110,10.04,13.39,5.31
GY8-001-110,10.04,13.39,5.31
GY8-001-115,10.04,13.39,5.31
IN8-B45-090,10.04,13.39,5.31
GY7-167-115,10.04,13.39,5.31
HA3-001-115,10.04,13.39,5.31
IO9-A88-095,10.04,13.39,5.31
GY8-167-115,10.04,13.39,5.31
GY8-167-120,10.04,13.39,5.31
GY8-592-120,10.04,13.39,5.31
HA3-A93-120,10.04,13.39,5.31
IN8-B97-100,10.04,13.39,5.31
IO2-687-115,10.04,13.39,5.31
GY8-001-120,10.04,13.39,5.31
IP1-001-115,10.04,13.39,5.31
GY8-167-110,10.04,13.39,5.31
GU3-090-110,10.04,13.39,5.31
GY8-592-110,10.04,13.39,5.31
HA3-001-120,10.04,13.39,5.31
GU7-090-115,10.04,13.39,5.31
GU8-A74-120,10.04,13.39,5.31
GF9-A83-110,10.04,13.39,5.31
GF6-455-120,10.04,13.39,5.31
GF6-455-115,10.04,13.39,5.31
GF6-455-110,10.04,13.39,5.31
GF9-231-110,10.04,13.39,5.31
IN8-090-090,10.04,13.39,5.31
GU7-399-115,10.04,13.39,5.31
GU6-399-120,10.04,13.39,5.31
GF9-646-115,10.04,13.39,5.31
GF9-231-120,10.04,13.39,5.31
GY8-592-115,10.04,13.39,5.31
IN8-090-100,10.04,13.39,5.31
IN8-D13-090,10.04,13.39,5.31
IP1-001-110,10.04,13.39,5.31
GF9-231-115,10.04,13.39,5.31
HA3-194-110,10.04,13.39,5.31
GY7-592-120,10.04,13.39,5.31
GY7-592-115,10.04,13.39,5.31
GU8-194-110,10.04,13.39,5.31
IP1-001-120,10.04,13.39,5.31
GU8-A74-115,10.04,13.39,5.31
E7T-167-115,10.04,13.39,5.31
GU8-194-120,10.04,13.39,5.31
GU6-399-110,10.04,13.39,5.31
IN8-B97-095,10.04,13.39,5.31
GU8-194-115,10.04,13.39,5.31
GF9-442-120,10.04,13.39,5.31
GF9-646-120,10.04,13.39,5.31
E7S-167-115,10.04,13.39,5.31
IO2-687-120,10.04,13.39,5.31
GY7-167-120,10.04,13.39,5.31
GU8-A74-110,10.04,13.39,5.31
GU3-090-120,10.04,13.39,5.31
GF9-646-110,10.04,13.39,5.31
HA3-194-120,10.04,13.39,5.31
HA3-194-115,10.04,13.39,5.31
GY7-592-110,10.04,13.39,5.31
HA3-001-110,10.04,13.39,5.31
GU3-167-110,10.04,13.39,5.31
IO9-A88-090,10.04,13.39,5.31
GU7-399-120,10.04,13.39,5.31
GV1-194-110,10.04,13.39,5.31
GV1-399-115,10.04,13.39,5.31
GV1-399-110,10.04,13.39,5.31
GU7-090-110,10.04,13.39,5.31
GV1-194-120,10.04,13.39,5.31
GV8-399-100,12.01,13.78,4.33
HD1-001-090,12.01,13.78,4.33
E3Z-C15-090,10.6,13.5,5.01
E3Z-C15-080,10.6,13.5,5.01
IK8-C19-045,9.7,13.5,5.51
IK8-C19-090,9.7,13.5,5.51
HX7-C57-050,9.7,13.5,5.51
IK8-C19-030,9.7,13.5,5.51
IK8-C19-040,9.7,13.5,5.51
HX7-C57-060,9.7,13.5,5.51
HX7-C57-070,9.7,13.5,5.51
IK8-C19-065,9.7,13.5,5.51
HX7-C57-055,9.7,13.5,5.51
HX7-C57-030,9.7,13.5,5.51
IK8-C19-050,9.7,13.5,5.51
HX7-C57-045,9.7,13.5,5.51
HX7-C57-040,9.7,13.5,5.51
E1Q-001-045,10.43,13.19,5.31
E2C-090-030,10.43,13.19,5.31
E5D-090-055,10.43,13.19,5.31
E1T-167-070,10.43,13.19,5.31
E2C-090-035,10.43,13.19,5.31
E1T-167-065,10.43,13.19,5.31
E1T-167-050,10.43,13.19,5.31
E5D-090-060,10.43,13.19,5.31
E1R-001-070,10.43,13.19,5.31
E2C-090-045,10.43,13.19,5.31
E5D-090-070,10.43,13.19,5.31
E5D-090-065,10.43,13.19,5.31
E1Q-001-040,10.43,13.19,5.31
E1T-167-055,10.43,13.19,5.31
E1R-001-050,10.43,13.19,5.31
E1T-167-060,10.43,13.19,5.31
E1R-001-060,10.43,13.19,5.31
E1R-001-055,10.43,13.19,5.31
E1R-001-065,10.43,13.19,5.31
E5D-090-050,10.43,13.19,5.31
E1Q-001-030,10.43,13.19,5.31
IN1-001-065,10.43,13.19,5.32
IN1-001-070,10.43,13.19,5.32
IN1-001-060,10.43,13.19,5.32
HE6-B23-090,9.75,13.75,5.51
DR1-005-110,9.75,13.75,5.51
IE1-090-050,12,12.8,4.81
IE1-090-030,12,12.8,4.81
IE1-090-080,12,12.8,4.81
IE1-090-045,12,12.8,4.81
IE1-090-060,12,12.8,4.81
IE1-090-055,12,12.8,4.81
IE1-090-070,12,12.8,4.81
IE1-090-090,12,12.8,4.81
FH4-167-065,12.1,13.6,4.51
IA4-076-090,11.81,13.39,4.72
IA4-076-080,11.81,13.39,4.72
AH8-090-040,12.2,14.17,4.33
AH8-399-050,12.2,14.17,4.33
AH8-090-030,12.2,14.17,4.33
AH8-399-030,12.2,14.17,4.33
AH8-090-050,12.2,14.17,4.33
AH8-399-040,12.2,14.17,4.33
JJ5-076-110,10.3,14,5.21
JJ5-076-120,10.3,14,5.21
JJ5-076-115,10.3,14,5.21
IE2-477-030,11.3,13.3,5.01
HY6-001-070,11.2,13.5,5.01
HY6-001-055,11.2,13.5,5.01
II1-090-070,11.2,13.5,5.01
HY6-001-045,11.2,13.5,5.01
HY6-001-050,11.2,13.5,5.01
II1-090-045,11.2,13.5,5.01
HY6-001-060,11.2,13.5,5.01
HY6-001-080,11.2,13.5,5.01
II1-090-055,11.2,13.5,5.01
HY6-001-065,11.2,13.5,5.01
II1-090-080,11.2,13.5,5.01
II1-090-060,11.2,13.5,5.01
HY6-001-040,11.2,13.5,5.01
II1-090-040,11.2,13.5,5.01
II1-090-065,11.2,13.5,5.01
II1-090-050,11.2,13.5,5.01
II1-090-030,11.2,13.5,5.01
HY6-001-090,11.2,13.5,5.01
HY6-001-030,11.2,13.5,5.01
IY5-C49-065,11.81,12.6,5.12
IY5-C49-050,11.81,12.6,5.12
IY5-C48-070,11.81,12.6,5.12
IY5-C49-060,11.81,12.6,5.12
IY5-C48-050,11.81,12.6,5.12
IY5-C47-065,11.81,12.6,5.12
IY5-C47-060,11.81,12.6,5.12
E2Z-A99-055,11.7,13,5.01
E2Z-090-070,11.7,13,5.01
E2Z-A99-060,11.7,13,5.01
E2Z-090-060,11.7,13,5.01
E2Z-A99-070,11.7,13,5.01
E2Z-A99-065,11.7,13,5.01
E2Z-A99-080,11.7,13,5.01
E2Z-A99-050,11.7,13,5.01
E2Z-090-065,11.7,13,5.01
E2G-C15-040,12,12.7,5.01
E2G-C15-055,12,12.7,5.01
IE2-001-060,11.3,13.5,5.01
IE2-001-065,11.3,13.5,5.01
IE2-477-050,11.3,13.5,5.01
IE2-001-040,11.3,13.5,5.01
IE2-477-090,11.3,13.5,5.01
IE2-477-065,11.3,13.5,5.01
IE2-477-070,11.3,13.5,5.01
IE2-477-080,11.3,13.5,5.01
IE2-477-055,11.3,13.5,5.01
IE2-001-045,11.3,13.5,5.01
IE2-001-050,11.3,13.5,5.01
IE2-001-080,11.3,13.5,5.01
IE2-477-040,11.3,13.5,5.01
IE2-477-060,11.3,13.5,5.01
IE2-477-045,11.3,13.5,5.01
E2H-D07-060,12,12.8,5.01
E2G-001-060,12,12.8,5.01
E2H-D07-050,12,12.8,5.01
E2G-001-050,12,12.8,5.01
E2H-D07-040,12,12.8,5.01
E2H-D07-030,12,12.8,5.01
IV4-001-040,10.8,13.8,5.21
IA4-B77-030,11.5,13.5,5.01
IA4-B77-090,11.5,13.5,5.01
IA4-B77-050,11.5,13.5,5.01
IA4-B77-080,11.5,13.5,5.01
IA4-B77-060,11.5,13.5,5.01
IA4-B77-040,11.5,13.5,5.01
IE2-001-030,11.5,13.5,5.01
IA4-B77-065,11.5,13.5,5.01
IA4-B77-045,11.5,13.5,5.01
IA4-B77-070,11.5,13.5,5.01
IA4-B77-055,11.5,13.5,5.01
ID5-040-060,11.81,13.39,4.92
E2L-090-065,11.81,13.39,4.92
E3W-A69-090,11.81,13.39,4.92
GP3-090-040,11.81,13.39,4.92
GP3-090-030,11.81,13.39,4.92
ID5-040-055,11.81,13.39,4.92
E3X-090-070,11.81,13.39,4.92
GP6-231-030,11.81,13.39,4.92
E4U-A69-090,11.81,13.39,4.92
E2L-090-060,11.81,13.39,4.92
E2L-090-055,11.81,13.39,4.92
ID5-040-065,11.81,13.39,4.92
E3W-A69-080,11.81,13.39,4.92
E4U-090-090,11.81,13.39,4.92
E3X-090-090,11.81,13.39,4.92
GP6-231-035,11.81,13.39,4.92
GP3-090-045,11.81,13.39,4.92
E3X-090-080,11.81,13.39,4.92
E3W-090-080,11.81,13.39,4.92
ID5-040-070,11.81,13.39,4.92
E4U-090-080,11.81,13.39,4.92
GP6-231-040,11.81,13.39,4.92
E4U-A69-080,11.81,13.39,4.92
E3W-090-090,11.81,13.39,4.92
E2L-090-070,11.81,13.39,4.92
E2G-001-045,12,13,5.01
E2G-001-065,12,13,5.01
E2G-001-055,12,13,5.01
E2H-D07-045,12,13,5.01
E2H-D07-055,12,13,5.01
IN8-C83-070,10.4,13.7,5.51
IN8-C83-080,10.4,13.7,5.51
IN8-C83-090,10.4,13.7,5.51
GM4-090-065,12.6,13.78,4.53
GP6-231-070,12.6,13.78,4.53
GP3-090-065,12.6,13.78,4.53
GP3-090-070,12.6,13.78,4.53
FK3-090-090,12.6,13.78,4.53
FH4-090-090,12.6,13.78,4.53
GP5-A77-055,12.6,13.78,4.53
GP5-A77-065,12.6,13.78,4.53
FI8-592-060,12.6,13.78,4.53
GP6-231-065,12.6,13.78,4.53
E4Z-864-040,12.6,13.78,4.53
FH4-A20-090,12.6,13.78,4.53
E1U-090-050,12.6,13.78,4.53
FH4-167-090,12.6,13.78,4.53
E1U-090-045,12.6,13.78,4.53
E1S-001-040,12.6,13.78,4.53
E1U-090-030,12.6,13.78,4.53
GP6-231-055,12.6,13.78,4.53
E4B-090-040,12.6,13.78,4.53
E4Z-864-030,12.6,13.78,4.53
GP5-A77-070,12.6,13.78,4.53
FH4-167-080,12.6,13.78,4.53
GP3-090-050,12.6,13.78,4.53
E5J-076-040,12.6,13.78,4.53
GP3-090-055,12.6,13.78,4.53
GM4-090-060,12.6,13.78,4.53
E4Z-864-045,12.6,13.78,4.53
GP3-090-060,12.6,13.78,4.53
E1U-076-050,12.6,13.78,4.53
GM4-090-070,12.6,13.78,4.53
E1U-090-035,12.6,13.78,4.53
E1S-001-045,12.6,13.78,4.53
E1S-001-035,12.6,13.78,4.53
E4Z-090-030,12.6,13.78,4.53
GM4-090-050,12.6,13.78,4.53
E1U-090-040,12.6,13.78,4.53
E1S-001-050,12.6,13.78,4.53
GM1-167-030,12.6,13.78,4.53
E1U-076-045,12.6,13.78,4.53
FH4-090-080,12.6,13.78,4.53
E4Z-090-045,12.6,13.78,4.53
GM5-A77-070,12.6,13.78,4.53
E4Z-090-040,12.6,13.78,4.53
GM4-090-055,12.6,13.78,4.53
E1U-076-030,12.6,13.78,4.53
E5J-090-040,12.6,13.78,4.53
E1U-076-040,12.6,13.78,4.53
FK3-090-080,12.6,13.78,4.53
GM1-167-040,12.6,13.78,4.53
E1S-001-030,12.6,13.78,4.53
IZ5-C74-120,10.2,14,5.51
IZ4-090-080,10.2,14,5.51
IZ4-090-110,10.2,14,5.51
IZ5-C74-115,10.2,14,5.51
IZ5-C74-110,10.2,14,5.51
IZ4-090-100,10.2,14,5.51
IZ5-C74-090,10.2,14,5.51
IZ4-090-070,10.2,14,5.51
IZ4-090-120,10.2,14,5.51
IZ5-C74-080,10.2,14,5.51
IQ1-231-050,11.81,14.17,4.72
IQ1-001-065,11.81,14.17,4.72
IQ1-001-050,11.81,14.17,4.72
IQ1-231-055,11.81,14.17,4.72
IQ1-001-060,11.81,14.17,4.72
JJ8-475-110,10.3,14,5.51
JJ8-475-120,10.3,14,5.51
JJ5-231-115,10.3,14,5.51
E7O-442-110,10.3,14,5.51
E7O-001-100,10.3,14,5.51
E7O-442-100,10.3,14,5.51
E7O-D33-090,10.3,14,5.51
JJ5-231-120,10.3,14,5.51
JJ5-C80-115,10.3,14,5.51
E7O-D33-100,10.3,14,5.51
JJ8-090-110,10.3,14,5.51
JJ8-090-115,10.3,14,5.51
E7O-001-110,10.3,14,5.51
JJ8-475-115,10.3,14,5.51
JJ5-231-110,10.3,14,5.51
GS6-A69-055,11.81,13.39,5.12
GS6-090-065,11.81,13.39,5.12
E35-D07-080,11.81,13.39,5.12
E35-076-080,11.81,13.39,5.12
E35-090-080,11.81,13.39,5.12
GS6-A69-070,11.81,13.39,5.12
E35-076-090,11.81,13.39,5.12
GS6-167-055,11.81,13.39,5.12
E35-D07-090,11.81,13.39,5.12
E3Q-001-060,11.81,13.39,5.12
E35-090-090,11.81,13.39,5.12
GS6-167-065,11.81,13.39,5.12
GP1-090-090,11.81,13.39,5.12
E3Q-001-070,11.81,13.39,5.12
E3Q-001-055,11.81,13.39,5.12
E3Q-001-050,11.81,13.39,5.12
E7F-001-090,11.81,13.39,5.12
E7F-001-100,11.81,13.39,5.12
E3Q-001-065,11.81,13.39,5.12
GP1-A69-080,11.81,13.39,5.12
GP1-A69-090,11.81,13.39,5.12
GS6-167-070,11.81,13.39,5.12
GS6-167-050,11.81,13.39,5.12
GS6-090-055,11.81,13.39,5.12
GS6-090-050,11.81,13.39,5.12
GS6-167-060,11.81,13.39,5.12
GS6-A69-050,11.81,13.39,5.12
GS6-A69-065,11.81,13.39,5.12
GS6-A69-060,11.81,13.39,5.12
GS6-090-070,11.81,13.39,5.12
GS6-090-060,11.81,13.39,5.12
GP1-090-080,11.81,13.39,5.12
IZ4-090-090,10.5,14,5.51
E3B-040-050,12.6,13.19,4.92
E3B-040-055,12.6,13.19,4.92
E3A-090-065,12.6,13.19,4.92
E3B-040-070,12.6,13.19,4.92
FG8-751-065,12.6,13.19,4.92
E3B-167-050,12.6,13.19,4.92
E3A-090-055,12.6,13.19,4.92
IL4-090-090,12.6,13.19,4.92
IL5-090-070,12.6,13.19,4.92
IL5-090-050,12.6,13.19,4.92
IL6-011-090,12.6,13.19,4.92
IL5-090-060,12.6,13.19,4.92
E3B-167-065,12.6,13.19,4.92
E3A-A69-070,12.6,13.19,4.92
IL4-090-080,12.6,13.19,4.92
FG8-090-050,12.6,13.19,4.92
E3A-A69-055,12.6,13.19,4.92
E3B-040-065,12.6,13.19,4.92
IL5-090-065,12.6,13.19,4.92
FG8-090-065,12.6,13.19,4.92
FG8-090-070,12.6,13.19,4.92
E3B-167-055,12.6,13.19,4.92
FG8-751-070,12.6,13.19,4.92
E3A-090-060,12.6,13.19,4.92
E3A-A69-060,12.6,13.19,4.92
EF3-167-065,12.6,13.19,4.92
E3A-A69-050,12.6,13.19,4.92
E3A-A69-065,12.6,13.19,4.92
E3B-167-060,12.6,13.19,4.92
FG8-751-055,12.6,13.19,4.92
FG8-751-060,12.6,13.19,4.92
FG8-751-050,12.6,13.19,4.92
E3A-090-070,12.6,13.19,4.92
E3A-090-050,12.6,13.19,4.92
IL6-011-080,12.6,13.19,4.92
E3B-040-060,12.6,13.19,4.92
E3B-167-070,12.6,13.19,4.92
IV4-001-090,10.8,13.8,5.51
HY9-001-070,10.8,13.8,5.51
IV4-001-055,10.8,13.8,5.51
IV4-C15-080,10.8,13.8,5.51
HY9-001-045,10.8,13.8,5.51
IV4-C15-060,10.8,13.8,5.51
FH4-864-050,10.8,13.8,5.51
HY9-001-030,10.8,13.8,5.51
FH4-864-055,10.8,13.8,5.51
FH4-864-070,10.8,13.8,5.51
FH4-864-065,10.8,13.8,5.51
IV4-C15-065,10.8,13.8,5.51
IV4-001-050,10.8,13.8,5.51
FH4-864-080,10.8,13.8,5.51
IV4-001-060,10.8,13.8,5.51
FH4-864-030,10.8,13.8,5.51
IV4-001-080,10.8,13.8,5.51
FH4-864-060,10.8,13.8,5.51
IV4-001-070,10.8,13.8,5.51
FH4-864-040,10.8,13.8,5.51
IV4-C15-050,10.8,13.8,5.51
HY9-001-040,10.8,13.8,5.51
FH4-864-090,10.8,13.8,5.51
IV4-C15-090,10.8,13.8,5.51
IV4-C15-040,10.8,13.8,5.51
FH4-864-045,10.8,13.8,5.51
IV4-001-065,10.8,13.8,5.51
IV4-C15-070,10.8,13.8,5.51
IN8-B45-115,10.83,13.58,5.71
E1Q-001-070,10.83,13.58,5.71
E1T-167-080,10.83,13.58,5.71
IN8-D13-110,10.83,13.58,5.71
IN8-B97-110,10.83,13.58,5.71
E5D-090-090,10.83,13.58,5.71
E5D-090-080,10.83,13.58,5.71
IO9-A88-115,10.83,13.58,5.71
IN8-090-110,10.83,13.58,5.71
IO8-001-120,10.83,13.58,5.71
IO8-001-115,10.83,13.58,5.71
IN8-090-115,10.83,13.58,5.71
IN8-D13-115,10.83,13.58,5.71
IN8-D13-120,10.83,13.58,5.71
IN8-B97-115,10.83,13.58,5.71
E1Q-001-050,10.83,13.58,5.71
IO9-B45-115,10.83,13.58,5.71
E1Q-001-055,10.83,13.58,5.71
E1Q-001-060,10.83,13.58,5.71
E2C-090-050,10.83,13.58,5.71
E1Q-001-065,10.83,13.58,5.71
IN8-B97-120,10.83,13.58,5.71
E1R-001-080,10.83,13.58,5.71
E1R-001-090,10.83,13.58,5.71
IO9-A88-120,10.83,13.58,5.71
IO9-A88-110,10.83,13.58,5.71
E1T-167-090,10.83,13.58,5.71
IN8-090-120,10.83,13.58,5.71
IN1-001-090,10.83,13.58,5.72
IN1-001-080,10.83,13.58,5.72
ID5-B64-050,12,14,5.01
ID5-B63-060,12,14,5.01
ID5-B63-050,12,14,5.01
ID5-B63-090,12,14,5.01
ID5-B63-055,12,14,5.01
ID5-B78-050,12,14,5.01
ID5-B63-040,12,14,5.01
ID5-B63-030,12,14,5.01
ID5-B64-070,12,14,5.01
ID5-B63-070,12,14,5.01
ID5-B63-045,12,14,5.01
ID5-B64-040,12,14,5.01
ID5-B78-040,12,14,5.01
ID5-B64-090,12,14,5.01
ID5-B64-080,12,14,5.01
ID5-B63-065,12,14,5.01
ID5-B64-045,12,14,5.01
ID5-B64-030,12,14,5.01
ID5-B64-060,12,14,5.01
ID5-B64-065,12,14,5.01
ID5-B78-060,12,14,5.01
ID5-B63-080,12,14,5.01
ID5-B78-045,12,14,5.01
ID5-B78-055,12,14,5.01
IJ8-167-070,12.7,13.6,5.01
IJ8-167-080,12.7,13.6,5.01
IJ9-001-080,12.7,13.6,5.01
IJ9-001-070,12.7,13.6,5.01
IJ8-167-090,12.7,13.6,5.01
E4Z-864-065,12.99,14.17,4.72
E4B-090-060,12.99,14.17,4.72
E4Z-090-070,12.99,14.17,4.72
E4Z-864-055,12.99,14.17,4.72
GM4-090-090,12.99,14.17,4.72
GM1-090-070,12.99,14.17,4.72
GP5-A77-080,12.99,14.17,4.72
E1S-001-065,12.99,14.17,4.72
GP6-231-090,12.99,14.17,4.72
E2L-090-080,12.99,14.17,4.72
E5J-076-050,12.99,14.17,4.72
GM1-167-060,12.99,14.17,4.72
E1S-001-060,12.99,14.17,4.72
E2L-090-090,12.99,14.17,4.72
E1U-076-055,12.99,14.17,4.72
E5J-090-065,12.99,14.17,4.72
E5J-090-050,12.99,14.17,4.72
GM1-167-065,12.99,14.17,4.72
E1U-090-070,12.99,14.17,4.72
E1U-090-055,12.99,14.17,4.72
E4Z-090-050,12.99,14.17,4.72
ID5-040-080,12.99,14.17,4.72
E4Z-090-055,12.99,14.17,4.72
ID5-040-090,12.99,14.17,4.72
GP3-090-080,12.99,14.17,4.72
E5J-090-070,12.99,14.17,4.72
E1U-090-065,12.99,14.17,4.72
E4B-090-050,12.99,14.17,4.72
E1S-001-055,12.99,14.17,4.72
E4Z-864-070,12.99,14.17,4.72
E1U-076-060,12.99,14.17,4.72
E4B-090-055,12.99,14.17,4.72
E4Z-090-065,12.99,14.17,4.72
E5J-076-055,12.99,14.17,4.72
E4D-090-050,12.99,14.17,4.72
E4B-090-070,12.99,14.17,4.72
E5J-076-070,12.99,14.17,4.72
GM4-090-080,12.99,14.17,4.72
GM1-167-050,12.99,14.17,4.72
GM1-090-060,12.99,14.17,4.72
E4Z-864-060,12.99,14.17,4.72
GM1-167-070,12.99,14.17,4.72
E5J-076-065,12.99,14.17,4.72
E1U-076-065,12.99,14.17,4.72
FJ1-167-050,12.99,14.17,4.72
E5J-090-055,12.99,14.17,4.72
GM1-090-050,12.99,14.17,4.72
GM1-090-065,12.99,14.17,4.72
E5J-076-060,12.99,14.17,4.72
E5J-090-060,12.99,14.17,4.72
E4Z-090-060,12.99,14.17,4.72
E1U-090-060,12.99,14.17,4.72
E1U-076-070,12.99,14.17,4.72
E1S-001-070,12.99,14.17,4.72
ID9-001-040,12,14,5.21
ID9-001-090,12,14,5.21
ID9-001-070,12,14,5.21
ID9-001-060,12,14,5.21
ID9-001-065,12,14,5.21
ID9-001-045,12,14,5.21
ID9-001-050,12,14,5.21
ID9-001-080,12,14,5.21
ID9-001-055,12,14,5.21
ID9-001-030,12,14,5.21
ID5-B78-030,12.5,14,5.01
E2H-D07-090,12,13.8,5.31
E2H-D07-070,12,13.8,5.31
E2G-001-070,12,13.8,5.31
E2H-D07-080,12,13.8,5.31
GO9-090-045,12.99,14.96,4.53
AH8-399-065,12.99,14.96,4.53
AH8-399-060,12.99,14.96,4.53
AH8-090-090,12.99,14.96,4.53
AH8-399-070,12.99,14.96,4.53
GO9-A69-030,12.99,14.96,4.53
GO9-090-035,12.99,14.96,4.53
GO9-090-030,12.99,14.96,4.53
GO9-A69-045,12.99,14.96,4.53
AH8-090-065,12.99,14.96,4.53
AH8-399-090,12.99,14.96,4.53
AH8-002-070,12.99,14.96,4.53
AH8-090-080,12.99,14.96,4.53
AH8-399-080,12.99,14.96,4.53
AH8-090-060,12.99,14.96,4.53
AH8-090-070,12.99,14.96,4.53
AH6-090-070,12.99,14.96,4.53
GO9-090-040,12.99,14.96,4.53
GO9-A69-035,12.99,14.96,4.53
GO9-A69-040,12.99,14.96,4.53
IB7-A20-090,12.8,13.8,5.01
IB7-A20-030,12.8,13.8,5.01
IB7-A20-080,12.8,13.8,5.01
IB7-A20-050,12.8,13.8,5.01
IB7-A20-035,12.8,13.8,5.01
E2Z-090-080,12,14,5.31
E2Z-090-090,12,14,5.31
E2H-D07-065,12,14,5.31
E2Z-A99-090,12,14,5.31
IY5-C47-080,12.2,13.39,5.51
E1Q-001-090,11.42,14.17,5.71
E2C-090-080,11.42,14.17,5.71
E1Q-001-080,11.42,14.17,5.71
IA9-001-090,13.19,13.39,5.31
E3A-090-090,13.19,13.39,5.31
FG8-751-080,13.19,13.39,5.31
E3B-040-080,13.19,13.39,5.31
JI9-090-080,13.19,13.39,5.31
E3B-167-090,13.19,13.39,5.31
IA9-167-090,13.19,13.39,5.31
IL5-090-090,13.19,13.39,5.31
E3A-A69-090,13.19,13.39,5.31
E3A-090-080,13.19,13.39,5.31
E3A-A69-080,13.19,13.39,5.31
JI9-C14-090,13.19,13.39,5.31
E3B-167-080,13.19,13.39,5.31
JI9-C14-080,13.19,13.39,5.31
JI9-090-090,13.19,13.39,5.31
IL5-090-080,13.19,13.39,5.31
E3B-040-090,13.19,13.39,5.31
ID5-B78-090,13.1,14.3,5.01
ID5-B78-065,13.1,14.3,5.01
ID5-B78-080,13.1,14.3,5.01
ID5-B78-070,13.1,14.3,5.01
IN8-C83-095,11.2,14,6.01
IN8-C83-110,11.2,14,6.01
IN8-C83-115,11.2,14,6.01
IN8-C83-100,11.2,14,6.01
IG3-090-040,13.19,14.57,4.92
IG3-194-035,13.19,14.57,4.92
IG3-090-035,13.19,14.57,4.92
IG3-090-030,13.19,14.57,4.92
IG3-194-030,13.19,14.57,4.92
IQ1-001-080,12.6,15.35,4.92
E7O-001-115,11.2,14.3,6.01
E7O-442-120,11.2,14.3,6.01
E7O-442-115,11.2,14.3,6.01
E7O-D33-115,11.2,14.3,6.01
E7O-001-120,11.2,14.3,6.01
E7O-D33-120,11.2,14.3,6.01
GS6-A69-090,12.6,14.17,5.51
E7F-001-120,12.6,14.17,5.51
GS6-167-090,12.6,14.17,5.51
GS6-A69-080,12.6,14.17,5.51
GO7-886-080,12.6,14.17,5.51
E7F-001-115,12.6,14.17,5.51
GS6-090-080,12.6,14.17,5.51
GS6-090-090,12.6,14.17,5.51
E7F-001-110,12.6,14.17,5.51
GS6-167-080,12.6,14.17,5.51
E3Q-001-090,12.6,14.17,5.51
E3Q-001-080,12.6,14.17,5.51
E4Z-090-090,13.39,14.96,4.92
E2K-076-030,13.39,14.96,4.92
E1U-090-090,13.39,14.96,4.92
E1S-001-080,13.39,14.96,4.92
E5J-076-080,13.39,14.96,4.92
E4Z-090-080,13.39,14.96,4.92
GM1-090-080,13.39,14.96,4.92
E1U-090-080,13.39,14.96,4.92
E1S-001-090,13.39,14.96,4.92
GM1-167-080,13.39,14.96,4.92
E2K-076-045,13.39,14.96,4.92
E2J-090-040,13.39,14.96,4.92
E4Z-864-090,13.39,14.96,4.92
E2K-076-040,13.39,14.96,4.92
E5J-076-090,13.39,14.96,4.92
IG3-194-060,13.39,14.96,4.92
E4Z-864-080,13.39,14.96,4.92
E1U-076-080,13.39,14.96,4.92
E1U-076-090,13.39,14.96,4.92
IG3-090-055,13.39,14.96,4.92
E2J-090-045,13.39,14.96,4.92
E5J-090-090,13.39,14.96,4.92
E5J-090-080,13.39,14.96,4.92
IG3-090-060,13.39,14.96,4.92
IG3-090-065,13.39,14.96,4.92
GO9-A69-065,13.39,15.75,4.72
GO9-A69-055,13.39,15.75,4.72
GO9-090-055,13.39,15.75,4.72
GO9-090-065,13.39,15.75,4.72
GO9-090-050,13.39,15.75,4.72
GO9-090-060,13.39,15.75,4.72
GO9-A69-060,13.39,15.75,4.72
GO9-A69-070,13.39,15.75,4.72
GO9-A69-050,13.39,15.75,4.72
GO9-090-070,13.39,15.75,4.72
JG1-C26-030,9.07,12.2,9.06
AH9-399-040,12.99,18.5,4.33
AH9-090-030,12.99,18.5,4.33
AH9-399-050,12.99,18.5,4.33
AH9-090-040,12.99,18.5,4.33
AH9-090-050,12.99,18.5,4.33
AH9-227-040,12.99,18.5,4.33
AH9-399-030,12.99,18.5,4.33
GO9-090-090,13.39,16.54,4.72
GO9-A69-090,13.39,16.54,4.72
IG3-090-090,13.39,16.54,4.72
IG3-194-090,13.39,16.54,4.72
GO9-A69-080,13.39,16.54,4.72
GO9-090-080,13.39,16.54,4.72
HG3-A95-035,11.81,13.03,7.28
EJ5-090-070,14.17,15.55,5.12
E2K-076-065,14.17,15.55,5.12
E2K-076-070,14.17,15.55,5.12
E2J-090-065,14.17,15.55,5.12
E2K-076-050,14.17,15.55,5.12
E2J-090-070,14.17,15.55,5.12
E2K-076-060,14.17,15.55,5.12
E2G-C15-090,13,14.5,6.01
E2G-C15-080,13,14.5,6.01
E2G-C15-070,13,14.5,6.01
HZ1-001-045,13.39,19.69,4.31
E1W-001-040,13.39,19.69,4.33
E1W-001-045,13.39,19.69,4.33
E1W-001-030,13.39,19.69,4.33
HZ1-167-030,13.39,19.69,4.34
HZ1-001-040,13.39,19.69,4.34
HZ1-167-040,13.39,19.69,4.34
HZ1-001-030,13.39,19.69,4.34
E5M-A69-030,13.39,18.9,4.53
E5M-A69-045,13.39,18.9,4.53
E5M-A69-040,13.39,18.9,4.53
E5M-090-045,13.39,18.9,4.53
E5M-090-040,13.39,18.9,4.53
AH9-090-065,13.78,19.29,4.53
AH9-399-065,13.78,19.29,4.53
AH9-399-070,13.78,19.29,4.53
AH9-399-090,13.78,19.29,4.53
AH9-399-080,13.78,19.29,4.53
AH9-090-090,13.78,19.29,4.53
AH9-227-070,13.78,19.29,4.53
AH9-090-080,13.78,19.29,4.53
AH9-399-060,13.78,19.29,4.53
AH9-090-070,13.78,19.29,4.53
P1043-999-999,9.25,16.14,8.27
E5M-A69-065,14.17,19.29,4.72
E5M-090-070,14.17,19.29,4.72
E5M-090-060,14.17,19.29,4.72
E5M-090-065,14.17,19.29,4.72
E5M-A69-050,14.17,19.29,4.72
E5M-A69-070,14.17,19.29,4.72
E5M-A69-055,14.17,19.29,4.72
E5M-A69-060,14.17,19.29,4.72
GP2-001-055,14.76,16.14,5.51
GP2-001-070,14.76,16.14,5.51
E2K-076-080,14.76,16.14,5.51
GP2-001-065,14.76,16.14,5.51
E2J-090-080,14.76,16.14,5.51
GP2-001-060,14.76,16.14,5.51
E2K-076-090,14.76,16.14,5.51
IE3-001-065,14.17,20.87,4.72
IE3-001-055,14.17,20.87,4.72
IE3-001-060,14.17,20.87,4.72
IE3-001-050,14.17,20.87,4.72
E1W-001-065,14.96,19.69,4.92
E5M-A69-090,14.96,19.69,4.92
E1W-001-055,14.96,19.69,4.92
E5M-090-080,14.96,19.69,4.92
E1W-001-070,14.96,19.69,4.92
E5M-A69-080,14.96,19.69,4.92
E5M-090-090,14.96,19.69,4.92
GP2-001-080,14.96,19.69,4.92
E1W-001-050,14.96,19.69,4.92
E1W-001-060,14.96,19.69,4.92
HZ1-167-060,14.96,19.69,4.93
HZ1-167-070,14.96,19.69,4.93
HZ1-001-050,14.96,19.69,4.93
HZ1-001-060,14.96,19.69,4.93
HZ1-001-055,14.96,19.69,4.93
HZ1-001-065,14.96,19.69,4.93
HZ1-167-065,14.96,19.69,4.93
HZ1-167-050,14.96,19.69,4.93
HZ1-167-055,14.96,19.69,4.93
HZ1-001-070,14.96,19.69,4.94
GN8-001-050,15.35,20.87,4.72
GX3-090-030,15.35,20.87,4.72
GN8-A76-030,15.35,20.87,4.72
GN8-001-030,15.35,20.87,4.72
GN8-A76-050,15.35,20.87,4.72
GN8-A76-040,15.35,20.87,4.72
GN8-001-040,15.35,20.87,4.72
E1W-001-080,14.96,21.65,4.92
E1W-001-090,14.96,21.65,4.92
HZ1-001-090,14.96,21.65,4.93
HZ1-001-080,14.96,21.65,4.93
GN8-001-080,16.14,21.46,5.12
GN8-A76-090,16.14,21.46,5.12
GN8-001-090,16.14,21.46,5.12
GX3-090-080,16.14,21.46,5.12
GX3-090-065,16.14,21.46,5.12
GN8-001-060,16.14,21.46,5.12
GN8-A76-080,16.14,21.46,5.12
GN8-A76-060,16.14,21.46,5.12
GN8-001-070,16.14,21.46,5.12
GN8-001-065,16.14,21.46,5.12
GN8-A76-070,16.14,21.46,5.12
GS7-076-040,15.35,19.09,12.6
GS7-076-030,15.35,19.09,12.6
GS7-076-065,15.35,20.67,13.58
GS7-076-070,15.35,20.67,13.58
GS7-076-050,15.35,20.67,13.58
GS7-076-060,15.35,20.67,13.58
GS7-076-080,15.94,21.46,14.37
GS7-076-090,15.94,21.46,14.37
O96-031-070,19.69,28.35,13.39
P1041-999-999,21.65,23.62,17.72