Handle,Title,Vendor,Published,Option1 Name,Option1 Value,Option2 Name,Option2 Value,Option3 Name,Option3 Value,Variant Price,Variant SKU,Status,Image Src,Type,Metafield: custom.breadCrumbs [single_line_text_field],ID (Ref),Handle (Ref),Import Result,Import Comment
S-13287,S-13287,Arka,FALSE,Size,3x3x3,,,,,0.35,S-13287,draft,https://img.uline.com/is/image/uline/S-13287?$MediumRHD$,uline,"Home > All Products > Boxes, Corrugated > Corrugated Boxes (200# Test) > Cube Boxes",8.19253E+12,s-13287,OK,UPDATE: Found by Handle | Assuming MERGE for Variant Command | Assuming MERGE for Image Command | Variants updated by SKU: 1
S-16725,S-16725,Arka,FALSE,Size,4x4x3,,,,,0.37,S-16725,draft,https://img.uline.com/is/image/uline/S-16725?$MediumRHD$,uline,"Home > All Products > Boxes, Corrugated > Corrugated Boxes (200# Test) > Misc Box Sizes",8.19253E+12,s-16725,OK,UPDATE: Found by Handle | Assuming MERGE for Variant Command | Assuming MERGE for Image Command | Variants updated by SKU: 1
S-4040,S-4040,Arka,FALSE,Size,4x4x4,,,,,0.3,S-4040,draft,https://img.uline.com/is/image/uline/S-4040?$MediumRHD$,uline,"Home > All Products > Boxes, Corrugated > Corrugated Boxes (200# Test) > Cube Boxes",8.19253E+12,s-4040,OK,UPDATE: Found by Handle | Assuming MERGE for Variant Command | Assuming MERGE for Image Command | Variants updated by SKU: 1
S-4575,S-4575,Arka,FALSE,Size,4x4x4,,,,,0.43,S-4575,draft,https://img.uline.com/is/image/uline/S-4575?$MediumRHD$,uline,"Home > All Products > Boxes, Corrugated > Corrugated Boxes (200# Test) > White Corrugated Boxes",8.19253E+12,s-4575,OK,UPDATE: Found by Handle | Assuming MERGE for Variant Command | Assuming MERGE for Image Command | Variants updated by SKU: 1
S-19037,S-19037,Arka,FALSE,Size,4x4x5,,,,,0.5,S-19037,draft,https://img.uline.com/is/image/uline/S-19037?$MediumRHD$,uline,"Home > All Products > Boxes, Corrugated > Corrugated Boxes (200# Test) > Misc Box Sizes",8.19253E+12,s-19037,OK,UPDATE: Found by Handle | Assuming MERGE for Variant Command | Assuming MERGE for Image Command | Variants updated by SKU: 1
S-4576,S-4576,Arka,FALSE,Size,4x4x8,,,,,0.54,S-4576,draft,https://img.uline.com/is/image/uline/S-4576?$MediumRHD$,uline,"Home > All Products > Boxes, Corrugated > Corrugated Boxes (200# Test) > Tall Boxes",8.19253E+12,s-4576,OK,UPDATE: Found by Handle | Assuming MERGE for Variant Command | Assuming MERGE for Image Command | Variants updated by SKU: 1
S-4881,S-4881,Arka,FALSE,Size,4x4x6,,,,,0.51,S-4881,draft,https://img.uline.com/is/image/uline/S-4881?$MediumRHD$,uline,"Home > All Products > Boxes, Corrugated > Corrugated Boxes (200# Test) > Misc Box Sizes",8.19253E+12,s-4881,OK,UPDATE: Found by Handle | Assuming MERGE for Variant Command | Assuming MERGE for Image Command | Variants updated by SKU: 1
S-19812,S-19812,Arka,FALSE,Size,4x4x9,,,,,0.66,S-19812,draft,https://img.uline.com/is/image/uline/S-19812?$MediumRHD$,uline,"Home > All Products > Boxes, Corrugated > Corrugated Boxes (200# Test) > Tall Boxes",8.19253E+12,s-19812,OK,UPDATE: Found by Handle | Assuming MERGE for Variant Command | Assuming MERGE for Image Command | Variants updated by SKU: 1
S-11367,S-11367,Arka,FALSE,Size,4x4x10,,,,,0.82,S-11367,draft,https://img.uline.com/is/image/uline/S-11367?$MediumRHD$,uline,"Home > All Products > Boxes, Corrugated > Corrugated Boxes (200# Test) > Tall Boxes",8.19253E+12,s-11367,OK,UPDATE: Found by Handle | Assuming MERGE for Variant Command | Assuming MERGE for Image Command | Variants updated by SKU: 1
S-4481,S-4481,Arka,FALSE,Size,4x4x12,,,,,0.96,S-4481,draft,https://img.uline.com/is/image/uline/S-4481?$MediumRHD$,uline,"Home > All Products > Boxes, Corrugated > Corrugated Boxes (200# Test) > Tall Boxes",8.19253E+12,s-4481,OK,UPDATE: Found by Handle | Assuming MERGE for Variant Command | Assuming MERGE for Image Command | Variants updated by SKU: 1
S-16726,S-16726,Arka,FALSE,Size,4x4x16,,,,,1.04,S-16726,draft,https://img.uline.com/is/image/uline/S-16726?$MediumRHD$,uline,"Home > All Products > Boxes, Corrugated > Corrugated Boxes (200# Test) > Tall Boxes",8.19253E+12,s-16726,OK,UPDATE: Found by Handle | Assuming MERGE for Variant Command | Assuming MERGE for Image Command | Variants updated by SKU: 1
S-4305,S-4305,Arka,FALSE,Size,4x4x18,,,,,1.12,S-4305,draft,https://img.uline.com/is/image/uline/S-4305?$MediumRHD$,uline,"Home > All Products > Boxes, Corrugated > Corrugated Boxes (200# Test) > Tall Boxes",8.19253E+12,s-4305,OK,UPDATE: Found by Handle | Assuming MERGE for Variant Command | Assuming MERGE for Image Command | Variants updated by SKU: 1
S-4833,S-4833,Arka,FALSE,Size,4x4x20,,,,,1.28,S-4833,draft,https://img.uline.com/is/image/uline/S-4833?$MediumRHD$,uline,"Home > All Products > Boxes, Corrugated > Corrugated Boxes (200# Test) > Tall Boxes",8.19253E+12,s-4833,OK,UPDATE: Found by Handle | Assuming MERGE for Variant Command | Assuming MERGE for Image Command | Variants updated by SKU: 1
S-4380,S-4380,Arka,FALSE,Size,4x4x24,,,,,1.57,S-4380,draft,https://img.uline.com/is/image/uline/S-4380?$MediumRHD$,uline,"Home > All Products > Boxes, Corrugated > Corrugated Boxes (200# Test) > Tall Boxes",8.19253E+12,s-4380,OK,UPDATE: Found by Handle | Assuming MERGE for Variant Command | Assuming MERGE for Image Command | Variants updated by SKU: 1
S-4577,S-4577,Arka,FALSE,Size,4x4x28,,,,,1.7,S-4577,draft,https://img.uline.com/is/image/uline/S-4577?$MediumRHD$,uline,"Home > All Products > Boxes, Corrugated > Corrugated Boxes (200# Test) > Tall Boxes",8.19253E+12,s-4577,OK,UPDATE: Found by Handle | Assuming MERGE for Variant Command | Assuming MERGE for Image Command | Variants updated by SKU: 1
S-4578,S-4578,Arka,FALSE,Size,4x4x30,,,,,1.71,S-4578,draft,https://img.uline.com/is/image/uline/S-4578?$MediumRHD$,uline,"Home > All Products > Boxes, Corrugated > Corrugated Boxes (200# Test) > Tall Boxes",8.19253E+12,s-4578,OK,UPDATE: Found by Handle | Assuming MERGE for Variant Command | Assuming MERGE for Image Command | Variants updated by SKU: 1
S-19813,S-19813,Arka,FALSE,Size,4x4x32,,,,,1.75,S-19813,draft,https://img.uline.com/is/image/uline/S-19813?$MediumRHD$,uline,"Home > All Products > Boxes, Corrugated > Corrugated Boxes (200# Test) > Tall Boxes",8.19253E+12,s-19813,OK,UPDATE: Found by Handle | Assuming MERGE for Variant Command | Assuming MERGE for Image Command | Variants updated by SKU: 1
S-4132,S-4132,Arka,FALSE,Size,4x4x36,,,,,1.16,S-4132,draft,https://img.uline.com/is/image/uline/S-4132?$MediumRHD$,uline,"Home > All Products > Boxes, Corrugated > Corrugated Boxes (200# Test) > Tall Boxes",8.19253E+12,s-4132,OK,UPDATE: Found by Handle | Assuming MERGE for Variant Command | Assuming MERGE for Image Command | Variants updated by SKU: 1
S-4511,S-4511,Arka,FALSE,Size,4x4x40,,,,,1.94,S-4511,draft,https://img.uline.com/is/image/uline/S-4511?$MediumRHD$,uline,"Home > All Products > Boxes, Corrugated > Corrugated Boxes (200# Test) > Tall Boxes",8.19253E+12,s-4511,OK,UPDATE: Found by Handle | Assuming MERGE for Variant Command | Assuming MERGE for Image Command | Variants updated by SKU: 1
S-19814,S-19814,Arka,FALSE,Size,4x4x38,,,,,1.85,S-19814,draft,https://img.uline.com/is/image/uline/S-19814?$MediumRHD$,uline,"Home > All Products > Boxes, Corrugated > Corrugated Boxes (200# Test) > Tall Boxes",8.19253E+12,s-19814,OK,UPDATE: Found by Handle | Assuming MERGE for Variant Command | Assuming MERGE for Image Command | Variants updated by SKU: 1
S-22166,S-22166,Arka,FALSE,Size,4x4x46,,,,,2.2,S-22166,draft,https://img.uline.com/is/image/uline/S-22166?$MediumRHD$,uline,"Home > All Products > Boxes, Corrugated > Corrugated Boxes (200# Test) > Tall Boxes",8.19253E+12,s-22166,OK,UPDATE: Found by Handle | Assuming MERGE for Variant Command | Assuming MERGE for Image Command | Variants updated by SKU: 1
S-4465,S-4465,Arka,FALSE,Size,4x4x48,,,,,1.62,S-4465,draft,https://img.uline.com/is/image/uline/S-4465?$MediumRHD$,uline,"Home > All Products > Boxes, Corrugated > Corrugated Boxes (200# Test) > Tall Boxes",8.19253E+12,s-4465,OK,UPDATE: Found by Handle | Assuming MERGE for Variant Command | Assuming MERGE for Image Command | Variants updated by SKU: 1
S-4870,S-4870,Arka,FALSE,Size,4x4x48,,,,,4.05,S-4870,draft,https://img.uline.com/is/image/uline/S-4870?$MediumRHD$,uline,"Home > All Products > Boxes, Corrugated > Corrugated Boxes (200# Test) > Telescopic Boxes",8.19253E+12,s-4870,OK,UPDATE: Found by Handle | Assuming MERGE for Variant Command | Assuming MERGE for Image Command | Variants updated by SKU: 1
S-4555,S-4555,Arka,FALSE,Size,4x4x60,,,,,3.14,S-4555,draft,https://img.uline.com/is/image/uline/S-4555?$MediumRHD$,uline,"Home > All Products > Boxes, Corrugated > Corrugated Boxes (200# Test) > Tall Boxes",8.19253E+12,s-4555,OK,UPDATE: Found by Handle | Assuming MERGE for Variant Command | Assuming MERGE for Image Command | Variants updated by SKU: 1
S-21584,S-21584,Arka,FALSE,Size,4x4x50,,,,,2.67,S-21584,draft,https://img.uline.com/is/image/uline/S-21584?$MediumRHD$,uline,"Home > All Products > Boxes, Corrugated > Corrugated Boxes (200# Test) > Tall Boxes",8.19253E+12,s-21584,OK,UPDATE: Found by Handle | Assuming MERGE for Variant Command | Assuming MERGE for Image Command | Variants updated by SKU: 1
S-18236,S-18236,Arka,FALSE,Size,4x4x72,,,,,8.25,S-18236,draft,https://img.uline.com/is/image/uline/S-18236?$MediumRHD$,uline,"Home > All Products > Boxes, Corrugated > Corrugated Boxes (200# Test) > Telescopic Boxes",8.19253E+12,s-18236,OK,UPDATE: Found by Handle | Assuming MERGE for Variant Command | Assuming MERGE for Image Command | Variants updated by SKU: 1
S-4241,S-4241,Arka,FALSE,Size,4x4x74,,,,,3.77,S-4241,draft,https://img.uline.com/is/image/uline/S-4241?$MediumRHD$,uline,"Home > All Products > Boxes, Corrugated > Corrugated Boxes (200# Test) > Tall Boxes",8.19253E+12,s-4241,OK,UPDATE: Found by Handle | Assuming MERGE for Variant Command | Assuming MERGE for Image Command | Variants updated by SKU: 1
S-4580,S-4580,Arka,FALSE,Size,5x5x4,,,,,0.46,S-4580,draft,https://img.uline.com/is/image/uline/S-4580?$MediumRHD$,uline,"Home > All Products > Boxes, Corrugated > Corrugated Boxes (200# Test) > Misc Box Sizes",8.19253E+12,s-4580,OK,UPDATE: Found by Handle | Assuming MERGE for Variant Command | Assuming MERGE for Image Command | Variants updated by SKU: 1
S-4579,S-4579,Arka,FALSE,Size,5x5x3,,,,,0.43,S-4579,draft,https://img.uline.com/is/image/uline/S-4579?$MediumRHD$,uline,"Home > All Products > Boxes, Corrugated > Corrugated Boxes (200# Test) > Misc Box Sizes",8.19253E+12,s-4579,OK,UPDATE: Found by Handle | Assuming MERGE for Variant Command | Assuming MERGE for Image Command | Variants updated by SKU: 1
S-4050,S-4050,Arka,FALSE,Size,5x5x5,,,,,0.39,S-4050,draft,https://img.uline.com/is/image/uline/S-4050?$MediumRHD$,uline,"Home > All Products > Boxes, Corrugated > Corrugated Boxes (200# Test) > Cube Boxes",8.19253E+12,s-4050,OK,UPDATE: Found by Handle | Assuming MERGE for Variant Command | Assuming MERGE for Image Command | Variants updated by SKU: 1
S-4948,S-4948,Arka,FALSE,Size,5x5x5,,,,,0.65,S-4948,draft,https://img.uline.com/is/image/uline/S-4948?$MediumRHD$,uline,"Home > All Products > Boxes, Corrugated > Corrugated Boxes (200# Test) > White Corrugated Boxes",8.19253E+12,s-4948,OK,UPDATE: Found by Handle | Assuming MERGE for Variant Command | Assuming MERGE for Image Command | Variants updated by SKU: 1
S-21586,S-21586,Arka,FALSE,Size,5x5x6,,,,,0.61,S-21586,draft,https://img.uline.com/is/image/uline/S-21586?$MediumRHD$,uline,"Home > All Products > Boxes, Corrugated > Corrugated Boxes (200# Test) > Misc Box Sizes",8.19253E+12,s-21586,OK,UPDATE: Found by Handle | Assuming MERGE for Variant Command | Assuming MERGE for Image Command | Variants updated by SKU: 1
S-16727,S-16727,Arka,FALSE,Size,5x5x8,,,,,0.75,S-16727,draft,https://img.uline.com/is/image/uline/S-16727?$MediumRHD$,uline,"Home > All Products > Boxes, Corrugated > Corrugated Boxes (200# Test) > Misc Box Sizes",8.19253E+12,s-16727,OK,UPDATE: Found by Handle | Assuming MERGE for Variant Command | Assuming MERGE for Image Command | Variants updated by SKU: 1
S-16728,S-16728,Arka,FALSE,Size,5x5x12,,,,,0.93,S-16728,draft,https://img.uline.com/is/image/uline/S-16728?$MediumRHD$,uline,"Home > All Products > Boxes, Corrugated > Corrugated Boxes (200# Test) > Tall Boxes",8.19253E+12,s-16728,OK,UPDATE: Found by Handle | Assuming MERGE for Variant Command | Assuming MERGE for Image Command | Variants updated by SKU: 1
S-4581,S-4581,Arka,FALSE,Size,5x5x10,,,,,0.84,S-4581,draft,https://img.uline.com/is/image/uline/S-4581?$MediumRHD$,uline,"Home > All Products > Boxes, Corrugated > Corrugated Boxes (200# Test) > Tall Boxes",8.19253E+12,s-4581,OK,UPDATE: Found by Handle | Assuming MERGE for Variant Command | Assuming MERGE for Image Command | Variants updated by SKU: 1
S-23957,S-23957,Arka,FALSE,Size,5x5x24,,,,,1.59,S-23957,draft,https://img.uline.com/is/image/uline/S-23957?$MediumRHD$,uline,"Home > All Products > Boxes, Corrugated > Corrugated Boxes (200# Test) > Tall Boxes",8.19253E+12,s-23957,OK,UPDATE: Found by Handle | Assuming MERGE for Variant Command | Assuming MERGE for Image Command | Variants updated by SKU: 1
S-11368,S-11368,Arka,FALSE,Size,5x5x36,,,,,1.79,S-11368,draft,https://img.uline.com/is/image/uline/S-11368?$MediumRHD$,uline,"Home > All Products > Boxes, Corrugated > Corrugated Boxes (200# Test) > Tall Boxes",8.19253E+12,s-11368,OK,UPDATE: Found by Handle | Assuming MERGE for Variant Command | Assuming MERGE for Image Command | Variants updated by SKU: 1
S-4063,S-4063,Arka,FALSE,Size,7x5x4,,,,,0.6,S-4063,draft,https://img.uline.com/is/image/uline/S-4063?$MediumRHD$,uline,"Home > All Products > Boxes, Corrugated > Corrugated Boxes (200# Test) > Misc Box Sizes",8.19255E+12,s-4063,OK,UPDATE: Found by Handle | Assuming MERGE for Variant Command | Assuming MERGE for Image Command | Variants updated by SKU: 1
S-22167,S-22167,Arka,FALSE,Size,5x5x40,,,,,2.05,S-22167,draft,https://img.uline.com/is/image/uline/S-22167?$MediumRHD$,uline,"Home > All Products > Boxes, Corrugated > Corrugated Boxes (200# Test) > Tall Boxes",8.19255E+12,s-22167,OK,UPDATE: Found by Handle | Assuming MERGE for Variant Command | Assuming MERGE for Image Command | Variants updated by SKU: 1
S-19815,S-19815,Arka,FALSE,Size,5x5x48,,,,,2.6,S-19815,draft,https://img.uline.com/is/image/uline/S-19815?$MediumRHD$,uline,"Home > All Products > Boxes, Corrugated > Corrugated Boxes (200# Test) > Tall Boxes",8.19255E+12,s-19815,OK,UPDATE: Found by Handle | Assuming MERGE for Variant Command | Assuming MERGE for Image Command | Variants updated by SKU: 1
S-4242,S-4242,Arka,FALSE,Size,5x5x50,,,,,2.69,S-4242,draft,https://img.uline.com/is/image/uline/S-4242?$MediumRHD$,uline,"Home > All Products > Boxes, Corrugated > Corrugated Boxes (200# Test) > Tall Boxes",8.19255E+12,s-4242,OK,UPDATE: Found by Handle | Assuming MERGE for Variant Command | Assuming MERGE for Image Command | Variants updated by SKU: 1
S-4244,S-4244,Arka,FALSE,Size,6x3x3,,,,,0.44,S-4244,draft,https://img.uline.com/is/image/uline/S-4244?$MediumRHD$,uline,"Home > All Products > Boxes, Corrugated > Corrugated Boxes (200# Test) > Long Boxes",8.19255E+12,s-4244,OK,UPDATE: Found by Handle | Assuming MERGE for Variant Command | Assuming MERGE for Image Command | Variants updated by SKU: 1
S-13284,S-13284,Arka,FALSE,Size,5x5x60,,,,,3.74,S-13284,draft,https://img.uline.com/is/image/uline/S-13284?$MediumRHD$,uline,"Home > All Products > Boxes, Corrugated > Corrugated Boxes (200# Test) > Tall Boxes",8.19255E+12,s-13284,OK,UPDATE: Found by Handle | Assuming MERGE for Variant Command | Assuming MERGE for Image Command | Variants updated by SKU: 1
S-20491,S-20491,Arka,FALSE,Size,6x4x2,,,,,0.44,S-20491,draft,https://img.uline.com/is/image/uline/S-20491?$MediumRHD$,uline,"Home > All Products > Boxes, Corrugated > Corrugated Boxes (200# Test) > Misc Box Sizes",8.19255E+12,s-20491,OK,UPDATE: Found by Handle | Assuming MERGE for Variant Command | Assuming MERGE for Image Command | Variants updated by SKU: 1
S-4060,S-4060,Arka,FALSE,Size,6x4x4,,,,,0.35,S-4060,draft,https://img.uline.com/is/image/uline/S-4060?$MediumRHD$,uline,"Home > All Products > Boxes, Corrugated > Corrugated Boxes (200# Test) > Misc Box Sizes",8.19255E+12,s-4060,OK,UPDATE: Found by Handle | Assuming MERGE for Variant Command | Assuming MERGE for Image Command | Variants updated by SKU: 1
S-4582,S-4582,Arka,FALSE,Size,6x4x3,,,,,0.45,S-4582,draft,https://img.uline.com/is/image/uline/S-4582?$MediumRHD$,uline,"Home > All Products > Boxes, Corrugated > Corrugated Boxes (200# Test) > Misc Box Sizes",8.19255E+12,s-4582,OK,UPDATE: Found by Handle | Assuming MERGE for Variant Command | Assuming MERGE for Image Command | Variants updated by SKU: 1
S-22630,S-22630,Arka,FALSE,Size,6x4x6,,,,,0.6,S-22630,draft,https://img.uline.com/is/image/uline/S-22630?$MediumRHD$,uline,"Home > All Products > Boxes, Corrugated > Corrugated Boxes (200# Test) > Misc Box Sizes",8.19255E+12,s-22630,OK,UPDATE: Found by Handle | Assuming MERGE for Variant Command | Assuming MERGE for Image Command | Variants updated by SKU: 1
S-19038,S-19038,Arka,FALSE,Size,6x4x8,,,,,0.71,S-19038,draft,https://img.uline.com/is/image/uline/S-19038?$MediumRHD$,uline,"Home > All Products > Boxes, Corrugated > Corrugated Boxes (200# Test) > Misc Box Sizes",8.19255E+12,s-19038,OK,UPDATE: Found by Handle | Assuming MERGE for Variant Command | Assuming MERGE for Image Command | Variants updated by SKU: 1
S-4512,S-4512,Arka,FALSE,Size,6x5x4,,,,,0.54,S-4512,draft,https://img.uline.com/is/image/uline/S-4512?$MediumRHD$,uline,"Home > All Products > Boxes, Corrugated > Corrugated Boxes (200# Test) > Misc Box Sizes",8.19255E+12,s-4512,OK,UPDATE: Found by Handle | Assuming MERGE for Variant Command | Assuming MERGE for Image Command | Variants updated by SKU: 1
S-4704,S-4704,Arka,FALSE,Size,6x5x5,,,,,0.6,S-4704,draft,https://img.uline.com/is/image/uline/S-4704?$MediumRHD$,uline,"Home > All Products > Boxes, Corrugated > Corrugated Boxes (200# Test) > Misc Box Sizes",8.19255E+12,s-4704,OK,UPDATE: Found by Handle | Assuming MERGE for Variant Command | Assuming MERGE for Image Command | Variants updated by SKU: 1
S-4307,S-4307,Arka,FALSE,Size,6x6x2,,,,,0.57,S-4307,draft,https://img.uline.com/is/image/uline/S-4307?$MediumRHD$,uline,"Home > All Products > Boxes, Corrugated > Corrugated Boxes (200# Test) > Flat Boxes",8.19255E+12,s-4307,OK,UPDATE: Found by Handle | Assuming MERGE for Variant Command | Assuming MERGE for Image Command | Variants updated by SKU: 1
S-4780,S-4780,Arka,FALSE,Size,6x6x3,,,,,0.58,S-4780,draft,https://img.uline.com/is/image/uline/S-4780?$MediumRHD$,uline,"Home > All Products > Boxes, Corrugated > Corrugated Boxes (200# Test) > Misc Box Sizes",8.19255E+12,s-4780,OK,UPDATE: Found by Handle | Assuming MERGE for Variant Command | Assuming MERGE for Image Command | Variants updated by SKU: 1
S-4061,S-4061,Arka,FALSE,Size,6x6x4,,,,,0.41,S-4061,draft,https://img.uline.com/is/image/uline/S-4061?$MediumRHD$,uline,"Home > All Products > Boxes, Corrugated > Corrugated Boxes (200# Test) > Misc Box Sizes",8.19255E+12,s-4061,OK,UPDATE: Found by Handle | Assuming MERGE for Variant Command | Assuming MERGE for Image Command | Variants updated by SKU: 1
S-18171,S-18171,Arka,FALSE,Size,6x6x4,,,,,0.9,S-18171,draft,https://img.uline.com/is/image/uline/S-18171?$MediumRHD$,uline,"Home > All Products > Boxes, Corrugated > Corrugated Boxes (200# Test) > White Corrugated Boxes",8.19255E+12,s-18171,OK,UPDATE: Found by Handle | Assuming MERGE for Variant Command | Assuming MERGE for Image Command | Variants updated by SKU: 1
S-4513,S-4513,Arka,FALSE,Size,6x6x5,,,,,0.62,S-4513,draft,https://img.uline.com/is/image/uline/S-4513?$MediumRHD$,uline,"Home > All Products > Boxes, Corrugated > Corrugated Boxes (200# Test) > Misc Box Sizes",8.19255E+12,s-4513,OK,UPDATE: Found by Handle | Assuming MERGE for Variant Command | Assuming MERGE for Image Command | Variants updated by SKU: 1
S-4062,S-4062,Arka,FALSE,Size,6x6x6,,,,,0.42,S-4062,draft,https://img.uline.com/is/image/uline/S-4062?$MediumRHD$,uline,"Home > All Products > Boxes, Corrugated > Corrugated Boxes (200# Test) > Cube Boxes",8.19255E+12,s-4062,OK,UPDATE: Found by Handle | Assuming MERGE for Variant Command | Assuming MERGE for Image Command | Variants updated by SKU: 1
S-4428,S-4428,Arka,FALSE,Size,6x6x6,,,,,0.96,S-4428,draft,https://img.uline.com/is/image/uline/S-4428?$MediumRHD$,uline,"Home > All Products > Boxes, Corrugated > Corrugated Boxes (200# Test) > White Corrugated Boxes",8.19255E+12,s-4428,OK,UPDATE: Found by Handle | Assuming MERGE for Variant Command | Assuming MERGE for Image Command | Variants updated by SKU: 1
S-18180,S-18180,Arka,FALSE,Size,6x6x6,,,,,1.32,S-18180,draft,https://img.uline.com/is/image/uline/S-18180?$MediumRHD$,uline,"Home > All Products > Boxes, Corrugated > Heavy Duty Boxes > 275 Lb. Test Double Wall Boxes",8.19255E+12,s-18180,OK,UPDATE: Found by Handle | Assuming MERGE for Variant Command | Assuming MERGE for Image Command | Variants updated by SKU: 1
S-16729,S-16729,Arka,FALSE,Size,6x6x7,,,,,0.71,S-16729,draft,https://img.uline.com/is/image/uline/S-16729?$MediumRHD$,uline,"Home > All Products > Boxes, Corrugated > Corrugated Boxes (200# Test) > Misc Box Sizes",8.19255E+12,s-16729,OK,UPDATE: Found by Handle | Assuming MERGE for Variant Command | Assuming MERGE for Image Command | Variants updated by SKU: 1
S-4882,S-4882,Arka,FALSE,Size,6x6x8,,,,,0.77,S-4882,draft,https://img.uline.com/is/image/uline/S-4882?$MediumRHD$,uline,"Home > All Products > Boxes, Corrugated > Corrugated Boxes (200# Test) > Misc Box Sizes",8.19255E+12,s-4882,OK,UPDATE: Found by Handle | Assuming MERGE for Variant Command | Assuming MERGE for Image Command | Variants updated by SKU: 1
S-4876,S-4876,Arka,FALSE,Size,6x6x6,,,,,0.98,S-4876,draft,https://img.uline.com/is/image/uline/S-4876?$MediumRHD$,uline,"Home > All Products > Boxes, Corrugated > Heavy Duty Boxes > 275 Lb. Test Single Wall Boxes",8.19255E+12,s-4876,OK,UPDATE: Found by Handle | Assuming MERGE for Variant Command | Assuming MERGE for Image Command | Variants updated by SKU: 1
S-4834,S-4834,Arka,FALSE,Size,6x6x10,,,,,0.92,S-4834,draft,https://img.uline.com/is/image/uline/S-4834?$MediumRHD$,uline,"Home > All Products > Boxes, Corrugated > Corrugated Boxes (200# Test) > Misc Box Sizes",8.19255E+12,s-4834,OK,UPDATE: Found by Handle | Assuming MERGE for Variant Command | Assuming MERGE for Image Command | Variants updated by SKU: 1
S-4343,S-4343,Arka,FALSE,Size,6x6x12,,,,,0.98,S-4343,draft,https://img.uline.com/is/image/uline/S-4343?$MediumRHD$,uline,"Home > All Products > Boxes, Corrugated > Corrugated Boxes (200# Test) > Tall Boxes",8.19255E+12,s-4343,OK,UPDATE: Found by Handle | Assuming MERGE for Variant Command | Assuming MERGE for Image Command | Variants updated by SKU: 1
S-19832,S-19832,Arka,FALSE,Size,6x6x14,,,,,1.14,S-19832,draft,https://img.uline.com/is/image/uline/S-19832?$MediumRHD$,uline,"Home > All Products > Boxes, Corrugated > Corrugated Boxes (200# Test) > Tall Boxes",8.19255E+12,s-19832,OK,UPDATE: Found by Handle | Assuming MERGE for Variant Command | Assuming MERGE for Image Command | Variants updated by SKU: 1
S-4133,S-4133,Arka,FALSE,Size,6x6x18,,,,,1.17,S-4133,draft,https://img.uline.com/is/image/uline/S-4133?$MediumRHD$,uline,"Home > All Products > Boxes, Corrugated > Corrugated Boxes (200# Test) > Tall Boxes",8.19255E+12,s-4133,OK,UPDATE: Found by Handle | Assuming MERGE for Variant Command | Assuming MERGE for Image Command | Variants updated by SKU: 1
S-4332,S-4332,Arka,FALSE,Size,6x6x24,,,,,1.6,S-4332,draft,https://img.uline.com/is/image/uline/S-4332?$MediumRHD$,uline,"Home > All Products > Boxes, Corrugated > Corrugated Boxes (200# Test) > Tall Boxes",8.19255E+12,s-4332,OK,UPDATE: Found by Handle | Assuming MERGE for Variant Command | Assuming MERGE for Image Command | Variants updated by SKU: 1
S-15026,S-15026,Arka,FALSE,Size,6x6x20,,,,,1.31,S-15026,draft,https://img.uline.com/is/image/uline/S-15026?$MediumRHD$,uline,"Home > All Products > Boxes, Corrugated > Corrugated Boxes (200# Test) > Tall Boxes",8.19255E+12,s-15026,OK,UPDATE: Found by Handle | Assuming MERGE for Variant Command | Assuming MERGE for Image Command | Variants updated by SKU: 1
S-4134,S-4134,Arka,FALSE,Size,6x6x29,,,,,1.97,S-4134,draft,https://img.uline.com/is/image/uline/S-4134?$MediumRHD$,uline,"Home > All Products > Boxes, Corrugated > Corrugated Boxes (200# Test) > Tall Boxes",8.19255E+12,s-4134,OK,UPDATE: Found by Handle | Assuming MERGE for Variant Command | Assuming MERGE for Image Command | Variants updated by SKU: 1
S-21015,S-21015,Arka,FALSE,Size,6x6x32,,,,,2.13,S-21015,draft,https://img.uline.com/is/image/uline/S-21015?$MediumRHD$,uline,"Home > All Products > Boxes, Corrugated > Corrugated Boxes (200# Test) > Tall Boxes",8.19255E+12,s-21015,OK,UPDATE: Found by Handle | Assuming MERGE for Variant Command | Assuming MERGE for Image Command | Variants updated by SKU: 1
S-16699,S-16699,Arka,FALSE,Size,6x6x30,,,,,2.05,S-16699,draft,https://img.uline.com/is/image/uline/S-16699?$MediumRHD$,uline,"Home > All Products > Boxes, Corrugated > Corrugated Boxes (200# Test) > Tall Boxes",8.19255E+12,s-16699,OK,UPDATE: Found by Handle | Assuming MERGE for Variant Command | Assuming MERGE for Image Command | Variants updated by SKU: 1
S-4135,S-4135,Arka,FALSE,Size,6x6x36,,,,,1.49,S-4135,draft,https://img.uline.com/is/image/uline/S-4135?$MediumRHD$,uline,"Home > All Products > Boxes, Corrugated > Corrugated Boxes (200# Test) > Tall Boxes",8.19255E+12,s-4135,OK,UPDATE: Found by Handle | Assuming MERGE for Variant Command | Assuming MERGE for Image Command | Variants updated by SKU: 1
S-19770,S-19770,Arka,FALSE,Size,6x6x36,,,,,4.36,S-19770,draft,https://img.uline.com/is/image/uline/S-19770?$MediumRHD$,uline,"Home > All Products > Boxes, Corrugated > Heavy Duty Boxes > 275 Lb. Test Double Wall Boxes",8.19255E+12,s-19770,OK,UPDATE: Found by Handle | Assuming MERGE for Variant Command | Assuming MERGE for Image Command | Variants updated by SKU: 1
S-4342,S-4342,Arka,FALSE,Size,6x6x40,,,,,2.44,S-4342,draft,https://img.uline.com/is/image/uline/S-4342?$MediumRHD$,uline,"Home > All Products > Boxes, Corrugated > Corrugated Boxes (200# Test) > Tall Boxes",8.19255E+12,s-4342,OK,UPDATE: Found by Handle | Assuming MERGE for Variant Command | Assuming MERGE for Image Command | Variants updated by SKU: 1
S-22631,S-22631,Arka,FALSE,Size,6x6x42,,,,,2.78,S-22631,draft,https://img.uline.com/is/image/uline/S-22631?$MediumRHD$,uline,"Home > All Products > Boxes, Corrugated > Corrugated Boxes (200# Test) > Tall Boxes",8.19255E+12,s-22631,OK,UPDATE: Found by Handle | Assuming MERGE for Variant Command | Assuming MERGE for Image Command | Variants updated by SKU: 1
S-4381,S-4381,Arka,FALSE,Size,6x6x48,,,,,2.14,S-4381,draft,https://img.uline.com/is/image/uline/S-4381?$MediumRHD$,uline,"Home > All Products > Boxes, Corrugated > Corrugated Boxes (200# Test) > Tall Boxes",8.19255E+12,s-4381,OK,UPDATE: Found by Handle | Assuming MERGE for Variant Command | Assuming MERGE for Image Command | Variants updated by SKU: 1
S-13285,S-13285,Arka,FALSE,Size,6x6x48,,,,,5.55,S-13285,draft,https://img.uline.com/is/image/uline/S-13285?$MediumRHD$,uline,"Home > All Products > Boxes, Corrugated > Heavy Duty Boxes > 275 Lb. Test Double Wall Boxes",8.19255E+12,s-13285,OK,UPDATE: Found by Handle | Assuming MERGE for Variant Command | Assuming MERGE for Image Command | Variants updated by SKU: 1
S-4872,S-4872,Arka,FALSE,Size,6x6x48,,,,,6.16,S-4872,draft,https://img.uline.com/is/image/uline/S-4872?$MediumRHD$,uline,"Home > All Products > Boxes, Corrugated > Corrugated Boxes (200# Test) > Telescopic Boxes",8.19255E+12,s-4872,OK,UPDATE: Found by Handle | Assuming MERGE for Variant Command | Assuming MERGE for Image Command | Variants updated by SKU: 1
S-19780,S-19780,Arka,FALSE,Size,6x6x48,,,,,12.57,S-19780,draft,https://img.uline.com/is/image/uline/S-19780?$MediumRHD$,uline,"Home > All Products > Boxes, Corrugated > Corrugated Boxes (200# Test) > Telescopic Boxes",8.19255E+12,s-19780,OK,UPDATE: Found by Handle | Assuming MERGE for Variant Command | Assuming MERGE for Image Command | Variants updated by SKU: 1
S-4583,S-4583,Arka,FALSE,Size,6x6x38,,,,,2.32,S-4583,draft,https://img.uline.com/is/image/uline/S-4583?$MediumRHD$,uline,"Home > All Products > Boxes, Corrugated > Corrugated Boxes (200# Test) > Tall Boxes",8.19255E+12,s-4583,OK,UPDATE: Found by Handle | Assuming MERGE for Variant Command | Assuming MERGE for Image Command | Variants updated by SKU: 1
S-20480,S-20480,Arka,FALSE,Size,6x6x50,,,,,3.57,S-20480,draft,https://img.uline.com/is/image/uline/S-20480?$MediumRHD$,uline,"Home > All Products > Boxes, Corrugated > Corrugated Boxes (200# Test) > Tall Boxes",8.19255E+12,s-20480,OK,UPDATE: Found by Handle | Assuming MERGE for Variant Command | Assuming MERGE for Image Command | Variants updated by SKU: 1
S-4136,S-4136,Arka,FALSE,Size,6x6x62,,,,,4.47,S-4136,draft,https://img.uline.com/is/image/uline/S-4136?$MediumRHD$,uline,"Home > All Products > Boxes, Corrugated > Corrugated Boxes (200# Test) > Tall Boxes",8.19255E+12,s-4136,OK,UPDATE: Found by Handle | Assuming MERGE for Variant Command | Assuming MERGE for Image Command | Variants updated by SKU: 1
S-14264,S-14264,Arka,FALSE,Size,6x6x60,,,,,4.2,S-14264,draft,https://img.uline.com/is/image/uline/S-14264?$MediumRHD$,uline,"Home > All Products > Boxes, Corrugated > Corrugated Boxes (200# Test) > Tall Boxes",8.19255E+12,s-14264,OK,UPDATE: Found by Handle | Assuming MERGE for Variant Command | Assuming MERGE for Image Command | Variants updated by SKU: 1
S-4689,S-4689,Arka,FALSE,Size,6x6x72,,,,,5.55,S-4689,draft,https://img.uline.com/is/image/uline/S-4689?$MediumRHD$,uline,"Home > All Products > Boxes, Corrugated > Corrugated Boxes (200# Test) > Tall Boxes",8.19255E+12,s-4689,OK,UPDATE: Found by Handle | Assuming MERGE for Variant Command | Assuming MERGE for Image Command | Variants updated by SKU: 1
S-4973,S-4973,Arka,FALSE,Size,6x6x72,,,,,12.02,S-4973,draft,https://img.uline.com/is/image/uline/S-4973?$MediumRHD$,uline,"Home > All Products > Boxes, Corrugated > Corrugated Boxes (200# Test) > Telescopic Boxes",8.19255E+12,s-4973,OK,UPDATE: Found by Handle | Assuming MERGE for Variant Command | Assuming MERGE for Image Command | Variants updated by SKU: 1
S-22632,S-22632,Arka,FALSE,Size,7x4x3,,,,,0.53,S-22632,draft,https://img.uline.com/is/image/uline/S-22632?$MediumRHD$,uline,"Home > All Products > Boxes, Corrugated > Corrugated Boxes (200# Test) > Misc Box Sizes",8.19255E+12,s-22632,OK,UPDATE: Found by Handle | Assuming MERGE for Variant Command | Assuming MERGE for Image Command | Variants updated by SKU: 1
S-4584,S-4584,Arka,FALSE,Size,7x4x4,,,,,0.54,S-4584,draft,https://img.uline.com/is/image/uline/S-4584?$MediumRHD$,uline,"Home > All Products > Boxes, Corrugated > Corrugated Boxes (200# Test) > Misc Box Sizes",8.19255E+12,s-4584,OK,UPDATE: Found by Handle | Assuming MERGE for Variant Command | Assuming MERGE for Image Command | Variants updated by SKU: 1
S-13286,S-13286,Arka,FALSE,Size,7x5x3,,,,,0.58,S-13286,draft,https://img.uline.com/is/image/uline/S-13286?$MediumRHD$,uline,"Home > All Products > Boxes, Corrugated > Corrugated Boxes (200# Test) > Misc Box Sizes",8.19255E+12,s-13286,OK,UPDATE: Found by Handle | Assuming MERGE for Variant Command | Assuming MERGE for Image Command | Variants updated by SKU: 1
S-4344,S-4344,Arka,FALSE,Size,7x5x5,,,,,0.42,S-4344,draft,https://img.uline.com/is/image/uline/S-4344?$MediumRHD$,uline,"Home > All Products > Boxes, Corrugated > Corrugated Boxes (200# Test) > Misc Box Sizes",8.19255E+12,s-4344,OK,UPDATE: Found by Handle | Assuming MERGE for Variant Command | Assuming MERGE for Image Command | Variants updated by SKU: 1
S-22171,S-22171,Arka,FALSE,Size,7x6x5,,,,,0.73,S-22171,draft,https://img.uline.com/is/image/uline/S-22171?$MediumRHD$,uline,"Home > All Products > Boxes, Corrugated > Corrugated Boxes (200# Test) > Misc Box Sizes",8.19255E+12,s-22171,OK,UPDATE: Found by Handle | Assuming MERGE for Variant Command | Assuming MERGE for Image Command | Variants updated by SKU: 1
S-16700,S-16700,Arka,FALSE,Size,7x6x4,,,,,0.72,S-16700,draft,https://img.uline.com/is/image/uline/S-16700?$MediumRHD$,uline,"Home > All Products > Boxes, Corrugated > Corrugated Boxes (200# Test) > Misc Box Sizes",8.19255E+12,s-16700,OK,UPDATE: Found by Handle | Assuming MERGE for Variant Command | Assuming MERGE for Image Command | Variants updated by SKU: 1
S-4974,S-4974,Arka,FALSE,Size,7x6x6,,,,,0.75,S-4974,draft,https://img.uline.com/is/image/uline/S-4974?$MediumRHD$,uline,"Home > All Products > Boxes, Corrugated > Corrugated Boxes (200# Test) > Misc Box Sizes",8.19255E+12,s-4974,OK,UPDATE: Found by Handle | Assuming MERGE for Variant Command | Assuming MERGE for Image Command | Variants updated by SKU: 1
S-4585,S-4585,Arka,FALSE,Size,7x7x3,,,,,0.69,S-4585,draft,https://img.uline.com/is/image/uline/S-4585?$MediumRHD$,uline,"Home > All Products > Boxes, Corrugated > Corrugated Boxes (200# Test) > Flat Boxes",8.19255E+12,s-4585,OK,UPDATE: Found by Handle | Assuming MERGE for Variant Command | Assuming MERGE for Image Command | Variants updated by SKU: 1
S-4690,S-4690,Arka,FALSE,Size,7x7x4,,,,,0.71,S-4690,draft,https://img.uline.com/is/image/uline/S-4690?$MediumRHD$,uline,"Home > All Products > Boxes, Corrugated > Corrugated Boxes (200# Test) > Misc Box Sizes",8.19255E+12,s-4690,OK,UPDATE: Found by Handle | Assuming MERGE for Variant Command | Assuming MERGE for Image Command | Variants updated by SKU: 1
S-4592,S-4592,Arka,FALSE,Size,8x8x24,,,,,2.16,S-4592,draft,https://img.uline.com/is/image/uline/S-4592?$MediumRHD$,uline,"Home > All Products > Boxes, Corrugated > Corrugated Boxes (200# Test) > Tall Boxes",8.19255E+12,s-4592,OK,UPDATE: Found by Handle | Assuming MERGE for Variant Command | Assuming MERGE for Image Command | Variants updated by SKU: 1
S-4070,S-4070,Arka,FALSE,Size,7x7x5,,,,,0.75,S-4070,draft,https://img.uline.com/is/image/uline/S-4070?$MediumRHD$,uline,"Home > All Products > Boxes, Corrugated > Corrugated Boxes (200# Test) > Misc Box Sizes",8.19255E+12,s-4070,OK,UPDATE: Found by Handle | Assuming MERGE for Variant Command | Assuming MERGE for Image Command | Variants updated by SKU: 1
S-4315,S-4315,Arka,FALSE,Size,7x7x7,,,,,0.58,S-4315,draft,https://img.uline.com/is/image/uline/S-4315?$MediumRHD$,uline,"Home > All Products > Boxes, Corrugated > Corrugated Boxes (200# Test) > Cube Boxes",8.19255E+12,s-4315,OK,UPDATE: Found by Handle | Assuming MERGE for Variant Command | Assuming MERGE for Image Command | Variants updated by SKU: 1
S-4586,S-4586,Arka,FALSE,Size,7x7x6,,,,,0.8,S-4586,draft,https://img.uline.com/is/image/uline/S-4586?$MediumRHD$,uline,"Home > All Products > Boxes, Corrugated > Corrugated Boxes (200# Test) > Misc Box Sizes",8.19255E+12,s-4586,OK,UPDATE: Found by Handle | Assuming MERGE for Variant Command | Assuming MERGE for Image Command | Variants updated by SKU: 1
S-18946,S-18946,Arka,FALSE,Size,7x7x7,,,,,1.23,S-18946,draft,https://img.uline.com/is/image/uline/S-18946?$MediumRHD$,uline,"Home > All Products > Boxes, Corrugated > Corrugated Boxes (200# Test) > White Corrugated Boxes",8.19255E+12,s-18946,OK,UPDATE: Found by Handle | Assuming MERGE for Variant Command | Assuming MERGE for Image Command | Variants updated by SKU: 1
S-22120,S-22120,Arka,FALSE,Size,7x7x7,,,,,1.6,S-22120,draft,https://img.uline.com/is/image/uline/S-22120?$MediumRHD$,uline,"Home > All Products > Boxes, Corrugated > Heavy Duty Boxes > 275 Lb. Test Double Wall Boxes",8.19255E+12,s-22120,OK,UPDATE: Found by Handle | Assuming MERGE for Variant Command | Assuming MERGE for Image Command | Variants updated by SKU: 1
S-21063,S-21063,Arka,FALSE,Size,7x7x9,,,,,0.99,S-21063,draft,https://img.uline.com/is/image/uline/S-21063?$MediumRHD$,uline,"Home > All Products > Boxes, Corrugated > Corrugated Boxes (200# Test) > Misc Box Sizes",8.19255E+12,s-21063,OK,UPDATE: Found by Handle | Assuming MERGE for Variant Command | Assuming MERGE for Image Command | Variants updated by SKU: 1
S-4387,S-4387,Arka,FALSE,Size,7x7x12,,,,,1.04,S-4387,draft,https://img.uline.com/is/image/uline/S-4387?$MediumRHD$,uline,"Home > All Products > Boxes, Corrugated > Corrugated Boxes (200# Test) > Misc Box Sizes",8.19255E+12,s-4387,OK,UPDATE: Found by Handle | Assuming MERGE for Variant Command | Assuming MERGE for Image Command | Variants updated by SKU: 1
S-4514,S-4514,Arka,FALSE,Size,7x7x8,,,,,0.96,S-4514,draft,https://img.uline.com/is/image/uline/S-4514?$MediumRHD$,uline,"Home > All Products > Boxes, Corrugated > Corrugated Boxes (200# Test) > Misc Box Sizes",8.19255E+12,s-4514,OK,UPDATE: Found by Handle | Assuming MERGE for Variant Command | Assuming MERGE for Image Command | Variants updated by SKU: 1
S-18376,S-18376,Arka,FALSE,Size,7x7x14,,,,,1.17,S-18376,draft,https://img.uline.com/is/image/uline/S-18376?$MediumRHD$,uline,"Home > All Products > Boxes, Corrugated > Corrugated Boxes (200# Test) > Tall Boxes",8.19255E+12,s-18376,OK,UPDATE: Found by Handle | Assuming MERGE for Variant Command | Assuming MERGE for Image Command | Variants updated by SKU: 1
S-4245,S-4245,Arka,FALSE,Size,8x4x4,,,,,0.41,S-4245,draft,https://img.uline.com/is/image/uline/S-4245?$MediumRHD$,uline,"Home > All Products > Boxes, Corrugated > Corrugated Boxes (200# Test) > Long Boxes",8.19255E+12,s-4245,OK,UPDATE: Found by Handle | Assuming MERGE for Variant Command | Assuming MERGE for Image Command | Variants updated by SKU: 1
S-22628,S-22628,Arka,FALSE,Size,8x3x3,,,,,0.53,S-22628,draft,https://img.uline.com/is/image/uline/S-22628?$MediumRHD$,uline,"Home > All Products > Boxes, Corrugated > Corrugated Boxes (200# Test) > Long Boxes",8.19255E+12,s-22628,OK,UPDATE: Found by Handle | Assuming MERGE for Variant Command | Assuming MERGE for Image Command | Variants updated by SKU: 1
S-4883,S-4883,Arka,FALSE,Size,7x7x10,,,,,1.02,S-4883,draft,https://img.uline.com/is/image/uline/S-4883?$MediumRHD$,uline,"Home > All Products > Boxes, Corrugated > Corrugated Boxes (200# Test) > Misc Box Sizes",8.19255E+12,s-4883,OK,UPDATE: Found by Handle | Assuming MERGE for Variant Command | Assuming MERGE for Image Command | Variants updated by SKU: 1
S-23949,S-23949,Arka,FALSE,Size,7x7x48,,,,,3.67,S-23949,draft,https://img.uline.com/is/image/uline/S-23949?$MediumRHD$,uline,"Home > All Products > Boxes, Corrugated > Corrugated Boxes (200# Test) > Tall Boxes",8.19255E+12,s-23949,OK,UPDATE: Found by Handle | Assuming MERGE for Variant Command | Assuming MERGE for Image Command | Variants updated by SKU: 1
S-20481,S-20481,Arka,FALSE,Size,8x4x12,,,,,1.11,S-20481,draft,https://img.uline.com/is/image/uline/S-20481?$MediumRHD$,uline,"Home > All Products > Boxes, Corrugated > Corrugated Boxes (200# Test) > Misc Box Sizes",8.19255E+12,s-20481,OK,UPDATE: Found by Handle | Assuming MERGE for Variant Command | Assuming MERGE for Image Command | Variants updated by SKU: 1
S-17997,S-17997,Arka,FALSE,Size,8x4x46,,,,,3.52,S-17997,draft,https://img.uline.com/is/image/uline/S-17997?$MediumRHD$,uline,"Home > All Products > Boxes, Corrugated > Moving Boxes > Rifle Boxes",8.19255E+12,s-17997,OK,UPDATE: Found by Handle | Assuming MERGE for Variant Command | Assuming MERGE for Image Command | Variants updated by SKU: 1
S-12650,S-12650,Arka,FALSE,Size,8x4x52,,,,,3.14,S-12650,draft,https://img.uline.com/is/image/uline/S-12650?$MediumRHD$,uline,"Home > All Products > Boxes, Corrugated > Moving Boxes > Rifle Boxes",8.19255E+12,s-12650,OK,UPDATE: Found by Handle | Assuming MERGE for Variant Command | Assuming MERGE for Image Command | Variants updated by SKU: 1
S-16701,S-16701,Arka,FALSE,Size,8x5x3,,,,,0.69,S-16701,draft,https://img.uline.com/is/image/uline/S-16701?$MediumRHD$,uline,"Home > All Products > Boxes, Corrugated > Corrugated Boxes (200# Test) > Misc Box Sizes",8.19255E+12,s-16701,OK,UPDATE: Found by Handle | Assuming MERGE for Variant Command | Assuming MERGE for Image Command | Variants updated by SKU: 1
S-4556,S-4556,Arka,FALSE,Size,8x5x4,,,,,0.71,S-4556,draft,https://img.uline.com/is/image/uline/S-4556?$MediumRHD$,uline,"Home > All Products > Boxes, Corrugated > Corrugated Boxes (200# Test) > Misc Box Sizes",8.19255E+12,s-4556,OK,UPDATE: Found by Handle | Assuming MERGE for Variant Command | Assuming MERGE for Image Command | Variants updated by SKU: 1
S-4705,S-4705,Arka,FALSE,Size,8x6x3,,,,,0.71,S-4705,draft,https://img.uline.com/is/image/uline/S-4705?$MediumRHD$,uline,"Home > All Products > Boxes, Corrugated > Corrugated Boxes (200# Test) > Flat Boxes",8.19255E+12,s-4705,OK,UPDATE: Found by Handle | Assuming MERGE for Variant Command | Assuming MERGE for Image Command | Variants updated by SKU: 1
S-4308,S-4308,Arka,FALSE,Size,8x5x5,,,,,0.72,S-4308,draft,https://img.uline.com/is/image/uline/S-4308?$MediumRHD$,uline,"Home > All Products > Boxes, Corrugated > Corrugated Boxes (200# Test) > Misc Box Sizes",8.19255E+12,s-4308,OK,UPDATE: Found by Handle | Assuming MERGE for Variant Command | Assuming MERGE for Image Command | Variants updated by SKU: 1
S-4080,S-4080,Arka,FALSE,Size,8x6x4,,,,,0.43,S-4080,draft,https://img.uline.com/is/image/uline/S-4080?$MediumRHD$,uline,"Home > All Products > Boxes, Corrugated > Corrugated Boxes (200# Test) > Misc Box Sizes",8.19255E+12,s-4080,OK,UPDATE: Found by Handle | Assuming MERGE for Variant Command | Assuming MERGE for Image Command | Variants updated by SKU: 1
S-15027,S-15027,Arka,FALSE,Size,8x6x2,,,,,0.41,S-15027,draft,https://img.uline.com/is/image/uline/S-15027?$MediumRHD$,uline,"Home > All Products > Boxes, Corrugated > Corrugated Boxes (200# Test) > Flat Boxes",8.19255E+12,s-15027,OK,UPDATE: Found by Handle | Assuming MERGE for Variant Command | Assuming MERGE for Image Command | Variants updated by SKU: 1
S-15028,S-15028,Arka,FALSE,Size,8x6x4,,,,,0.99,S-15028,draft,https://img.uline.com/is/image/uline/S-15028?$MediumRHD$,uline,"Home > All Products > Boxes, Corrugated > Corrugated Boxes (200# Test) > White Corrugated Boxes",8.19255E+12,s-15028,OK,UPDATE: Found by Handle | Assuming MERGE for Variant Command | Assuming MERGE for Image Command | Variants updated by SKU: 1
S-4515,S-4515,Arka,FALSE,Size,8x6x5,,,,,0.8,S-4515,draft,https://img.uline.com/is/image/uline/S-4515?$MediumRHD$,uline,"Home > All Products > Boxes, Corrugated > Corrugated Boxes (200# Test) > Misc Box Sizes",8.19255E+12,s-4515,OK,UPDATE: Found by Handle | Assuming MERGE for Variant Command | Assuming MERGE for Image Command | Variants updated by SKU: 1
S-4081,S-4081,Arka,FALSE,Size,8x6x6,,,,,0.57,S-4081,draft,https://img.uline.com/is/image/uline/S-4081?$MediumRHD$,uline,"Home > All Products > Boxes, Corrugated > Corrugated Boxes (200# Test) > Misc Box Sizes",8.19255E+12,s-4081,OK,UPDATE: Found by Handle | Assuming MERGE for Variant Command | Assuming MERGE for Image Command | Variants updated by SKU: 1
S-16702,S-16702,Arka,FALSE,Size,8x6x8,,,,,0.87,S-16702,draft,https://img.uline.com/is/image/uline/S-16702?$MediumRHD$,uline,"Home > All Products > Boxes, Corrugated > Corrugated Boxes (200# Test) > Misc Box Sizes",8.19255E+12,s-16702,OK,UPDATE: Found by Handle | Assuming MERGE for Variant Command | Assuming MERGE for Image Command | Variants updated by SKU: 1
S-4588,S-4588,Arka,FALSE,Size,8x7x7,,,,,0.92,S-4588,draft,https://img.uline.com/is/image/uline/S-4588?$MediumRHD$,uline,"Home > All Products > Boxes, Corrugated > Corrugated Boxes (200# Test) > Misc Box Sizes",8.19255E+12,s-4588,OK,UPDATE: Found by Handle | Assuming MERGE for Variant Command | Assuming MERGE for Image Command | Variants updated by SKU: 1
S-19042,S-19042,Arka,FALSE,Size,8x8x2,,,,,0.72,S-19042,draft,https://img.uline.com/is/image/uline/S-19042?$MediumRHD$,uline,"Home > All Products > Boxes, Corrugated > Corrugated Boxes (200# Test) > Flat Boxes",8.19255E+12,s-19042,OK,UPDATE: Found by Handle | Assuming MERGE for Variant Command | Assuming MERGE for Image Command | Variants updated by SKU: 1
S-4082,S-4082,Arka,FALSE,Size,8x8x4,,,,,0.61,S-4082,draft,https://img.uline.com/is/image/uline/S-4082?$MediumRHD$,uline,"Home > All Products > Boxes, Corrugated > Corrugated Boxes (200# Test) > Flat Boxes",8.19255E+12,s-4082,OK,UPDATE: Found by Handle | Assuming MERGE for Variant Command | Assuming MERGE for Image Command | Variants updated by SKU: 1
S-4589,S-4589,Arka,FALSE,Size,8x8x3,,,,,0.75,S-4589,draft,https://img.uline.com/is/image/uline/S-4589?$MediumRHD$,uline,"Home > All Products > Boxes, Corrugated > Corrugated Boxes (200# Test) > Flat Boxes",8.19255E+12,s-4589,OK,UPDATE: Found by Handle | Assuming MERGE for Variant Command | Assuming MERGE for Image Command | Variants updated by SKU: 1
S-4083,S-4083,Arka,FALSE,Size,8x8x6,,,,,0.71,S-4083,draft,https://img.uline.com/is/image/uline/S-4083?$MediumRHD$,uline,"Home > All Products > Boxes, Corrugated > Corrugated Boxes (200# Test) > Misc Box Sizes",8.19255E+12,s-4083,OK,UPDATE: Found by Handle | Assuming MERGE for Variant Command | Assuming MERGE for Image Command | Variants updated by SKU: 1
S-18947,S-18947,Arka,FALSE,Size,8x8x6,,,,,1.25,S-18947,draft,https://img.uline.com/is/image/uline/S-18947?$MediumRHD$,uline,"Home > All Products > Boxes, Corrugated > Corrugated Boxes (200# Test) > White Corrugated Boxes",8.19255E+12,s-18947,OK,UPDATE: Found by Handle | Assuming MERGE for Variant Command | Assuming MERGE for Image Command | Variants updated by SKU: 1
S-4975,S-4975,Arka,FALSE,Size,8x8x7,,,,,1.02,S-4975,draft,https://img.uline.com/is/image/uline/S-4975?$MediumRHD$,uline,"Home > All Products > Boxes, Corrugated > Corrugated Boxes (200# Test) > Misc Box Sizes",8.19255E+12,s-4975,OK,UPDATE: Found by Handle | Assuming MERGE for Variant Command | Assuming MERGE for Image Command | Variants updated by SKU: 1
S-4345,S-4345,Arka,FALSE,Size,8x8x5,,,,,0.82,S-4345,draft,https://img.uline.com/is/image/uline/S-4345?$MediumRHD$,uline,"Home > All Products > Boxes, Corrugated > Corrugated Boxes (200# Test) > Misc Box Sizes",8.19255E+12,s-4345,OK,UPDATE: Found by Handle | Assuming MERGE for Variant Command | Assuming MERGE for Image Command | Variants updated by SKU: 1
S-4084,S-4084,Arka,FALSE,Size,8x8x8,,,,,0.62,S-4084,draft,https://img.uline.com/is/image/uline/S-4084?$MediumRHD$,uline,"Home > All Products > Boxes, Corrugated > Corrugated Boxes (200# Test) > Cube Boxes",8.19255E+12,s-4084,OK,UPDATE: Found by Handle | Assuming MERGE for Variant Command | Assuming MERGE for Image Command | Variants updated by SKU: 1
S-4706,S-4706,Arka,FALSE,Size,8x8x8,,,,,1.23,S-4706,draft,https://img.uline.com/is/image/uline/S-4706?$MediumRHD$,uline,"Home > All Products > Boxes, Corrugated > Corrugated Boxes (200# Test) > Multi-Depth Boxes",8.19255E+12,s-4706,OK,UPDATE: Found by Handle | Assuming MERGE for Variant Command | Assuming MERGE for Image Command | Variants updated by SKU: 1
S-4429,S-4429,Arka,FALSE,Size,8x8x8,,,,,1.29,S-4429,draft,https://img.uline.com/is/image/uline/S-4429?$MediumRHD$,uline,"Home > All Products > Boxes, Corrugated > Corrugated Boxes (200# Test) > White Corrugated Boxes",8.19255E+12,s-4429,OK,UPDATE: Found by Handle | Assuming MERGE for Variant Command | Assuming MERGE for Image Command | Variants updated by SKU: 1
S-4591,S-4591,Arka,FALSE,Size,8x8x8,,,,,1.36,S-4591,draft,https://img.uline.com/is/image/uline/S-4591?$MediumRHD$,uline,"Home > All Products > Boxes, Corrugated > Heavy Duty Boxes > 275 Lb. Test Single Wall Boxes",8.19255E+12,s-4591,OK,UPDATE: Found by Handle | Assuming MERGE for Variant Command | Assuming MERGE for Image Command | Variants updated by SKU: 1
S-4815,S-4815,Arka,FALSE,Size,8x8x8,,,,,1.85,S-4815,draft,https://img.uline.com/is/image/uline/S-4815?$MediumRHD$,uline,"Home > All Products > Boxes, Corrugated > Heavy Duty Boxes > 275 Lb. Test Double Wall Boxes",8.19255E+12,s-4815,OK,UPDATE: Found by Handle | Assuming MERGE for Variant Command | Assuming MERGE for Image Command | Variants updated by SKU: 1
S-16703,S-16703,Arka,FALSE,Size,8x8x9,,,,,1.08,S-16703,draft,https://img.uline.com/is/image/uline/S-16703?$MediumRHD$,uline,"Home > All Products > Boxes, Corrugated > Corrugated Boxes (200# Test) > Misc Box Sizes",8.19255E+12,s-16703,OK,UPDATE: Found by Handle | Assuming MERGE for Variant Command | Assuming MERGE for Image Command | Variants updated by SKU: 1
S-4516,S-4516,Arka,FALSE,Size,8x8x10,,,,,1.17,S-4516,draft,https://img.uline.com/is/image/uline/S-4516?$MediumRHD$,uline,"Home > All Products > Boxes, Corrugated > Corrugated Boxes (200# Test) > Misc Box Sizes",8.19255E+12,s-4516,OK,UPDATE: Found by Handle | Assuming MERGE for Variant Command | Assuming MERGE for Image Command | Variants updated by SKU: 1
S-19862,S-19862,Arka,FALSE,Size,8x8x11,,,,,1.19,S-19862,draft,https://img.uline.com/is/image/uline/S-19862?$MediumRHD$,uline,"Home > All Products > Boxes, Corrugated > Corrugated Boxes (200# Test) > Misc Box Sizes",8.19255E+12,s-19862,OK,UPDATE: Found by Handle | Assuming MERGE for Variant Command | Assuming MERGE for Image Command | Variants updated by SKU: 1
S-4814,S-4814,Arka,FALSE,Size,8x8x12,,,,,1.24,S-4814,draft,https://img.uline.com/is/image/uline/S-4814?$MediumRHD$,uline,"Home > All Products > Boxes, Corrugated > Corrugated Boxes (200# Test) > Misc Box Sizes",8.19255E+12,s-4814,OK,UPDATE: Found by Handle | Assuming MERGE for Variant Command | Assuming MERGE for Image Command | Variants updated by SKU: 1
S-4333,S-4333,Arka,FALSE,Size,8x8x17,,,,,1.44,S-4333,draft,https://img.uline.com/is/image/uline/S-4333?$MediumRHD$,uline,"Home > All Products > Boxes, Corrugated > Corrugated Boxes (200# Test) > Tall Boxes",8.19255E+12,s-4333,OK,UPDATE: Found by Handle | Assuming MERGE for Variant Command | Assuming MERGE for Image Command | Variants updated by SKU: 1
S-4691,S-4691,Arka,FALSE,Size,8x8x14,,,,,1.29,S-4691,draft,https://img.uline.com/is/image/uline/S-4691?$MediumRHD$,uline,"Home > All Products > Boxes, Corrugated > Corrugated Boxes (200# Test) > Misc Box Sizes",8.19255E+12,s-4691,OK,UPDATE: Found by Handle | Assuming MERGE for Variant Command | Assuming MERGE for Image Command | Variants updated by SKU: 1
S-4483,S-4483,Arka,FALSE,Size,8x8x36,,,,,2.54,S-4483,draft,https://img.uline.com/is/image/uline/S-4483?$MediumRHD$,uline,"Home > All Products > Boxes, Corrugated > Corrugated Boxes (200# Test) > Tall Boxes",8.19255E+12,s-4483,OK,UPDATE: Found by Handle | Assuming MERGE for Variant Command | Assuming MERGE for Image Command | Variants updated by SKU: 1
S-4923,S-4923,Arka,FALSE,Size,8x8x30,,,,,2.36,S-4923,draft,https://img.uline.com/is/image/uline/S-4923?$MediumRHD$,uline,"Home > All Products > Boxes, Corrugated > Corrugated Boxes (200# Test) > Tall Boxes",8.19255E+12,s-4923,OK,UPDATE: Found by Handle | Assuming MERGE for Variant Command | Assuming MERGE for Image Command | Variants updated by SKU: 1
S-15029,S-15029,Arka,FALSE,Size,8x8x20,,,,,1.63,S-15029,draft,https://img.uline.com/is/image/uline/S-15029?$MediumRHD$,uline,"Home > All Products > Boxes, Corrugated > Corrugated Boxes (200# Test) > Tall Boxes",8.19255E+12,s-15029,OK,UPDATE: Found by Handle | Assuming MERGE for Variant Command | Assuming MERGE for Image Command | Variants updated by SKU: 1
S-21008,S-21008,Arka,FALSE,Size,8x8x38,,,,,3,S-21008,draft,https://img.uline.com/is/image/uline/S-21008?$MediumRHD$,uline,"Home > All Products > Boxes, Corrugated > Corrugated Boxes (200# Test) > Tall Boxes",8.19255E+12,s-21008,OK,UPDATE: Found by Handle | Assuming MERGE for Variant Command | Assuming MERGE for Image Command | Variants updated by SKU: 1
S-4781,S-4781,Arka,FALSE,Size,8x8x40,,,,,3.32,S-4781,draft,https://img.uline.com/is/image/uline/S-4781?$MediumRHD$,uline,"Home > All Products > Boxes, Corrugated > Corrugated Boxes (200# Test) > Tall Boxes",8.19255E+12,s-4781,OK,UPDATE: Found by Handle | Assuming MERGE for Variant Command | Assuming MERGE for Image Command | Variants updated by SKU: 1
S-20492,S-20492,Arka,FALSE,Size,8x8x18,,,,,1.5,S-20492,draft,https://img.uline.com/is/image/uline/S-20492?$MediumRHD$,uline,"Home > All Products > Boxes, Corrugated > Corrugated Boxes (200# Test) > Tall Boxes",8.19255E+12,s-20492,OK,UPDATE: Found by Handle | Assuming MERGE for Variant Command | Assuming MERGE for Image Command | Variants updated by SKU: 1
S-16704,S-16704,Arka,FALSE,Size,8x8x42,,,,,3.66,S-16704,draft,https://img.uline.com/is/image/uline/S-16704?$MediumRHD$,uline,"Home > All Products > Boxes, Corrugated > Corrugated Boxes (200# Test) > Tall Boxes",8.19255E+12,s-16704,OK,UPDATE: Found by Handle | Assuming MERGE for Variant Command | Assuming MERGE for Image Command | Variants updated by SKU: 1
S-4557,S-4557,Arka,FALSE,Size,8x8x48,,,,,2.84,S-4557,draft,https://img.uline.com/is/image/uline/S-4557?$MediumRHD$,uline,"Home > All Products > Boxes, Corrugated > Corrugated Boxes (200# Test) > Tall Boxes",8.19255E+12,s-4557,OK,UPDATE: Found by Handle | Assuming MERGE for Variant Command | Assuming MERGE for Image Command | Variants updated by SKU: 1
S-4921,S-4921,Arka,FALSE,Size,8x8x48,,,,,8.63,S-4921,draft,https://img.uline.com/is/image/uline/S-4921?$MediumRHD$,uline,"Home > All Products > Boxes, Corrugated > Corrugated Boxes (200# Test) > Telescopic Boxes",8.19255E+12,s-4921,OK,UPDATE: Found by Handle | Assuming MERGE for Variant Command | Assuming MERGE for Image Command | Variants updated by SKU: 1
S-4599,S-4599,Arka,FALSE,Size,9x9x30,,,,,2.5,S-4599,draft,https://img.uline.com/is/image/uline/S-4599?$MediumRHD$,uline,"Home > All Products > Boxes, Corrugated > Corrugated Boxes (200# Test) > Tall Boxes",8.19255E+12,s-4599,OK,UPDATE: Found by Handle | Assuming MERGE for Variant Command | Assuming MERGE for Image Command | Variants updated by SKU: 1
S-4094,S-4094,Arka,FALSE,Size,9x9x9,,,,,0.77,S-4094,draft,https://img.uline.com/is/image/uline/S-4094?$MediumRHD$,uline,"Home > All Products > Boxes, Corrugated > Corrugated Boxes (200# Test) > Cube Boxes",8.19255E+12,s-4094,OK,UPDATE: Found by Handle | Assuming MERGE for Variant Command | Assuming MERGE for Image Command | Variants updated by SKU: 1
S-20429,S-20429,Arka,FALSE,Size,8x8x48,,,,,17.51,S-20429,draft,https://img.uline.com/is/image/uline/S-20429?$MediumRHD$,uline,"Home > All Products > Boxes, Corrugated > Corrugated Boxes (200# Test) > Telescopic Boxes",8.19255E+12,s-20429,OK,UPDATE: Found by Handle | Assuming MERGE for Variant Command | Assuming MERGE for Image Command | Variants updated by SKU: 1
S-4835,S-4835,Arka,FALSE,Size,8x8x60,,,,,5.18,S-4835,draft,https://img.uline.com/is/image/uline/S-4835?$MediumRHD$,uline,"Home > All Products > Boxes, Corrugated > Corrugated Boxes (200# Test) > Tall Boxes",8.19255E+12,s-4835,OK,UPDATE: Found by Handle | Assuming MERGE for Variant Command | Assuming MERGE for Image Command | Variants updated by SKU: 1
S-21009,S-21009,Arka,FALSE,Size,8x8x50,,,,,4.41,S-21009,draft,https://img.uline.com/is/image/uline/S-21009?$MediumRHD$,uline,"Home > All Products > Boxes, Corrugated > Corrugated Boxes (200# Test) > Tall Boxes",8.19255E+12,s-21009,OK,UPDATE: Found by Handle | Assuming MERGE for Variant Command | Assuming MERGE for Image Command | Variants updated by SKU: 1
S-19863,S-19863,Arka,FALSE,Size,8x8x72,,,,,6.66,S-19863,draft,https://img.uline.com/is/image/uline/S-19863?$MediumRHD$,uline,"Home > All Products > Boxes, Corrugated > Corrugated Boxes (200# Test) > Tall Boxes",8.19255E+12,s-19863,OK,UPDATE: Found by Handle | Assuming MERGE for Variant Command | Assuming MERGE for Image Command | Variants updated by SKU: 1
S-4850,S-4850,Arka,FALSE,Size,9x4x3,,,,,0.61,S-4850,draft,https://img.uline.com/is/image/uline/S-4850?$MediumRHD$,uline,"Home > All Products > Boxes, Corrugated > Corrugated Boxes (200# Test) > Long Boxes",8.19255E+12,s-4850,OK,UPDATE: Found by Handle | Assuming MERGE for Variant Command | Assuming MERGE for Image Command | Variants updated by SKU: 1
S-15030,S-15030,Arka,FALSE,Size,9x4x4,,,,,0.62,S-15030,draft,https://img.uline.com/is/image/uline/S-15030?$MediumRHD$,uline,"Home > All Products > Boxes, Corrugated > Corrugated Boxes (200# Test) > Long Boxes",8.19255E+12,s-15030,OK,UPDATE: Found by Handle | Assuming MERGE for Variant Command | Assuming MERGE for Image Command | Variants updated by SKU: 1
S-18952,S-18952,Arka,FALSE,Size,8x8x72,,,,,15.97,S-18952,draft,https://img.uline.com/is/image/uline/S-18952?$MediumRHD$,uline,"Home > All Products > Boxes, Corrugated > Corrugated Boxes (200# Test) > Telescopic Boxes",8.19255E+12,s-18952,OK,UPDATE: Found by Handle | Assuming MERGE for Variant Command | Assuming MERGE for Image Command | Variants updated by SKU: 1
S-4593,S-4593,Arka,FALSE,Size,9x5x3,,,,,0.62,S-4593,draft,https://img.uline.com/is/image/uline/S-4593?$MediumRHD$,uline,"Home > All Products > Boxes, Corrugated > Corrugated Boxes (200# Test) > Misc Box Sizes",8.19255E+12,s-4593,OK,UPDATE: Found by Handle | Assuming MERGE for Variant Command | Assuming MERGE for Image Command | Variants updated by SKU: 1
S-11369,S-11369,Arka,FALSE,Size,9x6x2,,,,,0.71,S-11369,draft,https://img.uline.com/is/image/uline/S-11369?$MediumRHD$,uline,"Home > All Products > Boxes, Corrugated > Corrugated Boxes (200# Test) > Flat Boxes",8.19255E+12,s-11369,OK,UPDATE: Found by Handle | Assuming MERGE for Variant Command | Assuming MERGE for Image Command | Variants updated by SKU: 1
S-16705,S-16705,Arka,FALSE,Size,9x5x4,,,,,0.64,S-16705,draft,https://img.uline.com/is/image/uline/S-16705?$MediumRHD$,uline,"Home > All Products > Boxes, Corrugated > Corrugated Boxes (200# Test) > Misc Box Sizes",8.19255E+12,s-16705,OK,UPDATE: Found by Handle | Assuming MERGE for Variant Command | Assuming MERGE for Image Command | Variants updated by SKU: 1
S-4949,S-4949,Arka,FALSE,Size,9x6x3,,,,,0.5,S-4949,draft,https://img.uline.com/is/image/uline/S-4949?$MediumRHD$,uline,"Home > All Products > Boxes, Corrugated > Corrugated Boxes (200# Test) > Flat Boxes",8.19255E+12,s-4949,OK,UPDATE: Found by Handle | Assuming MERGE for Variant Command | Assuming MERGE for Image Command | Variants updated by SKU: 1
S-4484,S-4484,Arka,FALSE,Size,9x6x4,,,,,0.51,S-4484,draft,https://img.uline.com/is/image/uline/S-4484?$MediumRHD$,uline,"Home > All Products > Boxes, Corrugated > Corrugated Boxes (200# Test) > Misc Box Sizes",8.19255E+12,s-4484,OK,UPDATE: Found by Handle | Assuming MERGE for Variant Command | Assuming MERGE for Image Command | Variants updated by SKU: 1
S-4092,S-4092,Arka,FALSE,Size,9x5x5,,,,,0.67,S-4092,draft,https://img.uline.com/is/image/uline/S-4092?$MediumRHD$,uline,"Home > All Products > Boxes, Corrugated > Corrugated Boxes (200# Test) > Misc Box Sizes",8.19255E+12,s-4092,OK,UPDATE: Found by Handle | Assuming MERGE for Variant Command | Assuming MERGE for Image Command | Variants updated by SKU: 1
S-4707,S-4707,Arka,FALSE,Size,9x6x5,,,,,0.77,S-4707,draft,https://img.uline.com/is/image/uline/S-4707?$MediumRHD$,uline,"Home > All Products > Boxes, Corrugated > Corrugated Boxes (200# Test) > Misc Box Sizes",8.19255E+12,s-4707,OK,UPDATE: Found by Handle | Assuming MERGE for Variant Command | Assuming MERGE for Image Command | Variants updated by SKU: 1
S-19866,S-19866,Arka,FALSE,Size,9x6x7,,,,,0.9,S-19866,draft,https://img.uline.com/is/image/uline/S-19866?$MediumRHD$,uline,"Home > All Products > Boxes, Corrugated > Corrugated Boxes (200# Test) > Misc Box Sizes",8.19255E+12,s-19866,OK,UPDATE: Found by Handle | Assuming MERGE for Variant Command | Assuming MERGE for Image Command | Variants updated by SKU: 1
S-18383,S-18383,Arka,FALSE,Size,9x6x9,,,,,0.98,S-18383,draft,https://img.uline.com/is/image/uline/S-18383?$MediumRHD$,uline,"Home > All Products > Boxes, Corrugated > Corrugated Boxes (200# Test) > Misc Box Sizes",8.19255E+12,s-18383,OK,UPDATE: Found by Handle | Assuming MERGE for Variant Command | Assuming MERGE for Image Command | Variants updated by SKU: 1
S-19100,S-19100,Arka,FALSE,Size,9x7x3,,,,,0.75,S-19100,draft,https://img.uline.com/is/image/uline/S-19100?$MediumRHD$,uline,"Home > All Products > Boxes, Corrugated > Corrugated Boxes (200# Test) > Flat Boxes",8.19255E+12,s-19100,OK,UPDATE: Found by Handle | Assuming MERGE for Variant Command | Assuming MERGE for Image Command | Variants updated by SKU: 1
S-4594,S-4594,Arka,FALSE,Size,9x7x4,,,,,0.77,S-4594,draft,https://img.uline.com/is/image/uline/S-4594?$MediumRHD$,uline,"Home > All Products > Boxes, Corrugated > Corrugated Boxes (200# Test) > Misc Box Sizes",8.19255E+12,s-4594,OK,UPDATE: Found by Handle | Assuming MERGE for Variant Command | Assuming MERGE for Image Command | Variants updated by SKU: 1
S-4334,S-4334,Arka,FALSE,Size,9x7x5,,,,,0.8,S-4334,draft,https://img.uline.com/is/image/uline/S-4334?$MediumRHD$,uline,"Home > All Products > Boxes, Corrugated > Corrugated Boxes (200# Test) > Misc Box Sizes",8.19255E+12,s-4334,OK,UPDATE: Found by Handle | Assuming MERGE for Variant Command | Assuming MERGE for Image Command | Variants updated by SKU: 1
S-4976,S-4976,Arka,FALSE,Size,9x7x6,,,,,0.84,S-4976,draft,https://img.uline.com/is/image/uline/S-4976?$MediumRHD$,uline,"Home > All Products > Boxes, Corrugated > Corrugated Boxes (200# Test) > Misc Box Sizes",8.19255E+12,s-4976,OK,UPDATE: Found by Handle | Assuming MERGE for Variant Command | Assuming MERGE for Image Command | Variants updated by SKU: 1
S-4485,S-4485,Arka,FALSE,Size,9x7x7,,,,,0.94,S-4485,draft,https://img.uline.com/is/image/uline/S-4485?$MediumRHD$,uline,"Home > All Products > Boxes, Corrugated > Corrugated Boxes (200# Test) > Misc Box Sizes",8.19255E+12,s-4485,OK,UPDATE: Found by Handle | Assuming MERGE for Variant Command | Assuming MERGE for Image Command | Variants updated by SKU: 1
S-4362,S-4362,Arka,FALSE,Size,9x6x6,,,,,0.57,S-4362,draft,https://img.uline.com/is/image/uline/S-4362?$MediumRHD$,uline,"Home > All Products > Boxes, Corrugated > Corrugated Boxes (200# Test) > Misc Box Sizes",8.19255E+12,s-4362,OK,UPDATE: Found by Handle | Assuming MERGE for Variant Command | Assuming MERGE for Image Command | Variants updated by SKU: 1
S-4836,S-4836,Arka,FALSE,Size,9x8x4,,,,,0.8,S-4836,draft,https://img.uline.com/is/image/uline/S-4836?$MediumRHD$,uline,"Home > All Products > Boxes, Corrugated > Corrugated Boxes (200# Test) > Misc Box Sizes",8.19255E+12,s-4836,OK,UPDATE: Found by Handle | Assuming MERGE for Variant Command | Assuming MERGE for Image Command | Variants updated by SKU: 1
S-4950,S-4950,Arka,FALSE,Size,9x8x6,,,,,0.92,S-4950,draft,https://img.uline.com/is/image/uline/S-4950?$MediumRHD$,uline,"Home > All Products > Boxes, Corrugated > Corrugated Boxes (200# Test) > Misc Box Sizes",8.19255E+12,s-4950,OK,UPDATE: Found by Handle | Assuming MERGE for Variant Command | Assuming MERGE for Image Command | Variants updated by SKU: 1
S-16706,S-16706,Arka,FALSE,Size,9x8x8,,,,,1.02,S-16706,draft,https://img.uline.com/is/image/uline/S-16706?$MediumRHD$,uline,"Home > All Products > Boxes, Corrugated > Corrugated Boxes (200# Test) > Misc Box Sizes",8.19255E+12,s-16706,OK,UPDATE: Found by Handle | Assuming MERGE for Variant Command | Assuming MERGE for Image Command | Variants updated by SKU: 1
S-20493,S-20493,Arka,FALSE,Size,9x9x3,,,,,0.87,S-20493,draft,https://img.uline.com/is/image/uline/S-20493?$MediumRHD$,uline,"Home > All Products > Boxes, Corrugated > Corrugated Boxes (200# Test) > Flat Boxes",8.19255E+12,s-20493,OK,UPDATE: Found by Handle | Assuming MERGE for Variant Command | Assuming MERGE for Image Command | Variants updated by SKU: 1
S-4595,S-4595,Arka,FALSE,Size,9x9x4,,,,,0.6,S-4595,draft,https://img.uline.com/is/image/uline/S-4595?$MediumRHD$,uline,"Home > All Products > Boxes, Corrugated > Corrugated Boxes (200# Test) > Flat Boxes",8.19255E+12,s-4595,OK,UPDATE: Found by Handle | Assuming MERGE for Variant Command | Assuming MERGE for Image Command | Variants updated by SKU: 1
S-4093,S-4093,Arka,FALSE,Size,9x9x5,,,,,0.92,S-4093,draft,https://img.uline.com/is/image/uline/S-4093?$MediumRHD$,uline,"Home > All Products > Boxes, Corrugated > Corrugated Boxes (200# Test) > Misc Box Sizes",8.19255E+12,s-4093,OK,UPDATE: Found by Handle | Assuming MERGE for Variant Command | Assuming MERGE for Image Command | Variants updated by SKU: 1
S-4309,S-4309,Arka,FALSE,Size,9x9x6,,,,,0.99,S-4309,draft,https://img.uline.com/is/image/uline/S-4309?$MediumRHD$,uline,"Home > All Products > Boxes, Corrugated > Corrugated Boxes (200# Test) > Misc Box Sizes",8.19255E+12,s-4309,OK,UPDATE: Found by Handle | Assuming MERGE for Variant Command | Assuming MERGE for Image Command | Variants updated by SKU: 1
S-16515,S-16515,Arka,FALSE,Size,9x9x6.50,,,,,1.95,S-16515,draft,https://img.uline.com/is/image/uline/S-16515?$MediumRHD$,uline,"Home > All Products > Boxes, Corrugated > Heavy Duty Boxes > 275 Lb. Test Double Wall Boxes",8.19255E+12,s-16515,OK,UPDATE: Found by Handle | Assuming MERGE for Variant Command | Assuming MERGE for Image Command | Variants updated by SKU: 1
S-4596,S-4596,Arka,FALSE,Size,9x9x7,,,,,1.04,S-4596,draft,https://img.uline.com/is/image/uline/S-4596?$MediumRHD$,uline,"Home > All Products > Boxes, Corrugated > Corrugated Boxes (200# Test) > Misc Box Sizes",8.19255E+12,s-4596,OK,UPDATE: Found by Handle | Assuming MERGE for Variant Command | Assuming MERGE for Image Command | Variants updated by SKU: 1
S-14265,S-14265,Arka,FALSE,Size,9x9x8,,,,,1.11,S-14265,draft,https://img.uline.com/is/image/uline/S-14265?$MediumRHD$,uline,"Home > All Products > Boxes, Corrugated > Corrugated Boxes (200# Test) > Misc Box Sizes",8.19255E+12,s-14265,OK,UPDATE: Found by Handle | Assuming MERGE for Variant Command | Assuming MERGE for Image Command | Variants updated by SKU: 1
S-16454,S-16454,Arka,FALSE,Size,9x9x9,,,,,1.4,S-16454,draft,https://img.uline.com/is/image/uline/S-16454?$MediumRHD$,uline,"Home > All Products > Boxes, Corrugated > Corrugated Boxes (200# Test) > White Corrugated Boxes",8.19255E+12,s-16454,OK,UPDATE: Found by Handle | Assuming MERGE for Variant Command | Assuming MERGE for Image Command | Variants updated by SKU: 1
S-20408,S-20408,Arka,FALSE,Size,9x9x9,,,,,2.26,S-20408,draft,https://img.uline.com/is/image/uline/S-20408?$MediumRHD$,uline,"Home > All Products > Boxes, Corrugated > Heavy Duty Boxes > 275 Lb. Test Double Wall Boxes",8.19255E+12,s-20408,OK,UPDATE: Found by Handle | Assuming MERGE for Variant Command | Assuming MERGE for Image Command | Variants updated by SKU: 1
S-16707,S-16707,Arka,FALSE,Size,9x9x10,,,,,1.28,S-16707,draft,https://img.uline.com/is/image/uline/S-16707?$MediumRHD$,uline,"Home > All Products > Boxes, Corrugated > Corrugated Boxes (200# Test) > Misc Box Sizes",8.19255E+12,s-16707,OK,UPDATE: Found by Handle | Assuming MERGE for Variant Command | Assuming MERGE for Image Command | Variants updated by SKU: 1
S-19856,S-19856,Arka,FALSE,Size,9x9x12,,,,,1.44,S-19856,draft,https://img.uline.com/is/image/uline/S-19856?$MediumRHD$,uline,"Home > All Products > Boxes, Corrugated > Corrugated Boxes (200# Test) > Misc Box Sizes",8.19255E+12,s-19856,OK,UPDATE: Found by Handle | Assuming MERGE for Variant Command | Assuming MERGE for Image Command | Variants updated by SKU: 1
S-4597,S-4597,Arka,FALSE,Size,9x9x11,,,,,1.4,S-4597,draft,https://img.uline.com/is/image/uline/S-4597?$MediumRHD$,uline,"Home > All Products > Boxes, Corrugated > Corrugated Boxes (200# Test) > Misc Box Sizes",8.19255E+12,s-4597,OK,UPDATE: Found by Handle | Assuming MERGE for Variant Command | Assuming MERGE for Image Command | Variants updated by SKU: 1
S-4816,S-4816,Arka,FALSE,Size,9x9x12.50,,,,,2.6,S-4816,draft,https://img.uline.com/is/image/uline/S-4816?$MediumRHD$,uline,"Home > All Products > Boxes, Corrugated > Heavy Duty Boxes > 275 Lb. Test Double Wall Boxes",8.19255E+12,s-4816,OK,UPDATE: Found by Handle | Assuming MERGE for Variant Command | Assuming MERGE for Image Command | Variants updated by SKU: 1
S-4598,S-4598,Arka,FALSE,Size,9x9x18,,,,,1.79,S-4598,draft,https://img.uline.com/is/image/uline/S-4598?$MediumRHD$,uline,"Home > All Products > Boxes, Corrugated > Corrugated Boxes (200# Test) > Tall Boxes",8.19255E+12,s-4598,OK,UPDATE: Found by Handle | Assuming MERGE for Variant Command | Assuming MERGE for Image Command | Variants updated by SKU: 1
S-21010,S-21010,Arka,FALSE,Size,9x9x36,,,,,2.68,S-21010,draft,https://img.uline.com/is/image/uline/S-21010?$MediumRHD$,uline,"Home > All Products > Boxes, Corrugated > Corrugated Boxes (200# Test) > Tall Boxes",8.19255E+12,s-21010,OK,UPDATE: Found by Handle | Assuming MERGE for Variant Command | Assuming MERGE for Image Command | Variants updated by SKU: 1
S-21585,S-21585,Arka,FALSE,Size,9x9x48,,,,,3.94,S-21585,draft,https://img.uline.com/is/image/uline/S-21585?$MediumRHD$,uline,"Home > All Products > Boxes, Corrugated > Corrugated Boxes (200# Test) > Tall Boxes",8.19255E+12,s-21585,OK,UPDATE: Found by Handle | Assuming MERGE for Variant Command | Assuming MERGE for Image Command | Variants updated by SKU: 1
S-4466,S-4466,Arka,FALSE,Size,10x4x4,,,,,0.51,S-4466,draft,https://img.uline.com/is/image/uline/S-4466?$MediumRHD$,uline,"Home > All Products > Boxes, Corrugated > Corrugated Boxes (200# Test) > Long Boxes",8.19255E+12,s-4466,OK,UPDATE: Found by Handle | Assuming MERGE for Variant Command | Assuming MERGE for Image Command | Variants updated by SKU: 1
S-4486,S-4486,Arka,FALSE,Size,10x5x5,,,,,0.84,S-4486,draft,https://img.uline.com/is/image/uline/S-4486?$MediumRHD$,uline,"Home > All Products > Boxes, Corrugated > Corrugated Boxes (200# Test) > Long Boxes",8.19255E+12,s-4486,OK,UPDATE: Found by Handle | Assuming MERGE for Variant Command | Assuming MERGE for Image Command | Variants updated by SKU: 1
S-20478,S-20478,Arka,FALSE,Size,10x5x4,,,,,0.83,S-20478,draft,https://img.uline.com/is/image/uline/S-20478?$MediumRHD$,uline,"Home > All Products > Boxes, Corrugated > Corrugated Boxes (200# Test) > Long Boxes",8.19255E+12,s-20478,OK,UPDATE: Found by Handle | Assuming MERGE for Variant Command | Assuming MERGE for Image Command | Variants updated by SKU: 1
S-4600,S-4600,Arka,FALSE,Size,10x6x3,,,,,0.8,S-4600,draft,https://img.uline.com/is/image/uline/S-4600?$MediumRHD$,uline,"Home > All Products > Boxes, Corrugated > Corrugated Boxes (200# Test) > Flat Boxes",8.19255E+12,s-4600,OK,UPDATE: Found by Handle | Assuming MERGE for Variant Command | Assuming MERGE for Image Command | Variants updated by SKU: 1
S-4101,S-4101,Arka,FALSE,Size,10x6x4,,,,,0.55,S-4101,draft,https://img.uline.com/is/image/uline/S-4101?$MediumRHD$,uline,"Home > All Products > Boxes, Corrugated > Corrugated Boxes (200# Test) > Misc Box Sizes",8.19255E+12,s-4101,OK,UPDATE: Found by Handle | Assuming MERGE for Variant Command | Assuming MERGE for Image Command | Variants updated by SKU: 1
S-4951,S-4951,Arka,FALSE,Size,10x6x5,,,,,0.9,S-4951,draft,https://img.uline.com/is/image/uline/S-4951?$MediumRHD$,uline,"Home > All Products > Boxes, Corrugated > Corrugated Boxes (200# Test) > Misc Box Sizes",8.19255E+12,s-4951,OK,UPDATE: Found by Handle | Assuming MERGE for Variant Command | Assuming MERGE for Image Command | Variants updated by SKU: 1
S-4102,S-4102,Arka,FALSE,Size,10x6x6,,,,,0.58,S-4102,draft,https://img.uline.com/is/image/uline/S-4102?$MediumRHD$,uline,"Home > All Products > Boxes, Corrugated > Corrugated Boxes (200# Test) > Long Boxes",8.19255E+12,s-4102,OK,UPDATE: Found by Handle | Assuming MERGE for Variant Command | Assuming MERGE for Image Command | Variants updated by SKU: 1
S-4774,S-4774,Arka,FALSE,Size,16x16x16,,,,,4.42,S-4774,draft,https://img.uline.com/is/image/uline/S-4774?$MediumRHD$,uline,"Home > All Products > Boxes, Corrugated > Heavy Duty Boxes > 275 Lb. Test Double Wall Boxes",8.19255E+12,s-4774,OK,UPDATE: Found by Handle | Assuming MERGE for Variant Command | Assuming MERGE for Image Command | Variants updated by SKU: 1
S-4125,S-4125,Arka,FALSE,Size,12x12x12,,,,,1.03,S-4125,draft,https://img.uline.com/is/image/uline/S-4125?$MediumRHD$,uline,"Home > All Products > Boxes, Corrugated > Corrugated Boxes (200# Test) > Cube Boxes",8.19255E+12,s-4125,OK,UPDATE: Found by Handle | Assuming MERGE for Variant Command | Assuming MERGE for Image Command | Variants updated by SKU: 1
S-4105,S-4105,Arka,FALSE,Size,10x10x10,,,,,0.79,S-4105,draft,https://img.uline.com/is/image/uline/S-4105?$MediumRHD$,uline,"Home > All Products > Boxes, Corrugated > Corrugated Boxes (200# Test) > Cube Boxes",8.19255E+12,s-4105,OK,UPDATE: Found by Handle | Assuming MERGE for Variant Command | Assuming MERGE for Image Command | Variants updated by SKU: 1
S-4604,S-4604,Arka,FALSE,Size,10x10x24,,,,,2.18,S-4604,draft,https://img.uline.com/is/image/uline/S-4604?$MediumRHD$,uline,"Home > All Products > Boxes, Corrugated > Corrugated Boxes (200# Test) > Tall Boxes",8.19255E+12,s-4604,OK,UPDATE: Found by Handle | Assuming MERGE for Variant Command | Assuming MERGE for Image Command | Variants updated by SKU: 1
S-4718,S-4718,Arka,FALSE,Size,14x14x14,,,,,3.54,S-4718,draft,https://img.uline.com/is/image/uline/S-4718?$MediumRHD$,uline,"Home > All Products > Boxes, Corrugated > Heavy Duty Boxes > 275 Lb. Test Single Wall Boxes",8.19255E+12,s-4718,OK,UPDATE: Found by Handle | Assuming MERGE for Variant Command | Assuming MERGE for Image Command | Variants updated by SKU: 1
S-12590,S-12590,Arka,FALSE,Size,10x6x57,,,,,10.8,S-12590,draft,https://img.uline.com/is/image/uline/S-12590?$MediumRHD$,uline,"Home > All Products > Boxes, Corrugated > Corrugated Boxes (200# Test) > Telescopic Boxes",8.19255E+12,s-12590,OK,UPDATE: Found by Handle | Assuming MERGE for Variant Command | Assuming MERGE for Image Command | Variants updated by SKU: 1
S-16708,S-16708,Arka,FALSE,Size,10x7x3,,,,,0.83,S-16708,draft,https://img.uline.com/is/image/uline/S-16708?$MediumRHD$,uline,"Home > All Products > Boxes, Corrugated > Corrugated Boxes (200# Test) > Flat Boxes",8.19255E+12,s-16708,OK,UPDATE: Found by Handle | Assuming MERGE for Variant Command | Assuming MERGE for Image Command | Variants updated by SKU: 1
S-4708,S-4708,Arka,FALSE,Size,10x7x4,,,,,0.9,S-4708,draft,https://img.uline.com/is/image/uline/S-4708?$MediumRHD$,uline,"Home > All Products > Boxes, Corrugated > Corrugated Boxes (200# Test) > Misc Box Sizes",8.19255E+12,s-4708,OK,UPDATE: Found by Handle | Assuming MERGE for Variant Command | Assuming MERGE for Image Command | Variants updated by SKU: 1
S-4752,S-4752,Arka,FALSE,Size,10x7x5,,,,,0.92,S-4752,draft,https://img.uline.com/is/image/uline/S-4752?$MediumRHD$,uline,"Home > All Products > Boxes, Corrugated > Corrugated Boxes (200# Test) > Misc Box Sizes",8.19255E+12,s-4752,OK,UPDATE: Found by Handle | Assuming MERGE for Variant Command | Assuming MERGE for Image Command | Variants updated by SKU: 1
S-4782,S-4782,Arka,FALSE,Size,10x7x7,,,,,0.96,S-4782,draft,https://img.uline.com/is/image/uline/S-4782?$MediumRHD$,uline,"Home > All Products > Boxes, Corrugated > Corrugated Boxes (200# Test) > Misc Box Sizes",8.19255E+12,s-4782,OK,UPDATE: Found by Handle | Assuming MERGE for Variant Command | Assuming MERGE for Image Command | Variants updated by SKU: 1
S-21062,S-21062,Arka,FALSE,Size,10x7x9,,,,,1.05,S-21062,draft,https://img.uline.com/is/image/uline/S-21062?$MediumRHD$,uline,"Home > All Products > Boxes, Corrugated > Corrugated Boxes (200# Test) > Misc Box Sizes",8.19255E+12,s-21062,OK,UPDATE: Found by Handle | Assuming MERGE for Variant Command | Assuming MERGE for Image Command | Variants updated by SKU: 1
S-4851,S-4851,Arka,FALSE,Size,10x8x3,,,,,0.86,S-4851,draft,https://img.uline.com/is/image/uline/S-4851?$MediumRHD$,uline,"Home > All Products > Boxes, Corrugated > Corrugated Boxes (200# Test) > Flat Boxes",8.19256E+12,s-4851,OK,UPDATE: Found by Handle | Assuming MERGE for Variant Command | Assuming MERGE for Image Command | Variants updated by SKU: 1
S-4601,S-4601,Arka,FALSE,Size,10x8x2,,,,,0.84,S-4601,draft,https://img.uline.com/is/image/uline/S-4601?$MediumRHD$,uline,"Home > All Products > Boxes, Corrugated > Corrugated Boxes (200# Test) > Flat Boxes",8.19256E+12,s-4601,OK,UPDATE: Found by Handle | Assuming MERGE for Variant Command | Assuming MERGE for Image Command | Variants updated by SKU: 1
S-4310,S-4310,Arka,FALSE,Size,10x8x4,,,,,0.62,S-4310,draft,https://img.uline.com/is/image/uline/S-4310?$MediumRHD$,uline,"Home > All Products > Boxes, Corrugated > Corrugated Boxes (200# Test) > Flat Boxes",8.19256E+12,s-4310,OK,UPDATE: Found by Handle | Assuming MERGE for Variant Command | Assuming MERGE for Image Command | Variants updated by SKU: 1
S-4517,S-4517,Arka,FALSE,Size,10x8x5,,,,,0.94,S-4517,draft,https://img.uline.com/is/image/uline/S-4517?$MediumRHD$,uline,"Home > All Products > Boxes, Corrugated > Corrugated Boxes (200# Test) > Misc Box Sizes",8.19256E+12,s-4517,OK,UPDATE: Found by Handle | Assuming MERGE for Variant Command | Assuming MERGE for Image Command | Variants updated by SKU: 1
S-4103,S-4103,Arka,FALSE,Size,10x8x6,,,,,0.66,S-4103,draft,https://img.uline.com/is/image/uline/S-4103?$MediumRHD$,uline,"Home > All Products > Boxes, Corrugated > Corrugated Boxes (200# Test) > Misc Box Sizes",8.19256E+12,s-4103,OK,UPDATE: Found by Handle | Assuming MERGE for Variant Command | Assuming MERGE for Image Command | Variants updated by SKU: 1
S-14261,S-14261,Arka,FALSE,Size,10x8x6,,,,,1.34,S-14261,draft,https://img.uline.com/is/image/uline/S-14261?$MediumRHD$,uline,"Home > All Products > Boxes, Corrugated > Corrugated Boxes (200# Test) > White Corrugated Boxes",8.19256E+12,s-14261,OK,UPDATE: Found by Handle | Assuming MERGE for Variant Command | Assuming MERGE for Image Command | Variants updated by SKU: 1
S-16709,S-16709,Arka,FALSE,Size,10x8x6,,,,,1.42,S-16709,draft,https://img.uline.com/is/image/uline/S-16709?$MediumRHD$,uline,"Home > All Products > Boxes, Corrugated > Heavy Duty Boxes > 275 Lb. Test Single Wall Boxes",8.19256E+12,s-16709,OK,UPDATE: Found by Handle | Assuming MERGE for Variant Command | Assuming MERGE for Image Command | Variants updated by SKU: 1
S-4518,S-4518,Arka,FALSE,Size,10x8x7,,,,,0.98,S-4518,draft,https://img.uline.com/is/image/uline/S-4518?$MediumRHD$,uline,"Home > All Products > Boxes, Corrugated > Corrugated Boxes (200# Test) > Misc Box Sizes",8.19256E+12,s-4518,OK,UPDATE: Found by Handle | Assuming MERGE for Variant Command | Assuming MERGE for Image Command | Variants updated by SKU: 1
S-4104,S-4104,Arka,FALSE,Size,10x8x8,,,,,0.68,S-4104,draft,https://img.uline.com/is/image/uline/S-4104?$MediumRHD$,uline,"Home > All Products > Boxes, Corrugated > Corrugated Boxes (200# Test) > Misc Box Sizes",8.19256E+12,s-4104,OK,UPDATE: Found by Handle | Assuming MERGE for Variant Command | Assuming MERGE for Image Command | Variants updated by SKU: 1
S-17994,S-17994,Arka,FALSE,Size,10x8x8,,,,,1.34,S-17994,draft,https://img.uline.com/is/image/uline/S-17994?$MediumRHD$,uline,"Home > All Products > Boxes, Corrugated > Corrugated Boxes (200# Test) > Multi-Depth Boxes",8.19256E+12,s-17994,OK,UPDATE: Found by Handle | Assuming MERGE for Variant Command | Assuming MERGE for Image Command | Variants updated by SKU: 1
S-23958,S-23958,Arka,FALSE,Size,10x8x8,,,,,2.07,S-23958,draft,https://img.uline.com/is/image/uline/S-23958?$MediumRHD$,uline,"Home > All Products > Boxes, Corrugated > Heavy Duty Boxes > 275 Lb. Test Double Wall Boxes",8.19256E+12,s-23958,OK,UPDATE: Found by Handle | Assuming MERGE for Variant Command | Assuming MERGE for Image Command | Variants updated by SKU: 1
S-22638,S-22638,Arka,FALSE,Size,10x8x9,,,,,1.12,S-22638,draft,https://img.uline.com/is/image/uline/S-22638?$MediumRHD$,uline,"Home > All Products > Boxes, Corrugated > Corrugated Boxes (200# Test) > Misc Box Sizes",8.19256E+12,s-22638,OK,UPDATE: Found by Handle | Assuming MERGE for Variant Command | Assuming MERGE for Image Command | Variants updated by SKU: 1
S-16710,S-16710,Arka,FALSE,Size,10x8x10,,,,,1.17,S-16710,draft,https://img.uline.com/is/image/uline/S-16710?$MediumRHD$,uline,"Home > All Products > Boxes, Corrugated > Corrugated Boxes (200# Test) > Misc Box Sizes",8.19256E+12,s-16710,OK,UPDATE: Found by Handle | Assuming MERGE for Variant Command | Assuming MERGE for Image Command | Variants updated by SKU: 1
S-19101,S-19101,Arka,FALSE,Size,10x8x12,,,,,1.32,S-19101,draft,https://img.uline.com/is/image/uline/S-19101?$MediumRHD$,uline,"Home > All Products > Boxes, Corrugated > Corrugated Boxes (200# Test) > Misc Box Sizes",8.19256E+12,s-19101,OK,UPDATE: Found by Handle | Assuming MERGE for Variant Command | Assuming MERGE for Image Command | Variants updated by SKU: 1
S-16711,S-16711,Arka,FALSE,Size,10x9x4,,,,,1.01,S-16711,draft,https://img.uline.com/is/image/uline/S-16711?$MediumRHD$,uline,"Home > All Products > Boxes, Corrugated > Corrugated Boxes (200# Test) > Flat Boxes",8.19256E+12,s-16711,OK,UPDATE: Found by Handle | Assuming MERGE for Variant Command | Assuming MERGE for Image Command | Variants updated by SKU: 1
S-4977,S-4977,Arka,FALSE,Size,10x9x6,,,,,1.04,S-4977,draft,https://img.uline.com/is/image/uline/S-4977?$MediumRHD$,uline,"Home > All Products > Boxes, Corrugated > Corrugated Boxes (200# Test) > Misc Box Sizes",8.19256E+12,s-4977,OK,UPDATE: Found by Handle | Assuming MERGE for Variant Command | Assuming MERGE for Image Command | Variants updated by SKU: 1
S-19102,S-19102,Arka,FALSE,Size,10x9x8,,,,,1.32,S-19102,draft,https://img.uline.com/is/image/uline/S-19102?$MediumRHD$,uline,"Home > All Products > Boxes, Corrugated > Corrugated Boxes (200# Test) > Misc Box Sizes",8.19256E+12,s-19102,OK,UPDATE: Found by Handle | Assuming MERGE for Variant Command | Assuming MERGE for Image Command | Variants updated by SKU: 1
S-4519,S-4519,Arka,FALSE,Size,10x9x9,,,,,1.39,S-4519,draft,https://img.uline.com/is/image/uline/S-4519?$MediumRHD$,uline,"Home > All Products > Boxes, Corrugated > Corrugated Boxes (200# Test) > Misc Box Sizes",8.19256E+12,s-4519,OK,UPDATE: Found by Handle | Assuming MERGE for Variant Command | Assuming MERGE for Image Command | Variants updated by SKU: 1
S-4311,S-4311,Arka,FALSE,Size,10x10x3,,,,,0.99,S-4311,draft,https://img.uline.com/is/image/uline/S-4311?$MediumRHD$,uline,"Home > All Products > Boxes, Corrugated > Corrugated Boxes (200# Test) > Flat Boxes",8.19256E+12,s-4311,OK,UPDATE: Found by Handle | Assuming MERGE for Variant Command | Assuming MERGE for Image Command | Variants updated by SKU: 1
S-4942,S-4942,Arka,FALSE,Size,10x10x2,,,,,0.98,S-4942,draft,https://img.uline.com/is/image/uline/S-4942?$MediumRHD$,uline,"Home > All Products > Boxes, Corrugated > Corrugated Boxes (200# Test) > Flat Boxes",8.19256E+12,s-4942,OK,UPDATE: Found by Handle | Assuming MERGE for Variant Command | Assuming MERGE for Image Command | Variants updated by SKU: 1
S-4346,S-4346,Arka,FALSE,Size,10x10x4,,,,,0.68,S-4346,draft,https://img.uline.com/is/image/uline/S-4346?$MediumRHD$,uline,"Home > All Products > Boxes, Corrugated > Corrugated Boxes (200# Test) > Flat Boxes",8.19256E+12,s-4346,OK,UPDATE: Found by Handle | Assuming MERGE for Variant Command | Assuming MERGE for Image Command | Variants updated by SKU: 1
S-4106,S-4106,Arka,FALSE,Size,10x10x5,,,,,1.04,S-4106,draft,https://img.uline.com/is/image/uline/S-4106?$MediumRHD$,uline,"Home > All Products > Boxes, Corrugated > Corrugated Boxes (200# Test) > Flat Boxes",8.19256E+12,s-4106,OK,UPDATE: Found by Handle | Assuming MERGE for Variant Command | Assuming MERGE for Image Command | Variants updated by SKU: 1
S-4107,S-4107,Arka,FALSE,Size,10x10x6,,,,,0.71,S-4107,draft,https://img.uline.com/is/image/uline/S-4107?$MediumRHD$,uline,"Home > All Products > Boxes, Corrugated > Corrugated Boxes (200# Test) > Misc Box Sizes",8.19256E+12,s-4107,OK,UPDATE: Found by Handle | Assuming MERGE for Variant Command | Assuming MERGE for Image Command | Variants updated by SKU: 1
S-4108,S-4108,Arka,FALSE,Size,10x10x8,,,,,1.23,S-4108,draft,https://img.uline.com/is/image/uline/S-4108?$MediumRHD$,uline,"Home > All Products > Boxes, Corrugated > Corrugated Boxes (200# Test) > Misc Box Sizes",8.19256E+12,s-4108,OK,UPDATE: Found by Handle | Assuming MERGE for Variant Command | Assuming MERGE for Image Command | Variants updated by SKU: 1
S-4558,S-4558,Arka,FALSE,Size,10x10x7,,,,,1.12,S-4558,draft,https://img.uline.com/is/image/uline/S-4558?$MediumRHD$,uline,"Home > All Products > Boxes, Corrugated > Corrugated Boxes (200# Test) > Misc Box Sizes",8.19256E+12,s-4558,OK,UPDATE: Found by Handle | Assuming MERGE for Variant Command | Assuming MERGE for Image Command | Variants updated by SKU: 1
S-20409,S-20409,Arka,FALSE,Size,10x10x6,,,,,2.14,S-20409,draft,https://img.uline.com/is/image/uline/S-20409?$MediumRHD$,uline,"Home > All Products > Boxes, Corrugated > Heavy Duty Boxes > 275 Lb. Test Double Wall Boxes",8.19256E+12,s-20409,OK,UPDATE: Found by Handle | Assuming MERGE for Variant Command | Assuming MERGE for Image Command | Variants updated by SKU: 1
S-4430,S-4430,Arka,FALSE,Size,10x10x10,,,,,1.5,S-4430,draft,https://img.uline.com/is/image/uline/S-4430?$MediumRHD$,uline,"Home > All Products > Boxes, Corrugated > Corrugated Boxes (200# Test) > White Corrugated Boxes",8.19256E+12,s-4430,OK,UPDATE: Found by Handle | Assuming MERGE for Variant Command | Assuming MERGE for Image Command | Variants updated by SKU: 1
S-535,S-535,Arka,FALSE,Size,10x10x10,,,,,1.52,S-535,draft,https://img.uline.com/is/image/uline/S-535?$MediumRHD$,uline,"Home > All Products > Boxes, Corrugated > Corrugated Boxes (200# Test) > Multi-Depth Boxes",8.19256E+12,s-535,OK,UPDATE: Found by Handle | Assuming MERGE for Variant Command | Assuming MERGE for Image Command | Variants updated by SKU: 1
S-4978,S-4978,Arka,FALSE,Size,10x10x9,,,,,1.24,S-4978,draft,https://img.uline.com/is/image/uline/S-4978?$MediumRHD$,uline,"Home > All Products > Boxes, Corrugated > Corrugated Boxes (200# Test) > Misc Box Sizes",8.19256E+12,s-4978,OK,UPDATE: Found by Handle | Assuming MERGE for Variant Command | Assuming MERGE for Image Command | Variants updated by SKU: 1
S-4603,S-4603,Arka,FALSE,Size,10x10x10,,,,,1.63,S-4603,draft,https://img.uline.com/is/image/uline/S-4603?$MediumRHD$,uline,"Home > All Products > Boxes, Corrugated > Heavy Duty Boxes > 275 Lb. Test Single Wall Boxes",8.19256E+12,s-4603,OK,UPDATE: Found by Handle | Assuming MERGE for Variant Command | Assuming MERGE for Image Command | Variants updated by SKU: 1
S-4953,S-4953,Arka,FALSE,Size,10x10x10,,,,,2.68,S-4953,draft,https://img.uline.com/is/image/uline/S-4953?$MediumRHD$,uline,"Home > All Products > Boxes, Corrugated > Heavy Duty Boxes > 275 Lb. Test Double Wall Boxes",8.19256E+12,s-4953,OK,UPDATE: Found by Handle | Assuming MERGE for Variant Command | Assuming MERGE for Image Command | Variants updated by SKU: 1
S-4520,S-4520,Arka,FALSE,Size,10x10x12,,,,,1.88,S-4520,draft,https://img.uline.com/is/image/uline/S-4520?$MediumRHD$,uline,"Home > All Products > Boxes, Corrugated > Corrugated Boxes (200# Test) > Multi-Depth Boxes",8.19256E+12,s-4520,OK,UPDATE: Found by Handle | Assuming MERGE for Variant Command | Assuming MERGE for Image Command | Variants updated by SKU: 1
S-14266,S-14266,Arka,FALSE,Size,10x10x12,,,,,1.44,S-14266,draft,https://img.uline.com/is/image/uline/S-14266?$MediumRHD$,uline,"Home > All Products > Boxes, Corrugated > Corrugated Boxes (200# Test) > Misc Box Sizes",8.19256E+12,s-14266,OK,UPDATE: Found by Handle | Assuming MERGE for Variant Command | Assuming MERGE for Image Command | Variants updated by SKU: 1
S-16712,S-16712,Arka,FALSE,Size,10x10x14,,,,,1.62,S-16712,draft,https://img.uline.com/is/image/uline/S-16712?$MediumRHD$,uline,"Home > All Products > Boxes, Corrugated > Corrugated Boxes (200# Test) > Misc Box Sizes",8.19256E+12,s-16712,OK,UPDATE: Found by Handle | Assuming MERGE for Variant Command | Assuming MERGE for Image Command | Variants updated by SKU: 1
S-4246,S-4246,Arka,FALSE,Size,10x10x15,,,,,1.69,S-4246,draft,https://img.uline.com/is/image/uline/S-4246?$MediumRHD$,uline,"Home > All Products > Boxes, Corrugated > Corrugated Boxes (200# Test) > Misc Box Sizes",8.19256E+12,s-4246,OK,UPDATE: Found by Handle | Assuming MERGE for Variant Command | Assuming MERGE for Image Command | Variants updated by SKU: 1
S-16713,S-16713,Arka,FALSE,Size,10x10x18,,,,,1.85,S-16713,draft,https://img.uline.com/is/image/uline/S-16713?$MediumRHD$,uline,"Home > All Products > Boxes, Corrugated > Corrugated Boxes (200# Test) > Misc Box Sizes",8.19256E+12,s-16713,OK,UPDATE: Found by Handle | Assuming MERGE for Variant Command | Assuming MERGE for Image Command | Variants updated by SKU: 1
S-21593,S-21593,Arka,FALSE,Size,10x10x16,,,,,1.74,S-21593,draft,https://img.uline.com/is/image/uline/S-21593?$MediumRHD$,uline,"Home > All Products > Boxes, Corrugated > Corrugated Boxes (200# Test) > Misc Box Sizes",8.19256E+12,s-21593,OK,UPDATE: Found by Handle | Assuming MERGE for Variant Command | Assuming MERGE for Image Command | Variants updated by SKU: 1
S-11370,S-11370,Arka,FALSE,Size,10x10x20,,,,,1.97,S-11370,draft,https://img.uline.com/is/image/uline/S-11370?$MediumRHD$,uline,"Home > All Products > Boxes, Corrugated > Corrugated Boxes (200# Test) > Tall Boxes",8.19256E+12,s-11370,OK,UPDATE: Found by Handle | Assuming MERGE for Variant Command | Assuming MERGE for Image Command | Variants updated by SKU: 1
S-4753,S-4753,Arka,FALSE,Size,10x10x38,,,,,2.95,S-4753,draft,https://img.uline.com/is/image/uline/S-4753?$MediumRHD$,uline,"Home > All Products > Boxes, Corrugated > Corrugated Boxes (200# Test) > Tall Boxes",8.19256E+12,s-4753,OK,UPDATE: Found by Handle | Assuming MERGE for Variant Command | Assuming MERGE for Image Command | Variants updated by SKU: 1
S-14267,S-14267,Arka,FALSE,Size,10x10x30,,,,,2.61,S-14267,draft,https://img.uline.com/is/image/uline/S-14267?$MediumRHD$,uline,"Home > All Products > Boxes, Corrugated > Corrugated Boxes (200# Test) > Tall Boxes",8.19256E+12,s-14267,OK,UPDATE: Found by Handle | Assuming MERGE for Variant Command | Assuming MERGE for Image Command | Variants updated by SKU: 1
S-4605,S-4605,Arka,FALSE,Size,10x10x36,,,,,2.73,S-4605,draft,https://img.uline.com/is/image/uline/S-4605?$MediumRHD$,uline,"Home > All Products > Boxes, Corrugated > Corrugated Boxes (200# Test) > Tall Boxes",8.19256E+12,s-4605,OK,UPDATE: Found by Handle | Assuming MERGE for Variant Command | Assuming MERGE for Image Command | Variants updated by SKU: 1
S-16714,S-16714,Arka,FALSE,Size,10x10x40,,,,,3.94,S-16714,draft,https://img.uline.com/is/image/uline/S-16714?$MediumRHD$,uline,"Home > All Products > Boxes, Corrugated > Corrugated Boxes (200# Test) > Tall Boxes",8.19256E+12,s-16714,OK,UPDATE: Found by Handle | Assuming MERGE for Variant Command | Assuming MERGE for Image Command | Variants updated by SKU: 1
S-4919,S-4919,Arka,FALSE,Size,10x10x48,,,,,9.65,S-4919,draft,https://img.uline.com/is/image/uline/S-4919?$MediumRHD$,uline,"Home > All Products > Boxes, Corrugated > Corrugated Boxes (200# Test) > Telescopic Boxes",8.19256E+12,s-4919,OK,UPDATE: Found by Handle | Assuming MERGE for Variant Command | Assuming MERGE for Image Command | Variants updated by SKU: 1
S-4606,S-4606,Arka,FALSE,Size,10x10x48,,,,,4.86,S-4606,draft,https://img.uline.com/is/image/uline/S-4606?$MediumRHD$,uline,"Home > All Products > Boxes, Corrugated > Corrugated Boxes (200# Test) > Tall Boxes",8.19256E+12,s-4606,OK,UPDATE: Found by Handle | Assuming MERGE for Variant Command | Assuming MERGE for Image Command | Variants updated by SKU: 1
S-4559,S-4559,Arka,FALSE,Size,11.25x8.75x2.75,,,,,0.64,S-4559,draft,https://img.uline.com/is/image/uline/S-4559?$MediumRHD$,uline,"Home > All Products > Boxes, Corrugated > Corrugated Boxes (200# Test) > Printers Boxes",8.19256E+12,s-4559,OK,UPDATE: Found by Handle | Assuming MERGE for Variant Command | Assuming MERGE for Image Command | Variants updated by SKU: 1
S-4560,S-4560,Arka,FALSE,Size,11.25x8.75x12,,,,,1.02,S-4560,draft,https://img.uline.com/is/image/uline/S-4560?$MediumRHD$,uline,"Home > All Products > Boxes, Corrugated > Corrugated Boxes (200# Test) > Printers Boxes",8.19256E+12,s-4560,OK,UPDATE: Found by Handle | Assuming MERGE for Variant Command | Assuming MERGE for Image Command | Variants updated by SKU: 1
S-4173,S-4173,Arka,FALSE,Size,17.25x11.25x6,,,,,1.79,S-4173,draft,https://img.uline.com/is/image/uline/S-4173?$MediumRHD$,uline,"Home > All Products > Boxes, Corrugated > Corrugated Boxes (200# Test) > Printers Boxes",8.19256E+12,s-4173,OK,UPDATE: Found by Handle | Assuming MERGE for Variant Command | Assuming MERGE for Image Command | Variants updated by SKU: 1
S-4175,S-4175,Arka,FALSE,Size,17.25x11.25x8,,,,,1.29,S-4175,draft,https://img.uline.com/is/image/uline/S-4175?$MediumRHD$,uline,"Home > All Products > Boxes, Corrugated > Corrugated Boxes (200# Test) > Printers Boxes",8.19256E+12,s-4175,OK,UPDATE: Found by Handle | Assuming MERGE for Variant Command | Assuming MERGE for Image Command | Variants updated by SKU: 1
S-13288,S-13288,Arka,FALSE,Size,10x10x60,,,,,6.14,S-13288,draft,https://img.uline.com/is/image/uline/S-13288?$MediumRHD$,uline,"Home > All Products > Boxes, Corrugated > Corrugated Boxes (200# Test) > Tall Boxes",8.19256E+12,s-13288,OK,UPDATE: Found by Handle | Assuming MERGE for Variant Command | Assuming MERGE for Image Command | Variants updated by SKU: 1
S-18384,S-18384,Arka,FALSE,Size,10x10x72,,,,,7.72,S-18384,draft,https://img.uline.com/is/image/uline/S-18384?$MediumRHD$,uline,"Home > All Products > Boxes, Corrugated > Corrugated Boxes (200# Test) > Tall Boxes",8.19256E+12,s-18384,OK,UPDATE: Found by Handle | Assuming MERGE for Variant Command | Assuming MERGE for Image Command | Variants updated by SKU: 1
S-19781,S-19781,Arka,FALSE,Size,10x10x72,,,,,20.03,S-19781,draft,https://img.uline.com/is/image/uline/S-19781?$MediumRHD$,uline,"Home > All Products > Boxes, Corrugated > Corrugated Boxes (200# Test) > Telescopic Boxes",8.19256E+12,s-19781,OK,UPDATE: Found by Handle | Assuming MERGE for Variant Command | Assuming MERGE for Image Command | Variants updated by SKU: 1
S-15031,S-15031,Arka,FALSE,Size,11x6x4,,,,,0.87,S-15031,draft,https://img.uline.com/is/image/uline/S-15031?$MediumRHD$,uline,"Home > All Products > Boxes, Corrugated > Corrugated Boxes (200# Test) > Misc Box Sizes",8.19256E+12,s-15031,OK,UPDATE: Found by Handle | Assuming MERGE for Variant Command | Assuming MERGE for Image Command | Variants updated by SKU: 1
S-16715,S-16715,Arka,FALSE,Size,11x6x6,,,,,0.93,S-16715,draft,https://img.uline.com/is/image/uline/S-16715?$MediumRHD$,uline,"Home > All Products > Boxes, Corrugated > Corrugated Boxes (200# Test) > Misc Box Sizes",8.19256E+12,s-16715,OK,UPDATE: Found by Handle | Assuming MERGE for Variant Command | Assuming MERGE for Image Command | Variants updated by SKU: 1
S-13289,S-13289,Arka,FALSE,Size,11x7x7,,,,,0.99,S-13289,draft,https://img.uline.com/is/image/uline/S-13289?$MediumRHD$,uline,"Home > All Products > Boxes, Corrugated > Corrugated Boxes (200# Test) > Misc Box Sizes",8.19256E+12,s-13289,OK,UPDATE: Found by Handle | Assuming MERGE for Variant Command | Assuming MERGE for Image Command | Variants updated by SKU: 1
S-21594,S-21594,Arka,FALSE,Size,11x8x3,,,,,0.93,S-21594,draft,https://img.uline.com/is/image/uline/S-21594?$MediumRHD$,uline,"Home > All Products > Boxes, Corrugated > Corrugated Boxes (200# Test) > Flat Boxes",8.19256E+12,s-21594,OK,UPDATE: Found by Handle | Assuming MERGE for Variant Command | Assuming MERGE for Image Command | Variants updated by SKU: 1
S-13290,S-13290,Arka,FALSE,Size,11x8x4,,,,,0.94,S-13290,draft,https://img.uline.com/is/image/uline/S-13290?$MediumRHD$,uline,"Home > All Products > Boxes, Corrugated > Corrugated Boxes (200# Test) > Flat Boxes",8.19256E+12,s-13290,OK,UPDATE: Found by Handle | Assuming MERGE for Variant Command | Assuming MERGE for Image Command | Variants updated by SKU: 1
S-16716,S-16716,Arka,FALSE,Size,11x8x5,,,,,0.96,S-16716,draft,https://img.uline.com/is/image/uline/S-16716?$MediumRHD$,uline,"Home > All Products > Boxes, Corrugated > Corrugated Boxes (200# Test) > Misc Box Sizes",8.19256E+12,s-16716,OK,UPDATE: Found by Handle | Assuming MERGE for Variant Command | Assuming MERGE for Image Command | Variants updated by SKU: 1
S-4607,S-4607,Arka,FALSE,Size,11x8x6,,,,,0.98,S-4607,draft,https://img.uline.com/is/image/uline/S-4607?$MediumRHD$,uline,"Home > All Products > Boxes, Corrugated > Corrugated Boxes (200# Test) > Misc Box Sizes",8.19256E+12,s-4607,OK,UPDATE: Found by Handle | Assuming MERGE for Variant Command | Assuming MERGE for Image Command | Variants updated by SKU: 1
S-14268,S-14268,Arka,FALSE,Size,11x8x8,,,,,1.06,S-14268,draft,https://img.uline.com/is/image/uline/S-14268?$MediumRHD$,uline,"Home > All Products > Boxes, Corrugated > Corrugated Boxes (200# Test) > Misc Box Sizes",8.19256E+12,s-14268,OK,UPDATE: Found by Handle | Assuming MERGE for Variant Command | Assuming MERGE for Image Command | Variants updated by SKU: 1
S-23307,S-23307,Arka,FALSE,Size,11x8x10,,,,,1.19,S-23307,draft,https://img.uline.com/is/image/uline/S-23307?$MediumRHD$,uline,"Home > All Products > Boxes, Corrugated > Corrugated Boxes (200# Test) > Misc Box Sizes",8.19256E+12,s-23307,OK,UPDATE: Found by Handle | Assuming MERGE for Variant Command | Assuming MERGE for Image Command | Variants updated by SKU: 1
S-16717,S-16717,Arka,FALSE,Size,11x9x6,,,,,1.08,S-16717,draft,https://img.uline.com/is/image/uline/S-16717?$MediumRHD$,uline,"Home > All Products > Boxes, Corrugated > Corrugated Boxes (200# Test) > Misc Box Sizes",8.19256E+12,s-16717,OK,UPDATE: Found by Handle | Assuming MERGE for Variant Command | Assuming MERGE for Image Command | Variants updated by SKU: 1
S-11371,S-11371,Arka,FALSE,Size,11x9x9,,,,,1.36,S-11371,draft,https://img.uline.com/is/image/uline/S-11371?$MediumRHD$,uline,"Home > All Products > Boxes, Corrugated > Corrugated Boxes (200# Test) > Misc Box Sizes",8.19256E+12,s-11371,OK,UPDATE: Found by Handle | Assuming MERGE for Variant Command | Assuming MERGE for Image Command | Variants updated by SKU: 1
S-16718,S-16718,Arka,FALSE,Size,11x11x3,,,,,1.23,S-16718,draft,https://img.uline.com/is/image/uline/S-16718?$MediumRHD$,uline,"Home > All Products > Boxes, Corrugated > Corrugated Boxes (200# Test) > Flat Boxes",8.19256E+12,s-16718,OK,UPDATE: Found by Handle | Assuming MERGE for Variant Command | Assuming MERGE for Image Command | Variants updated by SKU: 1
S-21003,S-21003,Arka,FALSE,Size,11x11x4,,,,,1.24,S-21003,draft,https://img.uline.com/is/image/uline/S-21003?$MediumRHD$,uline,"Home > All Products > Boxes, Corrugated > Corrugated Boxes (200# Test) > Flat Boxes",8.19256E+12,s-21003,OK,UPDATE: Found by Handle | Assuming MERGE for Variant Command | Assuming MERGE for Image Command | Variants updated by SKU: 1
S-13291,S-13291,Arka,FALSE,Size,11x11x5,,,,,1.25,S-13291,draft,https://img.uline.com/is/image/uline/S-13291?$MediumRHD$,uline,"Home > All Products > Boxes, Corrugated > Corrugated Boxes (200# Test) > Flat Boxes",8.19256E+12,s-13291,OK,UPDATE: Found by Handle | Assuming MERGE for Variant Command | Assuming MERGE for Image Command | Variants updated by SKU: 1
S-16719,S-16719,Arka,FALSE,Size,11x11x6,,,,,1.32,S-16719,draft,https://img.uline.com/is/image/uline/S-16719?$MediumRHD$,uline,"Home > All Products > Boxes, Corrugated > Corrugated Boxes (200# Test) > Misc Box Sizes",8.19256E+12,s-16719,OK,UPDATE: Found by Handle | Assuming MERGE for Variant Command | Assuming MERGE for Image Command | Variants updated by SKU: 1
S-4608,S-4608,Arka,FALSE,Size,11x11x7,,,,,1.38,S-4608,draft,https://img.uline.com/is/image/uline/S-4608?$MediumRHD$,uline,"Home > All Products > Boxes, Corrugated > Corrugated Boxes (200# Test) > Misc Box Sizes",8.19256E+12,s-4608,OK,UPDATE: Found by Handle | Assuming MERGE for Variant Command | Assuming MERGE for Image Command | Variants updated by SKU: 1
S-19859,S-19859,Arka,FALSE,Size,11x11x8,,,,,1.4,S-19859,draft,https://img.uline.com/is/image/uline/S-19859?$MediumRHD$,uline,"Home > All Products > Boxes, Corrugated > Corrugated Boxes (200# Test) > Misc Box Sizes",8.19256E+12,s-19859,OK,UPDATE: Found by Handle | Assuming MERGE for Variant Command | Assuming MERGE for Image Command | Variants updated by SKU: 1
S-4852,S-4852,Arka,FALSE,Size,11x11x9,,,,,1.44,S-4852,draft,https://img.uline.com/is/image/uline/S-4852?$MediumRHD$,uline,"Home > All Products > Boxes, Corrugated > Corrugated Boxes (200# Test) > Misc Box Sizes",8.19256E+12,s-4852,OK,UPDATE: Found by Handle | Assuming MERGE for Variant Command | Assuming MERGE for Image Command | Variants updated by SKU: 1
S-19098,S-19098,Arka,FALSE,Size,11x11x10,,,,,1.52,S-19098,draft,https://img.uline.com/is/image/uline/S-19098?$MediumRHD$,uline,"Home > All Products > Boxes, Corrugated > Corrugated Boxes (200# Test) > Misc Box Sizes",8.19256E+12,s-19098,OK,UPDATE: Found by Handle | Assuming MERGE for Variant Command | Assuming MERGE for Image Command | Variants updated by SKU: 1
S-4316,S-4316,Arka,FALSE,Size,11x11x11,,,,,1.58,S-4316,draft,https://img.uline.com/is/image/uline/S-4316?$MediumRHD$,uline,"Home > All Products > Boxes, Corrugated > Corrugated Boxes (200# Test) > Cube Boxes",8.19256E+12,s-4316,OK,UPDATE: Found by Handle | Assuming MERGE for Variant Command | Assuming MERGE for Image Command | Variants updated by SKU: 1
S-21595,S-21595,Arka,FALSE,Size,11x11x13,,,,,1.71,S-21595,draft,https://img.uline.com/is/image/uline/S-21595?$MediumRHD$,uline,"Home > All Products > Boxes, Corrugated > Corrugated Boxes (200# Test) > Misc Box Sizes",8.19256E+12,s-21595,OK,UPDATE: Found by Handle | Assuming MERGE for Variant Command | Assuming MERGE for Image Command | Variants updated by SKU: 1
S-4954,S-4954,Arka,FALSE,Size,11.25x8.75x4,,,,,0.99,S-4954,draft,https://img.uline.com/is/image/uline/S-4954?$MediumRHD$,uline,"Home > All Products > Boxes, Corrugated > Corrugated Boxes (200# Test) > Printers Boxes",8.19256E+12,s-4954,OK,UPDATE: Found by Handle | Assuming MERGE for Variant Command | Assuming MERGE for Image Command | Variants updated by SKU: 1
S-16455,S-16455,Arka,FALSE,Size,11.25x8.75x4,,,,,1.15,S-16455,draft,https://img.uline.com/is/image/uline/S-16455?$MediumRHD$,uline,"Home > All Products > Boxes, Corrugated > Corrugated Boxes (200# Test) > White Corrugated Boxes",8.19256E+12,s-16455,OK,UPDATE: Found by Handle | Assuming MERGE for Variant Command | Assuming MERGE for Image Command | Variants updated by SKU: 1
S-18385,S-18385,Arka,FALSE,Size,11.25x8.75x5,,,,,1.02,S-18385,draft,https://img.uline.com/is/image/uline/S-18385?$MediumRHD$,uline,"Home > All Products > Boxes, Corrugated > Corrugated Boxes (200# Test) > Printers Boxes",8.19256E+12,s-18385,OK,UPDATE: Found by Handle | Assuming MERGE for Variant Command | Assuming MERGE for Image Command | Variants updated by SKU: 1
S-4609,S-4609,Arka,FALSE,Size,11.25x8.75x6,,,,,1.04,S-4609,draft,https://img.uline.com/is/image/uline/S-4609?$MediumRHD$,uline,"Home > All Products > Boxes, Corrugated > Corrugated Boxes (200# Test) > Printers Boxes",8.19256E+12,s-4609,OK,UPDATE: Found by Handle | Assuming MERGE for Variant Command | Assuming MERGE for Image Command | Variants updated by SKU: 1
S-4420,S-4420,Arka,FALSE,Size,11.25x8.75x6,,,,,0.77,S-4420,draft,https://img.uline.com/is/image/uline/S-4420?$MediumRHD$,uline,"Home > All Products > Boxes, Corrugated > Corrugated Boxes (200# Test) > Multi-Depth Boxes",8.19256E+12,s-4420,OK,UPDATE: Found by Handle | Assuming MERGE for Variant Command | Assuming MERGE for Image Command | Variants updated by SKU: 1
S-14226,S-14226,Arka,FALSE,Size,11.25x8.75x6,,,,,1.44,S-14226,draft,https://img.uline.com/is/image/uline/S-14226?$MediumRHD$,uline,"Home > All Products > Boxes, Corrugated > Heavy Duty Boxes > 275 Lb. Test Single Wall Boxes",8.19256E+12,s-14226,OK,UPDATE: Found by Handle | Assuming MERGE for Variant Command | Assuming MERGE for Image Command | Variants updated by SKU: 1
S-18181,S-18181,Arka,FALSE,Size,11.25x8.75x6,,,,,2.04,S-18181,draft,https://img.uline.com/is/image/uline/S-18181?$MediumRHD$,uline,"Home > All Products > Boxes, Corrugated > Heavy Duty Boxes > 275 Lb. Test Double Wall Boxes",8.19256E+12,s-18181,OK,UPDATE: Found by Handle | Assuming MERGE for Variant Command | Assuming MERGE for Image Command | Variants updated by SKU: 1
S-12591,S-12591,Arka,FALSE,Size,11.25x8.75x8,,,,,1.11,S-12591,draft,https://img.uline.com/is/image/uline/S-12591?$MediumRHD$,uline,"Home > All Products > Boxes, Corrugated > Corrugated Boxes (200# Test) > Printers Boxes",8.19256E+12,s-12591,OK,UPDATE: Found by Handle | Assuming MERGE for Variant Command | Assuming MERGE for Image Command | Variants updated by SKU: 1
S-18948,S-18948,Arka,FALSE,Size,11.25x8.75x8,,,,,1.39,S-18948,draft,https://img.uline.com/is/image/uline/S-18948?$MediumRHD$,uline,"Home > All Products > Boxes, Corrugated > Corrugated Boxes (200# Test) > White Corrugated Boxes",8.19256E+12,s-18948,OK,UPDATE: Found by Handle | Assuming MERGE for Variant Command | Assuming MERGE for Image Command | Variants updated by SKU: 1
S-4610,S-4610,Arka,FALSE,Size,11.25x8.75x9.50,,,,,1.17,S-4610,draft,https://img.uline.com/is/image/uline/S-4610?$MediumRHD$,uline,"Home > All Products > Boxes, Corrugated > Corrugated Boxes (200# Test) > Printers Boxes",8.19256E+12,s-4610,OK,UPDATE: Found by Handle | Assuming MERGE for Variant Command | Assuming MERGE for Image Command | Variants updated by SKU: 1
S-4109,S-4109,Arka,FALSE,Size,11.25x8.75x10,,,,,1.38,S-4109,draft,https://img.uline.com/is/image/uline/S-4109?$MediumRHD$,uline,"Home > All Products > Boxes, Corrugated > Corrugated Boxes (200# Test) > Printers Boxes",8.19256E+12,s-4109,OK,UPDATE: Found by Handle | Assuming MERGE for Variant Command | Assuming MERGE for Image Command | Variants updated by SKU: 1
S-16720,S-16720,Arka,FALSE,Size,11.25x8.75x10,,,,,1.79,S-16720,draft,https://img.uline.com/is/image/uline/S-16720?$MediumRHD$,uline,"Home > All Products > Boxes, Corrugated > Heavy Duty Boxes > 275 Lb. Test Single Wall Boxes",8.19256E+12,s-16720,OK,UPDATE: Found by Handle | Assuming MERGE for Variant Command | Assuming MERGE for Image Command | Variants updated by SKU: 1
S-279,S-279,Arka,FALSE,Size,11.25x8.75x12,,,,,0.99,S-279,draft,https://img.uline.com/is/image/uline/S-279?$MediumRHD$,uline,"Home > All Products > Boxes, Corrugated > Corrugated Boxes (200# Test) > Multi-Depth Boxes",8.19256E+12,s-279,OK,UPDATE: Found by Handle | Assuming MERGE for Variant Command | Assuming MERGE for Image Command | Variants updated by SKU: 1
S-4783,S-4783,Arka,FALSE,Size,11.25x8.75x12,,,,,1.96,S-4783,draft,https://img.uline.com/is/image/uline/S-4783?$MediumRHD$,uline,"Home > All Products > Boxes, Corrugated > Heavy Duty Boxes > 275 Lb. Test Single Wall Boxes",8.19256E+12,s-4783,OK,UPDATE: Found by Handle | Assuming MERGE for Variant Command | Assuming MERGE for Image Command | Variants updated by SKU: 1
S-20476,S-20476,Arka,FALSE,Size,11.25x8.75x14,,,,,1.49,S-20476,draft,https://img.uline.com/is/image/uline/S-20476?$MediumRHD$,uline,"Home > All Products > Boxes, Corrugated > Corrugated Boxes (200# Test) > Printers Boxes",8.19256E+12,s-20476,OK,UPDATE: Found by Handle | Assuming MERGE for Variant Command | Assuming MERGE for Image Command | Variants updated by SKU: 1
S-4111,S-4111,Arka,FALSE,Size,11.75x8.75x4.75,,,,,1.01,S-4111,draft,https://img.uline.com/is/image/uline/S-4111?$MediumRHD$,uline,"Home > All Products > Boxes, Corrugated > Corrugated Boxes (200# Test) > Printers Boxes",8.19256E+12,s-4111,OK,UPDATE: Found by Handle | Assuming MERGE for Variant Command | Assuming MERGE for Image Command | Variants updated by SKU: 1
S-4112,S-4112,Arka,FALSE,Size,11.75x8.75x8.75,,,,,1.12,S-4112,draft,https://img.uline.com/is/image/uline/S-4112?$MediumRHD$,uline,"Home > All Products > Boxes, Corrugated > Corrugated Boxes (200# Test) > Printers Boxes",8.19256E+12,s-4112,OK,UPDATE: Found by Handle | Assuming MERGE for Variant Command | Assuming MERGE for Image Command | Variants updated by SKU: 1
S-16721,S-16721,Arka,FALSE,Size,12x3x3,,,,,0.69,S-16721,draft,https://img.uline.com/is/image/uline/S-16721?$MediumRHD$,uline,"Home > All Products > Boxes, Corrugated > Corrugated Boxes (200# Test) > Long Boxes",8.19256E+12,s-16721,OK,UPDATE: Found by Handle | Assuming MERGE for Variant Command | Assuming MERGE for Image Command | Variants updated by SKU: 1
S-4116,S-4116,Arka,FALSE,Size,12x4x4,,,,,0.58,S-4116,draft,https://img.uline.com/is/image/uline/S-4116?$MediumRHD$,uline,"Home > All Products > Boxes, Corrugated > Corrugated Boxes (200# Test) > Long Boxes",8.19256E+12,s-4116,OK,UPDATE: Found by Handle | Assuming MERGE for Variant Command | Assuming MERGE for Image Command | Variants updated by SKU: 1
S-18237,S-18237,Arka,FALSE,Size,12x4x48,,,,,8.84,S-18237,draft,https://img.uline.com/is/image/uline/S-18237?$MediumRHD$,uline,"Home > All Products > Boxes, Corrugated > Corrugated Boxes (200# Test) > Telescopic Boxes",8.19256E+12,s-18237,OK,UPDATE: Found by Handle | Assuming MERGE for Variant Command | Assuming MERGE for Image Command | Variants updated by SKU: 1
S-19099,S-19099,Arka,FALSE,Size,12x5x4,,,,,0.9,S-19099,draft,https://img.uline.com/is/image/uline/S-19099?$MediumRHD$,uline,"Home > All Products > Boxes, Corrugated > Corrugated Boxes (200# Test) > Long Boxes",8.19256E+12,s-19099,OK,UPDATE: Found by Handle | Assuming MERGE for Variant Command | Assuming MERGE for Image Command | Variants updated by SKU: 1
S-16722,S-16722,Arka,FALSE,Size,12x5x5,,,,,0.92,S-16722,draft,https://img.uline.com/is/image/uline/S-16722?$MediumRHD$,uline,"Home > All Products > Boxes, Corrugated > Corrugated Boxes (200# Test) > Long Boxes",8.19256E+12,s-16722,OK,UPDATE: Found by Handle | Assuming MERGE for Variant Command | Assuming MERGE for Image Command | Variants updated by SKU: 1
S-16723,S-16723,Arka,FALSE,Size,12x6x3,,,,,0.87,S-16723,draft,https://img.uline.com/is/image/uline/S-16723?$MediumRHD$,uline,"Home > All Products > Boxes, Corrugated > Corrugated Boxes (200# Test) > Long Boxes",8.19256E+12,s-16723,OK,UPDATE: Found by Handle | Assuming MERGE for Variant Command | Assuming MERGE for Image Command | Variants updated by SKU: 1
S-4127,S-4127,Arka,FALSE,Size,12x6x4,,,,,0.59,S-4127,draft,https://img.uline.com/is/image/uline/S-4127?$MediumRHD$,uline,"Home > All Products > Boxes, Corrugated > Corrugated Boxes (200# Test) > Long Boxes",8.19256E+12,s-4127,OK,UPDATE: Found by Handle | Assuming MERGE for Variant Command | Assuming MERGE for Image Command | Variants updated by SKU: 1
S-11372,S-11372,Arka,FALSE,Size,12x6x2,,,,,0.86,S-11372,draft,https://img.uline.com/is/image/uline/S-11372?$MediumRHD$,uline,"Home > All Products > Boxes, Corrugated > Corrugated Boxes (200# Test) > Long Boxes",8.19256E+12,s-11372,OK,UPDATE: Found by Handle | Assuming MERGE for Variant Command | Assuming MERGE for Image Command | Variants updated by SKU: 1
S-15032,S-15032,Arka,FALSE,Size,12x6x5,,,,,0.93,S-15032,draft,https://img.uline.com/is/image/uline/S-15032?$MediumRHD$,uline,"Home > All Products > Boxes, Corrugated > Corrugated Boxes (200# Test) > Long Boxes",8.19256E+12,s-15032,OK,UPDATE: Found by Handle | Assuming MERGE for Variant Command | Assuming MERGE for Image Command | Variants updated by SKU: 1
S-4128,S-4128,Arka,FALSE,Size,12x6x6,,,,,0.61,S-4128,draft,https://img.uline.com/is/image/uline/S-4128?$MediumRHD$,uline,"Home > All Products > Boxes, Corrugated > Corrugated Boxes (200# Test) > Long Boxes",8.19256E+12,s-4128,OK,UPDATE: Found by Handle | Assuming MERGE for Variant Command | Assuming MERGE for Image Command | Variants updated by SKU: 1
S-4709,S-4709,Arka,FALSE,Size,12x6x6,,,,,1.24,S-4709,draft,https://img.uline.com/is/image/uline/S-4709?$MediumRHD$,uline,"Home > All Products > Boxes, Corrugated > Corrugated Boxes (200# Test) > Multi-Depth Boxes",8.19256E+12,s-4709,OK,UPDATE: Found by Handle | Assuming MERGE for Variant Command | Assuming MERGE for Image Command | Variants updated by SKU: 1
S-4784,S-4784,Arka,FALSE,Size,12x6x6,,,,,1.34,S-4784,draft,https://img.uline.com/is/image/uline/S-4784?$MediumRHD$,uline,"Home > All Products > Boxes, Corrugated > Heavy Duty Boxes > 275 Lb. Test Single Wall Boxes",8.19256E+12,s-4784,OK,UPDATE: Found by Handle | Assuming MERGE for Variant Command | Assuming MERGE for Image Command | Variants updated by SKU: 1
S-4710,S-4710,Arka,FALSE,Size,12x6x8,,,,,1.04,S-4710,draft,https://img.uline.com/is/image/uline/S-4710?$MediumRHD$,uline,"Home > All Products > Boxes, Corrugated > Corrugated Boxes (200# Test) > Misc Box Sizes",8.19256E+12,s-4710,OK,UPDATE: Found by Handle | Assuming MERGE for Variant Command | Assuming MERGE for Image Command | Variants updated by SKU: 1
S-12592,S-12592,Arka,FALSE,Size,12x6x12,,,,,1.36,S-12592,draft,https://img.uline.com/is/image/uline/S-12592?$MediumRHD$,uline,"Home > All Products > Boxes, Corrugated > Corrugated Boxes (200# Test) > Misc Box Sizes",8.19256E+12,s-12592,OK,UPDATE: Found by Handle | Assuming MERGE for Variant Command | Assuming MERGE for Image Command | Variants updated by SKU: 1
S-22180,S-22180,Arka,FALSE,Size,12x7x4,,,,,0.94,S-22180,draft,https://img.uline.com/is/image/uline/S-22180?$MediumRHD$,uline,"Home > All Products > Boxes, Corrugated > Corrugated Boxes (200# Test) > Misc Box Sizes",8.19256E+12,s-22180,OK,UPDATE: Found by Handle | Assuming MERGE for Variant Command | Assuming MERGE for Image Command | Variants updated by SKU: 1
S-13293,S-13293,Arka,FALSE,Size,12x7x5,,,,,0.96,S-13293,draft,https://img.uline.com/is/image/uline/S-13293?$MediumRHD$,uline,"Home > All Products > Boxes, Corrugated > Corrugated Boxes (200# Test) > Misc Box Sizes",8.19256E+12,s-13293,OK,UPDATE: Found by Handle | Assuming MERGE for Variant Command | Assuming MERGE for Image Command | Variants updated by SKU: 1
S-18386,S-18386,Arka,FALSE,Size,12x7x7,,,,,1.06,S-18386,draft,https://img.uline.com/is/image/uline/S-18386?$MediumRHD$,uline,"Home > All Products > Boxes, Corrugated > Corrugated Boxes (200# Test) > Misc Box Sizes",8.19256E+12,s-18386,OK,UPDATE: Found by Handle | Assuming MERGE for Variant Command | Assuming MERGE for Image Command | Variants updated by SKU: 1
S-16724,S-16724,Arka,FALSE,Size,12x8x3,,,,,0.98,S-16724,draft,https://img.uline.com/is/image/uline/S-16724?$MediumRHD$,uline,"Home > All Products > Boxes, Corrugated > Corrugated Boxes (200# Test) > Flat Boxes",8.19256E+12,s-16724,OK,UPDATE: Found by Handle | Assuming MERGE for Variant Command | Assuming MERGE for Image Command | Variants updated by SKU: 1
S-4117,S-4117,Arka,FALSE,Size,12x8x4,,,,,0.99,S-4117,draft,https://img.uline.com/is/image/uline/S-4117?$MediumRHD$,uline,"Home > All Products > Boxes, Corrugated > Corrugated Boxes (200# Test) > Flat Boxes",8.19256E+12,s-4117,OK,UPDATE: Found by Handle | Assuming MERGE for Variant Command | Assuming MERGE for Image Command | Variants updated by SKU: 1
S-4711,S-4711,Arka,FALSE,Size,12x8x5,,,,,1.04,S-4711,draft,https://img.uline.com/is/image/uline/S-4711?$MediumRHD$,uline,"Home > All Products > Boxes, Corrugated > Corrugated Boxes (200# Test) > Misc Box Sizes",8.19256E+12,s-4711,OK,UPDATE: Found by Handle | Assuming MERGE for Variant Command | Assuming MERGE for Image Command | Variants updated by SKU: 1
S-4121,S-4121,Arka,FALSE,Size,12x8x6,,,,,0.68,S-4121,draft,https://img.uline.com/is/image/uline/S-4121?$MediumRHD$,uline,"Home > All Products > Boxes, Corrugated > Corrugated Boxes (200# Test) > Misc Box Sizes",8.19256E+12,s-4121,OK,UPDATE: Found by Handle | Assuming MERGE for Variant Command | Assuming MERGE for Image Command | Variants updated by SKU: 1
S-4129,S-4129,Arka,FALSE,Size,12x8x8,,,,,0.77,S-4129,draft,https://img.uline.com/is/image/uline/S-4129?$MediumRHD$,uline,"Home > All Products > Boxes, Corrugated > Corrugated Boxes (200# Test) > Misc Box Sizes",8.19256E+12,s-4129,OK,UPDATE: Found by Handle | Assuming MERGE for Variant Command | Assuming MERGE for Image Command | Variants updated by SKU: 1
S-4979,S-4979,Arka,FALSE,Size,12x8x7,,,,,1.12,S-4979,draft,https://img.uline.com/is/image/uline/S-4979?$MediumRHD$,uline,"Home > All Products > Boxes, Corrugated > Corrugated Boxes (200# Test) > Misc Box Sizes",8.19256E+12,s-4979,OK,UPDATE: Found by Handle | Assuming MERGE for Variant Command | Assuming MERGE for Image Command | Variants updated by SKU: 1
S-22633,S-22633,Arka,FALSE,Size,12x8x10,,,,,1.28,S-22633,draft,https://img.uline.com/is/image/uline/S-22633?$MediumRHD$,uline,"Home > All Products > Boxes, Corrugated > Corrugated Boxes (200# Test) > Misc Box Sizes",8.19256E+12,s-22633,OK,UPDATE: Found by Handle | Assuming MERGE for Variant Command | Assuming MERGE for Image Command | Variants updated by SKU: 1
S-20486,S-20486,Arka,FALSE,Size,12x8x8,,,,,1.31,S-20486,draft,https://img.uline.com/is/image/uline/S-20486?$MediumRHD$,uline,"Home > All Products > Boxes, Corrugated > Corrugated Boxes (200# Test) > White Corrugated Boxes",8.19256E+12,s-20486,OK,UPDATE: Found by Handle | Assuming MERGE for Variant Command | Assuming MERGE for Image Command | Variants updated by SKU: 1
S-18387,S-18387,Arka,FALSE,Size,12x8x12,,,,,1.42,S-18387,draft,https://img.uline.com/is/image/uline/S-18387?$MediumRHD$,uline,"Home > All Products > Boxes, Corrugated > Corrugated Boxes (200# Test) > Misc Box Sizes",8.19256E+12,s-18387,OK,UPDATE: Found by Handle | Assuming MERGE for Variant Command | Assuming MERGE for Image Command | Variants updated by SKU: 1
S-4118,S-4118,Arka,FALSE,Size,12x9x2,,,,,0.76,S-4118,draft,https://img.uline.com/is/image/uline/S-4118?$MediumRHD$,uline,"Home > All Products > Boxes, Corrugated > Corrugated Boxes (200# Test) > Flat Boxes",8.19256E+12,s-4118,OK,UPDATE: Found by Handle | Assuming MERGE for Variant Command | Assuming MERGE for Image Command | Variants updated by SKU: 1
S-4312,S-4312,Arka,FALSE,Size,12x9x3,,,,,0.77,S-4312,draft,https://img.uline.com/is/image/uline/S-4312?$MediumRHD$,uline,"Home > All Products > Boxes, Corrugated > Corrugated Boxes (200# Test) > Flat Boxes",8.19256E+12,s-4312,OK,UPDATE: Found by Handle | Assuming MERGE for Variant Command | Assuming MERGE for Image Command | Variants updated by SKU: 1
S-4521,S-4521,Arka,FALSE,Size,12x9x4,,,,,0.79,S-4521,draft,https://img.uline.com/is/image/uline/S-4521?$MediumRHD$,uline,"Home > All Products > Boxes, Corrugated > Corrugated Boxes (200# Test) > Flat Boxes",8.19256E+12,s-4521,OK,UPDATE: Found by Handle | Assuming MERGE for Variant Command | Assuming MERGE for Image Command | Variants updated by SKU: 1
S-14262,S-14262,Arka,FALSE,Size,12x9x4,,,,,1.36,S-14262,draft,https://img.uline.com/is/image/uline/S-14262?$MediumRHD$,uline,"Home > All Products > Boxes, Corrugated > Corrugated Boxes (200# Test) > White Corrugated Boxes",8.19256E+12,s-14262,OK,UPDATE: Found by Handle | Assuming MERGE for Variant Command | Assuming MERGE for Image Command | Variants updated by SKU: 1
S-4487,S-4487,Arka,FALSE,Size,12x9x5,,,,,1.17,S-4487,draft,https://img.uline.com/is/image/uline/S-4487?$MediumRHD$,uline,"Home > All Products > Boxes, Corrugated > Corrugated Boxes (200# Test) > Misc Box Sizes",8.19256E+12,s-4487,OK,UPDATE: Found by Handle | Assuming MERGE for Variant Command | Assuming MERGE for Image Command | Variants updated by SKU: 1
S-4406,S-4406,Arka,FALSE,Size,12x9x6,,,,,0.87,S-4406,draft,https://img.uline.com/is/image/uline/S-4406?$MediumRHD$,uline,"Home > All Products > Boxes, Corrugated > Corrugated Boxes (200# Test) > Misc Box Sizes",8.19256E+12,s-4406,OK,UPDATE: Found by Handle | Assuming MERGE for Variant Command | Assuming MERGE for Image Command | Variants updated by SKU: 1
S-4421,S-4421,Arka,FALSE,Size,12x9x6,,,,,1.33,S-4421,draft,https://img.uline.com/is/image/uline/S-4421?$MediumRHD$,uline,"Home > All Products > Boxes, Corrugated > Corrugated Boxes (200# Test) > Multi-Depth Boxes",8.19256E+12,s-4421,OK,UPDATE: Found by Handle | Assuming MERGE for Variant Command | Assuming MERGE for Image Command | Variants updated by SKU: 1
S-4488,S-4488,Arka,FALSE,Size,12x9x7,,,,,1.36,S-4488,draft,https://img.uline.com/is/image/uline/S-4488?$MediumRHD$,uline,"Home > All Products > Boxes, Corrugated > Corrugated Boxes (200# Test) > Misc Box Sizes",8.19256E+12,s-4488,OK,UPDATE: Found by Handle | Assuming MERGE for Variant Command | Assuming MERGE for Image Command | Variants updated by SKU: 1
S-4853,S-4853,Arka,FALSE,Size,12x9x8,,,,,1.38,S-4853,draft,https://img.uline.com/is/image/uline/S-4853?$MediumRHD$,uline,"Home > All Products > Boxes, Corrugated > Corrugated Boxes (200# Test) > Misc Box Sizes",8.19256E+12,s-4853,OK,UPDATE: Found by Handle | Assuming MERGE for Variant Command | Assuming MERGE for Image Command | Variants updated by SKU: 1
S-4335,S-4335,Arka,FALSE,Size,12x9x9,,,,,0.93,S-4335,draft,https://img.uline.com/is/image/uline/S-4335?$MediumRHD$,uline,"Home > All Products > Boxes, Corrugated > Corrugated Boxes (200# Test) > Misc Box Sizes",8.19256E+12,s-4335,OK,UPDATE: Found by Handle | Assuming MERGE for Variant Command | Assuming MERGE for Image Command | Variants updated by SKU: 1
S-21534,S-21534,Arka,FALSE,Size,12x9x9,,,,,2.48,S-21534,draft,https://img.uline.com/is/image/uline/S-21534?$MediumRHD$,uline,"Home > All Products > Boxes, Corrugated > Heavy Duty Boxes > 275 Lb. Test Double Wall Boxes",8.19256E+12,s-21534,OK,UPDATE: Found by Handle | Assuming MERGE for Variant Command | Assuming MERGE for Image Command | Variants updated by SKU: 1
S-19771,S-19771,Arka,FALSE,Size,12x9x6,,,,,2.16,S-19771,draft,https://img.uline.com/is/image/uline/S-19771?$MediumRHD$,uline,"Home > All Products > Boxes, Corrugated > Heavy Duty Boxes > 275 Lb. Test Double Wall Boxes",8.19256E+12,s-19771,OK,UPDATE: Found by Handle | Assuming MERGE for Variant Command | Assuming MERGE for Image Command | Variants updated by SKU: 1
S-4884,S-4884,Arka,FALSE,Size,12x9x12,,,,,1.49,S-4884,draft,https://img.uline.com/is/image/uline/S-4884?$MediumRHD$,uline,"Home > All Products > Boxes, Corrugated > Corrugated Boxes (200# Test) > Misc Box Sizes",8.19256E+12,s-4884,OK,UPDATE: Found by Handle | Assuming MERGE for Variant Command | Assuming MERGE for Image Command | Variants updated by SKU: 1
S-4980,S-4980,Arka,FALSE,Size,12x10x2,,,,,1.18,S-4980,draft,https://img.uline.com/is/image/uline/S-4980?$MediumRHD$,uline,"Home > All Products > Boxes, Corrugated > Corrugated Boxes (200# Test) > Flat Boxes",8.19256E+12,s-4980,OK,UPDATE: Found by Handle | Assuming MERGE for Variant Command | Assuming MERGE for Image Command | Variants updated by SKU: 1
S-4409,S-4409,Arka,FALSE,Size,12x10x3,,,,,1.19,S-4409,draft,https://img.uline.com/is/image/uline/S-4409?$MediumRHD$,uline,"Home > All Products > Boxes, Corrugated > Corrugated Boxes (200# Test) > Flat Boxes",8.19256E+12,s-4409,OK,UPDATE: Found by Handle | Assuming MERGE for Variant Command | Assuming MERGE for Image Command | Variants updated by SKU: 1
S-4119,S-4119,Arka,FALSE,Size,12x10x4,,,,,0.87,S-4119,draft,https://img.uline.com/is/image/uline/S-4119?$MediumRHD$,uline,"Home > All Products > Boxes, Corrugated > Corrugated Boxes (200# Test) > Flat Boxes",8.19256E+12,s-4119,OK,UPDATE: Found by Handle | Assuming MERGE for Variant Command | Assuming MERGE for Image Command | Variants updated by SKU: 1
S-4522,S-4522,Arka,FALSE,Size,12x10x5,,,,,1.24,S-4522,draft,https://img.uline.com/is/image/uline/S-4522?$MediumRHD$,uline,"Home > All Products > Boxes, Corrugated > Corrugated Boxes (200# Test) > Flat Boxes",8.19256E+12,s-4522,OK,UPDATE: Found by Handle | Assuming MERGE for Variant Command | Assuming MERGE for Image Command | Variants updated by SKU: 1
S-4612,S-4612,Arka,FALSE,Size,12x9x10,,,,,1.42,S-4612,draft,https://img.uline.com/is/image/uline/S-4612?$MediumRHD$,uline,"Home > All Products > Boxes, Corrugated > Corrugated Boxes (200# Test) > Misc Box Sizes",8.19256E+12,s-4612,OK,UPDATE: Found by Handle | Assuming MERGE for Variant Command | Assuming MERGE for Image Command | Variants updated by SKU: 1
S-4130,S-4130,Arka,FALSE,Size,12x10x6,,,,,0.89,S-4130,draft,https://img.uline.com/is/image/uline/S-4130?$MediumRHD$,uline,"Home > All Products > Boxes, Corrugated > Corrugated Boxes (200# Test) > Misc Box Sizes",8.19256E+12,s-4130,OK,UPDATE: Found by Handle | Assuming MERGE for Variant Command | Assuming MERGE for Image Command | Variants updated by SKU: 1
S-15033,S-15033,Arka,FALSE,Size,12x10x6,,,,,1.58,S-15033,draft,https://img.uline.com/is/image/uline/S-15033?$MediumRHD$,uline,"Home > All Products > Boxes, Corrugated > Corrugated Boxes (200# Test) > White Corrugated Boxes",8.19256E+12,s-15033,OK,UPDATE: Found by Handle | Assuming MERGE for Variant Command | Assuming MERGE for Image Command | Variants updated by SKU: 1
S-14227,S-14227,Arka,FALSE,Size,12x10x6,,,,,1.65,S-14227,draft,https://img.uline.com/is/image/uline/S-14227?$MediumRHD$,uline,"Home > All Products > Boxes, Corrugated > Heavy Duty Boxes > 275 Lb. Test Single Wall Boxes",8.19256E+12,s-14227,OK,UPDATE: Found by Handle | Assuming MERGE for Variant Command | Assuming MERGE for Image Command | Variants updated by SKU: 1
S-4885,S-4885,Arka,FALSE,Size,12x10x7,,,,,1.36,S-4885,draft,https://img.uline.com/is/image/uline/S-4885?$MediumRHD$,uline,"Home > All Products > Boxes, Corrugated > Corrugated Boxes (200# Test) > Misc Box Sizes",8.19256E+12,s-4885,OK,UPDATE: Found by Handle | Assuming MERGE for Variant Command | Assuming MERGE for Image Command | Variants updated by SKU: 1
S-4120,S-4120,Arka,FALSE,Size,12x10x8,,,,,0.91,S-4120,draft,https://img.uline.com/is/image/uline/S-4120?$MediumRHD$,uline,"Home > All Products > Boxes, Corrugated > Corrugated Boxes (200# Test) > Misc Box Sizes",8.19256E+12,s-4120,OK,UPDATE: Found by Handle | Assuming MERGE for Variant Command | Assuming MERGE for Image Command | Variants updated by SKU: 1
S-19777,S-19777,Arka,FALSE,Size,12x10x8,,,,,1.7,S-19777,draft,https://img.uline.com/is/image/uline/S-19777?$MediumRHD$,uline,"Home > All Products > Boxes, Corrugated > Corrugated Boxes (200# Test) > White Corrugated Boxes",8.19256E+12,s-19777,OK,UPDATE: Found by Handle | Assuming MERGE for Variant Command | Assuming MERGE for Image Command | Variants updated by SKU: 1
S-15034,S-15034,Arka,FALSE,Size,12x10x8,,,,,1.49,S-15034,draft,https://img.uline.com/is/image/uline/S-15034?$MediumRHD$,uline,"Home > All Products > Boxes, Corrugated > Corrugated Boxes (200# Test) > Multi-Depth Boxes",8.19256E+12,s-15034,OK,UPDATE: Found by Handle | Assuming MERGE for Variant Command | Assuming MERGE for Image Command | Variants updated by SKU: 1
S-15035,S-15035,Arka,FALSE,Size,12x10x8,,,,,1.7,S-15035,draft,https://img.uline.com/is/image/uline/S-15035?$MediumRHD$,uline,"Home > All Products > Boxes, Corrugated > Heavy Duty Boxes > 275 Lb. Test Single Wall Boxes",8.19256E+12,s-15035,OK,UPDATE: Found by Handle | Assuming MERGE for Variant Command | Assuming MERGE for Image Command | Variants updated by SKU: 1
S-4336,S-4336,Arka,FALSE,Size,12x10x9,,,,,1.42,S-4336,draft,https://img.uline.com/is/image/uline/S-4336?$MediumRHD$,uline,"Home > All Products > Boxes, Corrugated > Corrugated Boxes (200# Test) > Misc Box Sizes",8.19256E+12,s-4336,OK,UPDATE: Found by Handle | Assuming MERGE for Variant Command | Assuming MERGE for Image Command | Variants updated by SKU: 1
S-4123,S-4123,Arka,FALSE,Size,12x10x10,,,,,0.94,S-4123,draft,https://img.uline.com/is/image/uline/S-4123?$MediumRHD$,uline,"Home > All Products > Boxes, Corrugated > Corrugated Boxes (200# Test) > Misc Box Sizes",8.19256E+12,s-4123,OK,UPDATE: Found by Handle | Assuming MERGE for Variant Command | Assuming MERGE for Image Command | Variants updated by SKU: 1
S-12593,S-12593,Arka,FALSE,Size,12x10x12,,,,,1.49,S-12593,draft,https://img.uline.com/is/image/uline/S-12593?$MediumRHD$,uline,"Home > All Products > Boxes, Corrugated > Corrugated Boxes (200# Test) > Misc Box Sizes",8.19256E+12,s-12593,OK,UPDATE: Found by Handle | Assuming MERGE for Variant Command | Assuming MERGE for Image Command | Variants updated by SKU: 1
S-22636,S-22636,Arka,FALSE,Size,12x11x11,,,,,1.7,S-22636,draft,https://img.uline.com/is/image/uline/S-22636?$MediumRHD$,uline,"Home > All Products > Boxes, Corrugated > Corrugated Boxes (200# Test) > Misc Box Sizes",8.19256E+12,s-22636,OK,UPDATE: Found by Handle | Assuming MERGE for Variant Command | Assuming MERGE for Image Command | Variants updated by SKU: 1
S-18182,S-18182,Arka,FALSE,Size,12x10x10,,,,,2.85,S-18182,draft,https://img.uline.com/is/image/uline/S-18182?$MediumRHD$,uline,"Home > All Products > Boxes, Corrugated > Heavy Duty Boxes > 275 Lb. Test Double Wall Boxes",8.19256E+12,s-18182,OK,UPDATE: Found by Handle | Assuming MERGE for Variant Command | Assuming MERGE for Image Command | Variants updated by SKU: 1
S-21564,S-21564,Arka,FALSE,Size,12x10x14,,,,,1.62,S-21564,draft,https://img.uline.com/is/image/uline/S-21564?$MediumRHD$,uline,"Home > All Products > Boxes, Corrugated > Corrugated Boxes (200# Test) > Misc Box Sizes",8.19256E+12,s-21564,OK,UPDATE: Found by Handle | Assuming MERGE for Variant Command | Assuming MERGE for Image Command | Variants updated by SKU: 1
S-4561,S-4561,Arka,FALSE,Size,12x12x2,,,,,1.24,S-4561,draft,https://img.uline.com/is/image/uline/S-4561?$MediumRHD$,uline,"Home > All Products > Boxes, Corrugated > Corrugated Boxes (200# Test) > Flat Boxes",8.19256E+12,s-4561,OK,UPDATE: Found by Handle | Assuming MERGE for Variant Command | Assuming MERGE for Image Command | Variants updated by SKU: 1
S-4122,S-4122,Arka,FALSE,Size,12x12x6,,,,,0.93,S-4122,draft,https://img.uline.com/is/image/uline/S-4122?$MediumRHD$,uline,"Home > All Products > Boxes, Corrugated > Corrugated Boxes (200# Test) > Flat Boxes",8.19256E+12,s-4122,OK,UPDATE: Found by Handle | Assuming MERGE for Variant Command | Assuming MERGE for Image Command | Variants updated by SKU: 1
S-4616,S-4616,Arka,FALSE,Size,12x12x14,,,,,2.07,S-4616,draft,https://img.uline.com/is/image/uline/S-4616?$MediumRHD$,uline,"Home > All Products > Boxes, Corrugated > Corrugated Boxes (200# Test) > Misc Box Sizes",8.19256E+12,s-4616,OK,UPDATE: Found by Handle | Assuming MERGE for Variant Command | Assuming MERGE for Image Command | Variants updated by SKU: 1
S-4460,S-4460,Arka,FALSE,Size,12x12x3,,,,,0.88,S-4460,draft,https://img.uline.com/is/image/uline/S-4460?$MediumRHD$,uline,"Home > All Products > Boxes, Corrugated > Corrugated Boxes (200# Test) > Flat Boxes",8.19256E+12,s-4460,OK,UPDATE: Found by Handle | Assuming MERGE for Variant Command | Assuming MERGE for Image Command | Variants updated by SKU: 1
S-4215,S-4215,Arka,FALSE,Size,12x12x4,,,,,0.89,S-4215,draft,https://img.uline.com/is/image/uline/S-4215?$MediumRHD$,uline,"Home > All Products > Boxes, Corrugated > Corrugated Boxes (200# Test) > Flat Boxes",8.19256E+12,s-4215,OK,UPDATE: Found by Handle | Assuming MERGE for Variant Command | Assuming MERGE for Image Command | Variants updated by SKU: 1
S-19778,S-19778,Arka,FALSE,Size,12x12x4,,,,,1.58,S-19778,draft,https://img.uline.com/is/image/uline/S-19778?$MediumRHD$,uline,"Home > All Products > Boxes, Corrugated > Corrugated Boxes (200# Test) > White Corrugated Boxes",8.19256E+12,s-19778,OK,UPDATE: Found by Handle | Assuming MERGE for Variant Command | Assuming MERGE for Image Command | Variants updated by SKU: 1
S-23959,S-23959,Arka,FALSE,Size,12x12x4,,,,,2.53,S-23959,draft,https://img.uline.com/is/image/uline/S-23959?$MediumRHD$,uline,"Home > All Products > Boxes, Corrugated > Heavy Duty Boxes > 275 Lb. Test Double Wall Boxes",8.19256E+12,s-23959,OK,UPDATE: Found by Handle | Assuming MERGE for Variant Command | Assuming MERGE for Image Command | Variants updated by SKU: 1
S-4489,S-4489,Arka,FALSE,Size,12x12x5,,,,,1.29,S-4489,draft,https://img.uline.com/is/image/uline/S-4489?$MediumRHD$,uline,"Home > All Products > Boxes, Corrugated > Corrugated Boxes (200# Test) > Flat Boxes",8.19256E+12,s-4489,OK,UPDATE: Found by Handle | Assuming MERGE for Variant Command | Assuming MERGE for Image Command | Variants updated by SKU: 1
S-4341,S-4341,Arka,FALSE,Size,12x12x6,,,,,1.52,S-4341,draft,https://img.uline.com/is/image/uline/S-4341?$MediumRHD$,uline,"Home > All Products > Boxes, Corrugated > Corrugated Boxes (200# Test) > Multi-Depth Boxes",8.19256E+12,s-4341,OK,UPDATE: Found by Handle | Assuming MERGE for Variant Command | Assuming MERGE for Image Command | Variants updated by SKU: 1
S-4770,S-4770,Arka,FALSE,Size,12x12x6,,,,,1.71,S-4770,draft,https://img.uline.com/is/image/uline/S-4770?$MediumRHD$,uline,"Home > All Products > Boxes, Corrugated > Heavy Duty Boxes > 275 Lb. Test Single Wall Boxes",8.19256E+12,s-4770,OK,UPDATE: Found by Handle | Assuming MERGE for Variant Command | Assuming MERGE for Image Command | Variants updated by SKU: 1
S-4932,S-4932,Arka,FALSE,Size,12x12x6,,,,,1.64,S-4932,draft,https://img.uline.com/is/image/uline/S-4932?$MediumRHD$,uline,"Home > All Products > Boxes, Corrugated > Corrugated Boxes (200# Test) > White Corrugated Boxes",8.19256E+12,s-4932,OK,UPDATE: Found by Handle | Assuming MERGE for Variant Command | Assuming MERGE for Image Command | Variants updated by SKU: 1
S-14228,S-14228,Arka,FALSE,Size,12x12x6,,,,,2.69,S-14228,draft,https://img.uline.com/is/image/uline/S-14228?$MediumRHD$,uline,"Home > All Products > Boxes, Corrugated > Heavy Duty Boxes > 275 Lb. Test Double Wall Boxes",8.19256E+12,s-14228,OK,UPDATE: Found by Handle | Assuming MERGE for Variant Command | Assuming MERGE for Image Command | Variants updated by SKU: 1
S-4613,S-4613,Arka,FALSE,Size,12x12x7,,,,,1.42,S-4613,draft,https://img.uline.com/is/image/uline/S-4613?$MediumRHD$,uline,"Home > All Products > Boxes, Corrugated > Corrugated Boxes (200# Test) > Misc Box Sizes",8.19256E+12,s-4613,OK,UPDATE: Found by Handle | Assuming MERGE for Variant Command | Assuming MERGE for Image Command | Variants updated by SKU: 1
S-4124,S-4124,Arka,FALSE,Size,12x12x8,,,,,1,S-4124,draft,https://img.uline.com/is/image/uline/S-4124?$MediumRHD$,uline,"Home > All Products > Boxes, Corrugated > Corrugated Boxes (200# Test) > Misc Box Sizes",8.19256E+12,s-4124,OK,UPDATE: Found by Handle | Assuming MERGE for Variant Command | Assuming MERGE for Image Command | Variants updated by SKU: 1
S-13294,S-13294,Arka,FALSE,Size,12x12x8,,,,,1.84,S-13294,draft,https://img.uline.com/is/image/uline/S-13294?$MediumRHD$,uline,"Home > All Products > Boxes, Corrugated > Corrugated Boxes (200# Test) > White Corrugated Boxes",8.19256E+12,s-13294,OK,UPDATE: Found by Handle | Assuming MERGE for Variant Command | Assuming MERGE for Image Command | Variants updated by SKU: 1
S-12594,S-12594,Arka,FALSE,Size,12x12x8,,,,,2.75,S-12594,draft,https://img.uline.com/is/image/uline/S-12594?$MediumRHD$,uline,"Home > All Products > Boxes, Corrugated > Heavy Duty Boxes > 275 Lb. Test Double Wall Boxes",8.19256E+12,s-12594,OK,UPDATE: Found by Handle | Assuming MERGE for Variant Command | Assuming MERGE for Image Command | Variants updated by SKU: 1
S-4337,S-4337,Arka,FALSE,Size,12x12x9,,,,,1.65,S-4337,draft,https://img.uline.com/is/image/uline/S-4337?$MediumRHD$,uline,"Home > All Products > Boxes, Corrugated > Corrugated Boxes (200# Test) > Misc Box Sizes",8.19256E+12,s-4337,OK,UPDATE: Found by Handle | Assuming MERGE for Variant Command | Assuming MERGE for Image Command | Variants updated by SKU: 1
S-4126,S-4126,Arka,FALSE,Size,12x12x10,,,,,1.12,S-4126,draft,https://img.uline.com/is/image/uline/S-4126?$MediumRHD$,uline,"Home > All Products > Boxes, Corrugated > Corrugated Boxes (200# Test) > Misc Box Sizes",8.19256E+12,s-4126,OK,UPDATE: Found by Handle | Assuming MERGE for Variant Command | Assuming MERGE for Image Command | Variants updated by SKU: 1
S-16456,S-16456,Arka,FALSE,Size,12x12x10,,,,,1.96,S-16456,draft,https://img.uline.com/is/image/uline/S-16456?$MediumRHD$,uline,"Home > All Products > Boxes, Corrugated > Corrugated Boxes (200# Test) > White Corrugated Boxes",8.19256E+12,s-16456,OK,UPDATE: Found by Handle | Assuming MERGE for Variant Command | Assuming MERGE for Image Command | Variants updated by SKU: 1
S-15036,S-15036,Arka,FALSE,Size,12x12x10,,,,,2.95,S-15036,draft,https://img.uline.com/is/image/uline/S-15036?$MediumRHD$,uline,"Home > All Products > Boxes, Corrugated > Heavy Duty Boxes > 275 Lb. Test Double Wall Boxes",8.19256E+12,s-15036,OK,UPDATE: Found by Handle | Assuming MERGE for Variant Command | Assuming MERGE for Image Command | Variants updated by SKU: 1
S-4981,S-4981,Arka,FALSE,Size,12x12x11,,,,,1.84,S-4981,draft,https://img.uline.com/is/image/uline/S-4981?$MediumRHD$,uline,"Home > All Products > Boxes, Corrugated > Corrugated Boxes (200# Test) > Misc Box Sizes",8.19256E+12,s-4981,OK,UPDATE: Found by Handle | Assuming MERGE for Variant Command | Assuming MERGE for Image Command | Variants updated by SKU: 1
S-536,S-536,Arka,FALSE,Size,12x12x12,,,,,1.42,S-536,draft,https://img.uline.com/is/image/uline/S-536?$MediumRHD$,uline,"Home > All Products > Boxes, Corrugated > Corrugated Boxes (200# Test) > Multi-Depth Boxes",8.19256E+12,s-536,OK,UPDATE: Found by Handle | Assuming MERGE for Variant Command | Assuming MERGE for Image Command | Variants updated by SKU: 1
S-4431,S-4431,Arka,FALSE,Size,12x12x12,,,,,1.99,S-4431,draft,https://img.uline.com/is/image/uline/S-4431?$MediumRHD$,uline,"Home > All Products > Boxes, Corrugated > Corrugated Boxes (200# Test) > White Corrugated Boxes",8.19256E+12,s-4431,OK,UPDATE: Found by Handle | Assuming MERGE for Variant Command | Assuming MERGE for Image Command | Variants updated by SKU: 1
S-4475,S-4475,Arka,FALSE,Size,12x12x12,,,,,2.1,S-4475,draft,https://img.uline.com/is/image/uline/S-4475?$MediumRHD$,uline,"Home > All Products > Boxes, Corrugated > Heavy Duty Boxes > 275 Lb. Test Single Wall Boxes",8.19256E+12,s-4475,OK,UPDATE: Found by Handle | Assuming MERGE for Variant Command | Assuming MERGE for Image Command | Variants updated by SKU: 1
S-20485,S-20485,Arka,FALSE,Size,12x12x13,,,,,1.98,S-20485,draft,https://img.uline.com/is/image/uline/S-20485?$MediumRHD$,uline,"Home > All Products > Boxes, Corrugated > Corrugated Boxes (200# Test) > Misc Box Sizes",8.19256E+12,s-20485,OK,UPDATE: Found by Handle | Assuming MERGE for Variant Command | Assuming MERGE for Image Command | Variants updated by SKU: 1
S-4712,S-4712,Arka,FALSE,Size,12x12x12,,,,,2.2,S-4712,draft,https://img.uline.com/is/image/uline/S-4712?$MediumRHD$,uline,"Home > All Products > Boxes, Corrugated > Heavy Duty Boxes > 275 Lb. Test Double Wall Boxes",8.19256E+12,s-4712,OK,UPDATE: Found by Handle | Assuming MERGE for Variant Command | Assuming MERGE for Image Command | Variants updated by SKU: 1
S-18916,S-18916,Arka,FALSE,Size,12x12x12,,,,,7.28,S-18916,draft,https://img.uline.com/is/image/uline/S-18916?$MediumRHD$,uline,"Home > All Products > Boxes, Corrugated > Heavy Duty Boxes > 500 Lb. Double Wall Boxes",8.19256E+12,s-18916,OK,UPDATE: Found by Handle | Assuming MERGE for Variant Command | Assuming MERGE for Image Command | Variants updated by SKU: 1
S-4523,S-4523,Arka,FALSE,Size,12x12x15,,,,,2.1,S-4523,draft,https://img.uline.com/is/image/uline/S-4523?$MediumRHD$,uline,"Home > All Products > Boxes, Corrugated > Corrugated Boxes (200# Test) > Misc Box Sizes",8.19256E+12,s-4523,OK,UPDATE: Found by Handle | Assuming MERGE for Variant Command | Assuming MERGE for Image Command | Variants updated by SKU: 1
S-18919,S-18919,Arka,FALSE,Size,12x12x16,,,,,3.75,S-18919,draft,https://img.uline.com/is/image/uline/S-18919?$MediumRHD$,uline,"Home > All Products > Boxes, Corrugated > Heavy Duty Boxes > 275 Lb. Test Double Wall Boxes",8.19256E+12,s-18919,OK,UPDATE: Found by Handle | Assuming MERGE for Variant Command | Assuming MERGE for Image Command | Variants updated by SKU: 1
S-4524,S-4524,Arka,FALSE,Size,12x12x16,,,,,2.16,S-4524,draft,https://img.uline.com/is/image/uline/S-4524?$MediumRHD$,uline,"Home > All Products > Boxes, Corrugated > Corrugated Boxes (200# Test) > Misc Box Sizes",8.19256E+12,s-4524,OK,UPDATE: Found by Handle | Assuming MERGE for Variant Command | Assuming MERGE for Image Command | Variants updated by SKU: 1
S-14269,S-14269,Arka,FALSE,Size,12x12x18,,,,,2.17,S-14269,draft,https://img.uline.com/is/image/uline/S-14269?$MediumRHD$,uline,"Home > All Products > Boxes, Corrugated > Corrugated Boxes (200# Test) > Misc Box Sizes",8.19256E+12,s-14269,OK,UPDATE: Found by Handle | Assuming MERGE for Variant Command | Assuming MERGE for Image Command | Variants updated by SKU: 1
S-4490,S-4490,Arka,FALSE,Size,12x12x18,,,,,2.2,S-4490,draft,https://img.uline.com/is/image/uline/S-4490?$MediumRHD$,uline,"Home > All Products > Boxes, Corrugated > Corrugated Boxes (200# Test) > Multi-Depth Boxes",8.19256E+12,s-4490,OK,UPDATE: Found by Handle | Assuming MERGE for Variant Command | Assuming MERGE for Image Command | Variants updated by SKU: 1
S-16516,S-16516,Arka,FALSE,Size,12x12x18,,,,,3.95,S-16516,draft,https://img.uline.com/is/image/uline/S-16516?$MediumRHD$,uline,"Home > All Products > Boxes, Corrugated > Heavy Duty Boxes > 275 Lb. Test Double Wall Boxes",8.19256E+12,s-16516,OK,UPDATE: Found by Handle | Assuming MERGE for Variant Command | Assuming MERGE for Image Command | Variants updated by SKU: 1
S-4467,S-4467,Arka,FALSE,Size,12x12x20,,,,,2.18,S-4467,draft,https://img.uline.com/is/image/uline/S-4467?$MediumRHD$,uline,"Home > All Products > Boxes, Corrugated > Corrugated Boxes (200# Test) > Misc Box Sizes",8.19256E+12,s-4467,OK,UPDATE: Found by Handle | Assuming MERGE for Variant Command | Assuming MERGE for Image Command | Variants updated by SKU: 1
S-4455,S-4455,Arka,FALSE,Size,12x12x24,,,,,2.64,S-4455,draft,https://img.uline.com/is/image/uline/S-4455?$MediumRHD$,uline,"Home > All Products > Boxes, Corrugated > Corrugated Boxes (200# Test) > Tall Boxes",8.19256E+12,s-4455,OK,UPDATE: Found by Handle | Assuming MERGE for Variant Command | Assuming MERGE for Image Command | Variants updated by SKU: 1
S-4617,S-4617,Arka,FALSE,Size,12x12x30,,,,,3.14,S-4617,draft,https://img.uline.com/is/image/uline/S-4617?$MediumRHD$,uline,"Home > All Products > Boxes, Corrugated > Corrugated Boxes (200# Test) > Tall Boxes",8.19256E+12,s-4617,OK,UPDATE: Found by Handle | Assuming MERGE for Variant Command | Assuming MERGE for Image Command | Variants updated by SKU: 1
S-4491,S-4491,Arka,FALSE,Size,12x12x36,,,,,3.66,S-4491,draft,https://img.uline.com/is/image/uline/S-4491?$MediumRHD$,uline,"Home > All Products > Boxes, Corrugated > Corrugated Boxes (200# Test) > Tall Boxes",8.19256E+12,s-4491,OK,UPDATE: Found by Handle | Assuming MERGE for Variant Command | Assuming MERGE for Image Command | Variants updated by SKU: 1
S-4618,S-4618,Arka,FALSE,Size,12x12x40,,,,,4.32,S-4618,draft,https://img.uline.com/is/image/uline/S-4618?$MediumRHD$,uline,"Home > All Products > Boxes, Corrugated > Corrugated Boxes (200# Test) > Tall Boxes",8.19256E+12,s-4618,OK,UPDATE: Found by Handle | Assuming MERGE for Variant Command | Assuming MERGE for Image Command | Variants updated by SKU: 1
S-4525,S-4525,Arka,FALSE,Size,12x12x48,,,,,3.49,S-4525,draft,https://img.uline.com/is/image/uline/S-4525?$MediumRHD$,uline,"Home > All Products > Boxes, Corrugated > Corrugated Boxes (200# Test) > Tall Boxes",8.19256E+12,s-4525,OK,UPDATE: Found by Handle | Assuming MERGE for Variant Command | Assuming MERGE for Image Command | Variants updated by SKU: 1
S-13295,S-13295,Arka,FALSE,Size,12x12x48,,,,,9.23,S-13295,draft,https://img.uline.com/is/image/uline/S-13295?$MediumRHD$,uline,"Home > All Products > Boxes, Corrugated > Heavy Duty Boxes > 275 Lb. Test Double Wall Boxes",8.19256E+12,s-13295,OK,UPDATE: Found by Handle | Assuming MERGE for Variant Command | Assuming MERGE for Image Command | Variants updated by SKU: 1
S-4983,S-4983,Arka,FALSE,Size,12x12x48,,,,,12.45,S-4983,draft,https://img.uline.com/is/image/uline/S-4983?$MediumRHD$,uline,"Home > All Products > Boxes, Corrugated > Corrugated Boxes (200# Test) > Telescopic Boxes",8.19256E+12,s-4983,OK,UPDATE: Found by Handle | Assuming MERGE for Variant Command | Assuming MERGE for Image Command | Variants updated by SKU: 1
S-4713,S-4713,Arka,FALSE,Size,12x12x52,,,,,5.24,S-4713,draft,https://img.uline.com/is/image/uline/S-4713?$MediumRHD$,uline,"Home > All Products > Boxes, Corrugated > Corrugated Boxes (200# Test) > Tall Boxes",8.19256E+12,s-4713,OK,UPDATE: Found by Handle | Assuming MERGE for Variant Command | Assuming MERGE for Image Command | Variants updated by SKU: 1
S-4692,S-4692,Arka,FALSE,Size,12x12x60,,,,,7.1,S-4692,draft,https://img.uline.com/is/image/uline/S-4692?$MediumRHD$,uline,"Home > All Products > Boxes, Corrugated > Corrugated Boxes (200# Test) > Tall Boxes",8.19256E+12,s-4692,OK,UPDATE: Found by Handle | Assuming MERGE for Variant Command | Assuming MERGE for Image Command | Variants updated by SKU: 1
S-4693,S-4693,Arka,FALSE,Size,12x12x72,,,,,7.86,S-4693,draft,https://img.uline.com/is/image/uline/S-4693?$MediumRHD$,uline,"Home > All Products > Boxes, Corrugated > Corrugated Boxes (200# Test) > Tall Boxes",8.19256E+12,s-4693,OK,UPDATE: Found by Handle | Assuming MERGE for Variant Command | Assuming MERGE for Image Command | Variants updated by SKU: 1
S-18238,S-18238,Arka,FALSE,Size,12x12x72,,,,,24,S-18238,draft,https://img.uline.com/is/image/uline/S-18238?$MediumRHD$,uline,"Home > All Products > Boxes, Corrugated > Corrugated Boxes (200# Test) > Telescopic Boxes",8.19256E+12,s-18238,OK,UPDATE: Found by Handle | Assuming MERGE for Variant Command | Assuming MERGE for Image Command | Variants updated by SKU: 1
S-4935,S-4935,Arka,FALSE,Size,12.13x12.13x13.56,,,,,3.3,S-4935,draft,https://img.uline.com/is/image/uline/S-4935?$MediumRHD$,uline,"Home > All Products > Boxes, Corrugated > Heavy Duty Boxes > 275 Lb. Test Double Wall Boxes",8.19256E+12,s-4935,OK,UPDATE: Found by Handle | Assuming MERGE for Variant Command | Assuming MERGE for Image Command | Variants updated by SKU: 1
S-19833,S-19833,Arka,FALSE,Size,12.25x9.25x6,,,,,1.28,S-19833,draft,https://img.uline.com/is/image/uline/S-19833?$MediumRHD$,uline,"Home > All Products > Boxes, Corrugated > Corrugated Boxes (200# Test) > Printers Boxes",8.19256E+12,s-19833,OK,UPDATE: Found by Handle | Assuming MERGE for Variant Command | Assuming MERGE for Image Command | Variants updated by SKU: 1
S-4955,S-4955,Arka,FALSE,Size,12.25x9.25x9,,,,,1.4,S-4955,draft,https://img.uline.com/is/image/uline/S-4955?$MediumRHD$,uline,"Home > All Products > Boxes, Corrugated > Corrugated Boxes (200# Test) > Printers Boxes",8.19256E+12,s-4955,OK,UPDATE: Found by Handle | Assuming MERGE for Variant Command | Assuming MERGE for Image Command | Variants updated by SKU: 1
S-14270,S-14270,Arka,FALSE,Size,12.25x9.25x12,,,,,1.61,S-14270,draft,https://img.uline.com/is/image/uline/S-14270?$MediumRHD$,uline,"Home > All Products > Boxes, Corrugated > Corrugated Boxes (200# Test) > Printers Boxes",8.19256E+12,s-14270,OK,UPDATE: Found by Handle | Assuming MERGE for Variant Command | Assuming MERGE for Image Command | Variants updated by SKU: 1
S-558,S-558,Arka,FALSE,Size,12.25x9.25x12,,,,,1.79,S-558,draft,https://img.uline.com/is/image/uline/S-558?$MediumRHD$,uline,"Home > All Products > Boxes, Corrugated > Corrugated Boxes (200# Test) > Multi-Depth Boxes",8.19256E+12,s-558,OK,UPDATE: Found by Handle | Assuming MERGE for Variant Command | Assuming MERGE for Image Command | Variants updated by SKU: 1
S-4754,S-4754,Arka,FALSE,Size,12.50x12.50x6,,,,,1.81,S-4754,draft,https://img.uline.com/is/image/uline/S-4754?$MediumRHD$,uline,"Home > All Products > Boxes, Corrugated > Corrugated Boxes (200# Test) > Multi-Depth Boxes",8.19256E+12,s-4754,OK,UPDATE: Found by Handle | Assuming MERGE for Variant Command | Assuming MERGE for Image Command | Variants updated by SKU: 1
S-4562,S-4562,Arka,FALSE,Size,12.50x12.50x12,,,,,2.1,S-4562,draft,https://img.uline.com/is/image/uline/S-4562?$MediumRHD$,uline,"Home > All Products > Boxes, Corrugated > Corrugated Boxes (200# Test) > Multi-Depth Boxes",8.19256E+12,s-4562,OK,UPDATE: Found by Handle | Assuming MERGE for Variant Command | Assuming MERGE for Image Command | Variants updated by SKU: 1
S-4936,S-4936,Arka,FALSE,Size,12.50x12.50x15,,,,,3.63,S-4936,draft,https://img.uline.com/is/image/uline/S-4936?$MediumRHD$,uline,"Home > All Products > Boxes, Corrugated > Heavy Duty Boxes > 275 Lb. Test Double Wall Boxes",8.19256E+12,s-4936,OK,UPDATE: Found by Handle | Assuming MERGE for Variant Command | Assuming MERGE for Image Command | Variants updated by SKU: 1
S-4615,S-4615,Arka,FALSE,Size,12.75x12.75x13.50,,,,,2.11,S-4615,draft,https://img.uline.com/is/image/uline/S-4615?$MediumRHD$,uline,"Home > All Products > Boxes, Corrugated > Corrugated Boxes (200# Test) > Misc Box Sizes",8.19256E+12,s-4615,OK,UPDATE: Found by Handle | Assuming MERGE for Variant Command | Assuming MERGE for Image Command | Variants updated by SKU: 1
S-19087,S-19087,Arka,FALSE,Size,13x3x3,,,,,0.75,S-19087,draft,https://img.uline.com/is/image/uline/S-19087?$MediumRHD$,uline,"Home > All Products > Boxes, Corrugated > Corrugated Boxes (200# Test) > Long Boxes",8.19256E+12,s-19087,OK,UPDATE: Found by Handle | Assuming MERGE for Variant Command | Assuming MERGE for Image Command | Variants updated by SKU: 1
S-17999,S-17999,Arka,FALSE,Size,13x3x30,,,,,3.1,S-17999,draft,https://img.uline.com/is/image/uline/S-17999?$MediumRHD$,uline,"Home > All Products > Boxes, Corrugated > Moving Boxes > Tennis Racquet Box",8.19256E+12,s-17999,OK,UPDATE: Found by Handle | Assuming MERGE for Variant Command | Assuming MERGE for Image Command | Variants updated by SKU: 1
S-22645,S-22645,Arka,FALSE,Size,13x6x9,,,,,1.11,S-22645,draft,https://img.uline.com/is/image/uline/S-22645?$MediumRHD$,uline,"Home > All Products > Boxes, Corrugated > Corrugated Boxes (200# Test) > Misc Box Sizes",8.19256E+12,s-22645,OK,UPDATE: Found by Handle | Assuming MERGE for Variant Command | Assuming MERGE for Image Command | Variants updated by SKU: 1
S-4924,S-4924,Arka,FALSE,Size,13x7x7,,,,,1.06,S-4924,draft,https://img.uline.com/is/image/uline/S-4924?$MediumRHD$,uline,"Home > All Products > Boxes, Corrugated > Corrugated Boxes (200# Test) > Long Boxes",8.19256E+12,s-4924,OK,UPDATE: Found by Handle | Assuming MERGE for Variant Command | Assuming MERGE for Image Command | Variants updated by SKU: 1
S-22168,S-22168,Arka,FALSE,Size,13x8x6,,,,,1.14,S-22168,draft,https://img.uline.com/is/image/uline/S-22168?$MediumRHD$,uline,"Home > All Products > Boxes, Corrugated > Corrugated Boxes (200# Test) > Misc Box Sizes",8.19256E+12,s-22168,OK,UPDATE: Found by Handle | Assuming MERGE for Variant Command | Assuming MERGE for Image Command | Variants updated by SKU: 1
S-19088,S-19088,Arka,FALSE,Size,13x8x8,,,,,1.28,S-19088,draft,https://img.uline.com/is/image/uline/S-19088?$MediumRHD$,uline,"Home > All Products > Boxes, Corrugated > Corrugated Boxes (200# Test) > Misc Box Sizes",8.19256E+12,s-19088,OK,UPDATE: Found by Handle | Assuming MERGE for Variant Command | Assuming MERGE for Image Command | Variants updated by SKU: 1
S-18391,S-18391,Arka,FALSE,Size,13x9x4,,,,,1.32,S-18391,draft,https://img.uline.com/is/image/uline/S-18391?$MediumRHD$,uline,"Home > All Products > Boxes, Corrugated > Corrugated Boxes (200# Test) > Flat Boxes",8.19256E+12,s-18391,OK,UPDATE: Found by Handle | Assuming MERGE for Variant Command | Assuming MERGE for Image Command | Variants updated by SKU: 1
S-4817,S-4817,Arka,FALSE,Size,13x9x6,,,,,1.49,S-4817,draft,https://img.uline.com/is/image/uline/S-4817?$MediumRHD$,uline,"Home > All Products > Boxes, Corrugated > Corrugated Boxes (200# Test) > Misc Box Sizes",8.19256E+12,s-4817,OK,UPDATE: Found by Handle | Assuming MERGE for Variant Command | Assuming MERGE for Image Command | Variants updated by SKU: 1
S-21053,S-21053,Arka,FALSE,Size,13x9x8,,,,,1.53,S-21053,draft,https://img.uline.com/is/image/uline/S-21053?$MediumRHD$,uline,"Home > All Products > Boxes, Corrugated > Corrugated Boxes (200# Test) > Misc Box Sizes",8.19256E+12,s-21053,OK,UPDATE: Found by Handle | Assuming MERGE for Variant Command | Assuming MERGE for Image Command | Variants updated by SKU: 1
S-14271,S-14271,Arka,FALSE,Size,13x9x7,,,,,1.5,S-14271,draft,https://img.uline.com/is/image/uline/S-14271?$MediumRHD$,uline,"Home > All Products > Boxes, Corrugated > Corrugated Boxes (200# Test) > Misc Box Sizes",8.19256E+12,s-14271,OK,UPDATE: Found by Handle | Assuming MERGE for Variant Command | Assuming MERGE for Image Command | Variants updated by SKU: 1
S-11373,S-11373,Arka,FALSE,Size,13x9x9,,,,,1.57,S-11373,draft,https://img.uline.com/is/image/uline/S-11373?$MediumRHD$,uline,"Home > All Products > Boxes, Corrugated > Corrugated Boxes (200# Test) > Misc Box Sizes",8.19256E+12,s-11373,OK,UPDATE: Found by Handle | Assuming MERGE for Variant Command | Assuming MERGE for Image Command | Variants updated by SKU: 1
S-4837,S-4837,Arka,FALSE,Size,13x9x11,,,,,1.6,S-4837,draft,https://img.uline.com/is/image/uline/S-4837?$MediumRHD$,uline,"Home > All Products > Boxes, Corrugated > Corrugated Boxes (200# Test) > Misc Box Sizes",8.19256E+12,s-4837,OK,UPDATE: Found by Handle | Assuming MERGE for Variant Command | Assuming MERGE for Image Command | Variants updated by SKU: 1
S-4715,S-4715,Arka,FALSE,Size,13x10x2,,,,,1.18,S-4715,draft,https://img.uline.com/is/image/uline/S-4715?$MediumRHD$,uline,"Home > All Products > Boxes, Corrugated > Corrugated Boxes (200# Test) > Flat Boxes",8.19256E+12,s-4715,OK,UPDATE: Found by Handle | Assuming MERGE for Variant Command | Assuming MERGE for Image Command | Variants updated by SKU: 1
S-4716,S-4716,Arka,FALSE,Size,13x10x4,,,,,0.89,S-4716,draft,https://img.uline.com/is/image/uline/S-4716?$MediumRHD$,uline,"Home > All Products > Boxes, Corrugated > Corrugated Boxes (200# Test) > Flat Boxes",8.19256E+12,s-4716,OK,UPDATE: Found by Handle | Assuming MERGE for Variant Command | Assuming MERGE for Image Command | Variants updated by SKU: 1
S-4854,S-4854,Arka,FALSE,Size,13x10x5,,,,,1.34,S-4854,draft,https://img.uline.com/is/image/uline/S-4854?$MediumRHD$,uline,"Home > All Products > Boxes, Corrugated > Corrugated Boxes (200# Test) > Flat Boxes",8.19256E+12,s-4854,OK,UPDATE: Found by Handle | Assuming MERGE for Variant Command | Assuming MERGE for Image Command | Variants updated by SKU: 1
S-13296,S-13296,Arka,FALSE,Size,13x10x6,,,,,1.38,S-13296,draft,https://img.uline.com/is/image/uline/S-13296?$MediumRHD$,uline,"Home > All Products > Boxes, Corrugated > Corrugated Boxes (200# Test) > Misc Box Sizes",8.19256E+12,s-13296,OK,UPDATE: Found by Handle | Assuming MERGE for Variant Command | Assuming MERGE for Image Command | Variants updated by SKU: 1
S-4982,S-4982,Arka,FALSE,Size,13x10x7,,,,,1.4,S-4982,draft,https://img.uline.com/is/image/uline/S-4982?$MediumRHD$,uline,"Home > All Products > Boxes, Corrugated > Corrugated Boxes (200# Test) > Misc Box Sizes",8.19256E+12,s-4982,OK,UPDATE: Found by Handle | Assuming MERGE for Variant Command | Assuming MERGE for Image Command | Variants updated by SKU: 1
S-22646,S-22646,Arka,FALSE,Size,13x10x9,,,,,1.59,S-22646,draft,https://img.uline.com/is/image/uline/S-22646?$MediumRHD$,uline,"Home > All Products > Boxes, Corrugated > Corrugated Boxes (200# Test) > Misc Box Sizes",8.19256E+12,s-22646,OK,UPDATE: Found by Handle | Assuming MERGE for Variant Command | Assuming MERGE for Image Command | Variants updated by SKU: 1
S-4838,S-4838,Arka,FALSE,Size,13x10x8,,,,,1.49,S-4838,draft,https://img.uline.com/is/image/uline/S-4838?$MediumRHD$,uline,"Home > All Products > Boxes, Corrugated > Corrugated Boxes (200# Test) > Misc Box Sizes",8.19256E+12,s-4838,OK,UPDATE: Found by Handle | Assuming MERGE for Variant Command | Assuming MERGE for Image Command | Variants updated by SKU: 1
S-4785,S-4785,Arka,FALSE,Size,13x10x10,,,,,1.65,S-4785,draft,https://img.uline.com/is/image/uline/S-4785?$MediumRHD$,uline,"Home > All Products > Boxes, Corrugated > Corrugated Boxes (200# Test) > Misc Box Sizes",8.19256E+12,s-4785,OK,UPDATE: Found by Handle | Assuming MERGE for Variant Command | Assuming MERGE for Image Command | Variants updated by SKU: 1
S-22169,S-22169,Arka,FALSE,Size,13x10x12,,,,,1.79,S-22169,draft,https://img.uline.com/is/image/uline/S-22169?$MediumRHD$,uline,"Home > All Products > Boxes, Corrugated > Corrugated Boxes (200# Test) > Misc Box Sizes",8.19256E+12,s-22169,OK,UPDATE: Found by Handle | Assuming MERGE for Variant Command | Assuming MERGE for Image Command | Variants updated by SKU: 1
S-19835,S-19835,Arka,FALSE,Size,13x10x13,,,,,1.85,S-19835,draft,https://img.uline.com/is/image/uline/S-19835?$MediumRHD$,uline,"Home > All Products > Boxes, Corrugated > Corrugated Boxes (200# Test) > Misc Box Sizes",8.19256E+12,s-19835,OK,UPDATE: Found by Handle | Assuming MERGE for Variant Command | Assuming MERGE for Image Command | Variants updated by SKU: 1
S-21064,S-21064,Arka,FALSE,Size,13x10x15,,,,,2.01,S-21064,draft,https://img.uline.com/is/image/uline/S-21064?$MediumRHD$,uline,"Home > All Products > Boxes, Corrugated > Corrugated Boxes (200# Test) > Misc Box Sizes",8.19256E+12,s-21064,OK,UPDATE: Found by Handle | Assuming MERGE for Variant Command | Assuming MERGE for Image Command | Variants updated by SKU: 1
S-21572,S-21572,Arka,FALSE,Size,13x11x2,,,,,1.32,S-21572,draft,https://img.uline.com/is/image/uline/S-21572?$MediumRHD$,uline,"Home > All Products > Boxes, Corrugated > Corrugated Boxes (200# Test) > Flat Boxes",8.19256E+12,s-21572,OK,UPDATE: Found by Handle | Assuming MERGE for Variant Command | Assuming MERGE for Image Command | Variants updated by SKU: 1
S-4131,S-4131,Arka,FALSE,Size,13x11x5,,,,,1.38,S-4131,draft,https://img.uline.com/is/image/uline/S-4131?$MediumRHD$,uline,"Home > All Products > Boxes, Corrugated > Corrugated Boxes (200# Test) > Flat Boxes",8.19256E+12,s-4131,OK,UPDATE: Found by Handle | Assuming MERGE for Variant Command | Assuming MERGE for Image Command | Variants updated by SKU: 1
S-4717,S-4717,Arka,FALSE,Size,13x11x7,,,,,1.42,S-4717,draft,https://img.uline.com/is/image/uline/S-4717?$MediumRHD$,uline,"Home > All Products > Boxes, Corrugated > Corrugated Boxes (200# Test) > Misc Box Sizes",8.19256E+12,s-4717,OK,UPDATE: Found by Handle | Assuming MERGE for Variant Command | Assuming MERGE for Image Command | Variants updated by SKU: 1
S-23311,S-23311,Arka,FALSE,Size,13x11x8,,,,,1.52,S-23311,draft,https://img.uline.com/is/image/uline/S-23311?$MediumRHD$,uline,"Home > All Products > Boxes, Corrugated > Corrugated Boxes (200# Test) > Misc Box Sizes",8.19256E+12,s-23311,OK,UPDATE: Found by Handle | Assuming MERGE for Variant Command | Assuming MERGE for Image Command | Variants updated by SKU: 1
S-14272,S-14272,Arka,FALSE,Size,13x11x9,,,,,1.61,S-14272,draft,https://img.uline.com/is/image/uline/S-14272?$MediumRHD$,uline,"Home > All Products > Boxes, Corrugated > Corrugated Boxes (200# Test) > Misc Box Sizes",8.19256E+12,s-14272,OK,UPDATE: Found by Handle | Assuming MERGE for Variant Command | Assuming MERGE for Image Command | Variants updated by SKU: 1
S-4886,S-4886,Arka,FALSE,Size,13x13x2,,,,,1.42,S-4886,draft,https://img.uline.com/is/image/uline/S-4886?$MediumRHD$,uline,"Home > All Products > Boxes, Corrugated > Corrugated Boxes (200# Test) > Flat Boxes",8.19256E+12,s-4886,OK,UPDATE: Found by Handle | Assuming MERGE for Variant Command | Assuming MERGE for Image Command | Variants updated by SKU: 1
S-19090,S-19090,Arka,FALSE,Size,13x13x3,,,,,1.44,S-19090,draft,https://img.uline.com/is/image/uline/S-19090?$MediumRHD$,uline,"Home > All Products > Boxes, Corrugated > Corrugated Boxes (200# Test) > Flat Boxes",8.19256E+12,s-19090,OK,UPDATE: Found by Handle | Assuming MERGE for Variant Command | Assuming MERGE for Image Command | Variants updated by SKU: 1
S-4526,S-4526,Arka,FALSE,Size,13x13x4,,,,,0.99,S-4526,draft,https://img.uline.com/is/image/uline/S-4526?$MediumRHD$,uline,"Home > All Products > Boxes, Corrugated > Corrugated Boxes (200# Test) > Flat Boxes",8.19256E+12,s-4526,OK,UPDATE: Found by Handle | Assuming MERGE for Variant Command | Assuming MERGE for Image Command | Variants updated by SKU: 1
S-4887,S-4887,Arka,FALSE,Size,13x13x5,,,,,1.5,S-4887,draft,https://img.uline.com/is/image/uline/S-4887?$MediumRHD$,uline,"Home > All Products > Boxes, Corrugated > Corrugated Boxes (200# Test) > Flat Boxes",8.19256E+12,s-4887,OK,UPDATE: Found by Handle | Assuming MERGE for Variant Command | Assuming MERGE for Image Command | Variants updated by SKU: 1
S-13297,S-13297,Arka,FALSE,Size,13x13x6,,,,,1.61,S-13297,draft,https://img.uline.com/is/image/uline/S-13297?$MediumRHD$,uline,"Home > All Products > Boxes, Corrugated > Corrugated Boxes (200# Test) > Flat Boxes",8.19256E+12,s-13297,OK,UPDATE: Found by Handle | Assuming MERGE for Variant Command | Assuming MERGE for Image Command | Variants updated by SKU: 1
S-4563,S-4563,Arka,FALSE,Size,13x13x7,,,,,1.7,S-4563,draft,https://img.uline.com/is/image/uline/S-4563?$MediumRHD$,uline,"Home > All Products > Boxes, Corrugated > Corrugated Boxes (200# Test) > Misc Box Sizes",8.19256E+12,s-4563,OK,UPDATE: Found by Handle | Assuming MERGE for Variant Command | Assuming MERGE for Image Command | Variants updated by SKU: 1
S-4984,S-4984,Arka,FALSE,Size,13x13x8,,,,,1.74,S-4984,draft,https://img.uline.com/is/image/uline/S-4984?$MediumRHD$,uline,"Home > All Products > Boxes, Corrugated > Corrugated Boxes (200# Test) > Misc Box Sizes",8.19256E+12,s-4984,OK,UPDATE: Found by Handle | Assuming MERGE for Variant Command | Assuming MERGE for Image Command | Variants updated by SKU: 1
S-19089,S-19089,Arka,FALSE,Size,13x13x9,,,,,1.81,S-19089,draft,https://img.uline.com/is/image/uline/S-19089?$MediumRHD$,uline,"Home > All Products > Boxes, Corrugated > Corrugated Boxes (200# Test) > Misc Box Sizes",8.19256E+12,s-19089,OK,UPDATE: Found by Handle | Assuming MERGE for Variant Command | Assuming MERGE for Image Command | Variants updated by SKU: 1
S-4694,S-4694,Arka,FALSE,Size,13x13x10,,,,,1.88,S-4694,draft,https://img.uline.com/is/image/uline/S-4694?$MediumRHD$,uline,"Home > All Products > Boxes, Corrugated > Corrugated Boxes (200# Test) > Misc Box Sizes",8.19256E+12,s-4694,OK,UPDATE: Found by Handle | Assuming MERGE for Variant Command | Assuming MERGE for Image Command | Variants updated by SKU: 1
S-19836,S-19836,Arka,FALSE,Size,13x13x12,,,,,1.95,S-19836,draft,https://img.uline.com/is/image/uline/S-19836?$MediumRHD$,uline,"Home > All Products > Boxes, Corrugated > Corrugated Boxes (200# Test) > Misc Box Sizes",8.19256E+12,s-19836,OK,UPDATE: Found by Handle | Assuming MERGE for Variant Command | Assuming MERGE for Image Command | Variants updated by SKU: 1
S-4317,S-4317,Arka,FALSE,Size,13x13x13,,,,,1.41,S-4317,draft,https://img.uline.com/is/image/uline/S-4317?$MediumRHD$,uline,"Home > All Products > Boxes, Corrugated > Corrugated Boxes (200# Test) > Cube Boxes",8.19256E+12,s-4317,OK,UPDATE: Found by Handle | Assuming MERGE for Variant Command | Assuming MERGE for Image Command | Variants updated by SKU: 1
S-4444,S-4444,Arka,FALSE,Size,13x13x13,,,,,2.33,S-4444,draft,https://img.uline.com/is/image/uline/S-4444?$MediumRHD$,uline,"Home > All Products > Boxes, Corrugated > Corrugated Boxes (200# Test) > Multi-Depth Boxes",8.19256E+12,s-4444,OK,UPDATE: Found by Handle | Assuming MERGE for Variant Command | Assuming MERGE for Image Command | Variants updated by SKU: 1
S-15037,S-15037,Arka,FALSE,Size,13x13x13,,,,,3.58,S-15037,draft,https://img.uline.com/is/image/uline/S-15037?$MediumRHD$,uline,"Home > All Products > Boxes, Corrugated > Heavy Duty Boxes > 275 Lb. Test Double Wall Boxes",8.19256E+12,s-15037,OK,UPDATE: Found by Handle | Assuming MERGE for Variant Command | Assuming MERGE for Image Command | Variants updated by SKU: 1
S-4956,S-4956,Arka,FALSE,Size,13.25x10.25x9,,,,,1.61,S-4956,draft,https://img.uline.com/is/image/uline/S-4956?$MediumRHD$,uline,"Home > All Products > Boxes, Corrugated > Corrugated Boxes (200# Test) > Printers Boxes",8.19257E+12,s-4956,OK,UPDATE: Found by Handle | Assuming MERGE for Variant Command | Assuming MERGE for Image Command | Variants updated by SKU: 1
S-18392,S-18392,Arka,FALSE,Size,13x13x17,,,,,2.6,S-18392,draft,https://img.uline.com/is/image/uline/S-18392?$MediumRHD$,uline,"Home > All Products > Boxes, Corrugated > Corrugated Boxes (200# Test) > Misc Box Sizes",8.19257E+12,s-18392,OK,UPDATE: Found by Handle | Assuming MERGE for Variant Command | Assuming MERGE for Image Command | Variants updated by SKU: 1
S-11374,S-11374,Arka,FALSE,Size,13x13x15,,,,,2.43,S-11374,draft,https://img.uline.com/is/image/uline/S-11374?$MediumRHD$,uline,"Home > All Products > Boxes, Corrugated > Corrugated Boxes (200# Test) > Misc Box Sizes",8.19256E+12,s-11374,OK,UPDATE: Found by Handle | Assuming MERGE for Variant Command | Assuming MERGE for Image Command | Variants updated by SKU: 1
S-4895,S-4895,Arka,FALSE,Size,13.25x10.25x12,,,,,1.96,S-4895,draft,https://img.uline.com/is/image/uline/S-4895?$MediumRHD$,uline,"Home > All Products > Boxes, Corrugated > Corrugated Boxes (200# Test) > Multi-Depth Boxes",8.19257E+12,s-4895,OK,UPDATE: Found by Handle | Assuming MERGE for Variant Command | Assuming MERGE for Image Command | Variants updated by SKU: 1
S-13298,S-13298,Arka,FALSE,Size,14x4x4,,,,,0.93,S-13298,draft,https://img.uline.com/is/image/uline/S-13298?$MediumRHD$,uline,"Home > All Products > Boxes, Corrugated > Corrugated Boxes (200# Test) > Long Boxes",8.19257E+12,s-13298,OK,UPDATE: Found by Handle | Assuming MERGE for Variant Command | Assuming MERGE for Image Command | Variants updated by SKU: 1
S-4388,S-4388,Arka,FALSE,Size,13.50x13.50x7.50,,,,,1.79,S-4388,draft,https://img.uline.com/is/image/uline/S-4388?$MediumRHD$,uline,"Home > All Products > Boxes, Corrugated > Corrugated Boxes (200# Test) > Misc Box Sizes",8.19257E+12,s-4388,OK,UPDATE: Found by Handle | Assuming MERGE for Variant Command | Assuming MERGE for Image Command | Variants updated by SKU: 1
S-17998,S-17998,Arka,FALSE,Size,14x4x42,,,,,4.72,S-17998,draft,https://img.uline.com/is/image/uline/S-17998?$MediumRHD$,uline,"Home > All Products > Boxes, Corrugated > Moving Boxes > Rifle Boxes",8.19257E+12,s-17998,OK,UPDATE: Found by Handle | Assuming MERGE for Variant Command | Assuming MERGE for Image Command | Variants updated by SKU: 1
S-19782,S-19782,Arka,FALSE,Size,14x4x52,,,,,5.66,S-19782,draft,https://img.uline.com/is/image/uline/S-19782?$MediumRHD$,uline,"Home > All Products > Boxes, Corrugated > Moving Boxes > Rifle Boxes",8.19257E+12,s-19782,OK,UPDATE: Found by Handle | Assuming MERGE for Variant Command | Assuming MERGE for Image Command | Variants updated by SKU: 1
S-19085,S-19085,Arka,FALSE,Size,14x6x2,,,,,0.98,S-19085,draft,https://img.uline.com/is/image/uline/S-19085?$MediumRHD$,uline,"Home > All Products > Boxes, Corrugated > Corrugated Boxes (200# Test) > Long Boxes",8.19257E+12,s-19085,OK,UPDATE: Found by Handle | Assuming MERGE for Variant Command | Assuming MERGE for Image Command | Variants updated by SKU: 1
S-4527,S-4527,Arka,FALSE,Size,14x6x4,,,,,0.68,S-4527,draft,https://img.uline.com/is/image/uline/S-4527?$MediumRHD$,uline,"Home > All Products > Boxes, Corrugated > Corrugated Boxes (200# Test) > Long Boxes",8.19257E+12,s-4527,OK,UPDATE: Found by Handle | Assuming MERGE for Variant Command | Assuming MERGE for Image Command | Variants updated by SKU: 1
S-4138,S-4138,Arka,FALSE,Size,14x6x6,,,,,0.68,S-4138,draft,https://img.uline.com/is/image/uline/S-4138?$MediumRHD$,uline,"Home > All Products > Boxes, Corrugated > Corrugated Boxes (200# Test) > Long Boxes",8.19257E+12,s-4138,OK,UPDATE: Found by Handle | Assuming MERGE for Variant Command | Assuming MERGE for Image Command | Variants updated by SKU: 1
S-18920,S-18920,Arka,FALSE,Size,14x10x10,,,,,2.6,S-18920,draft,https://img.uline.com/is/image/uline/S-18920?$MediumRHD$,uline,"Home > All Products > Boxes, Corrugated > Heavy Duty Boxes > 275 Lb. Test Double Wall Boxes",8.19257E+12,s-18920,OK,UPDATE: Found by Handle | Assuming MERGE for Variant Command | Assuming MERGE for Image Command | Variants updated by SKU: 1
S-4407,S-4407,Arka,FALSE,Size,14x12x12,,,,,2.07,S-4407,draft,https://img.uline.com/is/image/uline/S-4407?$MediumRHD$,uline,"Home > All Products > Boxes, Corrugated > Corrugated Boxes (200# Test) > Misc Box Sizes",8.19257E+12,s-4407,OK,UPDATE: Found by Handle | Assuming MERGE for Variant Command | Assuming MERGE for Image Command | Variants updated by SKU: 1
S-4529,S-4529,Arka,FALSE,Size,14x7x7,,,,,1.18,S-4529,draft,https://img.uline.com/is/image/uline/S-4529?$MediumRHD$,uline,"Home > All Products > Boxes, Corrugated > Corrugated Boxes (200# Test) > Long Boxes",8.19257E+12,s-4529,OK,UPDATE: Found by Handle | Assuming MERGE for Variant Command | Assuming MERGE for Image Command | Variants updated by SKU: 1
S-16737,S-16737,Arka,FALSE,Size,14x8x4,,,,,1.04,S-16737,draft,https://img.uline.com/is/image/uline/S-16737?$MediumRHD$,uline,"Home > All Products > Boxes, Corrugated > Corrugated Boxes (200# Test) > Flat Boxes",8.19257E+12,s-16737,OK,UPDATE: Found by Handle | Assuming MERGE for Variant Command | Assuming MERGE for Image Command | Variants updated by SKU: 1
S-21004,S-21004,Arka,FALSE,Size,14x8x5,,,,,1.12,S-21004,draft,https://img.uline.com/is/image/uline/S-21004?$MediumRHD$,uline,"Home > All Products > Boxes, Corrugated > Corrugated Boxes (200# Test) > Misc Box Sizes",8.19257E+12,s-21004,OK,UPDATE: Found by Handle | Assuming MERGE for Variant Command | Assuming MERGE for Image Command | Variants updated by SKU: 1
S-4137,S-4137,Arka,FALSE,Size,14x8x6,,,,,1.17,S-4137,draft,https://img.uline.com/is/image/uline/S-4137?$MediumRHD$,uline,"Home > All Products > Boxes, Corrugated > Corrugated Boxes (200# Test) > Misc Box Sizes",8.19257E+12,s-4137,OK,UPDATE: Found by Handle | Assuming MERGE for Variant Command | Assuming MERGE for Image Command | Variants updated by SKU: 1
S-4139,S-4139,Arka,FALSE,Size,14x8x8,,,,,1.29,S-4139,draft,https://img.uline.com/is/image/uline/S-4139?$MediumRHD$,uline,"Home > All Products > Boxes, Corrugated > Corrugated Boxes (200# Test) > Misc Box Sizes",8.19257E+12,s-4139,OK,UPDATE: Found by Handle | Assuming MERGE for Variant Command | Assuming MERGE for Image Command | Variants updated by SKU: 1
S-16735,S-16735,Arka,FALSE,Size,14x9x6,,,,,1.32,S-16735,draft,https://img.uline.com/is/image/uline/S-16735?$MediumRHD$,uline,"Home > All Products > Boxes, Corrugated > Corrugated Boxes (200# Test) > Misc Box Sizes",8.19257E+12,s-16735,OK,UPDATE: Found by Handle | Assuming MERGE for Variant Command | Assuming MERGE for Image Command | Variants updated by SKU: 1
S-4985,S-4985,Arka,FALSE,Size,14x9x9,,,,,1.42,S-4985,draft,https://img.uline.com/is/image/uline/S-4985?$MediumRHD$,uline,"Home > All Products > Boxes, Corrugated > Corrugated Boxes (200# Test) > Misc Box Sizes",8.19257E+12,s-4985,OK,UPDATE: Found by Handle | Assuming MERGE for Variant Command | Assuming MERGE for Image Command | Variants updated by SKU: 1
S-21007,S-21007,Arka,FALSE,Size,14x10x3,,,,,1.34,S-21007,draft,https://img.uline.com/is/image/uline/S-21007?$MediumRHD$,uline,"Home > All Products > Boxes, Corrugated > Corrugated Boxes (200# Test) > Flat Boxes",8.19257E+12,s-21007,OK,UPDATE: Found by Handle | Assuming MERGE for Variant Command | Assuming MERGE for Image Command | Variants updated by SKU: 1
S-13299,S-13299,Arka,FALSE,Size,14x10x2,,,,,1.29,S-13299,draft,https://img.uline.com/is/image/uline/S-13299?$MediumRHD$,uline,"Home > All Products > Boxes, Corrugated > Corrugated Boxes (200# Test) > Flat Boxes",8.19257E+12,s-13299,OK,UPDATE: Found by Handle | Assuming MERGE for Variant Command | Assuming MERGE for Image Command | Variants updated by SKU: 1
S-4492,S-4492,Arka,FALSE,Size,14x10x4,,,,,1.38,S-4492,draft,https://img.uline.com/is/image/uline/S-4492?$MediumRHD$,uline,"Home > All Products > Boxes, Corrugated > Corrugated Boxes (200# Test) > Flat Boxes",8.19257E+12,s-4492,OK,UPDATE: Found by Handle | Assuming MERGE for Variant Command | Assuming MERGE for Image Command | Variants updated by SKU: 1
S-4986,S-4986,Arka,FALSE,Size,14x10x5,,,,,1.42,S-4986,draft,https://img.uline.com/is/image/uline/S-4986?$MediumRHD$,uline,"Home > All Products > Boxes, Corrugated > Corrugated Boxes (200# Test) > Flat Boxes",8.19257E+12,s-4986,OK,UPDATE: Found by Handle | Assuming MERGE for Variant Command | Assuming MERGE for Image Command | Variants updated by SKU: 1
S-4233,S-4233,Arka,FALSE,Size,14x10x6,,,,,0.91,S-4233,draft,https://img.uline.com/is/image/uline/S-4233?$MediumRHD$,uline,"Home > All Products > Boxes, Corrugated > Corrugated Boxes (200# Test) > Misc Box Sizes",8.19257E+12,s-4233,OK,UPDATE: Found by Handle | Assuming MERGE for Variant Command | Assuming MERGE for Image Command | Variants updated by SKU: 1
S-21065,S-21065,Arka,FALSE,Size,14x10x7,,,,,1.44,S-21065,draft,https://img.uline.com/is/image/uline/S-21065?$MediumRHD$,uline,"Home > All Products > Boxes, Corrugated > Corrugated Boxes (200# Test) > Misc Box Sizes",8.19257E+12,s-21065,OK,UPDATE: Found by Handle | Assuming MERGE for Variant Command | Assuming MERGE for Image Command | Variants updated by SKU: 1
S-4143,S-4143,Arka,FALSE,Size,14x10x8,,,,,0.93,S-4143,draft,https://img.uline.com/is/image/uline/S-4143?$MediumRHD$,uline,"Home > All Products > Boxes, Corrugated > Corrugated Boxes (200# Test) > Misc Box Sizes",8.19257E+12,s-4143,OK,UPDATE: Found by Handle | Assuming MERGE for Variant Command | Assuming MERGE for Image Command | Variants updated by SKU: 1
S-4888,S-4888,Arka,FALSE,Size,14x10x9,,,,,1.5,S-4888,draft,https://img.uline.com/is/image/uline/S-4888?$MediumRHD$,uline,"Home > All Products > Boxes, Corrugated > Corrugated Boxes (200# Test) > Misc Box Sizes",8.19257E+12,s-4888,OK,UPDATE: Found by Handle | Assuming MERGE for Variant Command | Assuming MERGE for Image Command | Variants updated by SKU: 1
S-4144,S-4144,Arka,FALSE,Size,14x10x10,,,,,1,S-4144,draft,https://img.uline.com/is/image/uline/S-4144?$MediumRHD$,uline,"Home > All Products > Boxes, Corrugated > Corrugated Boxes (200# Test) > Misc Box Sizes",8.19257E+12,s-4144,OK,UPDATE: Found by Handle | Assuming MERGE for Variant Command | Assuming MERGE for Image Command | Variants updated by SKU: 1
S-537,S-537,Arka,FALSE,Size,14x10x10,,,,,1.81,S-537,draft,https://img.uline.com/is/image/uline/S-537?$MediumRHD$,uline,"Home > All Products > Boxes, Corrugated > Corrugated Boxes (200# Test) > Multi-Depth Boxes",8.19257E+12,s-537,OK,UPDATE: Found by Handle | Assuming MERGE for Variant Command | Assuming MERGE for Image Command | Variants updated by SKU: 1
S-16457,S-16457,Arka,FALSE,Size,14x10x10,,,,,1.84,S-16457,draft,https://img.uline.com/is/image/uline/S-16457?$MediumRHD$,uline,"Home > All Products > Boxes, Corrugated > Corrugated Boxes (200# Test) > White Corrugated Boxes",8.19257E+12,s-16457,OK,UPDATE: Found by Handle | Assuming MERGE for Variant Command | Assuming MERGE for Image Command | Variants updated by SKU: 1
S-22185,S-22185,Arka,FALSE,Size,14x10x11,,,,,1.65,S-22185,draft,https://img.uline.com/is/image/uline/S-22185?$MediumRHD$,uline,"Home > All Products > Boxes, Corrugated > Corrugated Boxes (200# Test) > Misc Box Sizes",8.19257E+12,s-22185,OK,UPDATE: Found by Handle | Assuming MERGE for Variant Command | Assuming MERGE for Image Command | Variants updated by SKU: 1
S-4149,S-4149,Arka,FALSE,Size,14x10x12,,,,,1.74,S-4149,draft,https://img.uline.com/is/image/uline/S-4149?$MediumRHD$,uline,"Home > All Products > Boxes, Corrugated > Corrugated Boxes (200# Test) > Misc Box Sizes",8.19257E+12,s-4149,OK,UPDATE: Found by Handle | Assuming MERGE for Variant Command | Assuming MERGE for Image Command | Variants updated by SKU: 1
S-4620,S-4620,Arka,FALSE,Size,14x11x3,,,,,1.36,S-4620,draft,https://img.uline.com/is/image/uline/S-4620?$MediumRHD$,uline,"Home > All Products > Boxes, Corrugated > Corrugated Boxes (200# Test) > Flat Boxes",8.19257E+12,s-4620,OK,UPDATE: Found by Handle | Assuming MERGE for Variant Command | Assuming MERGE for Image Command | Variants updated by SKU: 1
S-4145,S-4145,Arka,FALSE,Size,14x11x6,,,,,1.5,S-4145,draft,https://img.uline.com/is/image/uline/S-4145?$MediumRHD$,uline,"Home > All Products > Boxes, Corrugated > Corrugated Boxes (200# Test) > Misc Box Sizes",8.19257E+12,s-4145,OK,UPDATE: Found by Handle | Assuming MERGE for Variant Command | Assuming MERGE for Image Command | Variants updated by SKU: 1
S-15047,S-15047,Arka,FALSE,Size,14x11x8,,,,,1.71,S-15047,draft,https://img.uline.com/is/image/uline/S-15047?$MediumRHD$,uline,"Home > All Products > Boxes, Corrugated > Corrugated Boxes (200# Test) > Misc Box Sizes",8.19257E+12,s-15047,OK,UPDATE: Found by Handle | Assuming MERGE for Variant Command | Assuming MERGE for Image Command | Variants updated by SKU: 1
S-24054,S-24054,Arka,FALSE,Size,14x11x10,,,,,1.79,S-24054,draft,https://img.uline.com/is/image/uline/S-24054?$MediumRHD$,uline,"Home > All Products > Boxes, Corrugated > Corrugated Boxes (200# Test) > Misc Box Sizes",8.19257E+12,s-24054,OK,UPDATE: Found by Handle | Assuming MERGE for Variant Command | Assuming MERGE for Image Command | Variants updated by SKU: 1
S-16736,S-16736,Arka,FALSE,Size,14x11x11,,,,,1.81,S-16736,draft,https://img.uline.com/is/image/uline/S-16736?$MediumRHD$,uline,"Home > All Products > Boxes, Corrugated > Corrugated Boxes (200# Test) > Misc Box Sizes",8.19257E+12,s-16736,OK,UPDATE: Found by Handle | Assuming MERGE for Variant Command | Assuming MERGE for Image Command | Variants updated by SKU: 1
S-16738,S-16738,Arka,FALSE,Size,14x12x3,,,,,1.38,S-16738,draft,https://img.uline.com/is/image/uline/S-16738?$MediumRHD$,uline,"Home > All Products > Boxes, Corrugated > Corrugated Boxes (200# Test) > Flat Boxes",8.19257E+12,s-16738,OK,UPDATE: Found by Handle | Assuming MERGE for Variant Command | Assuming MERGE for Image Command | Variants updated by SKU: 1
S-4695,S-4695,Arka,FALSE,Size,14x12x4,,,,,1.39,S-4695,draft,https://img.uline.com/is/image/uline/S-4695?$MediumRHD$,uline,"Home > All Products > Boxes, Corrugated > Corrugated Boxes (200# Test) > Flat Boxes",8.19257E+12,s-4695,OK,UPDATE: Found by Handle | Assuming MERGE for Variant Command | Assuming MERGE for Image Command | Variants updated by SKU: 1
S-4987,S-4987,Arka,FALSE,Size,14x12x6,,,,,1.52,S-4987,draft,https://img.uline.com/is/image/uline/S-4987?$MediumRHD$,uline,"Home > All Products > Boxes, Corrugated > Corrugated Boxes (200# Test) > Misc Box Sizes",8.19257E+12,s-4987,OK,UPDATE: Found by Handle | Assuming MERGE for Variant Command | Assuming MERGE for Image Command | Variants updated by SKU: 1
S-4423,S-4423,Arka,FALSE,Size,14x12x6,,,,,1.03,S-4423,draft,https://img.uline.com/is/image/uline/S-4423?$MediumRHD$,uline,"Home > All Products > Boxes, Corrugated > Corrugated Boxes (200# Test) > Multi-Depth Boxes",8.19257E+12,s-4423,OK,UPDATE: Found by Handle | Assuming MERGE for Variant Command | Assuming MERGE for Image Command | Variants updated by SKU: 1
S-4530,S-4530,Arka,FALSE,Size,14x12x8,,,,,1.22,S-4530,draft,https://img.uline.com/is/image/uline/S-4530?$MediumRHD$,uline,"Home > All Products > Boxes, Corrugated > Corrugated Boxes (200# Test) > Misc Box Sizes",8.19257E+12,s-4530,OK,UPDATE: Found by Handle | Assuming MERGE for Variant Command | Assuming MERGE for Image Command | Variants updated by SKU: 1
S-22187,S-22187,Arka,FALSE,Size,14x12x9,,,,,1.81,S-22187,draft,https://img.uline.com/is/image/uline/S-22187?$MediumRHD$,uline,"Home > All Products > Boxes, Corrugated > Corrugated Boxes (200# Test) > Misc Box Sizes",8.19257E+12,s-22187,OK,UPDATE: Found by Handle | Assuming MERGE for Variant Command | Assuming MERGE for Image Command | Variants updated by SKU: 1
S-4141,S-4141,Arka,FALSE,Size,14x12x10,,,,,1.85,S-4141,draft,https://img.uline.com/is/image/uline/S-4141?$MediumRHD$,uline,"Home > All Products > Boxes, Corrugated > Corrugated Boxes (200# Test) > Misc Box Sizes",8.19257E+12,s-4141,OK,UPDATE: Found by Handle | Assuming MERGE for Variant Command | Assuming MERGE for Image Command | Variants updated by SKU: 1
S-15048,S-15048,Arka,FALSE,Size,14x12x10,,,,,2.61,S-15048,draft,https://img.uline.com/is/image/uline/S-15048?$MediumRHD$,uline,"Home > All Products > Boxes, Corrugated > Heavy Duty Boxes > 275 Lb. Test Single Wall Boxes",8.19257E+12,s-15048,OK,UPDATE: Found by Handle | Assuming MERGE for Variant Command | Assuming MERGE for Image Command | Variants updated by SKU: 1
S-4424,S-4424,Arka,FALSE,Size,14x12x12,,,,,2.36,S-4424,draft,https://img.uline.com/is/image/uline/S-4424?$MediumRHD$,uline,"Home > All Products > Boxes, Corrugated > Corrugated Boxes (200# Test) > Multi-Depth Boxes",8.19257E+12,s-4424,OK,UPDATE: Found by Handle | Assuming MERGE for Variant Command | Assuming MERGE for Image Command | Variants updated by SKU: 1
S-23305,S-23305,Arka,FALSE,Size,14x12x12,,,,,3.42,S-23305,draft,https://img.uline.com/is/image/uline/S-23305?$MediumRHD$,uline,"Home > All Products > Boxes, Corrugated > Heavy Duty Boxes > 275 Lb. Test Double Wall Boxes",8.19257E+12,s-23305,OK,UPDATE: Found by Handle | Assuming MERGE for Variant Command | Assuming MERGE for Image Command | Variants updated by SKU: 1
S-20488,S-20488,Arka,FALSE,Size,14x12x14,,,,,2.22,S-20488,draft,https://img.uline.com/is/image/uline/S-20488?$MediumRHD$,uline,"Home > All Products > Boxes, Corrugated > Corrugated Boxes (200# Test) > Misc Box Sizes",8.19257E+12,s-20488,OK,UPDATE: Found by Handle | Assuming MERGE for Variant Command | Assuming MERGE for Image Command | Variants updated by SKU: 1
S-4410,S-4410,Arka,FALSE,Size,14x14x2,,,,,1.61,S-4410,draft,https://img.uline.com/is/image/uline/S-4410?$MediumRHD$,uline,"Home > All Products > Boxes, Corrugated > Corrugated Boxes (200# Test) > Flat Boxes",8.19257E+12,s-4410,OK,UPDATE: Found by Handle | Assuming MERGE for Variant Command | Assuming MERGE for Image Command | Variants updated by SKU: 1
S-16739,S-16739,Arka,FALSE,Size,14x14x3,,,,,1.62,S-16739,draft,https://img.uline.com/is/image/uline/S-16739?$MediumRHD$,uline,"Home > All Products > Boxes, Corrugated > Corrugated Boxes (200# Test) > Flat Boxes",8.19257E+12,s-16739,OK,UPDATE: Found by Handle | Assuming MERGE for Variant Command | Assuming MERGE for Image Command | Variants updated by SKU: 1
S-4943,S-4943,Arka,FALSE,Size,14x14x4,,,,,1.65,S-4943,draft,https://img.uline.com/is/image/uline/S-4943?$MediumRHD$,uline,"Home > All Products > Boxes, Corrugated > Corrugated Boxes (200# Test) > Flat Boxes",8.19257E+12,s-4943,OK,UPDATE: Found by Handle | Assuming MERGE for Variant Command | Assuming MERGE for Image Command | Variants updated by SKU: 1
S-4621,S-4621,Arka,FALSE,Size,14x14x5,,,,,1.71,S-4621,draft,https://img.uline.com/is/image/uline/S-4621?$MediumRHD$,uline,"Home > All Products > Boxes, Corrugated > Corrugated Boxes (200# Test) > Flat Boxes",8.19257E+12,s-4621,OK,UPDATE: Found by Handle | Assuming MERGE for Variant Command | Assuming MERGE for Image Command | Variants updated by SKU: 1
S-4140,S-4140,Arka,FALSE,Size,14x14x6,,,,,1.22,S-4140,draft,https://img.uline.com/is/image/uline/S-4140?$MediumRHD$,uline,"Home > All Products > Boxes, Corrugated > Corrugated Boxes (200# Test) > Flat Boxes",8.19257E+12,s-4140,OK,UPDATE: Found by Handle | Assuming MERGE for Variant Command | Assuming MERGE for Image Command | Variants updated by SKU: 1
S-4531,S-4531,Arka,FALSE,Size,14x14x6,,,,,2.04,S-4531,draft,https://img.uline.com/is/image/uline/S-4531?$MediumRHD$,uline,"Home > All Products > Boxes, Corrugated > Corrugated Boxes (200# Test) > Multi-Depth Boxes",8.19257E+12,s-4531,OK,UPDATE: Found by Handle | Assuming MERGE for Variant Command | Assuming MERGE for Image Command | Variants updated by SKU: 1
S-18183,S-18183,Arka,FALSE,Size,14x14x6,,,,,3.09,S-18183,draft,https://img.uline.com/is/image/uline/S-18183?$MediumRHD$,uline,"Home > All Products > Boxes, Corrugated > Heavy Duty Boxes > 275 Lb. Test Double Wall Boxes",8.19257E+12,s-18183,OK,UPDATE: Found by Handle | Assuming MERGE for Variant Command | Assuming MERGE for Image Command | Variants updated by SKU: 1
S-4146,S-4146,Arka,FALSE,Size,14x14x8,,,,,1.35,S-4146,draft,https://img.uline.com/is/image/uline/S-4146?$MediumRHD$,uline,"Home > All Products > Boxes, Corrugated > Corrugated Boxes (200# Test) > Misc Box Sizes",8.19257E+12,s-4146,OK,UPDATE: Found by Handle | Assuming MERGE for Variant Command | Assuming MERGE for Image Command | Variants updated by SKU: 1
S-4889,S-4889,Arka,FALSE,Size,14x14x7,,,,,1.97,S-4889,draft,https://img.uline.com/is/image/uline/S-4889?$MediumRHD$,uline,"Home > All Products > Boxes, Corrugated > Corrugated Boxes (200# Test) > Misc Box Sizes",8.19257E+12,s-4889,OK,UPDATE: Found by Handle | Assuming MERGE for Variant Command | Assuming MERGE for Image Command | Variants updated by SKU: 1
S-4153,S-4153,Arka,FALSE,Size,15x12x10,,,,,1.4,S-4153,draft,https://img.uline.com/is/image/uline/S-4153?$MediumRHD$,uline,"Home > All Products > Boxes, Corrugated > Storage File Boxes > Uline Economy Storage File Boxes",8.19257E+12,s-4153,OK,UPDATE: Found by Handle | Assuming MERGE for Variant Command | Assuming MERGE for Image Command | Variants updated by SKU: 1
S-18921,S-18921,Arka,FALSE,Size,14x14x8,,,,,3.32,S-18921,draft,https://img.uline.com/is/image/uline/S-18921?$MediumRHD$,uline,"Home > All Products > Boxes, Corrugated > Heavy Duty Boxes > 275 Lb. Test Double Wall Boxes",8.19257E+12,s-18921,OK,UPDATE: Found by Handle | Assuming MERGE for Variant Command | Assuming MERGE for Image Command | Variants updated by SKU: 1
S-4347,S-4347,Arka,FALSE,Size,14x14x9,,,,,2.14,S-4347,draft,https://img.uline.com/is/image/uline/S-4347?$MediumRHD$,uline,"Home > All Products > Boxes, Corrugated > Corrugated Boxes (200# Test) > Misc Box Sizes",8.19257E+12,s-4347,OK,UPDATE: Found by Handle | Assuming MERGE for Variant Command | Assuming MERGE for Image Command | Variants updated by SKU: 1
S-4147,S-4147,Arka,FALSE,Size,14x14x10,,,,,1.48,S-4147,draft,https://img.uline.com/is/image/uline/S-4147?$MediumRHD$,uline,"Home > All Products > Boxes, Corrugated > Corrugated Boxes (200# Test) > Misc Box Sizes",8.19257E+12,s-4147,OK,UPDATE: Found by Handle | Assuming MERGE for Variant Command | Assuming MERGE for Image Command | Variants updated by SKU: 1
S-14229,S-14229,Arka,FALSE,Size,14x14x10,,,,,3.55,S-14229,draft,https://img.uline.com/is/image/uline/S-14229?$MediumRHD$,uline,"Home > All Products > Boxes, Corrugated > Heavy Duty Boxes > 275 Lb. Test Double Wall Boxes",8.19257E+12,s-14229,OK,UPDATE: Found by Handle | Assuming MERGE for Variant Command | Assuming MERGE for Image Command | Variants updated by SKU: 1
S-4148,S-4148,Arka,FALSE,Size,14x14x12,,,,,2.43,S-4148,draft,https://img.uline.com/is/image/uline/S-4148?$MediumRHD$,uline,"Home > All Products > Boxes, Corrugated > Corrugated Boxes (200# Test) > Misc Box Sizes",8.19257E+12,s-4148,OK,UPDATE: Found by Handle | Assuming MERGE for Variant Command | Assuming MERGE for Image Command | Variants updated by SKU: 1
S-4142,S-4142,Arka,FALSE,Size,14x14x14,,,,,1.62,S-4142,draft,https://img.uline.com/is/image/uline/S-4142?$MediumRHD$,uline,"Home > All Products > Boxes, Corrugated > Corrugated Boxes (200# Test) > Cube Boxes",8.19257E+12,s-4142,OK,UPDATE: Found by Handle | Assuming MERGE for Variant Command | Assuming MERGE for Image Command | Variants updated by SKU: 1
S-21535,S-21535,Arka,FALSE,Size,14x14x12,,,,,3.86,S-21535,draft,https://img.uline.com/is/image/uline/S-21535?$MediumRHD$,uline,"Home > All Products > Boxes, Corrugated > Heavy Duty Boxes > 275 Lb. Test Double Wall Boxes",8.19257E+12,s-21535,OK,UPDATE: Found by Handle | Assuming MERGE for Variant Command | Assuming MERGE for Image Command | Variants updated by SKU: 1
S-4786,S-4786,Arka,FALSE,Size,14x14x14,,,,,2.93,S-4786,draft,https://img.uline.com/is/image/uline/S-4786?$MediumRHD$,uline,"Home > All Products > Boxes, Corrugated > Heavy Duty Boxes > 275 Lb. Test Double Wall Boxes",8.19257E+12,s-4786,OK,UPDATE: Found by Handle | Assuming MERGE for Variant Command | Assuming MERGE for Image Command | Variants updated by SKU: 1
S-13300,S-13300,Arka,FALSE,Size,14x14x16,,,,,2.5,S-13300,draft,https://img.uline.com/is/image/uline/S-13300?$MediumRHD$,uline,"Home > All Products > Boxes, Corrugated > Corrugated Boxes (200# Test) > Misc Box Sizes",8.19257E+12,s-13300,OK,UPDATE: Found by Handle | Assuming MERGE for Variant Command | Assuming MERGE for Image Command | Variants updated by SKU: 1
S-4432,S-4432,Arka,FALSE,Size,14x14x14,,,,,2.96,S-4432,draft,https://img.uline.com/is/image/uline/S-4432?$MediumRHD$,uline,"Home > All Products > Boxes, Corrugated > Corrugated Boxes (200# Test) > White Corrugated Boxes",8.19257E+12,s-4432,OK,UPDATE: Found by Handle | Assuming MERGE for Variant Command | Assuming MERGE for Image Command | Variants updated by SKU: 1
S-4855,S-4855,Arka,FALSE,Size,14x14x18,,,,,2.64,S-4855,draft,https://img.uline.com/is/image/uline/S-4855?$MediumRHD$,uline,"Home > All Products > Boxes, Corrugated > Corrugated Boxes (200# Test) > Misc Box Sizes",8.19257E+12,s-4855,OK,UPDATE: Found by Handle | Assuming MERGE for Variant Command | Assuming MERGE for Image Command | Variants updated by SKU: 1
S-4622,S-4622,Arka,FALSE,Size,14x14x19,,,,,2.73,S-4622,draft,https://img.uline.com/is/image/uline/S-4622?$MediumRHD$,uline,"Home > All Products > Boxes, Corrugated > Corrugated Boxes (200# Test) > Misc Box Sizes",8.19257E+12,s-4622,OK,UPDATE: Found by Handle | Assuming MERGE for Variant Command | Assuming MERGE for Image Command | Variants updated by SKU: 1
S-14273,S-14273,Arka,FALSE,Size,14x14x20,,,,,2.8,S-14273,draft,https://img.uline.com/is/image/uline/S-14273?$MediumRHD$,uline,"Home > All Products > Boxes, Corrugated > Corrugated Boxes (200# Test) > Misc Box Sizes",8.19257E+12,s-14273,OK,UPDATE: Found by Handle | Assuming MERGE for Variant Command | Assuming MERGE for Image Command | Variants updated by SKU: 1
S-4623,S-4623,Arka,FALSE,Size,14x14x24,,,,,3.11,S-4623,draft,https://img.uline.com/is/image/uline/S-4623?$MediumRHD$,uline,"Home > All Products > Boxes, Corrugated > Corrugated Boxes (200# Test) > Misc Box Sizes",8.19257E+12,s-4623,OK,UPDATE: Found by Handle | Assuming MERGE for Variant Command | Assuming MERGE for Image Command | Variants updated by SKU: 1
S-13301,S-13301,Arka,FALSE,Size,14x14x30,,,,,3.56,S-13301,draft,https://img.uline.com/is/image/uline/S-13301?$MediumRHD$,uline,"Home > All Products > Boxes, Corrugated > Corrugated Boxes (200# Test) > Tall Boxes",8.19257E+12,s-13301,OK,UPDATE: Found by Handle | Assuming MERGE for Variant Command | Assuming MERGE for Image Command | Variants updated by SKU: 1
S-4532,S-4532,Arka,FALSE,Size,14x14x36,,,,,4.07,S-4532,draft,https://img.uline.com/is/image/uline/S-4532?$MediumRHD$,uline,"Home > All Products > Boxes, Corrugated > Corrugated Boxes (200# Test) > Tall Boxes",8.19257E+12,s-4532,OK,UPDATE: Found by Handle | Assuming MERGE for Variant Command | Assuming MERGE for Image Command | Variants updated by SKU: 1
S-538,S-538,Arka,FALSE,Size,14x14x14,,,,,2.69,S-538,draft,https://img.uline.com/is/image/uline/S-538?$MediumRHD$,uline,"Home > All Products > Boxes, Corrugated > Corrugated Boxes (200# Test) > Multi-Depth Boxes",8.19257E+12,s-538,OK,UPDATE: Found by Handle | Assuming MERGE for Variant Command | Assuming MERGE for Image Command | Variants updated by SKU: 1
S-11375,S-11375,Arka,FALSE,Size,14x14x40,,,,,4.36,S-11375,draft,https://img.uline.com/is/image/uline/S-11375?$MediumRHD$,uline,"Home > All Products > Boxes, Corrugated > Corrugated Boxes (200# Test) > Tall Boxes",8.19257E+12,s-11375,OK,UPDATE: Found by Handle | Assuming MERGE for Variant Command | Assuming MERGE for Image Command | Variants updated by SKU: 1
S-12596,S-12596,Arka,FALSE,Size,14x14x48,,,,,5.05,S-12596,draft,https://img.uline.com/is/image/uline/S-12596?$MediumRHD$,uline,"Home > All Products > Boxes, Corrugated > Corrugated Boxes (200# Test) > Tall Boxes",8.19257E+12,s-12596,OK,UPDATE: Found by Handle | Assuming MERGE for Variant Command | Assuming MERGE for Image Command | Variants updated by SKU: 1
S-12595,S-12595,Arka,FALSE,Size,14x14x40,,,,,10.32,S-12595,draft,https://img.uline.com/is/image/uline/S-12595?$MediumRHD$,uline,"Home > All Products > Boxes, Corrugated > Corrugated Boxes (200# Test) > Telescopic Boxes",8.19257E+12,s-12595,OK,UPDATE: Found by Handle | Assuming MERGE for Variant Command | Assuming MERGE for Image Command | Variants updated by SKU: 1
S-11252,S-11252,Arka,FALSE,Size,14.50x8.75x6,,,,,1.44,S-11252,draft,https://img.uline.com/is/image/uline/S-11252?$MediumRHD$,uline,"Home > All Products > Boxes, Corrugated > Corrugated Boxes (200# Test) > Multi-Depth Boxes",8.19257E+12,s-11252,OK,UPDATE: Found by Handle | Assuming MERGE for Variant Command | Assuming MERGE for Image Command | Variants updated by SKU: 1
S-24070,S-24070,Arka,FALSE,Size,15x8x6,,,,,1.19,S-24070,draft,https://img.uline.com/is/image/uline/S-24070?$MediumRHD$,uline,"Home > All Products > Boxes, Corrugated > Corrugated Boxes (200# Test) > Misc Box Sizes",8.19257E+12,s-24070,OK,UPDATE: Found by Handle | Assuming MERGE for Variant Command | Assuming MERGE for Image Command | Variants updated by SKU: 1
S-521,S-521,Arka,FALSE,Size,14.50x8.75x12,,,,,1.85,S-521,draft,https://img.uline.com/is/image/uline/S-521?$MediumRHD$,uline,"Home > All Products > Boxes, Corrugated > Corrugated Boxes (200# Test) > Multi-Depth Boxes",8.19257E+12,s-521,OK,UPDATE: Found by Handle | Assuming MERGE for Variant Command | Assuming MERGE for Image Command | Variants updated by SKU: 1
S-15049,S-15049,Arka,FALSE,Size,15x8x8,,,,,1.36,S-15049,draft,https://img.uline.com/is/image/uline/S-15049?$MediumRHD$,uline,"Home > All Products > Boxes, Corrugated > Corrugated Boxes (200# Test) > Misc Box Sizes",8.19257E+12,s-15049,OK,UPDATE: Found by Handle | Assuming MERGE for Variant Command | Assuming MERGE for Image Command | Variants updated by SKU: 1
S-18390,S-18390,Arka,FALSE,Size,15x9x8,,,,,1.6,S-18390,draft,https://img.uline.com/is/image/uline/S-18390?$MediumRHD$,uline,"Home > All Products > Boxes, Corrugated > Corrugated Boxes (200# Test) > Misc Box Sizes",8.19257E+12,s-18390,OK,UPDATE: Found by Handle | Assuming MERGE for Variant Command | Assuming MERGE for Image Command | Variants updated by SKU: 1
S-16743,S-16743,Arka,FALSE,Size,15x10x4,,,,,1.39,S-16743,draft,https://img.uline.com/is/image/uline/S-16743?$MediumRHD$,uline,"Home > All Products > Boxes, Corrugated > Corrugated Boxes (200# Test) > Flat Boxes",8.19257E+12,s-16743,OK,UPDATE: Found by Handle | Assuming MERGE for Variant Command | Assuming MERGE for Image Command | Variants updated by SKU: 1
S-4411,S-4411,Arka,FALSE,Size,15x10x5,,,,,1.42,S-4411,draft,https://img.uline.com/is/image/uline/S-4411?$MediumRHD$,uline,"Home > All Products > Boxes, Corrugated > Corrugated Boxes (200# Test) > Flat Boxes",8.19257E+12,s-4411,OK,UPDATE: Found by Handle | Assuming MERGE for Variant Command | Assuming MERGE for Image Command | Variants updated by SKU: 1
S-4988,S-4988,Arka,FALSE,Size,15x10x6,,,,,1.6,S-4988,draft,https://img.uline.com/is/image/uline/S-4988?$MediumRHD$,uline,"Home > All Products > Boxes, Corrugated > Corrugated Boxes (200# Test) > Misc Box Sizes",8.19257E+12,s-4988,OK,UPDATE: Found by Handle | Assuming MERGE for Variant Command | Assuming MERGE for Image Command | Variants updated by SKU: 1
S-22201,S-22201,Arka,FALSE,Size,15x10x7,,,,,1.71,S-22201,draft,https://img.uline.com/is/image/uline/S-22201?$MediumRHD$,uline,"Home > All Products > Boxes, Corrugated > Corrugated Boxes (200# Test) > Misc Box Sizes",8.19257E+12,s-22201,OK,UPDATE: Found by Handle | Assuming MERGE for Variant Command | Assuming MERGE for Image Command | Variants updated by SKU: 1
S-4719,S-4719,Arka,FALSE,Size,15x10x8,,,,,1.81,S-4719,draft,https://img.uline.com/is/image/uline/S-4719?$MediumRHD$,uline,"Home > All Products > Boxes, Corrugated > Corrugated Boxes (200# Test) > Misc Box Sizes",8.19257E+12,s-4719,OK,UPDATE: Found by Handle | Assuming MERGE for Variant Command | Assuming MERGE for Image Command | Variants updated by SKU: 1
S-4890,S-4890,Arka,FALSE,Size,15x10x10,,,,,1.88,S-4890,draft,https://img.uline.com/is/image/uline/S-4890?$MediumRHD$,uline,"Home > All Products > Boxes, Corrugated > Corrugated Boxes (200# Test) > Misc Box Sizes",8.19257E+12,s-4890,OK,UPDATE: Found by Handle | Assuming MERGE for Variant Command | Assuming MERGE for Image Command | Variants updated by SKU: 1
S-16744,S-16744,Arka,FALSE,Size,15x10x12,,,,,1.96,S-16744,draft,https://img.uline.com/is/image/uline/S-16744?$MediumRHD$,uline,"Home > All Products > Boxes, Corrugated > Corrugated Boxes (200# Test) > Misc Box Sizes",8.19257E+12,s-16744,OK,UPDATE: Found by Handle | Assuming MERGE for Variant Command | Assuming MERGE for Image Command | Variants updated by SKU: 1
S-4877,S-4877,Arka,FALSE,Size,15x10x14,,,,,2.04,S-4877,draft,https://img.uline.com/is/image/uline/S-4877?$MediumRHD$,uline,"Home > All Products > Boxes, Corrugated > Corrugated Boxes (200# Test) > Misc Box Sizes",8.19257E+12,s-4877,OK,UPDATE: Found by Handle | Assuming MERGE for Variant Command | Assuming MERGE for Image Command | Variants updated by SKU: 1
S-21600,S-21600,Arka,FALSE,Size,15x11x4,,,,,1.44,S-21600,draft,https://img.uline.com/is/image/uline/S-21600?$MediumRHD$,uline,"Home > All Products > Boxes, Corrugated > Corrugated Boxes (200# Test) > Flat Boxes",8.19257E+12,s-21600,OK,UPDATE: Found by Handle | Assuming MERGE for Variant Command | Assuming MERGE for Image Command | Variants updated by SKU: 1
S-19084,S-19084,Arka,FALSE,Size,15x11x6,,,,,1.71,S-19084,draft,https://img.uline.com/is/image/uline/S-19084?$MediumRHD$,uline,"Home > All Products > Boxes, Corrugated > Corrugated Boxes (200# Test) > Misc Box Sizes",8.19257E+12,s-19084,OK,UPDATE: Found by Handle | Assuming MERGE for Variant Command | Assuming MERGE for Image Command | Variants updated by SKU: 1
S-24071,S-24071,Arka,FALSE,Size,15x11x5,,,,,1.59,S-24071,draft,https://img.uline.com/is/image/uline/S-24071?$MediumRHD$,uline,"Home > All Products > Boxes, Corrugated > Corrugated Boxes (200# Test) > Flat Boxes",8.19257E+12,s-24071,OK,UPDATE: Found by Handle | Assuming MERGE for Variant Command | Assuming MERGE for Image Command | Variants updated by SKU: 1
S-4624,S-4624,Arka,FALSE,Size,15x11x7,,,,,1.84,S-4624,draft,https://img.uline.com/is/image/uline/S-4624?$MediumRHD$,uline,"Home > All Products > Boxes, Corrugated > Corrugated Boxes (200# Test) > Misc Box Sizes",8.19257E+12,s-4624,OK,UPDATE: Found by Handle | Assuming MERGE for Variant Command | Assuming MERGE for Image Command | Variants updated by SKU: 1
S-16745,S-16745,Arka,FALSE,Size,15x11x11,,,,,1.96,S-16745,draft,https://img.uline.com/is/image/uline/S-16745?$MediumRHD$,uline,"Home > All Products > Boxes, Corrugated > Corrugated Boxes (200# Test) > Misc Box Sizes",8.19257E+12,s-16745,OK,UPDATE: Found by Handle | Assuming MERGE for Variant Command | Assuming MERGE for Image Command | Variants updated by SKU: 1
S-13302,S-13302,Arka,FALSE,Size,15x11x9,,,,,1.92,S-13302,draft,https://img.uline.com/is/image/uline/S-13302?$MediumRHD$,uline,"Home > All Products > Boxes, Corrugated > Corrugated Boxes (200# Test) > Misc Box Sizes",8.19257E+12,s-13302,OK,UPDATE: Found by Handle | Assuming MERGE for Variant Command | Assuming MERGE for Image Command | Variants updated by SKU: 1
S-351,S-351,Arka,FALSE,Size,15x11.13x6,,,,,1.58,S-351,draft,https://img.uline.com/is/image/uline/S-351?$MediumRHD$,uline,"Home > All Products > Boxes, Corrugated > Corrugated Boxes (200# Test) > Multi-Depth Boxes",8.19257E+12,s-351,OK,UPDATE: Found by Handle | Assuming MERGE for Variant Command | Assuming MERGE for Image Command | Variants updated by SKU: 1
S-20477,S-20477,Arka,FALSE,Size,15x12x3,,,,,1.49,S-20477,draft,https://img.uline.com/is/image/uline/S-20477?$MediumRHD$,uline,"Home > All Products > Boxes, Corrugated > Corrugated Boxes (200# Test) > Flat Boxes",8.19257E+12,s-20477,OK,UPDATE: Found by Handle | Assuming MERGE for Variant Command | Assuming MERGE for Image Command | Variants updated by SKU: 1
S-21020,S-21020,Arka,FALSE,Size,15x12x5,,,,,1.64,S-21020,draft,https://img.uline.com/is/image/uline/S-21020?$MediumRHD$,uline,"Home > All Products > Boxes, Corrugated > Corrugated Boxes (200# Test) > Flat Boxes",8.19257E+12,s-21020,OK,UPDATE: Found by Handle | Assuming MERGE for Variant Command | Assuming MERGE for Image Command | Variants updated by SKU: 1
S-4625,S-4625,Arka,FALSE,Size,15x12x4,,,,,1.5,S-4625,draft,https://img.uline.com/is/image/uline/S-4625?$MediumRHD$,uline,"Home > All Products > Boxes, Corrugated > Corrugated Boxes (200# Test) > Flat Boxes",8.19257E+12,s-4625,OK,UPDATE: Found by Handle | Assuming MERGE for Variant Command | Assuming MERGE for Image Command | Variants updated by SKU: 1
S-4234,S-4234,Arka,FALSE,Size,15x12x6,,,,,1.81,S-4234,draft,https://img.uline.com/is/image/uline/S-4234?$MediumRHD$,uline,"Home > All Products > Boxes, Corrugated > Corrugated Boxes (200# Test) > Misc Box Sizes",8.19257E+12,s-4234,OK,UPDATE: Found by Handle | Assuming MERGE for Variant Command | Assuming MERGE for Image Command | Variants updated by SKU: 1
S-22668,S-22668,Arka,FALSE,Size,15x12x7,,,,,1.83,S-22668,draft,https://img.uline.com/is/image/uline/S-22668?$MediumRHD$,uline,"Home > All Products > Boxes, Corrugated > Corrugated Boxes (200# Test) > Misc Box Sizes",8.19257E+12,s-22668,OK,UPDATE: Found by Handle | Assuming MERGE for Variant Command | Assuming MERGE for Image Command | Variants updated by SKU: 1
S-4493,S-4493,Arka,FALSE,Size,15x12x8,,,,,1.84,S-4493,draft,https://img.uline.com/is/image/uline/S-4493?$MediumRHD$,uline,"Home > All Products > Boxes, Corrugated > Corrugated Boxes (200# Test) > Misc Box Sizes",8.19257E+12,s-4493,OK,UPDATE: Found by Handle | Assuming MERGE for Variant Command | Assuming MERGE for Image Command | Variants updated by SKU: 1
S-13303,S-13303,Arka,FALSE,Size,15x12x10,,,,,2.38,S-13303,draft,https://img.uline.com/is/image/uline/S-13303?$MediumRHD$,uline,"Home > All Products > Boxes, Corrugated > Corrugated Boxes (200# Test) > White Corrugated Boxes",8.19257E+12,s-13303,OK,UPDATE: Found by Handle | Assuming MERGE for Variant Command | Assuming MERGE for Image Command | Variants updated by SKU: 1
S-4989,S-4989,Arka,FALSE,Size,15x12x12,,,,,2.04,S-4989,draft,https://img.uline.com/is/image/uline/S-4989?$MediumRHD$,uline,"Home > All Products > Boxes, Corrugated > Corrugated Boxes (200# Test) > Misc Box Sizes",8.19257E+12,s-4989,OK,UPDATE: Found by Handle | Assuming MERGE for Variant Command | Assuming MERGE for Image Command | Variants updated by SKU: 1
S-523,S-523,Arka,FALSE,Size,15x12x12,,,,,2.1,S-523,draft,https://img.uline.com/is/image/uline/S-523?$MediumRHD$,uline,"Home > All Products > Boxes, Corrugated > Corrugated Boxes (200# Test) > Multi-Depth Boxes",8.19257E+12,s-523,OK,UPDATE: Found by Handle | Assuming MERGE for Variant Command | Assuming MERGE for Image Command | Variants updated by SKU: 1
S-21058,S-21058,Arka,FALSE,Size,15x12x14,,,,,2.32,S-21058,draft,https://img.uline.com/is/image/uline/S-21058?$MediumRHD$,uline,"Home > All Products > Boxes, Corrugated > Corrugated Boxes (200# Test) > Misc Box Sizes",8.19257E+12,s-21058,OK,UPDATE: Found by Handle | Assuming MERGE for Variant Command | Assuming MERGE for Image Command | Variants updated by SKU: 1
S-4839,S-4839,Arka,FALSE,Size,15x13x7,,,,,1.85,S-4839,draft,https://img.uline.com/is/image/uline/S-4839?$MediumRHD$,uline,"Home > All Products > Boxes, Corrugated > Corrugated Boxes (200# Test) > Misc Box Sizes",8.19257E+12,s-4839,OK,UPDATE: Found by Handle | Assuming MERGE for Variant Command | Assuming MERGE for Image Command | Variants updated by SKU: 1
S-13305,S-13305,Arka,FALSE,Size,15x15x24,,,,,3.58,S-13305,draft,https://img.uline.com/is/image/uline/S-13305?$MediumRHD$,uline,"Home > All Products > Boxes, Corrugated > Corrugated Boxes (200# Test) > Misc Box Sizes",8.19257E+12,s-13305,OK,UPDATE: Found by Handle | Assuming MERGE for Variant Command | Assuming MERGE for Image Command | Variants updated by SKU: 1
S-4412,S-4412,Arka,FALSE,Size,15x15x30,,,,,3.88,S-4412,draft,https://img.uline.com/is/image/uline/S-4412?$MediumRHD$,uline,"Home > All Products > Boxes, Corrugated > Moving Boxes > Lamp Boxes",8.19257E+12,s-4412,OK,UPDATE: Found by Handle | Assuming MERGE for Variant Command | Assuming MERGE for Image Command | Variants updated by SKU: 1
S-15050,S-15050,Arka,FALSE,Size,15x15x15,,,,,5.03,S-15050,draft,https://img.uline.com/is/image/uline/S-15050?$MediumRHD$,uline,"Home > All Products > Boxes, Corrugated > Heavy Duty Boxes > 275 Lb. Test Double Wall Boxes",8.19257E+12,s-15050,OK,UPDATE: Found by Handle | Assuming MERGE for Variant Command | Assuming MERGE for Image Command | Variants updated by SKU: 1
S-23974,S-23974,Arka,FALSE,Size,15x13x10,,,,,2.06,S-23974,draft,https://img.uline.com/is/image/uline/S-23974?$MediumRHD$,uline,"Home > All Products > Boxes, Corrugated > Corrugated Boxes (200# Test) > Misc Box Sizes",8.19257E+12,s-23974,OK,UPDATE: Found by Handle | Assuming MERGE for Variant Command | Assuming MERGE for Image Command | Variants updated by SKU: 1
S-22204,S-22204,Arka,FALSE,Size,15x13x12,,,,,2.2,S-22204,draft,https://img.uline.com/is/image/uline/S-22204?$MediumRHD$,uline,"Home > All Products > Boxes, Corrugated > Corrugated Boxes (200# Test) > Misc Box Sizes",8.19257E+12,s-22204,OK,UPDATE: Found by Handle | Assuming MERGE for Variant Command | Assuming MERGE for Image Command | Variants updated by SKU: 1
S-16746,S-16746,Arka,FALSE,Size,15x15x3,,,,,1.65,S-16746,draft,https://img.uline.com/is/image/uline/S-16746?$MediumRHD$,uline,"Home > All Products > Boxes, Corrugated > Corrugated Boxes (200# Test) > Flat Boxes",8.19257E+12,s-16746,OK,UPDATE: Found by Handle | Assuming MERGE for Variant Command | Assuming MERGE for Image Command | Variants updated by SKU: 1
S-4626,S-4626,Arka,FALSE,Size,15x15x4,,,,,1.16,S-4626,draft,https://img.uline.com/is/image/uline/S-4626?$MediumRHD$,uline,"Home > All Products > Boxes, Corrugated > Corrugated Boxes (200# Test) > Flat Boxes",8.19257E+12,s-4626,OK,UPDATE: Found by Handle | Assuming MERGE for Variant Command | Assuming MERGE for Image Command | Variants updated by SKU: 1
S-13304,S-13304,Arka,FALSE,Size,15x15x5,,,,,1.73,S-13304,draft,https://img.uline.com/is/image/uline/S-13304?$MediumRHD$,uline,"Home > All Products > Boxes, Corrugated > Corrugated Boxes (200# Test) > Flat Boxes",8.19257E+12,s-13304,OK,UPDATE: Found by Handle | Assuming MERGE for Variant Command | Assuming MERGE for Image Command | Variants updated by SKU: 1
S-4533,S-4533,Arka,FALSE,Size,15x15x6,,,,,1.84,S-4533,draft,https://img.uline.com/is/image/uline/S-4533?$MediumRHD$,uline,"Home > All Products > Boxes, Corrugated > Corrugated Boxes (200# Test) > Flat Boxes",8.19257E+12,s-4533,OK,UPDATE: Found by Handle | Assuming MERGE for Variant Command | Assuming MERGE for Image Command | Variants updated by SKU: 1
S-16747,S-16747,Arka,FALSE,Size,15x15x7,,,,,2.01,S-16747,draft,https://img.uline.com/is/image/uline/S-16747?$MediumRHD$,uline,"Home > All Products > Boxes, Corrugated > Corrugated Boxes (200# Test) > Misc Box Sizes",8.19257E+12,s-16747,OK,UPDATE: Found by Handle | Assuming MERGE for Variant Command | Assuming MERGE for Image Command | Variants updated by SKU: 1
S-4891,S-4891,Arka,FALSE,Size,15x15x8,,,,,2.07,S-4891,draft,https://img.uline.com/is/image/uline/S-4891?$MediumRHD$,uline,"Home > All Products > Boxes, Corrugated > Corrugated Boxes (200# Test) > Misc Box Sizes",8.19257E+12,s-4891,OK,UPDATE: Found by Handle | Assuming MERGE for Variant Command | Assuming MERGE for Image Command | Variants updated by SKU: 1
S-4390,S-4390,Arka,FALSE,Size,15x15x10,,,,,2.26,S-4390,draft,https://img.uline.com/is/image/uline/S-4390?$MediumRHD$,uline,"Home > All Products > Boxes, Corrugated > Corrugated Boxes (200# Test) > Misc Box Sizes",8.19257E+12,s-4390,OK,UPDATE: Found by Handle | Assuming MERGE for Variant Command | Assuming MERGE for Image Command | Variants updated by SKU: 1
S-25345,S-25345,Arka,FALSE,Size,15x15x9,,,,,2.17,S-25345,draft,https://img.uline.com/is/image/uline/S-25345?$MediumRHD$,uline,"Home > All Products > Boxes, Corrugated > Corrugated Boxes (200# Test) > Misc Box Sizes",8.19257E+12,s-25345,OK,UPDATE: Found by Handle | Assuming MERGE for Variant Command | Assuming MERGE for Image Command | Variants updated by SKU: 1
S-22121,S-22121,Arka,FALSE,Size,15x15x10,,,,,4.06,S-22121,draft,https://img.uline.com/is/image/uline/S-22121?$MediumRHD$,uline,"Home > All Products > Boxes, Corrugated > Heavy Duty Boxes > 275 Lb. Test Double Wall Boxes",8.19257E+12,s-22121,OK,UPDATE: Found by Handle | Assuming MERGE for Variant Command | Assuming MERGE for Image Command | Variants updated by SKU: 1
S-4494,S-4494,Arka,FALSE,Size,15x15x12,,,,,2.53,S-4494,draft,https://img.uline.com/is/image/uline/S-4494?$MediumRHD$,uline,"Home > All Products > Boxes, Corrugated > Corrugated Boxes (200# Test) > Misc Box Sizes",8.19257E+12,s-4494,OK,UPDATE: Found by Handle | Assuming MERGE for Variant Command | Assuming MERGE for Image Command | Variants updated by SKU: 1
S-4318,S-4318,Arka,FALSE,Size,15x15x15,,,,,1.86,S-4318,draft,https://img.uline.com/is/image/uline/S-4318?$MediumRHD$,uline,"Home > All Products > Boxes, Corrugated > Corrugated Boxes (200# Test) > Cube Boxes",8.19257E+12,s-4318,OK,UPDATE: Found by Handle | Assuming MERGE for Variant Command | Assuming MERGE for Image Command | Variants updated by SKU: 1
S-4369,S-4369,Arka,FALSE,Size,15x15x15,,,,,3.13,S-4369,draft,https://img.uline.com/is/image/uline/S-4369?$MediumRHD$,uline,"Home > All Products > Boxes, Corrugated > Corrugated Boxes (200# Test) > Multi-Depth Boxes",8.19257E+12,s-4369,OK,UPDATE: Found by Handle | Assuming MERGE for Variant Command | Assuming MERGE for Image Command | Variants updated by SKU: 1
S-4534,S-4534,Arka,FALSE,Size,15x15x20,,,,,3.32,S-4534,draft,https://img.uline.com/is/image/uline/S-4534?$MediumRHD$,uline,"Home > All Products > Boxes, Corrugated > Corrugated Boxes (200# Test) > Misc Box Sizes",8.19257E+12,s-4534,OK,UPDATE: Found by Handle | Assuming MERGE for Variant Command | Assuming MERGE for Image Command | Variants updated by SKU: 1
S-15051,S-15051,Arka,FALSE,Size,15x15x36,,,,,4.79,S-15051,draft,https://img.uline.com/is/image/uline/S-15051?$MediumRHD$,uline,"Home > All Products > Boxes, Corrugated > Corrugated Boxes (200# Test) > Tall Boxes",8.19257E+12,s-15051,OK,UPDATE: Found by Handle | Assuming MERGE for Variant Command | Assuming MERGE for Image Command | Variants updated by SKU: 1
S-4720,S-4720,Arka,FALSE,Size,15x15x48,,,,,5.49,S-4720,draft,https://img.uline.com/is/image/uline/S-4720?$MediumRHD$,uline,"Home > All Products > Boxes, Corrugated > Corrugated Boxes (200# Test) > Tall Boxes",8.19257E+12,s-4720,OK,UPDATE: Found by Handle | Assuming MERGE for Variant Command | Assuming MERGE for Image Command | Variants updated by SKU: 1
S-15052,S-15052,Arka,FALSE,Size,16x4x4,,,,,0.96,S-15052,draft,https://img.uline.com/is/image/uline/S-15052?$MediumRHD$,uline,"Home > All Products > Boxes, Corrugated > Corrugated Boxes (200# Test) > Long Boxes",8.19257E+12,s-15052,OK,UPDATE: Found by Handle | Assuming MERGE for Variant Command | Assuming MERGE for Image Command | Variants updated by SKU: 1
S-16748,S-16748,Arka,FALSE,Size,16x5x5,,,,,1.02,S-16748,draft,https://img.uline.com/is/image/uline/S-16748?$MediumRHD$,uline,"Home > All Products > Boxes, Corrugated > Corrugated Boxes (200# Test) > Long Boxes",8.19257E+12,s-16748,OK,UPDATE: Found by Handle | Assuming MERGE for Variant Command | Assuming MERGE for Image Command | Variants updated by SKU: 1
S-4990,S-4990,Arka,FALSE,Size,16x6x4,,,,,1.04,S-4990,draft,https://img.uline.com/is/image/uline/S-4990?$MediumRHD$,uline,"Home > All Products > Boxes, Corrugated > Corrugated Boxes (200# Test) > Long Boxes",8.19257E+12,s-4990,OK,UPDATE: Found by Handle | Assuming MERGE for Variant Command | Assuming MERGE for Image Command | Variants updated by SKU: 1
S-4348,S-4348,Arka,FALSE,Size,16x6x6,,,,,1.17,S-4348,draft,https://img.uline.com/is/image/uline/S-4348?$MediumRHD$,uline,"Home > All Products > Boxes, Corrugated > Corrugated Boxes (200# Test) > Long Boxes",8.19257E+12,s-4348,OK,UPDATE: Found by Handle | Assuming MERGE for Variant Command | Assuming MERGE for Image Command | Variants updated by SKU: 1
S-14274,S-14274,Arka,FALSE,Size,16x8x4,,,,,1.11,S-14274,draft,https://img.uline.com/is/image/uline/S-14274?$MediumRHD$,uline,"Home > All Products > Boxes, Corrugated > Corrugated Boxes (200# Test) > Misc Box Sizes",8.19257E+12,s-14274,OK,UPDATE: Found by Handle | Assuming MERGE for Variant Command | Assuming MERGE for Image Command | Variants updated by SKU: 1
S-4155,S-4155,Arka,FALSE,Size,16x8x6,,,,,1.23,S-4155,draft,https://img.uline.com/is/image/uline/S-4155?$MediumRHD$,uline,"Home > All Products > Boxes, Corrugated > Corrugated Boxes (200# Test) > Long Boxes",8.19257E+12,s-4155,OK,UPDATE: Found by Handle | Assuming MERGE for Variant Command | Assuming MERGE for Image Command | Variants updated by SKU: 1
S-4156,S-4156,Arka,FALSE,Size,16x8x8,,,,,1.38,S-4156,draft,https://img.uline.com/is/image/uline/S-4156?$MediumRHD$,uline,"Home > All Products > Boxes, Corrugated > Corrugated Boxes (200# Test) > Long Boxes",8.19257E+12,s-4156,OK,UPDATE: Found by Handle | Assuming MERGE for Variant Command | Assuming MERGE for Image Command | Variants updated by SKU: 1
S-23313,S-23313,Arka,FALSE,Size,16x8x10,,,,,1.52,S-23313,draft,https://img.uline.com/is/image/uline/S-23313?$MediumRHD$,uline,"Home > All Products > Boxes, Corrugated > Corrugated Boxes (200# Test) > Misc Box Sizes",8.19257E+12,s-23313,OK,UPDATE: Found by Handle | Assuming MERGE for Variant Command | Assuming MERGE for Image Command | Variants updated by SKU: 1
S-20489,S-20489,Arka,FALSE,Size,16x8x12,,,,,1.62,S-20489,draft,https://img.uline.com/is/image/uline/S-20489?$MediumRHD$,uline,"Home > All Products > Boxes, Corrugated > Corrugated Boxes (200# Test) > Misc Box Sizes",8.19257E+12,s-20489,OK,UPDATE: Found by Handle | Assuming MERGE for Variant Command | Assuming MERGE for Image Command | Variants updated by SKU: 1
S-4787,S-4787,Arka,FALSE,Size,16x9x3,,,,,1.36,S-4787,draft,https://img.uline.com/is/image/uline/S-4787?$MediumRHD$,uline,"Home > All Products > Boxes, Corrugated > Corrugated Boxes (200# Test) > Flat Boxes",8.19257E+12,s-4787,OK,UPDATE: Found by Handle | Assuming MERGE for Variant Command | Assuming MERGE for Image Command | Variants updated by SKU: 1
S-21059,S-21059,Arka,FALSE,Size,16x9x9,,,,,1.53,S-21059,draft,https://img.uline.com/is/image/uline/S-21059?$MediumRHD$,uline,"Home > All Products > Boxes, Corrugated > Corrugated Boxes (200# Test) > Misc Box Sizes",8.19257E+12,s-21059,OK,UPDATE: Found by Handle | Assuming MERGE for Variant Command | Assuming MERGE for Image Command | Variants updated by SKU: 1
S-21575,S-21575,Arka,FALSE,Size,16x10x5,,,,,1.42,S-21575,draft,https://img.uline.com/is/image/uline/S-21575?$MediumRHD$,uline,"Home > All Products > Boxes, Corrugated > Corrugated Boxes (200# Test) > Flat Boxes",8.19257E+12,s-21575,OK,UPDATE: Found by Handle | Assuming MERGE for Variant Command | Assuming MERGE for Image Command | Variants updated by SKU: 1
S-4944,S-4944,Arka,FALSE,Size,16x10x4,,,,,1.4,S-4944,draft,https://img.uline.com/is/image/uline/S-4944?$MediumRHD$,uline,"Home > All Products > Boxes, Corrugated > Corrugated Boxes (200# Test) > Flat Boxes",8.19257E+12,s-4944,OK,UPDATE: Found by Handle | Assuming MERGE for Variant Command | Assuming MERGE for Image Command | Variants updated by SKU: 1
S-4157,S-4157,Arka,FALSE,Size,16x10x6,,,,,0.96,S-4157,draft,https://img.uline.com/is/image/uline/S-4157?$MediumRHD$,uline,"Home > All Products > Boxes, Corrugated > Corrugated Boxes (200# Test) > Misc Box Sizes",8.19257E+12,s-4157,OK,UPDATE: Found by Handle | Assuming MERGE for Variant Command | Assuming MERGE for Image Command | Variants updated by SKU: 1
S-4161,S-4161,Arka,FALSE,Size,16x10x8,,,,,1.58,S-4161,draft,https://img.uline.com/is/image/uline/S-4161?$MediumRHD$,uline,"Home > All Products > Boxes, Corrugated > Corrugated Boxes (200# Test) > Misc Box Sizes",8.19257E+12,s-4161,OK,UPDATE: Found by Handle | Assuming MERGE for Variant Command | Assuming MERGE for Image Command | Variants updated by SKU: 1
S-4391,S-4391,Arka,FALSE,Size,16x10x10,,,,,1.7,S-4391,draft,https://img.uline.com/is/image/uline/S-4391?$MediumRHD$,uline,"Home > All Products > Boxes, Corrugated > Corrugated Boxes (200# Test) > Misc Box Sizes",8.19257E+12,s-4391,OK,UPDATE: Found by Handle | Assuming MERGE for Variant Command | Assuming MERGE for Image Command | Variants updated by SKU: 1
S-21536,S-21536,Arka,FALSE,Size,16x10x10,,,,,2.88,S-21536,draft,https://img.uline.com/is/image/uline/S-21536?$MediumRHD$,uline,"Home > All Products > Boxes, Corrugated > Heavy Duty Boxes > 275 Lb. Test Double Wall Boxes",8.19257E+12,s-21536,OK,UPDATE: Found by Handle | Assuming MERGE for Variant Command | Assuming MERGE for Image Command | Variants updated by SKU: 1
S-12597,S-12597,Arka,FALSE,Size,16x10x12,,,,,1.98,S-12597,draft,https://img.uline.com/is/image/uline/S-12597?$MediumRHD$,uline,"Home > All Products > Boxes, Corrugated > Corrugated Boxes (200# Test) > Misc Box Sizes",8.19257E+12,s-12597,OK,UPDATE: Found by Handle | Assuming MERGE for Variant Command | Assuming MERGE for Image Command | Variants updated by SKU: 1
S-4721,S-4721,Arka,FALSE,Size,16x11x9,,,,,1.71,S-4721,draft,https://img.uline.com/is/image/uline/S-4721?$MediumRHD$,uline,"Home > All Products > Boxes, Corrugated > Corrugated Boxes (200# Test) > Misc Box Sizes",8.19257E+12,s-4721,OK,UPDATE: Found by Handle | Assuming MERGE for Variant Command | Assuming MERGE for Image Command | Variants updated by SKU: 1
S-15053,S-15053,Arka,FALSE,Size,16x10x16,,,,,2.18,S-15053,draft,https://img.uline.com/is/image/uline/S-15053?$MediumRHD$,uline,"Home > All Products > Boxes, Corrugated > Corrugated Boxes (200# Test) > Misc Box Sizes",8.19257E+12,s-15053,OK,UPDATE: Found by Handle | Assuming MERGE for Variant Command | Assuming MERGE for Image Command | Variants updated by SKU: 1
S-20490,S-20490,Arka,FALSE,Size,16x12x3,,,,,1.65,S-20490,draft,https://img.uline.com/is/image/uline/S-20490?$MediumRHD$,uline,"Home > All Products > Boxes, Corrugated > Corrugated Boxes (200# Test) > Flat Boxes",8.19257E+12,s-20490,OK,UPDATE: Found by Handle | Assuming MERGE for Variant Command | Assuming MERGE for Image Command | Variants updated by SKU: 1
S-16749,S-16749,Arka,FALSE,Size,16x11x10,,,,,1.81,S-16749,draft,https://img.uline.com/is/image/uline/S-16749?$MediumRHD$,uline,"Home > All Products > Boxes, Corrugated > Corrugated Boxes (200# Test) > Misc Box Sizes",8.19257E+12,s-16749,OK,UPDATE: Found by Handle | Assuming MERGE for Variant Command | Assuming MERGE for Image Command | Variants updated by SKU: 1
S-4363,S-4363,Arka,FALSE,Size,16x12x4,,,,,1.16,S-4363,draft,https://img.uline.com/is/image/uline/S-4363?$MediumRHD$,uline,"Home > All Products > Boxes, Corrugated > Corrugated Boxes (200# Test) > Flat Boxes",8.19257E+12,s-4363,OK,UPDATE: Found by Handle | Assuming MERGE for Variant Command | Assuming MERGE for Image Command | Variants updated by SKU: 1
S-23975,S-23975,Arka,FALSE,Size,16x12x5,,,,,1.7,S-23975,draft,https://img.uline.com/is/image/uline/S-23975?$MediumRHD$,uline,"Home > All Products > Boxes, Corrugated > Corrugated Boxes (200# Test) > Flat Boxes",8.19257E+12,s-23975,OK,UPDATE: Found by Handle | Assuming MERGE for Variant Command | Assuming MERGE for Image Command | Variants updated by SKU: 1
S-4969,S-4969,Arka,FALSE,Size,16x12x6,,,,,1.18,S-4969,draft,https://img.uline.com/is/image/uline/S-4969?$MediumRHD$,uline,"Home > All Products > Boxes, Corrugated > Corrugated Boxes (200# Test) > Flat Boxes",8.19257E+12,s-4969,OK,UPDATE: Found by Handle | Assuming MERGE for Variant Command | Assuming MERGE for Image Command | Variants updated by SKU: 1
S-23960,S-23960,Arka,FALSE,Size,16x12x6,,,,,2.77,S-23960,draft,https://img.uline.com/is/image/uline/S-23960?$MediumRHD$,uline,"Home > All Products > Boxes, Corrugated > Heavy Duty Boxes > 275 Lb. Test Double Wall Boxes",8.19257E+12,s-23960,OK,UPDATE: Found by Handle | Assuming MERGE for Variant Command | Assuming MERGE for Image Command | Variants updated by SKU: 1
S-4425,S-4425,Arka,FALSE,Size,16x12x6,,,,,2.07,S-4425,draft,https://img.uline.com/is/image/uline/S-4425?$MediumRHD$,uline,"Home > All Products > Boxes, Corrugated > Corrugated Boxes (200# Test) > Multi-Depth Boxes",8.19257E+12,s-4425,OK,UPDATE: Found by Handle | Assuming MERGE for Variant Command | Assuming MERGE for Image Command | Variants updated by SKU: 1
S-16750,S-16750,Arka,FALSE,Size,16x12x7,,,,,1.74,S-16750,draft,https://img.uline.com/is/image/uline/S-16750?$MediumRHD$,uline,"Home > All Products > Boxes, Corrugated > Corrugated Boxes (200# Test) > Misc Box Sizes",8.19257E+12,s-16750,OK,UPDATE: Found by Handle | Assuming MERGE for Variant Command | Assuming MERGE for Image Command | Variants updated by SKU: 1
S-4235,S-4235,Arka,FALSE,Size,16x12x8,,,,,1.22,S-4235,draft,https://img.uline.com/is/image/uline/S-4235?$MediumRHD$,uline,"Home > All Products > Boxes, Corrugated > Corrugated Boxes (200# Test) > Misc Box Sizes",8.19257E+12,s-4235,OK,UPDATE: Found by Handle | Assuming MERGE for Variant Command | Assuming MERGE for Image Command | Variants updated by SKU: 1
S-15054,S-15054,Arka,FALSE,Size,16x12x8,,,,,2.57,S-15054,draft,https://img.uline.com/is/image/uline/S-15054?$MediumRHD$,uline,"Home > All Products > Boxes, Corrugated > Heavy Duty Boxes > 275 Lb. Test Single Wall Boxes",8.19257E+12,s-15054,OK,UPDATE: Found by Handle | Assuming MERGE for Variant Command | Assuming MERGE for Image Command | Variants updated by SKU: 1
S-22581,S-22581,Arka,FALSE,Size,16x12x8,,,,,3.07,S-22581,draft,https://img.uline.com/is/image/uline/S-22581?$MediumRHD$,uline,"Home > All Products > Boxes, Corrugated > Heavy Duty Boxes > 275 Lb. Test Double Wall Boxes",8.19257E+12,s-22581,OK,UPDATE: Found by Handle | Assuming MERGE for Variant Command | Assuming MERGE for Image Command | Variants updated by SKU: 1
S-14275,S-14275,Arka,FALSE,Size,16x12x9,,,,,1.98,S-14275,draft,https://img.uline.com/is/image/uline/S-14275?$MediumRHD$,uline,"Home > All Products > Boxes, Corrugated > Corrugated Boxes (200# Test) > Misc Box Sizes",8.19257E+12,s-14275,OK,UPDATE: Found by Handle | Assuming MERGE for Variant Command | Assuming MERGE for Image Command | Variants updated by SKU: 1
S-4794,S-4794,Arka,FALSE,Size,20x16x14,,,,,4.38,S-4794,draft,https://img.uline.com/is/image/uline/S-4794?$MediumRHD$,uline,"Home > All Products > Boxes, Corrugated > Heavy Duty Boxes > 275 Lb. Test Single Wall Boxes",8.19257E+12,s-4794,OK,UPDATE: Found by Handle | Assuming MERGE for Variant Command | Assuming MERGE for Image Command | Variants updated by SKU: 1
S-4635,S-4635,Arka,FALSE,Size,18x12x12,,,,,2.8,S-4635,draft,https://img.uline.com/is/image/uline/S-4635?$MediumRHD$,uline,"Home > All Products > Boxes, Corrugated > Heavy Duty Boxes > 275 Lb. Test Single Wall Boxes",8.19257E+12,s-4635,OK,UPDATE: Found by Handle | Assuming MERGE for Variant Command | Assuming MERGE for Image Command | Variants updated by SKU: 1
S-4801,S-4801,Arka,FALSE,Size,24x18x12,,,,,4.67,S-4801,draft,https://img.uline.com/is/image/uline/S-4801?$MediumRHD$,uline,"Home > All Products > Boxes, Corrugated > Heavy Duty Boxes > 275 Lb. Test Single Wall Boxes",8.19257E+12,s-4801,OK,UPDATE: Found by Handle | Assuming MERGE for Variant Command | Assuming MERGE for Image Command | Variants updated by SKU: 1
S-4476,S-4476,Arka,FALSE,Size,17.25x11.50x12,,,,,1.52,S-4476,draft,https://img.uline.com/is/image/uline/S-4476?$MediumRHD$,uline,"Home > All Products > Boxes, Corrugated > Corrugated Boxes (200# Test) > Multi-Depth Boxes",8.19257E+12,s-4476,OK,UPDATE: Found by Handle | Assuming MERGE for Variant Command | Assuming MERGE for Image Command | Variants updated by SKU: 1
S-4160,S-4160,Arka,FALSE,Size,16x12x10,,,,,1.34,S-4160,draft,https://img.uline.com/is/image/uline/S-4160?$MediumRHD$,uline,"Home > All Products > Boxes, Corrugated > Corrugated Boxes (200# Test) > Misc Box Sizes",8.19257E+12,s-4160,OK,UPDATE: Found by Handle | Assuming MERGE for Variant Command | Assuming MERGE for Image Command | Variants updated by SKU: 1
S-16517,S-16517,Arka,FALSE,Size,16x12x10,,,,,3.35,S-16517,draft,https://img.uline.com/is/image/uline/S-16517?$MediumRHD$,uline,"Home > All Products > Boxes, Corrugated > Heavy Duty Boxes > 275 Lb. Test Double Wall Boxes",8.19257E+12,s-16517,OK,UPDATE: Found by Handle | Assuming MERGE for Variant Command | Assuming MERGE for Image Command | Variants updated by SKU: 1
S-22191,S-22191,Arka,FALSE,Size,16x12x11,,,,,2.16,S-22191,draft,https://img.uline.com/is/image/uline/S-22191?$MediumRHD$,uline,"Home > All Products > Boxes, Corrugated > Corrugated Boxes (200# Test) > Misc Box Sizes",8.19257E+12,s-22191,OK,UPDATE: Found by Handle | Assuming MERGE for Variant Command | Assuming MERGE for Image Command | Variants updated by SKU: 1
S-4163,S-4163,Arka,FALSE,Size,16x12x12,,,,,1.42,S-4163,draft,https://img.uline.com/is/image/uline/S-4163?$MediumRHD$,uline,"Home > All Products > Boxes, Corrugated > Moving Boxes > Packing/Storage Boxes",8.19257E+12,s-4163,OK,UPDATE: Found by Handle | Assuming MERGE for Variant Command | Assuming MERGE for Image Command | Variants updated by SKU: 1
S-539,S-539,Arka,FALSE,Size,16x12x12,,,,,2.43,S-539,draft,https://img.uline.com/is/image/uline/S-539?$MediumRHD$,uline,"Home > All Products > Boxes, Corrugated > Corrugated Boxes (200# Test) > Multi-Depth Boxes",8.19257E+12,s-539,OK,UPDATE: Found by Handle | Assuming MERGE for Variant Command | Assuming MERGE for Image Command | Variants updated by SKU: 1
S-20487,S-20487,Arka,FALSE,Size,16x12x12,,,,,2.43,S-20487,draft,https://img.uline.com/is/image/uline/S-20487?$MediumRHD$,uline,"Home > All Products > Boxes, Corrugated > Corrugated Boxes (200# Test) > White Corrugated Boxes",8.19257E+12,s-20487,OK,UPDATE: Found by Handle | Assuming MERGE for Variant Command | Assuming MERGE for Image Command | Variants updated by SKU: 1
S-13306,S-13306,Arka,FALSE,Size,16x12x12,,,,,3.03,S-13306,draft,https://img.uline.com/is/image/uline/S-13306?$MediumRHD$,uline,"Home > All Products > Boxes, Corrugated > Heavy Duty Boxes > 275 Lb. Test Single Wall Boxes",8.19257E+12,s-13306,OK,UPDATE: Found by Handle | Assuming MERGE for Variant Command | Assuming MERGE for Image Command | Variants updated by SKU: 1
S-4788,S-4788,Arka,FALSE,Size,16x12x12,,,,,3.66,S-4788,draft,https://img.uline.com/is/image/uline/S-4788?$MediumRHD$,uline,"Home > All Products > Boxes, Corrugated > Heavy Duty Boxes > 275 Lb. Test Double Wall Boxes",8.19257E+12,s-4788,OK,UPDATE: Found by Handle | Assuming MERGE for Variant Command | Assuming MERGE for Image Command | Variants updated by SKU: 1
S-21054,S-21054,Arka,FALSE,Size,16x12x14,,,,,2.39,S-21054,draft,https://img.uline.com/is/image/uline/S-21054?$MediumRHD$,uline,"Home > All Products > Boxes, Corrugated > Corrugated Boxes (200# Test) > Misc Box Sizes",8.19257E+12,s-21054,OK,UPDATE: Found by Handle | Assuming MERGE for Variant Command | Assuming MERGE for Image Command | Variants updated by SKU: 1
S-19821,S-19821,Arka,FALSE,Size,16x12x16,,,,,2.69,S-19821,draft,https://img.uline.com/is/image/uline/S-19821?$MediumRHD$,uline,"Home > All Products > Boxes, Corrugated > Corrugated Boxes (200# Test) > Misc Box Sizes",8.19257E+12,s-19821,OK,UPDATE: Found by Handle | Assuming MERGE for Variant Command | Assuming MERGE for Image Command | Variants updated by SKU: 1
S-22657,S-22657,Arka,FALSE,Size,16x12x18,,,,,2.82,S-22657,draft,https://img.uline.com/is/image/uline/S-22657?$MediumRHD$,uline,"Home > All Products > Boxes, Corrugated > Corrugated Boxes (200# Test) > Misc Box Sizes",8.19257E+12,s-22657,OK,UPDATE: Found by Handle | Assuming MERGE for Variant Command | Assuming MERGE for Image Command | Variants updated by SKU: 1
S-13307,S-13307,Arka,FALSE,Size,16x13x13,,,,,2.38,S-13307,draft,https://img.uline.com/is/image/uline/S-13307?$MediumRHD$,uline,"Home > All Products > Boxes, Corrugated > Corrugated Boxes (200# Test) > Misc Box Sizes",8.19257E+12,s-13307,OK,UPDATE: Found by Handle | Assuming MERGE for Variant Command | Assuming MERGE for Image Command | Variants updated by SKU: 1
S-4991,S-4991,Arka,FALSE,Size,16x14x4,,,,,1.79,S-4991,draft,https://img.uline.com/is/image/uline/S-4991?$MediumRHD$,uline,"Home > All Products > Boxes, Corrugated > Corrugated Boxes (200# Test) > Flat Boxes",8.19257E+12,s-4991,OK,UPDATE: Found by Handle | Assuming MERGE for Variant Command | Assuming MERGE for Image Command | Variants updated by SKU: 1
S-4892,S-4892,Arka,FALSE,Size,16x14x6,,,,,1.92,S-4892,draft,https://img.uline.com/is/image/uline/S-4892?$MediumRHD$,uline,"Home > All Products > Boxes, Corrugated > Corrugated Boxes (200# Test) > Flat Boxes",8.19257E+12,s-4892,OK,UPDATE: Found by Handle | Assuming MERGE for Variant Command | Assuming MERGE for Image Command | Variants updated by SKU: 1
S-4564,S-4564,Arka,FALSE,Size,16x14x8,,,,,1.96,S-4564,draft,https://img.uline.com/is/image/uline/S-4564?$MediumRHD$,uline,"Home > All Products > Boxes, Corrugated > Corrugated Boxes (200# Test) > Misc Box Sizes",8.19257E+12,s-4564,OK,UPDATE: Found by Handle | Assuming MERGE for Variant Command | Assuming MERGE for Image Command | Variants updated by SKU: 1
S-4392,S-4392,Arka,FALSE,Size,16x14x10,,,,,2.33,S-4392,draft,https://img.uline.com/is/image/uline/S-4392?$MediumRHD$,uline,"Home > All Products > Boxes, Corrugated > Corrugated Boxes (200# Test) > Misc Box Sizes",8.19257E+12,s-4392,OK,UPDATE: Found by Handle | Assuming MERGE for Variant Command | Assuming MERGE for Image Command | Variants updated by SKU: 1
S-4151,S-4151,Arka,FALSE,Size,16x14x12,,,,,2.44,S-4151,draft,https://img.uline.com/is/image/uline/S-4151?$MediumRHD$,uline,"Home > All Products > Boxes, Corrugated > Corrugated Boxes (200# Test) > Misc Box Sizes",8.19257E+12,s-4151,OK,UPDATE: Found by Handle | Assuming MERGE for Variant Command | Assuming MERGE for Image Command | Variants updated by SKU: 1
S-22658,S-22658,Arka,FALSE,Size,16x14x18,,,,,3.11,S-22658,draft,https://img.uline.com/is/image/uline/S-22658?$MediumRHD$,uline,"Home > All Products > Boxes, Corrugated > Corrugated Boxes (200# Test) > Misc Box Sizes",8.19257E+12,s-22658,OK,UPDATE: Found by Handle | Assuming MERGE for Variant Command | Assuming MERGE for Image Command | Variants updated by SKU: 1
S-12598,S-12598,Arka,FALSE,Size,16x14x14,,,,,2.64,S-12598,draft,https://img.uline.com/is/image/uline/S-12598?$MediumRHD$,uline,"Home > All Products > Boxes, Corrugated > Corrugated Boxes (200# Test) > Misc Box Sizes",8.19257E+12,s-12598,OK,UPDATE: Found by Handle | Assuming MERGE for Variant Command | Assuming MERGE for Image Command | Variants updated by SKU: 1
S-4856,S-4856,Arka,FALSE,Size,16x16x3,,,,,1.84,S-4856,draft,https://img.uline.com/is/image/uline/S-4856?$MediumRHD$,uline,"Home > All Products > Boxes, Corrugated > Corrugated Boxes (200# Test) > Flat Boxes",8.19257E+12,s-4856,OK,UPDATE: Found by Handle | Assuming MERGE for Variant Command | Assuming MERGE for Image Command | Variants updated by SKU: 1
S-4535,S-4535,Arka,FALSE,Size,16x16x4,,,,,1.85,S-4535,draft,https://img.uline.com/is/image/uline/S-4535?$MediumRHD$,uline,"Home > All Products > Boxes, Corrugated > Corrugated Boxes (200# Test) > Flat Boxes",8.19257E+12,s-4535,OK,UPDATE: Found by Handle | Assuming MERGE for Variant Command | Assuming MERGE for Image Command | Variants updated by SKU: 1
S-15055,S-15055,Arka,FALSE,Size,16x16x5,,,,,1.97,S-15055,draft,https://img.uline.com/is/image/uline/S-15055?$MediumRHD$,uline,"Home > All Products > Boxes, Corrugated > Corrugated Boxes (200# Test) > Flat Boxes",8.19257E+12,s-15055,OK,UPDATE: Found by Handle | Assuming MERGE for Variant Command | Assuming MERGE for Image Command | Variants updated by SKU: 1
S-4536,S-4536,Arka,FALSE,Size,16x16x6,,,,,1.44,S-4536,draft,https://img.uline.com/is/image/uline/S-4536?$MediumRHD$,uline,"Home > All Products > Boxes, Corrugated > Corrugated Boxes (200# Test) > Flat Boxes",8.19257E+12,s-4536,OK,UPDATE: Found by Handle | Assuming MERGE for Variant Command | Assuming MERGE for Image Command | Variants updated by SKU: 1
S-4495,S-4495,Arka,FALSE,Size,16x16x6,,,,,2.18,S-4495,draft,https://img.uline.com/is/image/uline/S-4495?$MediumRHD$,uline,"Home > All Products > Boxes, Corrugated > Corrugated Boxes (200# Test) > Multi-Depth Boxes",8.19257E+12,s-4495,OK,UPDATE: Found by Handle | Assuming MERGE for Variant Command | Assuming MERGE for Image Command | Variants updated by SKU: 1
S-22122,S-22122,Arka,FALSE,Size,16x16x6,,,,,3.83,S-22122,draft,https://img.uline.com/is/image/uline/S-22122?$MediumRHD$,uline,"Home > All Products > Boxes, Corrugated > Heavy Duty Boxes > 275 Lb. Test Double Wall Boxes",8.19257E+12,s-22122,OK,UPDATE: Found by Handle | Assuming MERGE for Variant Command | Assuming MERGE for Image Command | Variants updated by SKU: 1
S-21055,S-21055,Arka,FALSE,Size,16x16x7,,,,,2.22,S-21055,draft,https://img.uline.com/is/image/uline/S-21055?$MediumRHD$,uline,"Home > All Products > Boxes, Corrugated > Corrugated Boxes (200# Test) > Misc Box Sizes",8.19257E+12,s-21055,OK,UPDATE: Found by Handle | Assuming MERGE for Variant Command | Assuming MERGE for Image Command | Variants updated by SKU: 1
S-4393,S-4393,Arka,FALSE,Size,16x16x8,,,,,1.6,S-4393,draft,https://img.uline.com/is/image/uline/S-4393?$MediumRHD$,uline,"Home > All Products > Boxes, Corrugated > Corrugated Boxes (200# Test) > Misc Box Sizes",8.19257E+12,s-4393,OK,UPDATE: Found by Handle | Assuming MERGE for Variant Command | Assuming MERGE for Image Command | Variants updated by SKU: 1
S-13308,S-13308,Arka,FALSE,Size,16x16x8,,,,,4.16,S-13308,draft,https://img.uline.com/is/image/uline/S-13308?$MediumRHD$,uline,"Home > All Products > Boxes, Corrugated > Heavy Duty Boxes > 275 Lb. Test Double Wall Boxes",8.19257E+12,s-13308,OK,UPDATE: Found by Handle | Assuming MERGE for Variant Command | Assuming MERGE for Image Command | Variants updated by SKU: 1
S-4537,S-4537,Arka,FALSE,Size,16x16x9,,,,,2.54,S-4537,draft,https://img.uline.com/is/image/uline/S-4537?$MediumRHD$,uline,"Home > All Products > Boxes, Corrugated > Corrugated Boxes (200# Test) > Misc Box Sizes",8.19257E+12,s-4537,OK,UPDATE: Found by Handle | Assuming MERGE for Variant Command | Assuming MERGE for Image Command | Variants updated by SKU: 1
S-4164,S-4164,Arka,FALSE,Size,16x16x10,,,,,1.75,S-4164,draft,https://img.uline.com/is/image/uline/S-4164?$MediumRHD$,uline,"Home > All Products > Boxes, Corrugated > Corrugated Boxes (200# Test) > Misc Box Sizes",8.19257E+12,s-4164,OK,UPDATE: Found by Handle | Assuming MERGE for Variant Command | Assuming MERGE for Image Command | Variants updated by SKU: 1
S-16518,S-16518,Arka,FALSE,Size,16x16x10,,,,,4.5,S-16518,draft,https://img.uline.com/is/image/uline/S-16518?$MediumRHD$,uline,"Home > All Products > Boxes, Corrugated > Heavy Duty Boxes > 275 Lb. Test Double Wall Boxes",8.19257E+12,s-16518,OK,UPDATE: Found by Handle | Assuming MERGE for Variant Command | Assuming MERGE for Image Command | Variants updated by SKU: 1
S-4538,S-4538,Arka,FALSE,Size,16x16x11,,,,,2.8,S-4538,draft,https://img.uline.com/is/image/uline/S-4538?$MediumRHD$,uline,"Home > All Products > Boxes, Corrugated > Corrugated Boxes (200# Test) > Misc Box Sizes",8.19257E+12,s-4538,OK,UPDATE: Found by Handle | Assuming MERGE for Variant Command | Assuming MERGE for Image Command | Variants updated by SKU: 1
S-4165,S-4165,Arka,FALSE,Size,16x16x12,,,,,2.07,S-4165,draft,https://img.uline.com/is/image/uline/S-4165?$MediumRHD$,uline,"Home > All Products > Boxes, Corrugated > Corrugated Boxes (200# Test) > Misc Box Sizes",8.19257E+12,s-4165,OK,UPDATE: Found by Handle | Assuming MERGE for Variant Command | Assuming MERGE for Image Command | Variants updated by SKU: 1
S-11253,S-11253,Arka,FALSE,Size,16x16x12,,,,,4.84,S-11253,draft,https://img.uline.com/is/image/uline/S-11253?$MediumRHD$,uline,"Home > All Products > Boxes, Corrugated > Heavy Duty Boxes > 275 Lb. Test Double Wall Boxes",8.19257E+12,s-11253,OK,UPDATE: Found by Handle | Assuming MERGE for Variant Command | Assuming MERGE for Image Command | Variants updated by SKU: 1
S-21056,S-21056,Arka,FALSE,Size,16x16x13,,,,,3.03,S-21056,draft,https://img.uline.com/is/image/uline/S-21056?$MediumRHD$,uline,"Home > All Products > Boxes, Corrugated > Corrugated Boxes (200# Test) > Misc Box Sizes",8.19257E+12,s-21056,OK,UPDATE: Found by Handle | Assuming MERGE for Variant Command | Assuming MERGE for Image Command | Variants updated by SKU: 1
S-4893,S-4893,Arka,FALSE,Size,16x16x14,,,,,3.14,S-4893,draft,https://img.uline.com/is/image/uline/S-4893?$MediumRHD$,uline,"Home > All Products > Boxes, Corrugated > Corrugated Boxes (200# Test) > Misc Box Sizes",8.19257E+12,s-4893,OK,UPDATE: Found by Handle | Assuming MERGE for Variant Command | Assuming MERGE for Image Command | Variants updated by SKU: 1
S-4166,S-4166,Arka,FALSE,Size,16x16x16,,,,,2.04,S-4166,draft,https://img.uline.com/is/image/uline/S-4166?$MediumRHD$,uline,"Home > All Products > Boxes, Corrugated > Corrugated Boxes (200# Test) > Cube Boxes",8.19257E+12,s-4166,OK,UPDATE: Found by Handle | Assuming MERGE for Variant Command | Assuming MERGE for Image Command | Variants updated by SKU: 1
S-4370,S-4370,Arka,FALSE,Size,16x16x16,,,,,3.66,S-4370,draft,https://img.uline.com/is/image/uline/S-4370?$MediumRHD$,uline,"Home > All Products > Boxes, Corrugated > Corrugated Boxes (200# Test) > Multi-Depth Boxes",8.19257E+12,s-4370,OK,UPDATE: Found by Handle | Assuming MERGE for Variant Command | Assuming MERGE for Image Command | Variants updated by SKU: 1
S-4933,S-4933,Arka,FALSE,Size,16x16x16,,,,,3.77,S-4933,draft,https://img.uline.com/is/image/uline/S-4933?$MediumRHD$,uline,"Home > All Products > Boxes, Corrugated > Corrugated Boxes (200# Test) > White Corrugated Boxes",8.19257E+12,s-4933,OK,UPDATE: Found by Handle | Assuming MERGE for Variant Command | Assuming MERGE for Image Command | Variants updated by SKU: 1
S-4627,S-4627,Arka,FALSE,Size,16x16x16,,,,,4.16,S-4627,draft,https://img.uline.com/is/image/uline/S-4627?$MediumRHD$,uline,"Home > All Products > Boxes, Corrugated > Heavy Duty Boxes > 275 Lb. Test Single Wall Boxes",8.19257E+12,s-4627,OK,UPDATE: Found by Handle | Assuming MERGE for Variant Command | Assuming MERGE for Image Command | Variants updated by SKU: 1
S-18917,S-18917,Arka,FALSE,Size,16x16x16,,,,,12.6,S-18917,draft,https://img.uline.com/is/image/uline/S-18917?$MediumRHD$,uline,"Home > All Products > Boxes, Corrugated > Heavy Duty Boxes > 500 Lb. Double Wall Boxes",8.19257E+12,s-18917,OK,UPDATE: Found by Handle | Assuming MERGE for Variant Command | Assuming MERGE for Image Command | Variants updated by SKU: 1
S-21057,S-21057,Arka,FALSE,Size,16x16x18,,,,,3.58,S-21057,draft,https://img.uline.com/is/image/uline/S-21057?$MediumRHD$,uline,"Home > All Products > Boxes, Corrugated > Corrugated Boxes (200# Test) > Misc Box Sizes",8.19257E+12,s-21057,OK,UPDATE: Found by Handle | Assuming MERGE for Variant Command | Assuming MERGE for Image Command | Variants updated by SKU: 1
S-21537,S-21537,Arka,FALSE,Size,16x16x18,,,,,6.3,S-21537,draft,https://img.uline.com/is/image/uline/S-21537?$MediumRHD$,uline,"Home > All Products > Boxes, Corrugated > Heavy Duty Boxes > 275 Lb. Test Double Wall Boxes",8.19257E+12,s-21537,OK,UPDATE: Found by Handle | Assuming MERGE for Variant Command | Assuming MERGE for Image Command | Variants updated by SKU: 1
S-4565,S-4565,Arka,FALSE,Size,16x16x19,,,,,3.71,S-4565,draft,https://img.uline.com/is/image/uline/S-4565?$MediumRHD$,uline,"Home > All Products > Boxes, Corrugated > Corrugated Boxes (200# Test) > Misc Box Sizes",8.19257E+12,s-4565,OK,UPDATE: Found by Handle | Assuming MERGE for Variant Command | Assuming MERGE for Image Command | Variants updated by SKU: 1
S-4628,S-4628,Arka,FALSE,Size,16x16x20,,,,,3.93,S-4628,draft,https://img.uline.com/is/image/uline/S-4628?$MediumRHD$,uline,"Home > All Products > Boxes, Corrugated > Corrugated Boxes (200# Test) > Misc Box Sizes",8.19257E+12,s-4628,OK,UPDATE: Found by Handle | Assuming MERGE for Variant Command | Assuming MERGE for Image Command | Variants updated by SKU: 1
S-23315,S-23315,Arka,FALSE,Size,16x16x20,,,,,6.66,S-23315,draft,https://img.uline.com/is/image/uline/S-23315?$MediumRHD$,uline,"Home > All Products > Boxes, Corrugated > Heavy Duty Boxes > 275 Lb. Test Double Wall Boxes",8.19257E+12,s-23315,OK,UPDATE: Found by Handle | Assuming MERGE for Variant Command | Assuming MERGE for Image Command | Variants updated by SKU: 1
S-16751,S-16751,Arka,FALSE,Size,16x16x24,,,,,4.22,S-16751,draft,https://img.uline.com/is/image/uline/S-16751?$MediumRHD$,uline,"Home > All Products > Boxes, Corrugated > Corrugated Boxes (200# Test) > Misc Box Sizes",8.19257E+12,s-16751,OK,UPDATE: Found by Handle | Assuming MERGE for Variant Command | Assuming MERGE for Image Command | Variants updated by SKU: 1
S-20483,S-20483,Arka,FALSE,Size,16x16x22,,,,,4.09,S-20483,draft,https://img.uline.com/is/image/uline/S-20483?$MediumRHD$,uline,"Home > All Products > Boxes, Corrugated > Corrugated Boxes (200# Test) > Misc Box Sizes",8.19257E+12,s-20483,OK,UPDATE: Found by Handle | Assuming MERGE for Variant Command | Assuming MERGE for Image Command | Variants updated by SKU: 1
S-4629,S-4629,Arka,FALSE,Size,16x16x26,,,,,4.47,S-4629,draft,https://img.uline.com/is/image/uline/S-4629?$MediumRHD$,uline,"Home > All Products > Boxes, Corrugated > Corrugated Boxes (200# Test) > Misc Box Sizes",8.19257E+12,s-4629,OK,UPDATE: Found by Handle | Assuming MERGE for Variant Command | Assuming MERGE for Image Command | Variants updated by SKU: 1
S-14224,S-14224,Arka,FALSE,Size,18x6x45,,,,,11.01,S-14224,draft,https://img.uline.com/is/image/uline/S-14224?$MediumRHD$,uline,"Home > All Products > Boxes, Corrugated > Moving Boxes > Guitar Boxes",8.19257E+12,s-14224,OK,UPDATE: Found by Handle | Assuming MERGE for Variant Command | Assuming MERGE for Image Command | Variants updated by SKU: 1
S-4818,S-4818,Arka,FALSE,Size,18x8x8,,,,,1.6,S-4818,draft,https://img.uline.com/is/image/uline/S-4818?$MediumRHD$,uline,"Home > All Products > Boxes, Corrugated > Corrugated Boxes (200# Test) > Long Boxes",8.19257E+12,s-4818,OK,UPDATE: Found by Handle | Assuming MERGE for Variant Command | Assuming MERGE for Image Command | Variants updated by SKU: 1
S-16752,S-16752,Arka,FALSE,Size,16x16x48,,,,,6.44,S-16752,draft,https://img.uline.com/is/image/uline/S-16752?$MediumRHD$,uline,"Home > All Products > Boxes, Corrugated > Corrugated Boxes (200# Test) > Tall Boxes",8.19257E+12,s-16752,OK,UPDATE: Found by Handle | Assuming MERGE for Variant Command | Assuming MERGE for Image Command | Variants updated by SKU: 1
S-19081,S-19081,Arka,FALSE,Size,16x16x30,,,,,4.86,S-19081,draft,https://img.uline.com/is/image/uline/S-19081?$MediumRHD$,uline,"Home > All Products > Boxes, Corrugated > Corrugated Boxes (200# Test) > Misc Box Sizes",8.19257E+12,s-19081,OK,UPDATE: Found by Handle | Assuming MERGE for Variant Command | Assuming MERGE for Image Command | Variants updated by SKU: 1
S-4894,S-4894,Arka,FALSE,Size,16x16x36,,,,,5.46,S-4894,draft,https://img.uline.com/is/image/uline/S-4894?$MediumRHD$,uline,"Home > All Products > Boxes, Corrugated > Corrugated Boxes (200# Test) > Tall Boxes",8.19257E+12,s-4894,OK,UPDATE: Found by Handle | Assuming MERGE for Variant Command | Assuming MERGE for Image Command | Variants updated by SKU: 1
S-11249,S-11249,Arka,FALSE,Size,16x16x40,,,,,11.26,S-11249,draft,https://img.uline.com/is/image/uline/S-11249?$MediumRHD$,uline,"Home > All Products > Boxes, Corrugated > Corrugated Boxes (200# Test) > Telescopic Boxes",8.19257E+12,s-11249,OK,UPDATE: Found by Handle | Assuming MERGE for Variant Command | Assuming MERGE for Image Command | Variants updated by SKU: 1
S-4992,S-4992,Arka,FALSE,Size,17x6x6,,,,,1.11,S-4992,draft,https://img.uline.com/is/image/uline/S-4992?$MediumRHD$,uline,"Home > All Products > Boxes, Corrugated > Corrugated Boxes (200# Test) > Long Boxes",8.19257E+12,s-4992,OK,UPDATE: Found by Handle | Assuming MERGE for Variant Command | Assuming MERGE for Image Command | Variants updated by SKU: 1
S-22206,S-22206,Arka,FALSE,Size,17x7x7,,,,,1.34,S-22206,draft,https://img.uline.com/is/image/uline/S-22206?$MediumRHD$,uline,"Home > All Products > Boxes, Corrugated > Corrugated Boxes (200# Test) > Long Boxes",8.19257E+12,s-22206,OK,UPDATE: Found by Handle | Assuming MERGE for Variant Command | Assuming MERGE for Image Command | Variants updated by SKU: 1
S-4630,S-4630,Arka,FALSE,Size,17x9x9,,,,,1.7,S-4630,draft,https://img.uline.com/is/image/uline/S-4630?$MediumRHD$,uline,"Home > All Products > Boxes, Corrugated > Corrugated Boxes (200# Test) > Misc Box Sizes",8.19257E+12,s-4630,OK,UPDATE: Found by Handle | Assuming MERGE for Variant Command | Assuming MERGE for Image Command | Variants updated by SKU: 1
S-19837,S-19837,Arka,FALSE,Size,17x11x8,,,,,1.73,S-19837,draft,https://img.uline.com/is/image/uline/S-19837?$MediumRHD$,uline,"Home > All Products > Boxes, Corrugated > Corrugated Boxes (200# Test) > Misc Box Sizes",8.19257E+12,s-19837,OK,UPDATE: Found by Handle | Assuming MERGE for Variant Command | Assuming MERGE for Image Command | Variants updated by SKU: 1
S-19082,S-19082,Arka,FALSE,Size,17x12x6,,,,,1.75,S-19082,draft,https://img.uline.com/is/image/uline/S-19082?$MediumRHD$,uline,"Home > All Products > Boxes, Corrugated > Corrugated Boxes (200# Test) > Misc Box Sizes",8.19257E+12,s-19082,OK,UPDATE: Found by Handle | Assuming MERGE for Variant Command | Assuming MERGE for Image Command | Variants updated by SKU: 1
S-23316,S-23316,Arka,FALSE,Size,17x12x8,,,,,1.85,S-23316,draft,https://img.uline.com/is/image/uline/S-23316?$MediumRHD$,uline,"Home > All Products > Boxes, Corrugated > Corrugated Boxes (200# Test) > Misc Box Sizes",8.19257E+12,s-23316,OK,UPDATE: Found by Handle | Assuming MERGE for Variant Command | Assuming MERGE for Image Command | Variants updated by SKU: 1
S-16753,S-16753,Arka,FALSE,Size,17x12x10,,,,,1.9,S-16753,draft,https://img.uline.com/is/image/uline/S-16753?$MediumRHD$,uline,"Home > All Products > Boxes, Corrugated > Corrugated Boxes (200# Test) > Misc Box Sizes",8.19257E+12,s-16753,OK,UPDATE: Found by Handle | Assuming MERGE for Variant Command | Assuming MERGE for Image Command | Variants updated by SKU: 1
S-13309,S-13309,Arka,FALSE,Size,17x12x12,,,,,2.02,S-13309,draft,https://img.uline.com/is/image/uline/S-13309?$MediumRHD$,uline,"Home > All Products > Boxes, Corrugated > Corrugated Boxes (200# Test) > Misc Box Sizes",8.19257E+12,s-13309,OK,UPDATE: Found by Handle | Assuming MERGE for Variant Command | Assuming MERGE for Image Command | Variants updated by SKU: 1
S-24745,S-24745,Arka,FALSE,Size,17x13x3,,,,,1.74,S-24745,draft,https://img.uline.com/is/image/uline/S-24745?$MediumRHD$,uline,"Home > All Products > Boxes, Corrugated > Corrugated Boxes (200# Test) > Flat Boxes",8.19257E+12,s-24745,OK,UPDATE: Found by Handle | Assuming MERGE for Variant Command | Assuming MERGE for Image Command | Variants updated by SKU: 1
S-4755,S-4755,Arka,FALSE,Size,17x13x5,,,,,1.79,S-4755,draft,https://img.uline.com/is/image/uline/S-4755?$MediumRHD$,uline,"Home > All Products > Boxes, Corrugated > Corrugated Boxes (200# Test) > Flat Boxes",8.19257E+12,s-4755,OK,UPDATE: Found by Handle | Assuming MERGE for Variant Command | Assuming MERGE for Image Command | Variants updated by SKU: 1
S-18388,S-18388,Arka,FALSE,Size,17x13x7,,,,,1.98,S-18388,draft,https://img.uline.com/is/image/uline/S-18388?$MediumRHD$,uline,"Home > All Products > Boxes, Corrugated > Corrugated Boxes (200# Test) > Misc Box Sizes",8.19257E+12,s-18388,OK,UPDATE: Found by Handle | Assuming MERGE for Variant Command | Assuming MERGE for Image Command | Variants updated by SKU: 1
S-23976,S-23976,Arka,FALSE,Size,17x13x9,,,,,2.08,S-23976,draft,https://img.uline.com/is/image/uline/S-23976?$MediumRHD$,uline,"Home > All Products > Boxes, Corrugated > Corrugated Boxes (200# Test) > Misc Box Sizes",8.19257E+12,s-23976,OK,UPDATE: Found by Handle | Assuming MERGE for Variant Command | Assuming MERGE for Image Command | Variants updated by SKU: 1
S-4723,S-4723,Arka,FALSE,Size,17x13x13,,,,,2.29,S-4723,draft,https://img.uline.com/is/image/uline/S-4723?$MediumRHD$,uline,"Home > All Products > Boxes, Corrugated > Corrugated Boxes (200# Test) > Misc Box Sizes",8.19257E+12,s-4723,OK,UPDATE: Found by Handle | Assuming MERGE for Variant Command | Assuming MERGE for Image Command | Variants updated by SKU: 1
S-13310,S-13310,Arka,FALSE,Size,17x14x5,,,,,1.98,S-13310,draft,https://img.uline.com/is/image/uline/S-13310?$MediumRHD$,uline,"Home > All Products > Boxes, Corrugated > Corrugated Boxes (200# Test) > Flat Boxes",8.19257E+12,s-13310,OK,UPDATE: Found by Handle | Assuming MERGE for Variant Command | Assuming MERGE for Image Command | Variants updated by SKU: 1
S-4791,S-4791,Arka,FALSE,Size,17x14x9,,,,,2.18,S-4791,draft,https://img.uline.com/is/image/uline/S-4791?$MediumRHD$,uline,"Home > All Products > Boxes, Corrugated > Corrugated Boxes (200# Test) > Misc Box Sizes",8.19257E+12,s-4791,OK,UPDATE: Found by Handle | Assuming MERGE for Variant Command | Assuming MERGE for Image Command | Variants updated by SKU: 1
S-19083,S-19083,Arka,FALSE,Size,17x14x10,,,,,2.25,S-19083,draft,https://img.uline.com/is/image/uline/S-19083?$MediumRHD$,uline,"Home > All Products > Boxes, Corrugated > Corrugated Boxes (200# Test) > Misc Box Sizes",8.19257E+12,s-19083,OK,UPDATE: Found by Handle | Assuming MERGE for Variant Command | Assuming MERGE for Image Command | Variants updated by SKU: 1
S-20484,S-20484,Arka,FALSE,Size,17x14x14,,,,,2.6,S-20484,draft,https://img.uline.com/is/image/uline/S-20484?$MediumRHD$,uline,"Home > All Products > Boxes, Corrugated > Corrugated Boxes (200# Test) > Misc Box Sizes",8.19257E+12,s-20484,OK,UPDATE: Found by Handle | Assuming MERGE for Variant Command | Assuming MERGE for Image Command | Variants updated by SKU: 1
S-16754,S-16754,Arka,FALSE,Size,17x17x4,,,,,2.18,S-16754,draft,https://img.uline.com/is/image/uline/S-16754?$MediumRHD$,uline,"Home > All Products > Boxes, Corrugated > Corrugated Boxes (200# Test) > Flat Boxes",8.19257E+12,s-16754,OK,UPDATE: Found by Handle | Assuming MERGE for Variant Command | Assuming MERGE for Image Command | Variants updated by SKU: 1
S-18389,S-18389,Arka,FALSE,Size,17x17x6,,,,,2.8,S-18389,draft,https://img.uline.com/is/image/uline/S-18389?$MediumRHD$,uline,"Home > All Products > Boxes, Corrugated > Corrugated Boxes (200# Test) > Flat Boxes",8.19258E+12,s-18389,OK,UPDATE: Found by Handle | Assuming MERGE for Variant Command | Assuming MERGE for Image Command | Variants updated by SKU: 1
S-23317,S-23317,Arka,FALSE,Size,17x17x7,,,,,2.9,S-23317,draft,https://img.uline.com/is/image/uline/S-23317?$MediumRHD$,uline,"Home > All Products > Boxes, Corrugated > Corrugated Boxes (200# Test) > Misc Box Sizes",8.19258E+12,s-23317,OK,UPDATE: Found by Handle | Assuming MERGE for Variant Command | Assuming MERGE for Image Command | Variants updated by SKU: 1
S-4395,S-4395,Arka,FALSE,Size,17x17x8,,,,,2.99,S-4395,draft,https://img.uline.com/is/image/uline/S-4395?$MediumRHD$,uline,"Home > All Products > Boxes, Corrugated > Corrugated Boxes (200# Test) > Misc Box Sizes",8.19258E+12,s-4395,OK,UPDATE: Found by Handle | Assuming MERGE for Variant Command | Assuming MERGE for Image Command | Variants updated by SKU: 1
S-19838,S-19838,Arka,FALSE,Size,17x17x9,,,,,3.01,S-19838,draft,https://img.uline.com/is/image/uline/S-19838?$MediumRHD$,uline,"Home > All Products > Boxes, Corrugated > Corrugated Boxes (200# Test) > Misc Box Sizes",8.19258E+12,s-19838,OK,UPDATE: Found by Handle | Assuming MERGE for Variant Command | Assuming MERGE for Image Command | Variants updated by SKU: 1
S-11376,S-11376,Arka,FALSE,Size,17x17x10,,,,,3.03,S-11376,draft,https://img.uline.com/is/image/uline/S-11376?$MediumRHD$,uline,"Home > All Products > Boxes, Corrugated > Corrugated Boxes (200# Test) > Misc Box Sizes",8.19258E+12,s-11376,OK,UPDATE: Found by Handle | Assuming MERGE for Variant Command | Assuming MERGE for Image Command | Variants updated by SKU: 1
S-4857,S-4857,Arka,FALSE,Size,17x17x12,,,,,3.11,S-4857,draft,https://img.uline.com/is/image/uline/S-4857?$MediumRHD$,uline,"Home > All Products > Boxes, Corrugated > Corrugated Boxes (200# Test) > Misc Box Sizes",8.19258E+12,s-4857,OK,UPDATE: Found by Handle | Assuming MERGE for Variant Command | Assuming MERGE for Image Command | Variants updated by SKU: 1
S-4445,S-4445,Arka,FALSE,Size,17x17x14,,,,,3.19,S-4445,draft,https://img.uline.com/is/image/uline/S-4445?$MediumRHD$,uline,"Home > All Products > Boxes, Corrugated > Corrugated Boxes (200# Test) > Misc Box Sizes",8.19258E+12,s-4445,OK,UPDATE: Found by Handle | Assuming MERGE for Variant Command | Assuming MERGE for Image Command | Variants updated by SKU: 1
S-4172,S-4172,Arka,FALSE,Size,17x17x17,,,,,3.63,S-4172,draft,https://img.uline.com/is/image/uline/S-4172?$MediumRHD$,uline,"Home > All Products > Boxes, Corrugated > Corrugated Boxes (200# Test) > Cube Boxes",8.19258E+12,s-4172,OK,UPDATE: Found by Handle | Assuming MERGE for Variant Command | Assuming MERGE for Image Command | Variants updated by SKU: 1
S-4446,S-4446,Arka,FALSE,Size,17x17x17,,,,,3.72,S-4446,draft,https://img.uline.com/is/image/uline/S-4446?$MediumRHD$,uline,"Home > All Products > Boxes, Corrugated > Corrugated Boxes (200# Test) > Multi-Depth Boxes",8.19258E+12,s-4446,OK,UPDATE: Found by Handle | Assuming MERGE for Variant Command | Assuming MERGE for Image Command | Variants updated by SKU: 1
S-18163,S-18163,Arka,FALSE,Size,17x17x17,,,,,6.44,S-18163,draft,https://img.uline.com/is/image/uline/S-18163?$MediumRHD$,uline,"Home > All Products > Boxes, Corrugated > Heavy Duty Boxes > 275 Lb. Test Double Wall Boxes",8.19258E+12,s-18163,OK,UPDATE: Found by Handle | Assuming MERGE for Variant Command | Assuming MERGE for Image Command | Variants updated by SKU: 1
S-4756,S-4756,Arka,FALSE,Size,17.25x11.25x7,,,,,1.81,S-4756,draft,https://img.uline.com/is/image/uline/S-4756?$MediumRHD$,uline,"Home > All Products > Boxes, Corrugated > Corrugated Boxes (200# Test) > Printers Boxes",8.19258E+12,s-4756,OK,UPDATE: Found by Handle | Assuming MERGE for Variant Command | Assuming MERGE for Image Command | Variants updated by SKU: 1
S-13311,S-13311,Arka,FALSE,Size,17.25x11.25x8,,,,,2.32,S-13311,draft,https://img.uline.com/is/image/uline/S-13311?$MediumRHD$,uline,"Home > All Products > Boxes, Corrugated > Heavy Duty Boxes > 275 Lb. Test Single Wall Boxes",8.19258E+12,s-13311,OK,UPDATE: Found by Handle | Assuming MERGE for Variant Command | Assuming MERGE for Image Command | Variants updated by SKU: 1
S-15046,S-15046,Arka,FALSE,Size,17.25x11.25x9,,,,,1.97,S-15046,draft,https://img.uline.com/is/image/uline/S-15046?$MediumRHD$,uline,"Home > All Products > Boxes, Corrugated > Corrugated Boxes (200# Test) > Printers Boxes",8.19258E+12,s-15046,OK,UPDATE: Found by Handle | Assuming MERGE for Variant Command | Assuming MERGE for Image Command | Variants updated by SKU: 1
S-4858,S-4858,Arka,FALSE,Size,17.25x11.25x10,,,,,2.44,S-4858,draft,https://img.uline.com/is/image/uline/S-4858?$MediumRHD$,uline,"Home > All Products > Boxes, Corrugated > Heavy Duty Boxes > 275 Lb. Test Single Wall Boxes",8.19258E+12,s-4858,OK,UPDATE: Found by Handle | Assuming MERGE for Variant Command | Assuming MERGE for Image Command | Variants updated by SKU: 1
S-4176,S-4176,Arka,FALSE,Size,17.25x11.25x10,,,,,2.04,S-4176,draft,https://img.uline.com/is/image/uline/S-4176?$MediumRHD$,uline,"Home > All Products > Boxes, Corrugated > Corrugated Boxes (200# Test) > Printers Boxes",8.19258E+12,s-4176,OK,UPDATE: Found by Handle | Assuming MERGE for Variant Command | Assuming MERGE for Image Command | Variants updated by SKU: 1
S-4177,S-4177,Arka,FALSE,Size,17.25x11.25x11.50,,,,,2.1,S-4177,draft,https://img.uline.com/is/image/uline/S-4177?$MediumRHD$,uline,"Home > All Products > Boxes, Corrugated > Corrugated Boxes (200# Test) > Printers Boxes",8.19258E+12,s-4177,OK,UPDATE: Found by Handle | Assuming MERGE for Variant Command | Assuming MERGE for Image Command | Variants updated by SKU: 1
S-4789,S-4789,Arka,FALSE,Size,17.25x11.25x12,,,,,2.64,S-4789,draft,https://img.uline.com/is/image/uline/S-4789?$MediumRHD$,uline,"Home > All Products > Boxes, Corrugated > Heavy Duty Boxes > 275 Lb. Test Single Wall Boxes",8.19258E+12,s-4789,OK,UPDATE: Found by Handle | Assuming MERGE for Variant Command | Assuming MERGE for Image Command | Variants updated by SKU: 1
S-4426,S-4426,Arka,FALSE,Size,17.25x11.50x6,,,,,2.04,S-4426,draft,https://img.uline.com/is/image/uline/S-4426?$MediumRHD$,uline,"Home > All Products > Boxes, Corrugated > Corrugated Boxes (200# Test) > Multi-Depth Boxes",8.19258E+12,s-4426,OK,UPDATE: Found by Handle | Assuming MERGE for Variant Command | Assuming MERGE for Image Command | Variants updated by SKU: 1
S-4631,S-4631,Arka,FALSE,Size,17.25x11.25x14.25,,,,,2.5,S-4631,draft,https://img.uline.com/is/image/uline/S-4631?$MediumRHD$,uline,"Home > All Products > Boxes, Corrugated > Corrugated Boxes (200# Test) > Printers Boxes",8.19258E+12,s-4631,OK,UPDATE: Found by Handle | Assuming MERGE for Variant Command | Assuming MERGE for Image Command | Variants updated by SKU: 1
S-4722,S-4722,Arka,FALSE,Size,17.50x12x3,,,,,1.92,S-4722,draft,https://img.uline.com/is/image/uline/S-4722?$MediumRHD$,uline,"Home > All Products > Boxes, Corrugated > Corrugated Boxes (200# Test) > Flat Boxes",8.19258E+12,s-4722,OK,UPDATE: Found by Handle | Assuming MERGE for Variant Command | Assuming MERGE for Image Command | Variants updated by SKU: 1
S-4539,S-4539,Arka,FALSE,Size,17.50x14.75x12.50,,,,,2.85,S-4539,draft,https://img.uline.com/is/image/uline/S-4539?$MediumRHD$,uline,"Home > All Products > Boxes, Corrugated > Corrugated Boxes (200# Test) > Misc Box Sizes",8.19258E+12,s-4539,OK,UPDATE: Found by Handle | Assuming MERGE for Variant Command | Assuming MERGE for Image Command | Variants updated by SKU: 1
S-4154,S-4154,Arka,FALSE,Size,18x6x4,,,,,1.04,S-4154,draft,https://img.uline.com/is/image/uline/S-4154?$MediumRHD$,uline,"Home > All Products > Boxes, Corrugated > Corrugated Boxes (200# Test) > Long Boxes",8.19258E+12,s-4154,OK,UPDATE: Found by Handle | Assuming MERGE for Variant Command | Assuming MERGE for Image Command | Variants updated by SKU: 1
S-14276,S-14276,Arka,FALSE,Size,18x4x4,,,,,0.94,S-14276,draft,https://img.uline.com/is/image/uline/S-14276?$MediumRHD$,uline,"Home > All Products > Boxes, Corrugated > Corrugated Boxes (200# Test) > Long Boxes",8.19258E+12,s-14276,OK,UPDATE: Found by Handle | Assuming MERGE for Variant Command | Assuming MERGE for Image Command | Variants updated by SKU: 1
S-4178,S-4178,Arka,FALSE,Size,18x6x6,,,,,1.05,S-4178,draft,https://img.uline.com/is/image/uline/S-4178?$MediumRHD$,uline,"Home > All Products > Boxes, Corrugated > Corrugated Boxes (200# Test) > Long Boxes",8.19258E+12,s-4178,OK,UPDATE: Found by Handle | Assuming MERGE for Variant Command | Assuming MERGE for Image Command | Variants updated by SKU: 1
S-23977,S-23977,Arka,FALSE,Size,18x7x7,,,,,1.39,S-23977,draft,https://img.uline.com/is/image/uline/S-23977?$MediumRHD$,uline,"Home > All Products > Boxes, Corrugated > Corrugated Boxes (200# Test) > Long Boxes",8.19258E+12,s-23977,OK,UPDATE: Found by Handle | Assuming MERGE for Variant Command | Assuming MERGE for Image Command | Variants updated by SKU: 1
S-19840,S-19840,Arka,FALSE,Size,18x8x4,,,,,1.28,S-19840,draft,https://img.uline.com/is/image/uline/S-19840?$MediumRHD$,uline,"Home > All Products > Boxes, Corrugated > Corrugated Boxes (200# Test) > Long Boxes",8.19258E+12,s-19840,OK,UPDATE: Found by Handle | Assuming MERGE for Variant Command | Assuming MERGE for Image Command | Variants updated by SKU: 1
S-18000,S-18000,Arka,FALSE,Size,18x7x52,,,,,12.54,S-18000,draft,https://img.uline.com/is/image/uline/S-18000?$MediumRHD$,uline,"Home > All Products > Boxes, Corrugated > Moving Boxes > Guitar Boxes",8.19258E+12,s-18000,OK,UPDATE: Found by Handle | Assuming MERGE for Variant Command | Assuming MERGE for Image Command | Variants updated by SKU: 1
S-4313,S-4313,Arka,FALSE,Size,18x8x6,,,,,1.36,S-4313,draft,https://img.uline.com/is/image/uline/S-4313?$MediumRHD$,uline,"Home > All Products > Boxes, Corrugated > Corrugated Boxes (200# Test) > Long Boxes",8.19258E+12,s-4313,OK,UPDATE: Found by Handle | Assuming MERGE for Variant Command | Assuming MERGE for Image Command | Variants updated by SKU: 1
S-4632,S-4632,Arka,FALSE,Size,18x9x9,,,,,1.79,S-4632,draft,https://img.uline.com/is/image/uline/S-4632?$MediumRHD$,uline,"Home > All Products > Boxes, Corrugated > Corrugated Boxes (200# Test) > Long Boxes",8.19258E+12,s-4632,OK,UPDATE: Found by Handle | Assuming MERGE for Variant Command | Assuming MERGE for Image Command | Variants updated by SKU: 1
S-4724,S-4724,Arka,FALSE,Size,18x10x4,,,,,1.5,S-4724,draft,https://img.uline.com/is/image/uline/S-4724?$MediumRHD$,uline,"Home > All Products > Boxes, Corrugated > Corrugated Boxes (200# Test) > Flat Boxes",8.19258E+12,s-4724,OK,UPDATE: Found by Handle | Assuming MERGE for Variant Command | Assuming MERGE for Image Command | Variants updated by SKU: 1
S-4179,S-4179,Arka,FALSE,Size,18x10x6,,,,,1.64,S-4179,draft,https://img.uline.com/is/image/uline/S-4179?$MediumRHD$,uline,"Home > All Products > Boxes, Corrugated > Corrugated Boxes (200# Test) > Misc Box Sizes",8.19258E+12,s-4179,OK,UPDATE: Found by Handle | Assuming MERGE for Variant Command | Assuming MERGE for Image Command | Variants updated by SKU: 1
S-4182,S-4182,Arka,FALSE,Size,18x10x8,,,,,1.79,S-4182,draft,https://img.uline.com/is/image/uline/S-4182?$MediumRHD$,uline,"Home > All Products > Boxes, Corrugated > Corrugated Boxes (200# Test) > Misc Box Sizes",8.19258E+12,s-4182,OK,UPDATE: Found by Handle | Assuming MERGE for Variant Command | Assuming MERGE for Image Command | Variants updated by SKU: 1
S-4185,S-4185,Arka,FALSE,Size,18x18x18,,,,,2.55,S-4185,draft,https://img.uline.com/is/image/uline/S-4185?$MediumRHD$,uline,"Home > All Products > Boxes, Corrugated > Corrugated Boxes (200# Test) > Cube Boxes",8.19258E+12,s-4185,OK,UPDATE: Found by Handle | Assuming MERGE for Variant Command | Assuming MERGE for Image Command | Variants updated by SKU: 1
S-4371,S-4371,Arka,FALSE,Size,18x18x18,,,,,2.84,S-4371,draft,https://img.uline.com/is/image/uline/S-4371?$MediumRHD$,uline,"Home > All Products > Boxes, Corrugated > Corrugated Boxes (200# Test) > Multi-Depth Boxes",8.19258E+12,s-4371,OK,UPDATE: Found by Handle | Assuming MERGE for Variant Command | Assuming MERGE for Image Command | Variants updated by SKU: 1
S-11262,S-11262,Arka,FALSE,Size,18x18x18,,,,,4.63,S-11262,draft,https://img.uline.com/is/image/uline/S-11262?$MediumRHD$,uline,"Home > All Products > Boxes, Corrugated > Corrugated Boxes (200# Test) > White Corrugated Boxes",8.19258E+12,s-11262,OK,UPDATE: Found by Handle | Assuming MERGE for Variant Command | Assuming MERGE for Image Command | Variants updated by SKU: 1
S-4731,S-4731,Arka,FALSE,Size,18x18x18,,,,,4.89,S-4731,draft,https://img.uline.com/is/image/uline/S-4731?$MediumRHD$,uline,"Home > All Products > Boxes, Corrugated > Heavy Duty Boxes > 275 Lb. Test Double Wall Boxes",8.19258E+12,s-4731,OK,UPDATE: Found by Handle | Assuming MERGE for Variant Command | Assuming MERGE for Image Command | Variants updated by SKU: 1
S-4730,S-4730,Arka,FALSE,Size,18x18x18,,,,,5.26,S-4730,draft,https://img.uline.com/is/image/uline/S-4730?$MediumRHD$,uline,"Home > All Products > Boxes, Corrugated > Heavy Duty Boxes > 275 Lb. Test Single Wall Boxes",8.19258E+12,s-4730,OK,UPDATE: Found by Handle | Assuming MERGE for Variant Command | Assuming MERGE for Image Command | Variants updated by SKU: 1
S-4638,S-4638,Arka,FALSE,Size,18x18x36,,,,,6.18,S-4638,draft,https://img.uline.com/is/image/uline/S-4638?$MediumRHD$,uline,"Home > All Products > Boxes, Corrugated > Corrugated Boxes (200# Test) > Tall Boxes",8.19258E+12,s-4638,OK,UPDATE: Found by Handle | Assuming MERGE for Variant Command | Assuming MERGE for Image Command | Variants updated by SKU: 1
S-12601,S-12601,Arka,FALSE,Size,20x4x4,,,,,0.99,S-12601,draft,https://img.uline.com/is/image/uline/S-12601?$MediumRHD$,uline,"Home > All Products > Boxes, Corrugated > Corrugated Boxes (200# Test) > Long Boxes",8.19258E+12,s-12601,OK,UPDATE: Found by Handle | Assuming MERGE for Variant Command | Assuming MERGE for Image Command | Variants updated by SKU: 1
S-4496,S-4496,Arka,FALSE,Size,18x10x10,,,,,1.96,S-4496,draft,https://img.uline.com/is/image/uline/S-4496?$MediumRHD$,uline,"Home > All Products > Boxes, Corrugated > Corrugated Boxes (200# Test) > Misc Box Sizes",8.19258E+12,s-4496,OK,UPDATE: Found by Handle | Assuming MERGE for Variant Command | Assuming MERGE for Image Command | Variants updated by SKU: 1
S-23324,S-23324,Arka,FALSE,Size,18x10x12,,,,,2.05,S-23324,draft,https://img.uline.com/is/image/uline/S-23324?$MediumRHD$,uline,"Home > All Products > Boxes, Corrugated > Corrugated Boxes (200# Test) > Misc Box Sizes",8.19258E+12,s-23324,OK,UPDATE: Found by Handle | Assuming MERGE for Variant Command | Assuming MERGE for Image Command | Variants updated by SKU: 1
S-4920,S-4920,Arka,FALSE,Size,18x12x2,,,,,1.69,S-4920,draft,https://img.uline.com/is/image/uline/S-4920?$MediumRHD$,uline,"Home > All Products > Boxes, Corrugated > Corrugated Boxes (200# Test) > Flat Boxes",8.19258E+12,s-4920,OK,UPDATE: Found by Handle | Assuming MERGE for Variant Command | Assuming MERGE for Image Command | Variants updated by SKU: 1
S-4859,S-4859,Arka,FALSE,Size,18x12x4,,,,,1.71,S-4859,draft,https://img.uline.com/is/image/uline/S-4859?$MediumRHD$,uline,"Home > All Products > Boxes, Corrugated > Corrugated Boxes (200# Test) > Flat Boxes",8.19258E+12,s-4859,OK,UPDATE: Found by Handle | Assuming MERGE for Variant Command | Assuming MERGE for Image Command | Variants updated by SKU: 1
S-19080,S-19080,Arka,FALSE,Size,18x12x3,,,,,1.7,S-19080,draft,https://img.uline.com/is/image/uline/S-19080?$MediumRHD$,uline,"Home > All Products > Boxes, Corrugated > Corrugated Boxes (200# Test) > Flat Boxes",8.19258E+12,s-19080,OK,UPDATE: Found by Handle | Assuming MERGE for Variant Command | Assuming MERGE for Image Command | Variants updated by SKU: 1
S-4633,S-4633,Arka,FALSE,Size,18x12x5,,,,,1.84,S-4633,draft,https://img.uline.com/is/image/uline/S-4633?$MediumRHD$,uline,"Home > All Products > Boxes, Corrugated > Corrugated Boxes (200# Test) > Flat Boxes",8.19258E+12,s-4633,OK,UPDATE: Found by Handle | Assuming MERGE for Variant Command | Assuming MERGE for Image Command | Variants updated by SKU: 1
S-4187,S-4187,Arka,FALSE,Size,18x12x6,,,,,1.37,S-4187,draft,https://img.uline.com/is/image/uline/S-4187?$MediumRHD$,uline,"Home > All Products > Boxes, Corrugated > Corrugated Boxes (200# Test) > Flat Boxes",8.19258E+12,s-4187,OK,UPDATE: Found by Handle | Assuming MERGE for Variant Command | Assuming MERGE for Image Command | Variants updated by SKU: 1
S-4427,S-4427,Arka,FALSE,Size,18x12x6,,,,,2.18,S-4427,draft,https://img.uline.com/is/image/uline/S-4427?$MediumRHD$,uline,"Home > All Products > Boxes, Corrugated > Corrugated Boxes (200# Test) > Multi-Depth Boxes",8.19258E+12,s-4427,OK,UPDATE: Found by Handle | Assuming MERGE for Variant Command | Assuming MERGE for Image Command | Variants updated by SKU: 1
S-12599,S-12599,Arka,FALSE,Size,18x12x6,,,,,2.4,S-12599,draft,https://img.uline.com/is/image/uline/S-12599?$MediumRHD$,uline,"Home > All Products > Boxes, Corrugated > Corrugated Boxes (200# Test) > White Corrugated Boxes",8.19258E+12,s-12599,OK,UPDATE: Found by Handle | Assuming MERGE for Variant Command | Assuming MERGE for Image Command | Variants updated by SKU: 1
S-19772,S-19772,Arka,FALSE,Size,18x12x6,,,,,3,S-19772,draft,https://img.uline.com/is/image/uline/S-19772?$MediumRHD$,uline,"Home > All Products > Boxes, Corrugated > Heavy Duty Boxes > 275 Lb. Test Double Wall Boxes",8.19258E+12,s-19772,OK,UPDATE: Found by Handle | Assuming MERGE for Variant Command | Assuming MERGE for Image Command | Variants updated by SKU: 1
S-4993,S-4993,Arka,FALSE,Size,18x12x7,,,,,1.92,S-4993,draft,https://img.uline.com/is/image/uline/S-4993?$MediumRHD$,uline,"Home > All Products > Boxes, Corrugated > Corrugated Boxes (200# Test) > Misc Box Sizes",8.19258E+12,s-4993,OK,UPDATE: Found by Handle | Assuming MERGE for Variant Command | Assuming MERGE for Image Command | Variants updated by SKU: 1
S-4188,S-4188,Arka,FALSE,Size,18x12x8,,,,,1.41,S-4188,draft,https://img.uline.com/is/image/uline/S-4188?$MediumRHD$,uline,"Home > All Products > Boxes, Corrugated > Corrugated Boxes (200# Test) > Misc Box Sizes",8.19258E+12,s-4188,OK,UPDATE: Found by Handle | Assuming MERGE for Variant Command | Assuming MERGE for Image Command | Variants updated by SKU: 1
S-4896,S-4896,Arka,FALSE,Size,18x12x8,,,,,3.22,S-4896,draft,https://img.uline.com/is/image/uline/S-4896?$MediumRHD$,uline,"Home > All Products > Boxes, Corrugated > Heavy Duty Boxes > 275 Lb. Test Double Wall Boxes",8.19258E+12,s-4896,OK,UPDATE: Found by Handle | Assuming MERGE for Variant Command | Assuming MERGE for Image Command | Variants updated by SKU: 1
S-18949,S-18949,Arka,FALSE,Size,18x12x8,,,,,2.43,S-18949,draft,https://img.uline.com/is/image/uline/S-18949?$MediumRHD$,uline,"Home > All Products > Boxes, Corrugated > Corrugated Boxes (200# Test) > White Corrugated Boxes",8.19258E+12,s-18949,OK,UPDATE: Found by Handle | Assuming MERGE for Variant Command | Assuming MERGE for Image Command | Variants updated by SKU: 1
S-4497,S-4497,Arka,FALSE,Size,18x12x9,,,,,1.97,S-4497,draft,https://img.uline.com/is/image/uline/S-4497?$MediumRHD$,uline,"Home > All Products > Boxes, Corrugated > Corrugated Boxes (200# Test) > Misc Box Sizes",8.19258E+12,s-4497,OK,UPDATE: Found by Handle | Assuming MERGE for Variant Command | Assuming MERGE for Image Command | Variants updated by SKU: 1
S-4189,S-4189,Arka,FALSE,Size,18x12x10,,,,,1.44,S-4189,draft,https://img.uline.com/is/image/uline/S-4189?$MediumRHD$,uline,"Home > All Products > Boxes, Corrugated > Corrugated Boxes (200# Test) > Misc Box Sizes",8.19258E+12,s-4189,OK,UPDATE: Found by Handle | Assuming MERGE for Variant Command | Assuming MERGE for Image Command | Variants updated by SKU: 1
S-14230,S-14230,Arka,FALSE,Size,18x12x10,,,,,3.56,S-14230,draft,https://img.uline.com/is/image/uline/S-14230?$MediumRHD$,uline,"Home > All Products > Boxes, Corrugated > Heavy Duty Boxes > 275 Lb. Test Double Wall Boxes",8.19258E+12,s-14230,OK,UPDATE: Found by Handle | Assuming MERGE for Variant Command | Assuming MERGE for Image Command | Variants updated by SKU: 1
S-4181,S-4181,Arka,FALSE,Size,18x12x12,,,,,1.48,S-4181,draft,https://img.uline.com/is/image/uline/S-4181?$MediumRHD$,uline,"Home > All Products > Boxes, Corrugated > Corrugated Boxes (200# Test) > Misc Box Sizes",8.19258E+12,s-4181,OK,UPDATE: Found by Handle | Assuming MERGE for Variant Command | Assuming MERGE for Image Command | Variants updated by SKU: 1
S-540,S-540,Arka,FALSE,Size,18x12x12,,,,,2.32,S-540,draft,https://img.uline.com/is/image/uline/S-540?$MediumRHD$,uline,"Home > All Products > Boxes, Corrugated > Corrugated Boxes (200# Test) > Multi-Depth Boxes",8.19258E+12,s-540,OK,UPDATE: Found by Handle | Assuming MERGE for Variant Command | Assuming MERGE for Image Command | Variants updated by SKU: 1
S-4725,S-4725,Arka,FALSE,Size,18x12x12,,,,,2.86,S-4725,draft,https://img.uline.com/is/image/uline/S-4725?$MediumRHD$,uline,"Home > All Products > Boxes, Corrugated > Heavy Duty Boxes > 275 Lb. Test Double Wall Boxes",8.19258E+12,s-4725,OK,UPDATE: Found by Handle | Assuming MERGE for Variant Command | Assuming MERGE for Image Command | Variants updated by SKU: 1
S-4634,S-4634,Arka,FALSE,Size,18x12x12,,,,,2.44,S-4634,draft,https://img.uline.com/is/image/uline/S-4634?$MediumRHD$,uline,"Home > All Products > Boxes, Corrugated > Corrugated Boxes (200# Test) > White Corrugated Boxes",8.19258E+12,s-4634,OK,UPDATE: Found by Handle | Assuming MERGE for Variant Command | Assuming MERGE for Image Command | Variants updated by SKU: 1
S-4237,S-4237,Arka,FALSE,Size,18x12x14,,,,,2.29,S-4237,draft,https://img.uline.com/is/image/uline/S-4237?$MediumRHD$,uline,"Home > All Products > Boxes, Corrugated > Corrugated Boxes (200# Test) > Misc Box Sizes",8.19258E+12,s-4237,OK,UPDATE: Found by Handle | Assuming MERGE for Variant Command | Assuming MERGE for Image Command | Variants updated by SKU: 1
S-4897,S-4897,Arka,FALSE,Size,18x12x16,,,,,2.49,S-4897,draft,https://img.uline.com/is/image/uline/S-4897?$MediumRHD$,uline,"Home > All Products > Boxes, Corrugated > Corrugated Boxes (200# Test) > Misc Box Sizes",8.19258E+12,s-4897,OK,UPDATE: Found by Handle | Assuming MERGE for Variant Command | Assuming MERGE for Image Command | Variants updated by SKU: 1
S-4898,S-4898,Arka,FALSE,Size,18x12x18,,,,,2.69,S-4898,draft,https://img.uline.com/is/image/uline/S-4898?$MediumRHD$,uline,"Home > All Products > Boxes, Corrugated > Corrugated Boxes (200# Test) > Misc Box Sizes",8.19258E+12,s-4898,OK,UPDATE: Found by Handle | Assuming MERGE for Variant Command | Assuming MERGE for Image Command | Variants updated by SKU: 1
S-19843,S-19843,Arka,FALSE,Size,18x13x5,,,,,1.91,S-19843,draft,https://img.uline.com/is/image/uline/S-19843?$MediumRHD$,uline,"Home > All Products > Boxes, Corrugated > Corrugated Boxes (200# Test) > Flat Boxes",8.19258E+12,s-19843,OK,UPDATE: Found by Handle | Assuming MERGE for Variant Command | Assuming MERGE for Image Command | Variants updated by SKU: 1
S-23980,S-23980,Arka,FALSE,Size,18x12x20,,,,,2.88,S-23980,draft,https://img.uline.com/is/image/uline/S-23980?$MediumRHD$,uline,"Home > All Products > Boxes, Corrugated > Corrugated Boxes (200# Test) > Misc Box Sizes",8.19258E+12,s-23980,OK,UPDATE: Found by Handle | Assuming MERGE for Variant Command | Assuming MERGE for Image Command | Variants updated by SKU: 1
S-13312,S-13312,Arka,FALSE,Size,18x13x12,,,,,2.26,S-13312,draft,https://img.uline.com/is/image/uline/S-13312?$MediumRHD$,uline,"Home > All Products > Boxes, Corrugated > Corrugated Boxes (200# Test) > Misc Box Sizes",8.19258E+12,s-13312,OK,UPDATE: Found by Handle | Assuming MERGE for Variant Command | Assuming MERGE for Image Command | Variants updated by SKU: 1
S-4757,S-4757,Arka,FALSE,Size,18x14x4,,,,,1.7,S-4757,draft,https://img.uline.com/is/image/uline/S-4757?$MediumRHD$,uline,"Home > All Products > Boxes, Corrugated > Corrugated Boxes (200# Test) > Flat Boxes",8.19258E+12,s-4757,OK,UPDATE: Found by Handle | Assuming MERGE for Variant Command | Assuming MERGE for Image Command | Variants updated by SKU: 1
S-4726,S-4726,Arka,FALSE,Size,18x14x6,,,,,1.84,S-4726,draft,https://img.uline.com/is/image/uline/S-4726?$MediumRHD$,uline,"Home > All Products > Boxes, Corrugated > Corrugated Boxes (200# Test) > Flat Boxes",8.19258E+12,s-4726,OK,UPDATE: Found by Handle | Assuming MERGE for Variant Command | Assuming MERGE for Image Command | Variants updated by SKU: 1
S-4397,S-4397,Arka,FALSE,Size,18x14x8,,,,,1.52,S-4397,draft,https://img.uline.com/is/image/uline/S-4397?$MediumRHD$,uline,"Home > All Products > Boxes, Corrugated > Corrugated Boxes (200# Test) > Misc Box Sizes",8.19258E+12,s-4397,OK,UPDATE: Found by Handle | Assuming MERGE for Variant Command | Assuming MERGE for Image Command | Variants updated by SKU: 1
S-4540,S-4540,Arka,FALSE,Size,18x14x10,,,,,2.33,S-4540,draft,https://img.uline.com/is/image/uline/S-4540?$MediumRHD$,uline,"Home > All Products > Boxes, Corrugated > Corrugated Boxes (200# Test) > Misc Box Sizes",8.19258E+12,s-4540,OK,UPDATE: Found by Handle | Assuming MERGE for Variant Command | Assuming MERGE for Image Command | Variants updated by SKU: 1
S-4183,S-4183,Arka,FALSE,Size,18x14x12,,,,,1.78,S-4183,draft,https://img.uline.com/is/image/uline/S-4183?$MediumRHD$,uline,"Home > All Products > Boxes, Corrugated > Corrugated Boxes (200# Test) > Misc Box Sizes",8.19258E+12,s-4183,OK,UPDATE: Found by Handle | Assuming MERGE for Variant Command | Assuming MERGE for Image Command | Variants updated by SKU: 1
S-18922,S-18922,Arka,FALSE,Size,18x14x10,,,,,4.17,S-18922,draft,https://img.uline.com/is/image/uline/S-18922?$MediumRHD$,uline,"Home > All Products > Boxes, Corrugated > Heavy Duty Boxes > 275 Lb. Test Double Wall Boxes",8.19258E+12,s-18922,OK,UPDATE: Found by Handle | Assuming MERGE for Variant Command | Assuming MERGE for Image Command | Variants updated by SKU: 1
S-13313,S-13313,Arka,FALSE,Size,18x14x12,,,,,4.5,S-13313,draft,https://img.uline.com/is/image/uline/S-13313?$MediumRHD$,uline,"Home > All Products > Boxes, Corrugated > Heavy Duty Boxes > 275 Lb. Test Double Wall Boxes",8.19258E+12,s-13313,OK,UPDATE: Found by Handle | Assuming MERGE for Variant Command | Assuming MERGE for Image Command | Variants updated by SKU: 1
S-4191,S-4191,Arka,FALSE,Size,18x14x14,,,,,2.68,S-4191,draft,https://img.uline.com/is/image/uline/S-4191?$MediumRHD$,uline,"Home > All Products > Boxes, Corrugated > Corrugated Boxes (200# Test) > Misc Box Sizes",8.19258E+12,s-4191,OK,UPDATE: Found by Handle | Assuming MERGE for Variant Command | Assuming MERGE for Image Command | Variants updated by SKU: 1
S-14231,S-14231,Arka,FALSE,Size,18x14x14,,,,,5.03,S-14231,draft,https://img.uline.com/is/image/uline/S-14231?$MediumRHD$,uline,"Home > All Products > Boxes, Corrugated > Heavy Duty Boxes > 275 Lb. Test Double Wall Boxes",8.19258E+12,s-14231,OK,UPDATE: Found by Handle | Assuming MERGE for Variant Command | Assuming MERGE for Image Command | Variants updated by SKU: 1
S-559,S-559,Arka,FALSE,Size,18x14.50x12,,,,,2.76,S-559,draft,https://img.uline.com/is/image/uline/S-559?$MediumRHD$,uline,"Home > All Products > Boxes, Corrugated > Corrugated Boxes (200# Test) > Multi-Depth Boxes",8.19258E+12,s-559,OK,UPDATE: Found by Handle | Assuming MERGE for Variant Command | Assuming MERGE for Image Command | Variants updated by SKU: 1
S-23981,S-23981,Arka,FALSE,Size,18x15x15,,,,,2.86,S-23981,draft,https://img.uline.com/is/image/uline/S-23981?$MediumRHD$,uline,"Home > All Products > Boxes, Corrugated > Corrugated Boxes (200# Test) > Misc Box Sizes",8.19258E+12,s-23981,OK,UPDATE: Found by Handle | Assuming MERGE for Variant Command | Assuming MERGE for Image Command | Variants updated by SKU: 1
S-22643,S-22643,Arka,FALSE,Size,18x14x18,,,,,3.14,S-22643,draft,https://img.uline.com/is/image/uline/S-22643?$MediumRHD$,uline,"Home > All Products > Boxes, Corrugated > Corrugated Boxes (200# Test) > Misc Box Sizes",8.19258E+12,s-22643,OK,UPDATE: Found by Handle | Assuming MERGE for Variant Command | Assuming MERGE for Image Command | Variants updated by SKU: 1
S-4727,S-4727,Arka,FALSE,Size,18x16x2,,,,,2.02,S-4727,draft,https://img.uline.com/is/image/uline/S-4727?$MediumRHD$,uline,"Home > All Products > Boxes, Corrugated > Corrugated Boxes (200# Test) > Flat Boxes",8.19258E+12,s-4727,OK,UPDATE: Found by Handle | Assuming MERGE for Variant Command | Assuming MERGE for Image Command | Variants updated by SKU: 1
S-4820,S-4820,Arka,FALSE,Size,18x16x4,,,,,2.05,S-4820,draft,https://img.uline.com/is/image/uline/S-4820?$MediumRHD$,uline,"Home > All Products > Boxes, Corrugated > Corrugated Boxes (200# Test) > Flat Boxes",8.19258E+12,s-4820,OK,UPDATE: Found by Handle | Assuming MERGE for Variant Command | Assuming MERGE for Image Command | Variants updated by SKU: 1
S-4566,S-4566,Arka,FALSE,Size,18x16x6,,,,,2.1,S-4566,draft,https://img.uline.com/is/image/uline/S-4566?$MediumRHD$,uline,"Home > All Products > Boxes, Corrugated > Corrugated Boxes (200# Test) > Flat Boxes",8.19258E+12,s-4566,OK,UPDATE: Found by Handle | Assuming MERGE for Variant Command | Assuming MERGE for Image Command | Variants updated by SKU: 1
S-4792,S-4792,Arka,FALSE,Size,18x16x8,,,,,2.38,S-4792,draft,https://img.uline.com/is/image/uline/S-4792?$MediumRHD$,uline,"Home > All Products > Boxes, Corrugated > Corrugated Boxes (200# Test) > Misc Box Sizes",8.19258E+12,s-4792,OK,UPDATE: Found by Handle | Assuming MERGE for Variant Command | Assuming MERGE for Image Command | Variants updated by SKU: 1
S-4184,S-4184,Arka,FALSE,Size,18x16x10,,,,,2.73,S-4184,draft,https://img.uline.com/is/image/uline/S-4184?$MediumRHD$,uline,"Home > All Products > Boxes, Corrugated > Corrugated Boxes (200# Test) > Misc Box Sizes",8.19258E+12,s-4184,OK,UPDATE: Found by Handle | Assuming MERGE for Variant Command | Assuming MERGE for Image Command | Variants updated by SKU: 1
S-4728,S-4728,Arka,FALSE,Size,18x16x12,,,,,2.79,S-4728,draft,https://img.uline.com/is/image/uline/S-4728?$MediumRHD$,uline,"Home > All Products > Boxes, Corrugated > Corrugated Boxes (200# Test) > Misc Box Sizes",8.19258E+12,s-4728,OK,UPDATE: Found by Handle | Assuming MERGE for Variant Command | Assuming MERGE for Image Command | Variants updated by SKU: 1
S-4238,S-4238,Arka,FALSE,Size,18x16x14,,,,,2.82,S-4238,draft,https://img.uline.com/is/image/uline/S-4238?$MediumRHD$,uline,"Home > All Products > Boxes, Corrugated > Corrugated Boxes (200# Test) > Misc Box Sizes",8.19258E+12,s-4238,OK,UPDATE: Found by Handle | Assuming MERGE for Variant Command | Assuming MERGE for Image Command | Variants updated by SKU: 1
S-21538,S-21538,Arka,FALSE,Size,18x16x14,,,,,5.7,S-21538,draft,https://img.uline.com/is/image/uline/S-21538?$MediumRHD$,uline,"Home > All Products > Boxes, Corrugated > Heavy Duty Boxes > 275 Lb. Test Double Wall Boxes",8.19258E+12,s-21538,OK,UPDATE: Found by Handle | Assuming MERGE for Variant Command | Assuming MERGE for Image Command | Variants updated by SKU: 1
S-12600,S-12600,Arka,FALSE,Size,18x16x16,,,,,3.03,S-12600,draft,https://img.uline.com/is/image/uline/S-12600?$MediumRHD$,uline,"Home > All Products > Boxes, Corrugated > Corrugated Boxes (200# Test) > Misc Box Sizes",8.19258E+12,s-12600,OK,UPDATE: Found by Handle | Assuming MERGE for Variant Command | Assuming MERGE for Image Command | Variants updated by SKU: 1
S-20479,S-20479,Arka,FALSE,Size,18x18x2,,,,,2.44,S-20479,draft,https://img.uline.com/is/image/uline/S-20479?$MediumRHD$,uline,"Home > All Products > Boxes, Corrugated > Corrugated Boxes (200# Test) > Flat Boxes",8.19258E+12,s-20479,OK,UPDATE: Found by Handle | Assuming MERGE for Variant Command | Assuming MERGE for Image Command | Variants updated by SKU: 1
S-22170,S-22170,Arka,FALSE,Size,18x18x3,,,,,2.48,S-22170,draft,https://img.uline.com/is/image/uline/S-22170?$MediumRHD$,uline,"Home > All Products > Boxes, Corrugated > Corrugated Boxes (200# Test) > Flat Boxes",8.19258E+12,s-22170,OK,UPDATE: Found by Handle | Assuming MERGE for Variant Command | Assuming MERGE for Image Command | Variants updated by SKU: 1
S-4541,S-4541,Arka,FALSE,Size,18x18x4,,,,,2.49,S-4541,draft,https://img.uline.com/is/image/uline/S-4541?$MediumRHD$,uline,"Home > All Products > Boxes, Corrugated > Corrugated Boxes (200# Test) > Flat Boxes",8.19258E+12,s-4541,OK,UPDATE: Found by Handle | Assuming MERGE for Variant Command | Assuming MERGE for Image Command | Variants updated by SKU: 1
S-21027,S-21027,Arka,FALSE,Size,18x18x5,,,,,2.57,S-21027,draft,https://img.uline.com/is/image/uline/S-21027?$MediumRHD$,uline,"Home > All Products > Boxes, Corrugated > Corrugated Boxes (200# Test) > Flat Boxes",8.19258E+12,s-21027,OK,UPDATE: Found by Handle | Assuming MERGE for Variant Command | Assuming MERGE for Image Command | Variants updated by SKU: 1
S-4398,S-4398,Arka,FALSE,Size,18x18x6,,,,,1.85,S-4398,draft,https://img.uline.com/is/image/uline/S-4398?$MediumRHD$,uline,"Home > All Products > Boxes, Corrugated > Corrugated Boxes (200# Test) > Flat Boxes",8.19258E+12,s-4398,OK,UPDATE: Found by Handle | Assuming MERGE for Variant Command | Assuming MERGE for Image Command | Variants updated by SKU: 1
S-4793,S-4793,Arka,FALSE,Size,18x18x6,,,,,2.96,S-4793,draft,https://img.uline.com/is/image/uline/S-4793?$MediumRHD$,uline,"Home > All Products > Boxes, Corrugated > Corrugated Boxes (200# Test) > Multi-Depth Boxes",8.19258E+12,s-4793,OK,UPDATE: Found by Handle | Assuming MERGE for Variant Command | Assuming MERGE for Image Command | Variants updated by SKU: 1
S-19773,S-19773,Arka,FALSE,Size,18x18x6,,,,,4.84,S-19773,draft,https://img.uline.com/is/image/uline/S-19773?$MediumRHD$,uline,"Home > All Products > Boxes, Corrugated > Heavy Duty Boxes > 275 Lb. Test Double Wall Boxes",8.19258E+12,s-19773,OK,UPDATE: Found by Handle | Assuming MERGE for Variant Command | Assuming MERGE for Image Command | Variants updated by SKU: 1
S-22661,S-22661,Arka,FALSE,Size,18x18x7,,,,,2.72,S-22661,draft,https://img.uline.com/is/image/uline/S-22661?$MediumRHD$,uline,"Home > All Products > Boxes, Corrugated > Corrugated Boxes (200# Test) > Flat Boxes",8.19258E+12,s-22661,OK,UPDATE: Found by Handle | Assuming MERGE for Variant Command | Assuming MERGE for Image Command | Variants updated by SKU: 1
S-4239,S-4239,Arka,FALSE,Size,18x18x8,,,,,2.82,S-4239,draft,https://img.uline.com/is/image/uline/S-4239?$MediumRHD$,uline,"Home > All Products > Boxes, Corrugated > Corrugated Boxes (200# Test) > Misc Box Sizes",8.19258E+12,s-4239,OK,UPDATE: Found by Handle | Assuming MERGE for Variant Command | Assuming MERGE for Image Command | Variants updated by SKU: 1
S-14232,S-14232,Arka,FALSE,Size,18x18x8,,,,,5.24,S-14232,draft,https://img.uline.com/is/image/uline/S-14232?$MediumRHD$,uline,"Home > All Products > Boxes, Corrugated > Heavy Duty Boxes > 275 Lb. Test Double Wall Boxes",8.19258E+12,s-14232,OK,UPDATE: Found by Handle | Assuming MERGE for Variant Command | Assuming MERGE for Image Command | Variants updated by SKU: 1
S-4468,S-4468,Arka,FALSE,Size,18x18x10,,,,,2.99,S-4468,draft,https://img.uline.com/is/image/uline/S-4468?$MediumRHD$,uline,"Home > All Products > Boxes, Corrugated > Corrugated Boxes (200# Test) > Misc Box Sizes",8.19258E+12,s-4468,OK,UPDATE: Found by Handle | Assuming MERGE for Variant Command | Assuming MERGE for Image Command | Variants updated by SKU: 1
S-20410,S-20410,Arka,FALSE,Size,18x18x10,,,,,5.54,S-20410,draft,https://img.uline.com/is/image/uline/S-20410?$MediumRHD$,uline,"Home > All Products > Boxes, Corrugated > Heavy Duty Boxes > 275 Lb. Test Double Wall Boxes",8.19258E+12,s-20410,OK,UPDATE: Found by Handle | Assuming MERGE for Variant Command | Assuming MERGE for Image Command | Variants updated by SKU: 1
S-4399,S-4399,Arka,FALSE,Size,18x18x12,,,,,2.21,S-4399,draft,https://img.uline.com/is/image/uline/S-4399?$MediumRHD$,uline,"Home > All Products > Boxes, Corrugated > Corrugated Boxes (200# Test) > Misc Box Sizes",8.19258E+12,s-4399,OK,UPDATE: Found by Handle | Assuming MERGE for Variant Command | Assuming MERGE for Image Command | Variants updated by SKU: 1
S-4771,S-4771,Arka,FALSE,Size,18x18x12,,,,,4.05,S-4771,draft,https://img.uline.com/is/image/uline/S-4771?$MediumRHD$,uline,"Home > All Products > Boxes, Corrugated > Heavy Duty Boxes > 275 Lb. Test Single Wall Boxes",8.19258E+12,s-4771,OK,UPDATE: Found by Handle | Assuming MERGE for Variant Command | Assuming MERGE for Image Command | Variants updated by SKU: 1
S-4636,S-4636,Arka,FALSE,Size,18x18x12,,,,,3.54,S-4636,draft,https://img.uline.com/is/image/uline/S-4636?$MediumRHD$,uline,"Home > All Products > Boxes, Corrugated > Corrugated Boxes (200# Test) > Multi-Depth Boxes",8.19258E+12,s-4636,OK,UPDATE: Found by Handle | Assuming MERGE for Variant Command | Assuming MERGE for Image Command | Variants updated by SKU: 1
S-4968,S-4968,Arka,FALSE,Size,18x18x12,,,,,4.28,S-4968,draft,https://img.uline.com/is/image/uline/S-4968?$MediumRHD$,uline,"Home > All Products > Boxes, Corrugated > Heavy Duty Boxes > 275 Lb. Test Double Wall Boxes",8.19258E+12,s-4968,OK,UPDATE: Found by Handle | Assuming MERGE for Variant Command | Assuming MERGE for Image Command | Variants updated by SKU: 1
S-4729,S-4729,Arka,FALSE,Size,18x18x14,,,,,3.22,S-4729,draft,https://img.uline.com/is/image/uline/S-4729?$MediumRHD$,uline,"Home > All Products > Boxes, Corrugated > Corrugated Boxes (200# Test) > Misc Box Sizes",8.19258E+12,s-4729,OK,UPDATE: Found by Handle | Assuming MERGE for Variant Command | Assuming MERGE for Image Command | Variants updated by SKU: 1
S-13314,S-13314,Arka,FALSE,Size,18x18x15,,,,,3.35,S-13314,draft,https://img.uline.com/is/image/uline/S-13314?$MediumRHD$,uline,"Home > All Products > Boxes, Corrugated > Corrugated Boxes (200# Test) > Misc Box Sizes",8.19258E+12,s-13314,OK,UPDATE: Found by Handle | Assuming MERGE for Variant Command | Assuming MERGE for Image Command | Variants updated by SKU: 1
S-4456,S-4456,Arka,FALSE,Size,18x18x16,,,,,2.4,S-4456,draft,https://img.uline.com/is/image/uline/S-4456?$MediumRHD$,uline,"Home > All Products > Boxes, Corrugated > Moving Boxes > Packing/Storage Boxes",8.19258E+12,s-4456,OK,UPDATE: Found by Handle | Assuming MERGE for Variant Command | Assuming MERGE for Image Command | Variants updated by SKU: 1
S-18923,S-18923,Arka,FALSE,Size,18x18x16,,,,,6.46,S-18923,draft,https://img.uline.com/is/image/uline/S-18923?$MediumRHD$,uline,"Home > All Products > Boxes, Corrugated > Heavy Duty Boxes > 275 Lb. Test Double Wall Boxes",8.19258E+12,s-18923,OK,UPDATE: Found by Handle | Assuming MERGE for Variant Command | Assuming MERGE for Image Command | Variants updated by SKU: 1
S-4338,S-4338,Arka,FALSE,Size,18x18x24,,,,,3.05,S-4338,draft,https://img.uline.com/is/image/uline/S-4338?$MediumRHD$,uline,"Home > All Products > Boxes, Corrugated > Moving Boxes > Packing/Storage Boxes",8.19258E+12,s-4338,OK,UPDATE: Found by Handle | Assuming MERGE for Variant Command | Assuming MERGE for Image Command | Variants updated by SKU: 1
S-4637,S-4637,Arka,FALSE,Size,18x18x20,,,,,3.89,S-4637,draft,https://img.uline.com/is/image/uline/S-4637?$MediumRHD$,uline,"Home > All Products > Boxes, Corrugated > Corrugated Boxes (200# Test) > Misc Box Sizes",8.19258E+12,s-4637,OK,UPDATE: Found by Handle | Assuming MERGE for Variant Command | Assuming MERGE for Image Command | Variants updated by SKU: 1
S-11254,S-11254,Arka,FALSE,Size,18x18x24,,,,,8.19,S-11254,draft,https://img.uline.com/is/image/uline/S-11254?$MediumRHD$,uline,"Home > All Products > Boxes, Corrugated > Heavy Duty Boxes > 275 Lb. Test Double Wall Boxes",8.19258E+12,s-11254,OK,UPDATE: Found by Handle | Assuming MERGE for Variant Command | Assuming MERGE for Image Command | Variants updated by SKU: 1
S-4758,S-4758,Arka,FALSE,Size,18x18x28,,,,,4.66,S-4758,draft,https://img.uline.com/is/image/uline/S-4758?$MediumRHD$,uline,"Home > All Products > Boxes, Corrugated > Corrugated Boxes (200# Test) > Misc Box Sizes",8.19258E+12,s-4758,OK,UPDATE: Found by Handle | Assuming MERGE for Variant Command | Assuming MERGE for Image Command | Variants updated by SKU: 1
S-4676,S-4676,Arka,FALSE,Size,18x18x28,,,,,10.15,S-4676,draft,https://img.uline.com/is/image/uline/S-4676?$MediumRHD$,uline,"Home > All Products > Boxes, Corrugated > Moving Boxes > Dish and Glass Pack Boxes",8.19258E+12,s-4676,OK,UPDATE: Found by Handle | Assuming MERGE for Variant Command | Assuming MERGE for Image Command | Variants updated by SKU: 1
S-15045,S-15045,Arka,FALSE,Size,18x18x30,,,,,5.23,S-15045,draft,https://img.uline.com/is/image/uline/S-15045?$MediumRHD$,uline,"Home > All Products > Boxes, Corrugated > Corrugated Boxes (200# Test) > Misc Box Sizes",8.19258E+12,s-15045,OK,UPDATE: Found by Handle | Assuming MERGE for Variant Command | Assuming MERGE for Image Command | Variants updated by SKU: 1
S-22662,S-22662,Arka,FALSE,Size,18x18x34,,,,,5.95,S-22662,draft,https://img.uline.com/is/image/uline/S-22662?$MediumRHD$,uline,"Home > All Products > Boxes, Corrugated > Corrugated Boxes (200# Test) > Misc Box Sizes",8.19258E+12,s-22662,OK,UPDATE: Found by Handle | Assuming MERGE for Variant Command | Assuming MERGE for Image Command | Variants updated by SKU: 1
S-20428,S-20428,Arka,FALSE,Size,18x18x40,,,,,13.07,S-20428,draft,https://img.uline.com/is/image/uline/S-20428?$MediumRHD$,uline,"Home > All Products > Boxes, Corrugated > Corrugated Boxes (200# Test) > Telescopic Boxes",8.19258E+12,s-20428,OK,UPDATE: Found by Handle | Assuming MERGE for Variant Command | Assuming MERGE for Image Command | Variants updated by SKU: 1
S-11377,S-11377,Arka,FALSE,Size,18x18x48,,,,,6.97,S-11377,draft,https://img.uline.com/is/image/uline/S-11377?$MediumRHD$,uline,"Home > All Products > Boxes, Corrugated > Corrugated Boxes (200# Test) > Tall Boxes",8.19258E+12,s-11377,OK,UPDATE: Found by Handle | Assuming MERGE for Variant Command | Assuming MERGE for Image Command | Variants updated by SKU: 1
S-4759,S-4759,Arka,FALSE,Size,18.50x12.50x9,,,,,2.04,S-4759,draft,https://img.uline.com/is/image/uline/S-4759?$MediumRHD$,uline,"Home > All Products > Boxes, Corrugated > Corrugated Boxes (200# Test) > Misc Box Sizes",8.19258E+12,s-4759,OK,UPDATE: Found by Handle | Assuming MERGE for Variant Command | Assuming MERGE for Image Command | Variants updated by SKU: 1
S-13315,S-13315,Arka,FALSE,Size,18.50x12.50x7,,,,,1.97,S-13315,draft,https://img.uline.com/is/image/uline/S-13315?$MediumRHD$,uline,"Home > All Products > Boxes, Corrugated > Corrugated Boxes (200# Test) > Misc Box Sizes",8.19258E+12,s-13315,OK,UPDATE: Found by Handle | Assuming MERGE for Variant Command | Assuming MERGE for Image Command | Variants updated by SKU: 1
S-4696,S-4696,Arka,FALSE,Size,18.50x18.50x9,,,,,2.99,S-4696,draft,https://img.uline.com/is/image/uline/S-4696?$MediumRHD$,uline,"Home > All Products > Boxes, Corrugated > Corrugated Boxes (200# Test) > Misc Box Sizes",8.19258E+12,s-4696,OK,UPDATE: Found by Handle | Assuming MERGE for Variant Command | Assuming MERGE for Image Command | Variants updated by SKU: 1
S-4761,S-4761,Arka,FALSE,Size,19x12x3,,,,,1.73,S-4761,draft,https://img.uline.com/is/image/uline/S-4761?$MediumRHD$,uline,"Home > All Products > Boxes, Corrugated > Corrugated Boxes (200# Test) > Flat Boxes",8.19258E+12,s-4761,OK,UPDATE: Found by Handle | Assuming MERGE for Variant Command | Assuming MERGE for Image Command | Variants updated by SKU: 1
S-4760,S-4760,Arka,FALSE,Size,18.50x12.50x12,,,,,2.17,S-4760,draft,https://img.uline.com/is/image/uline/S-4760?$MediumRHD$,uline,"Home > All Products > Boxes, Corrugated > Corrugated Boxes (200# Test) > Misc Box Sizes",8.19258E+12,s-4760,OK,UPDATE: Found by Handle | Assuming MERGE for Variant Command | Assuming MERGE for Image Command | Variants updated by SKU: 1
S-16757,S-16757,Arka,FALSE,Size,19x6x4,,,,,1.12,S-16757,draft,https://img.uline.com/is/image/uline/S-16757?$MediumRHD$,uline,"Home > All Products > Boxes, Corrugated > Corrugated Boxes (200# Test) > Long Boxes",8.19258E+12,s-16757,OK,UPDATE: Found by Handle | Assuming MERGE for Variant Command | Assuming MERGE for Image Command | Variants updated by SKU: 1
S-4899,S-4899,Arka,FALSE,Size,19x12x4,,,,,1.74,S-4899,draft,https://img.uline.com/is/image/uline/S-4899?$MediumRHD$,uline,"Home > All Products > Boxes, Corrugated > Corrugated Boxes (200# Test) > Flat Boxes",8.19258E+12,s-4899,OK,UPDATE: Found by Handle | Assuming MERGE for Variant Command | Assuming MERGE for Image Command | Variants updated by SKU: 1
S-19846,S-19846,Arka,FALSE,Size,19x12x7,,,,,1.97,S-19846,draft,https://img.uline.com/is/image/uline/S-19846?$MediumRHD$,uline,"Home > All Products > Boxes, Corrugated > Corrugated Boxes (200# Test) > Misc Box Sizes",8.19258E+12,s-19846,OK,UPDATE: Found by Handle | Assuming MERGE for Variant Command | Assuming MERGE for Image Command | Variants updated by SKU: 1
S-20482,S-20482,Arka,FALSE,Size,19x13x6,,,,,2.04,S-20482,draft,https://img.uline.com/is/image/uline/S-20482?$MediumRHD$,uline,"Home > All Products > Boxes, Corrugated > Corrugated Boxes (200# Test) > Flat Boxes",8.19258E+12,s-20482,OK,UPDATE: Found by Handle | Assuming MERGE for Variant Command | Assuming MERGE for Image Command | Variants updated by SKU: 1
S-23982,S-23982,Arka,FALSE,Size,19x13x4,,,,,1.83,S-23982,draft,https://img.uline.com/is/image/uline/S-23982?$MediumRHD$,uline,"Home > All Products > Boxes, Corrugated > Corrugated Boxes (200# Test) > Flat Boxes",8.19258E+12,s-23982,OK,UPDATE: Found by Handle | Assuming MERGE for Variant Command | Assuming MERGE for Image Command | Variants updated by SKU: 1
S-22663,S-22663,Arka,FALSE,Size,19x13x8,,,,,2.25,S-22663,draft,https://img.uline.com/is/image/uline/S-22663?$MediumRHD$,uline,"Home > All Products > Boxes, Corrugated > Corrugated Boxes (200# Test) > Misc Box Sizes",8.19258E+12,s-22663,OK,UPDATE: Found by Handle | Assuming MERGE for Variant Command | Assuming MERGE for Image Command | Variants updated by SKU: 1
S-22596,S-22596,Arka,FALSE,Size,19x13x12,,,,,2.76,S-22596,draft,https://img.uline.com/is/image/uline/S-22596?$MediumRHD$,uline,"Home > All Products > Boxes, Corrugated > Corrugated Boxes (200# Test) > Multi-Depth Boxes",8.19258E+12,s-22596,OK,UPDATE: Found by Handle | Assuming MERGE for Variant Command | Assuming MERGE for Image Command | Variants updated by SKU: 1
S-22192,S-22192,Arka,FALSE,Size,19x13x10,,,,,2.44,S-22192,draft,https://img.uline.com/is/image/uline/S-22192?$MediumRHD$,uline,"Home > All Products > Boxes, Corrugated > Corrugated Boxes (200# Test) > Misc Box Sizes",8.19258E+12,s-22192,OK,UPDATE: Found by Handle | Assuming MERGE for Variant Command | Assuming MERGE for Image Command | Variants updated by SKU: 1
S-16760,S-16760,Arka,FALSE,Size,19x13x13,,,,,2.64,S-16760,draft,https://img.uline.com/is/image/uline/S-16760?$MediumRHD$,uline,"Home > All Products > Boxes, Corrugated > Corrugated Boxes (200# Test) > Misc Box Sizes",8.19258E+12,s-16760,OK,UPDATE: Found by Handle | Assuming MERGE for Variant Command | Assuming MERGE for Image Command | Variants updated by SKU: 1
S-4860,S-4860,Arka,FALSE,Size,19x19x19,,,,,4.14,S-4860,draft,https://img.uline.com/is/image/uline/S-4860?$MediumRHD$,uline,"Home > All Products > Boxes, Corrugated > Corrugated Boxes (200# Test) > Cube Boxes",8.19258E+12,s-4860,OK,UPDATE: Found by Handle | Assuming MERGE for Variant Command | Assuming MERGE for Image Command | Variants updated by SKU: 1
S-4498,S-4498,Arka,FALSE,Size,20x5x5,,,,,1.11,S-4498,draft,https://img.uline.com/is/image/uline/S-4498?$MediumRHD$,uline,"Home > All Products > Boxes, Corrugated > Corrugated Boxes (200# Test) > Long Boxes",8.19258E+12,s-4498,OK,UPDATE: Found by Handle | Assuming MERGE for Variant Command | Assuming MERGE for Image Command | Variants updated by SKU: 1
S-4542,S-4542,Arka,FALSE,Size,20x14x6,,,,,1.56,S-4542,draft,https://img.uline.com/is/image/uline/S-4542?$MediumRHD$,uline,"Home > All Products > Boxes, Corrugated > Corrugated Boxes (200# Test) > Flat Boxes",8.19258E+12,s-4542,OK,UPDATE: Found by Handle | Assuming MERGE for Variant Command | Assuming MERGE for Image Command | Variants updated by SKU: 1
S-4450,S-4450,Arka,FALSE,Size,24x24x4,,,,,2.7,S-4450,draft,https://img.uline.com/is/image/uline/S-4450?$MediumRHD$,uline,"Home > All Products > Boxes, Corrugated > Corrugated Boxes (200# Test) > Flat Boxes",8.19258E+12,s-4450,OK,UPDATE: Found by Handle | Assuming MERGE for Variant Command | Assuming MERGE for Image Command | Variants updated by SKU: 1
S-4922,S-4922,Arka,FALSE,Size,20x8x50,,,,,9.71,S-4922,draft,https://img.uline.com/is/image/uline/S-4922?$MediumRHD$,uline,"Home > All Products > Boxes, Corrugated > Moving Boxes > Guitar Boxes",8.19258E+12,s-4922,OK,UPDATE: Found by Handle | Assuming MERGE for Variant Command | Assuming MERGE for Image Command | Variants updated by SKU: 1
S-4639,S-4639,Arka,FALSE,Size,20x6x6,,,,,1.24,S-4639,draft,https://img.uline.com/is/image/uline/S-4639?$MediumRHD$,uline,"Home > All Products > Boxes, Corrugated > Corrugated Boxes (200# Test) > Long Boxes",8.19258E+12,s-4639,OK,UPDATE: Found by Handle | Assuming MERGE for Variant Command | Assuming MERGE for Image Command | Variants updated by SKU: 1
S-23983,S-23983,Arka,FALSE,Size,20x8x3,,,,,1.32,S-23983,draft,https://img.uline.com/is/image/uline/S-23983?$MediumRHD$,uline,"Home > All Products > Boxes, Corrugated > Corrugated Boxes (200# Test) > Long Boxes",8.19258E+12,s-23983,OK,UPDATE: Found by Handle | Assuming MERGE for Variant Command | Assuming MERGE for Image Command | Variants updated by SKU: 1
S-18362,S-18362,Arka,FALSE,Size,20x8x4,,,,,1.36,S-18362,draft,https://img.uline.com/is/image/uline/S-18362?$MediumRHD$,uline,"Home > All Products > Boxes, Corrugated > Corrugated Boxes (200# Test) > Long Boxes",8.19258E+12,s-18362,OK,UPDATE: Found by Handle | Assuming MERGE for Variant Command | Assuming MERGE for Image Command | Variants updated by SKU: 1
S-16758,S-16758,Arka,FALSE,Size,20x8x6,,,,,1.42,S-16758,draft,https://img.uline.com/is/image/uline/S-16758?$MediumRHD$,uline,"Home > All Products > Boxes, Corrugated > Corrugated Boxes (200# Test) > Long Boxes",8.19258E+12,s-16758,OK,UPDATE: Found by Handle | Assuming MERGE for Variant Command | Assuming MERGE for Image Command | Variants updated by SKU: 1
S-4499,S-4499,Arka,FALSE,Size,20x8x8,,,,,1,S-4499,draft,https://img.uline.com/is/image/uline/S-4499?$MediumRHD$,uline,"Home > All Products > Boxes, Corrugated > Corrugated Boxes (200# Test) > Long Boxes",8.19258E+12,s-4499,OK,UPDATE: Found by Handle | Assuming MERGE for Variant Command | Assuming MERGE for Image Command | Variants updated by SKU: 1
S-23986,S-23986,Arka,FALSE,Size,20x9x9,,,,,1.8,S-23986,draft,https://img.uline.com/is/image/uline/S-23986?$MediumRHD$,uline,"Home > All Products > Boxes, Corrugated > Corrugated Boxes (200# Test) > Long Boxes",8.19258E+12,s-23986,OK,UPDATE: Found by Handle | Assuming MERGE for Variant Command | Assuming MERGE for Image Command | Variants updated by SKU: 1
S-4840,S-4840,Arka,FALSE,Size,20x10x4,,,,,1.4,S-4840,draft,https://img.uline.com/is/image/uline/S-4840?$MediumRHD$,uline,"Home > All Products > Boxes, Corrugated > Corrugated Boxes (200# Test) > Flat Boxes",8.19258E+12,s-4840,OK,UPDATE: Found by Handle | Assuming MERGE for Variant Command | Assuming MERGE for Image Command | Variants updated by SKU: 1
S-4640,S-4640,Arka,FALSE,Size,20x10x6,,,,,1.42,S-4640,draft,https://img.uline.com/is/image/uline/S-4640?$MediumRHD$,uline,"Home > All Products > Boxes, Corrugated > Corrugated Boxes (200# Test) > Flat Boxes",8.19258E+12,s-4640,OK,UPDATE: Found by Handle | Assuming MERGE for Variant Command | Assuming MERGE for Image Command | Variants updated by SKU: 1
S-4469,S-4469,Arka,FALSE,Size,20x10x8,,,,,1.58,S-4469,draft,https://img.uline.com/is/image/uline/S-4469?$MediumRHD$,uline,"Home > All Products > Boxes, Corrugated > Corrugated Boxes (200# Test) > Misc Box Sizes",8.19258E+12,s-4469,OK,UPDATE: Found by Handle | Assuming MERGE for Variant Command | Assuming MERGE for Image Command | Variants updated by SKU: 1
S-4458,S-4458,Arka,FALSE,Size,20x10x10,,,,,1.94,S-4458,draft,https://img.uline.com/is/image/uline/S-4458?$MediumRHD$,uline,"Home > All Products > Boxes, Corrugated > Corrugated Boxes (200# Test) > Misc Box Sizes",8.19258E+12,s-4458,OK,UPDATE: Found by Handle | Assuming MERGE for Variant Command | Assuming MERGE for Image Command | Variants updated by SKU: 1
S-23961,S-23961,Arka,FALSE,Size,20x10x10,,,,,3.44,S-23961,draft,https://img.uline.com/is/image/uline/S-23961?$MediumRHD$,uline,"Home > All Products > Boxes, Corrugated > Heavy Duty Boxes > 275 Lb. Test Double Wall Boxes",8.19258E+12,s-23961,OK,UPDATE: Found by Handle | Assuming MERGE for Variant Command | Assuming MERGE for Image Command | Variants updated by SKU: 1
S-4900,S-4900,Arka,FALSE,Size,20x10x12,,,,,2.11,S-4900,draft,https://img.uline.com/is/image/uline/S-4900?$MediumRHD$,uline,"Home > All Products > Boxes, Corrugated > Corrugated Boxes (200# Test) > Misc Box Sizes",8.19258E+12,s-4900,OK,UPDATE: Found by Handle | Assuming MERGE for Variant Command | Assuming MERGE for Image Command | Variants updated by SKU: 1
S-19079,S-19079,Arka,FALSE,Size,20x12x3,,,,,1.75,S-19079,draft,https://img.uline.com/is/image/uline/S-19079?$MediumRHD$,uline,"Home > All Products > Boxes, Corrugated > Corrugated Boxes (200# Test) > Flat Boxes",8.19258E+12,s-19079,OK,UPDATE: Found by Handle | Assuming MERGE for Variant Command | Assuming MERGE for Image Command | Variants updated by SKU: 1
S-4945,S-4945,Arka,FALSE,Size,20x12x4,,,,,1.79,S-4945,draft,https://img.uline.com/is/image/uline/S-4945?$MediumRHD$,uline,"Home > All Products > Boxes, Corrugated > Corrugated Boxes (200# Test) > Flat Boxes",8.19258E+12,s-4945,OK,UPDATE: Found by Handle | Assuming MERGE for Variant Command | Assuming MERGE for Image Command | Variants updated by SKU: 1
S-4349,S-4349,Arka,FALSE,Size,20x12x6,,,,,1.98,S-4349,draft,https://img.uline.com/is/image/uline/S-4349?$MediumRHD$,uline,"Home > All Products > Boxes, Corrugated > Corrugated Boxes (200# Test) > Flat Boxes",8.19258E+12,s-4349,OK,UPDATE: Found by Handle | Assuming MERGE for Variant Command | Assuming MERGE for Image Command | Variants updated by SKU: 1
S-21539,S-21539,Arka,FALSE,Size,20x12x6,,,,,3.32,S-21539,draft,https://img.uline.com/is/image/uline/S-21539?$MediumRHD$,uline,"Home > All Products > Boxes, Corrugated > Heavy Duty Boxes > 275 Lb. Test Double Wall Boxes",8.19258E+12,s-21539,OK,UPDATE: Found by Handle | Assuming MERGE for Variant Command | Assuming MERGE for Image Command | Variants updated by SKU: 1
S-22195,S-22195,Arka,FALSE,Size,20x12x7,,,,,2.01,S-22195,draft,https://img.uline.com/is/image/uline/S-22195?$MediumRHD$,uline,"Home > All Products > Boxes, Corrugated > Corrugated Boxes (200# Test) > Misc Box Sizes",8.19258E+12,s-22195,OK,UPDATE: Found by Handle | Assuming MERGE for Variant Command | Assuming MERGE for Image Command | Variants updated by SKU: 1
S-4195,S-4195,Arka,FALSE,Size,20x12x8,,,,,2.04,S-4195,draft,https://img.uline.com/is/image/uline/S-4195?$MediumRHD$,uline,"Home > All Products > Boxes, Corrugated > Corrugated Boxes (200# Test) > Misc Box Sizes",8.19258E+12,s-4195,OK,UPDATE: Found by Handle | Assuming MERGE for Variant Command | Assuming MERGE for Image Command | Variants updated by SKU: 1
S-4203,S-4203,Arka,FALSE,Size,20x12x10,,,,,2.26,S-4203,draft,https://img.uline.com/is/image/uline/S-4203?$MediumRHD$,uline,"Home > All Products > Boxes, Corrugated > Corrugated Boxes (200# Test) > Misc Box Sizes",8.19258E+12,s-4203,OK,UPDATE: Found by Handle | Assuming MERGE for Variant Command | Assuming MERGE for Image Command | Variants updated by SKU: 1
S-4204,S-4204,Arka,FALSE,Size,20x12x12,,,,,1.69,S-4204,draft,https://img.uline.com/is/image/uline/S-4204?$MediumRHD$,uline,"Home > All Products > Boxes, Corrugated > Corrugated Boxes (200# Test) > Misc Box Sizes",8.19258E+12,s-4204,OK,UPDATE: Found by Handle | Assuming MERGE for Variant Command | Assuming MERGE for Image Command | Variants updated by SKU: 1
S-12602,S-12602,Arka,FALSE,Size,20x12x12,,,,,2.69,S-12602,draft,https://img.uline.com/is/image/uline/S-12602?$MediumRHD$,uline,"Home > All Products > Boxes, Corrugated > Corrugated Boxes (200# Test) > Multi-Depth Boxes",8.19258E+12,s-12602,OK,UPDATE: Found by Handle | Assuming MERGE for Variant Command | Assuming MERGE for Image Command | Variants updated by SKU: 1
S-12603,S-12603,Arka,FALSE,Size,20x12x12,,,,,4.59,S-12603,draft,https://img.uline.com/is/image/uline/S-12603?$MediumRHD$,uline,"Home > All Products > Boxes, Corrugated > Heavy Duty Boxes > 275 Lb. Test Double Wall Boxes",8.19258E+12,s-12603,OK,UPDATE: Found by Handle | Assuming MERGE for Variant Command | Assuming MERGE for Image Command | Variants updated by SKU: 1
S-19848,S-19848,Arka,FALSE,Size,20x12x16,,,,,2.85,S-19848,draft,https://img.uline.com/is/image/uline/S-19848?$MediumRHD$,uline,"Home > All Products > Boxes, Corrugated > Corrugated Boxes (200# Test) > Misc Box Sizes",8.19258E+12,s-19848,OK,UPDATE: Found by Handle | Assuming MERGE for Variant Command | Assuming MERGE for Image Command | Variants updated by SKU: 1
S-21067,S-21067,Arka,FALSE,Size,20x12x20,,,,,3.32,S-21067,draft,https://img.uline.com/is/image/uline/S-21067?$MediumRHD$,uline,"Home > All Products > Boxes, Corrugated > Corrugated Boxes (200# Test) > Misc Box Sizes",8.19258E+12,s-21067,OK,UPDATE: Found by Handle | Assuming MERGE for Variant Command | Assuming MERGE for Image Command | Variants updated by SKU: 1
S-4567,S-4567,Arka,FALSE,Size,20x13x10,,,,,2.4,S-4567,draft,https://img.uline.com/is/image/uline/S-4567?$MediumRHD$,uline,"Home > All Products > Boxes, Corrugated > Corrugated Boxes (200# Test) > Misc Box Sizes",8.19258E+12,s-4567,OK,UPDATE: Found by Handle | Assuming MERGE for Variant Command | Assuming MERGE for Image Command | Variants updated by SKU: 1
S-23987,S-23987,Arka,FALSE,Size,20x13x13,,,,,2.71,S-23987,draft,https://img.uline.com/is/image/uline/S-23987?$MediumRHD$,uline,"Home > All Products > Boxes, Corrugated > Corrugated Boxes (200# Test) > Misc Box Sizes",8.19258E+12,s-23987,OK,UPDATE: Found by Handle | Assuming MERGE for Variant Command | Assuming MERGE for Image Command | Variants updated by SKU: 1
S-16761,S-16761,Arka,FALSE,Size,20x14x3,,,,,1.97,S-16761,draft,https://img.uline.com/is/image/uline/S-16761?$MediumRHD$,uline,"Home > All Products > Boxes, Corrugated > Corrugated Boxes (200# Test) > Flat Boxes",8.19258E+12,s-16761,OK,UPDATE: Found by Handle | Assuming MERGE for Variant Command | Assuming MERGE for Image Command | Variants updated by SKU: 1
S-4994,S-4994,Arka,FALSE,Size,20x14x4,,,,,1.98,S-4994,draft,https://img.uline.com/is/image/uline/S-4994?$MediumRHD$,uline,"Home > All Products > Boxes, Corrugated > Corrugated Boxes (200# Test) > Flat Boxes",8.19258E+12,s-4994,OK,UPDATE: Found by Handle | Assuming MERGE for Variant Command | Assuming MERGE for Image Command | Variants updated by SKU: 1
S-25334,S-25334,Arka,FALSE,Size,20x14x5,,,,,2.09,S-25334,draft,https://img.uline.com/is/image/uline/S-25334?$MediumRHD$,uline,"Home > All Products > Boxes, Corrugated > Corrugated Boxes (200# Test) > Flat Boxes",8.19258E+12,s-25334,OK,UPDATE: Found by Handle | Assuming MERGE for Variant Command | Assuming MERGE for Image Command | Variants updated by SKU: 1
S-22123,S-22123,Arka,FALSE,Size,20x14x6,,,,,3.88,S-22123,draft,https://img.uline.com/is/image/uline/S-22123?$MediumRHD$,uline,"Home > All Products > Boxes, Corrugated > Heavy Duty Boxes > 275 Lb. Test Double Wall Boxes",8.19258E+12,s-22123,OK,UPDATE: Found by Handle | Assuming MERGE for Variant Command | Assuming MERGE for Image Command | Variants updated by SKU: 1
S-4732,S-4732,Arka,FALSE,Size,20x14x8,,,,,2.33,S-4732,draft,https://img.uline.com/is/image/uline/S-4732?$MediumRHD$,uline,"Home > All Products > Boxes, Corrugated > Corrugated Boxes (200# Test) > Misc Box Sizes",8.19258E+12,s-4732,OK,UPDATE: Found by Handle | Assuming MERGE for Variant Command | Assuming MERGE for Image Command | Variants updated by SKU: 1
S-22582,S-22582,Arka,FALSE,Size,20x14x8,,,,,4.18,S-22582,draft,https://img.uline.com/is/image/uline/S-22582?$MediumRHD$,uline,"Home > All Products > Boxes, Corrugated > Heavy Duty Boxes > 275 Lb. Test Double Wall Boxes",8.19258E+12,s-22582,OK,UPDATE: Found by Handle | Assuming MERGE for Variant Command | Assuming MERGE for Image Command | Variants updated by SKU: 1
S-4196,S-4196,Arka,FALSE,Size,20x14x10,,,,,2.54,S-4196,draft,https://img.uline.com/is/image/uline/S-4196?$MediumRHD$,uline,"Home > All Products > Boxes, Corrugated > Corrugated Boxes (200# Test) > Misc Box Sizes",8.19258E+12,s-4196,OK,UPDATE: Found by Handle | Assuming MERGE for Variant Command | Assuming MERGE for Image Command | Variants updated by SKU: 1
S-22124,S-22124,Arka,FALSE,Size,20x14x10,,,,,4.49,S-22124,draft,https://img.uline.com/is/image/uline/S-22124?$MediumRHD$,uline,"Home > All Products > Boxes, Corrugated > Heavy Duty Boxes > 275 Lb. Test Double Wall Boxes",8.19258E+12,s-22124,OK,UPDATE: Found by Handle | Assuming MERGE for Variant Command | Assuming MERGE for Image Command | Variants updated by SKU: 1
S-4206,S-4206,Arka,FALSE,Size,20x14x12,,,,,1.94,S-4206,draft,https://img.uline.com/is/image/uline/S-4206?$MediumRHD$,uline,"Home > All Products > Boxes, Corrugated > Corrugated Boxes (200# Test) > Misc Box Sizes",8.19258E+12,s-4206,OK,UPDATE: Found by Handle | Assuming MERGE for Variant Command | Assuming MERGE for Image Command | Variants updated by SKU: 1
S-19774,S-19774,Arka,FALSE,Size,20x14x12,,,,,4.84,S-19774,draft,https://img.uline.com/is/image/uline/S-19774?$MediumRHD$,uline,"Home > All Products > Boxes, Corrugated > Heavy Duty Boxes > 275 Lb. Test Double Wall Boxes",8.19258E+12,s-19774,OK,UPDATE: Found by Handle | Assuming MERGE for Variant Command | Assuming MERGE for Image Command | Variants updated by SKU: 1
S-4207,S-4207,Arka,FALSE,Size,20x14x14,,,,,3,S-4207,draft,https://img.uline.com/is/image/uline/S-4207?$MediumRHD$,uline,"Home > All Products > Boxes, Corrugated > Corrugated Boxes (200# Test) > Misc Box Sizes",8.19258E+12,s-4207,OK,UPDATE: Found by Handle | Assuming MERGE for Variant Command | Assuming MERGE for Image Command | Variants updated by SKU: 1
S-18164,S-18164,Arka,FALSE,Size,20x14x14,,,,,5.2,S-18164,draft,https://img.uline.com/is/image/uline/S-18164?$MediumRHD$,uline,"Home > All Products > Boxes, Corrugated > Heavy Duty Boxes > 275 Lb. Test Double Wall Boxes",8.19258E+12,s-18164,OK,UPDATE: Found by Handle | Assuming MERGE for Variant Command | Assuming MERGE for Image Command | Variants updated by SKU: 1
S-4641,S-4641,Arka,FALSE,Size,20x14x14,,,,,3.56,S-4641,draft,https://img.uline.com/is/image/uline/S-4641?$MediumRHD$,uline,"Home > All Products > Boxes, Corrugated > Corrugated Boxes (200# Test) > Multi-Depth Boxes",8.19258E+12,s-4641,OK,UPDATE: Found by Handle | Assuming MERGE for Variant Command | Assuming MERGE for Image Command | Variants updated by SKU: 1
S-16759,S-16759,Arka,FALSE,Size,20x14x16,,,,,3.19,S-16759,draft,https://img.uline.com/is/image/uline/S-16759?$MediumRHD$,uline,"Home > All Products > Boxes, Corrugated > Corrugated Boxes (200# Test) > Misc Box Sizes",8.19258E+12,s-16759,OK,UPDATE: Found by Handle | Assuming MERGE for Variant Command | Assuming MERGE for Image Command | Variants updated by SKU: 1
S-4901,S-4901,Arka,FALSE,Size,20x14x18,,,,,3.41,S-4901,draft,https://img.uline.com/is/image/uline/S-4901?$MediumRHD$,uline,"Home > All Products > Boxes, Corrugated > Corrugated Boxes (200# Test) > Misc Box Sizes",8.19258E+12,s-4901,OK,UPDATE: Found by Handle | Assuming MERGE for Variant Command | Assuming MERGE for Image Command | Variants updated by SKU: 1
S-21562,S-21562,Arka,FALSE,Size,20x14x20,,,,,3.61,S-21562,draft,https://img.uline.com/is/image/uline/S-21562?$MediumRHD$,uline,"Home > All Products > Boxes, Corrugated > Corrugated Boxes (200# Test) > Misc Box Sizes",8.19258E+12,s-21562,OK,UPDATE: Found by Handle | Assuming MERGE for Variant Command | Assuming MERGE for Image Command | Variants updated by SKU: 1
S-13316,S-13316,Arka,FALSE,Size,20x15x6,,,,,2.59,S-13316,draft,https://img.uline.com/is/image/uline/S-13316?$MediumRHD$,uline,"Home > All Products > Boxes, Corrugated > Corrugated Boxes (200# Test) > Flat Boxes",8.19258E+12,s-13316,OK,UPDATE: Found by Handle | Assuming MERGE for Variant Command | Assuming MERGE for Image Command | Variants updated by SKU: 1
S-23988,S-23988,Arka,FALSE,Size,20x15x8,,,,,2.64,S-23988,draft,https://img.uline.com/is/image/uline/S-23988?$MediumRHD$,uline,"Home > All Products > Boxes, Corrugated > Corrugated Boxes (200# Test) > Misc Box Sizes",8.19258E+12,s-23988,OK,UPDATE: Found by Handle | Assuming MERGE for Variant Command | Assuming MERGE for Image Command | Variants updated by SKU: 1
S-15038,S-15038,Arka,FALSE,Size,20x15x9,,,,,2.67,S-15038,draft,https://img.uline.com/is/image/uline/S-15038?$MediumRHD$,uline,"Home > All Products > Boxes, Corrugated > Corrugated Boxes (200# Test) > Misc Box Sizes",8.19258E+12,s-15038,OK,UPDATE: Found by Handle | Assuming MERGE for Variant Command | Assuming MERGE for Image Command | Variants updated by SKU: 1
S-11378,S-11378,Arka,FALSE,Size,20x15x10,,,,,2.69,S-11378,draft,https://img.uline.com/is/image/uline/S-11378?$MediumRHD$,uline,"Home > All Products > Boxes, Corrugated > Corrugated Boxes (200# Test) > Misc Box Sizes",8.19258E+12,s-11378,OK,UPDATE: Found by Handle | Assuming MERGE for Variant Command | Assuming MERGE for Image Command | Variants updated by SKU: 1
S-4926,S-4926,Arka,FALSE,Size,20x15x12,,,,,2.9,S-4926,draft,https://img.uline.com/is/image/uline/S-4926?$MediumRHD$,uline,"Home > All Products > Boxes, Corrugated > Corrugated Boxes (200# Test) > Misc Box Sizes",8.19258E+12,s-4926,OK,UPDATE: Found by Handle | Assuming MERGE for Variant Command | Assuming MERGE for Image Command | Variants updated by SKU: 1
S-4642,S-4642,Arka,FALSE,Size,20x15x15,,,,,2.36,S-4642,draft,https://img.uline.com/is/image/uline/S-4642?$MediumRHD$,uline,"Home > All Products > Boxes, Corrugated > Corrugated Boxes (200# Test) > Misc Box Sizes",8.19258E+12,s-4642,OK,UPDATE: Found by Handle | Assuming MERGE for Variant Command | Assuming MERGE for Image Command | Variants updated by SKU: 1
S-4201,S-4201,Arka,FALSE,Size,20x20x20,,,,,3.3,S-4201,draft,https://img.uline.com/is/image/uline/S-4201?$MediumRHD$,uline,"Home > All Products > Boxes, Corrugated > Corrugated Boxes (200# Test) > Cube Boxes",8.19258E+12,s-4201,OK,UPDATE: Found by Handle | Assuming MERGE for Variant Command | Assuming MERGE for Image Command | Variants updated by SKU: 1
S-4646,S-4646,Arka,FALSE,Size,20x18x22,,,,,4.72,S-4646,draft,https://img.uline.com/is/image/uline/S-4646?$MediumRHD$,uline,"Home > All Products > Boxes, Corrugated > Corrugated Boxes (200# Test) > Misc Box Sizes",8.19258E+12,s-4646,OK,UPDATE: Found by Handle | Assuming MERGE for Variant Command | Assuming MERGE for Image Command | Variants updated by SKU: 1
S-14286,S-14286,Arka,FALSE,Size,20x18x18,,,,,4.2,S-14286,draft,https://img.uline.com/is/image/uline/S-14286?$MediumRHD$,uline,"Home > All Products > Boxes, Corrugated > Corrugated Boxes (200# Test) > Misc Box Sizes",8.19258E+12,s-14286,OK,UPDATE: Found by Handle | Assuming MERGE for Variant Command | Assuming MERGE for Image Command | Variants updated by SKU: 1
S-4821,S-4821,Arka,FALSE,Size,20x16x4,,,,,2.53,S-4821,draft,https://img.uline.com/is/image/uline/S-4821?$MediumRHD$,uline,"Home > All Products > Boxes, Corrugated > Corrugated Boxes (200# Test) > Flat Boxes",8.19258E+12,s-4821,OK,UPDATE: Found by Handle | Assuming MERGE for Variant Command | Assuming MERGE for Image Command | Variants updated by SKU: 1
S-4902,S-4902,Arka,FALSE,Size,20x16x6,,,,,2.61,S-4902,draft,https://img.uline.com/is/image/uline/S-4902?$MediumRHD$,uline,"Home > All Products > Boxes, Corrugated > Corrugated Boxes (200# Test) > Flat Boxes",8.19258E+12,s-4902,OK,UPDATE: Found by Handle | Assuming MERGE for Variant Command | Assuming MERGE for Image Command | Variants updated by SKU: 1
S-4364,S-4364,Arka,FALSE,Size,20x20x10,,,,,3.21,S-4364,draft,https://img.uline.com/is/image/uline/S-4364?$MediumRHD$,uline,"Home > All Products > Boxes, Corrugated > Corrugated Boxes (200# Test) > Misc Box Sizes",8.19258E+12,s-4364,OK,UPDATE: Found by Handle | Assuming MERGE for Variant Command | Assuming MERGE for Image Command | Variants updated by SKU: 1
S-4643,S-4643,Arka,FALSE,Size,20x16x8,,,,,2.69,S-4643,draft,https://img.uline.com/is/image/uline/S-4643?$MediumRHD$,uline,"Home > All Products > Boxes, Corrugated > Corrugated Boxes (200# Test) > Misc Box Sizes",8.19258E+12,s-4643,OK,UPDATE: Found by Handle | Assuming MERGE for Variant Command | Assuming MERGE for Image Command | Variants updated by SKU: 1
S-23962,S-23962,Arka,FALSE,Size,20x16x8,,,,,4.74,S-23962,draft,https://img.uline.com/is/image/uline/S-23962?$MediumRHD$,uline,"Home > All Products > Boxes, Corrugated > Heavy Duty Boxes > 275 Lb. Test Double Wall Boxes",8.19258E+12,s-23962,OK,UPDATE: Found by Handle | Assuming MERGE for Variant Command | Assuming MERGE for Image Command | Variants updated by SKU: 1
S-22197,S-22197,Arka,FALSE,Size,20x16x9,,,,,2.76,S-22197,draft,https://img.uline.com/is/image/uline/S-22197?$MediumRHD$,uline,"Home > All Products > Boxes, Corrugated > Corrugated Boxes (200# Test) > Misc Box Sizes",8.19258E+12,s-22197,OK,UPDATE: Found by Handle | Assuming MERGE for Variant Command | Assuming MERGE for Image Command | Variants updated by SKU: 1
S-4644,S-4644,Arka,FALSE,Size,20x16x10,,,,,2.82,S-4644,draft,https://img.uline.com/is/image/uline/S-4644?$MediumRHD$,uline,"Home > All Products > Boxes, Corrugated > Corrugated Boxes (200# Test) > Misc Box Sizes",8.19258E+12,s-4644,OK,UPDATE: Found by Handle | Assuming MERGE for Variant Command | Assuming MERGE for Image Command | Variants updated by SKU: 1
S-21043,S-21043,Arka,FALSE,Size,20x16x10,,,,,5.12,S-21043,draft,https://img.uline.com/is/image/uline/S-21043?$MediumRHD$,uline,"Home > All Products > Boxes, Corrugated > Heavy Duty Boxes > 275 Lb. Test Double Wall Boxes",8.19258E+12,s-21043,OK,UPDATE: Found by Handle | Assuming MERGE for Variant Command | Assuming MERGE for Image Command | Variants updated by SKU: 1
S-4339,S-4339,Arka,FALSE,Size,20x16x12,,,,,2.99,S-4339,draft,https://img.uline.com/is/image/uline/S-4339?$MediumRHD$,uline,"Home > All Products > Boxes, Corrugated > Corrugated Boxes (200# Test) > Misc Box Sizes",8.19258E+12,s-4339,OK,UPDATE: Found by Handle | Assuming MERGE for Variant Command | Assuming MERGE for Image Command | Variants updated by SKU: 1
S-21540,S-21540,Arka,FALSE,Size,20x16x12,,,,,5.5,S-21540,draft,https://img.uline.com/is/image/uline/S-21540?$MediumRHD$,uline,"Home > All Products > Boxes, Corrugated > Heavy Duty Boxes > 275 Lb. Test Double Wall Boxes",8.19258E+12,s-21540,OK,UPDATE: Found by Handle | Assuming MERGE for Variant Command | Assuming MERGE for Image Command | Variants updated by SKU: 1
S-4200,S-4200,Arka,FALSE,Size,20x16x14,,,,,2.36,S-4200,draft,https://img.uline.com/is/image/uline/S-4200?$MediumRHD$,uline,"Home > All Products > Boxes, Corrugated > Corrugated Boxes (200# Test) > Misc Box Sizes",8.19258E+12,s-4200,OK,UPDATE: Found by Handle | Assuming MERGE for Variant Command | Assuming MERGE for Image Command | Variants updated by SKU: 1
S-4861,S-4861,Arka,FALSE,Size,20x16x14,,,,,2.67,S-4861,draft,https://img.uline.com/is/image/uline/S-4861?$MediumRHD$,uline,"Home > All Products > Boxes, Corrugated > Corrugated Boxes (200# Test) > Multi-Depth Boxes",8.19258E+12,s-4861,OK,UPDATE: Found by Handle | Assuming MERGE for Variant Command | Assuming MERGE for Image Command | Variants updated by SKU: 1
S-13317,S-13317,Arka,FALSE,Size,20x16x14,,,,,5.88,S-13317,draft,https://img.uline.com/is/image/uline/S-13317?$MediumRHD$,uline,"Home > All Products > Boxes, Corrugated > Heavy Duty Boxes > 275 Lb. Test Double Wall Boxes",8.19258E+12,s-13317,OK,UPDATE: Found by Handle | Assuming MERGE for Variant Command | Assuming MERGE for Image Command | Variants updated by SKU: 1
S-4645,S-4645,Arka,FALSE,Size,20x16x16,,,,,3.58,S-4645,draft,https://img.uline.com/is/image/uline/S-4645?$MediumRHD$,uline,"Home > All Products > Boxes, Corrugated > Corrugated Boxes (200# Test) > Misc Box Sizes",8.19258E+12,s-4645,OK,UPDATE: Found by Handle | Assuming MERGE for Variant Command | Assuming MERGE for Image Command | Variants updated by SKU: 1
S-4995,S-4995,Arka,FALSE,Size,20x16x16,,,,,6.25,S-4995,draft,https://img.uline.com/is/image/uline/S-4995?$MediumRHD$,uline,"Home > All Products > Boxes, Corrugated > Heavy Duty Boxes > 275 Lb. Test Double Wall Boxes",8.19258E+12,s-4995,OK,UPDATE: Found by Handle | Assuming MERGE for Variant Command | Assuming MERGE for Image Command | Variants updated by SKU: 1
S-22652,S-22652,Arka,FALSE,Size,20x16x18,,,,,3.82,S-22652,draft,https://img.uline.com/is/image/uline/S-22652?$MediumRHD$,uline,"Home > All Products > Boxes, Corrugated > Corrugated Boxes (200# Test) > Misc Box Sizes",8.19258E+12,s-22652,OK,UPDATE: Found by Handle | Assuming MERGE for Variant Command | Assuming MERGE for Image Command | Variants updated by SKU: 1
S-19093,S-19093,Arka,FALSE,Size,20x18x4,,,,,2.57,S-19093,draft,https://img.uline.com/is/image/uline/S-19093?$MediumRHD$,uline,"Home > All Products > Boxes, Corrugated > Corrugated Boxes (200# Test) > Flat Boxes",8.19258E+12,s-19093,OK,UPDATE: Found by Handle | Assuming MERGE for Variant Command | Assuming MERGE for Image Command | Variants updated by SKU: 1
S-23993,S-23993,Arka,FALSE,Size,20x16x20,,,,,4.04,S-23993,draft,https://img.uline.com/is/image/uline/S-23993?$MediumRHD$,uline,"Home > All Products > Boxes, Corrugated > Corrugated Boxes (200# Test) > Misc Box Sizes",8.19258E+12,s-23993,OK,UPDATE: Found by Handle | Assuming MERGE for Variant Command | Assuming MERGE for Image Command | Variants updated by SKU: 1
S-4903,S-4903,Arka,FALSE,Size,20x18x6,,,,,2.67,S-4903,draft,https://img.uline.com/is/image/uline/S-4903?$MediumRHD$,uline,"Home > All Products > Boxes, Corrugated > Corrugated Boxes (200# Test) > Flat Boxes",8.19258E+12,s-4903,OK,UPDATE: Found by Handle | Assuming MERGE for Variant Command | Assuming MERGE for Image Command | Variants updated by SKU: 1
S-22199,S-22199,Arka,FALSE,Size,20x18x8,,,,,2.96,S-22199,draft,https://img.uline.com/is/image/uline/S-22199?$MediumRHD$,uline,"Home > All Products > Boxes, Corrugated > Corrugated Boxes (200# Test) > Misc Box Sizes",8.19258E+12,s-22199,OK,UPDATE: Found by Handle | Assuming MERGE for Variant Command | Assuming MERGE for Image Command | Variants updated by SKU: 1
S-12604,S-12604,Arka,FALSE,Size,20x18x10,,,,,3.25,S-12604,draft,https://img.uline.com/is/image/uline/S-12604?$MediumRHD$,uline,"Home > All Products > Boxes, Corrugated > Corrugated Boxes (200# Test) > Misc Box Sizes",8.19258E+12,s-12604,OK,UPDATE: Found by Handle | Assuming MERGE for Variant Command | Assuming MERGE for Image Command | Variants updated by SKU: 1
S-4227,S-4227,Arka,FALSE,Size,20x18x12,,,,,3.52,S-4227,draft,https://img.uline.com/is/image/uline/S-4227?$MediumRHD$,uline,"Home > All Products > Boxes, Corrugated > Corrugated Boxes (200# Test) > Misc Box Sizes",8.19258E+12,s-4227,OK,UPDATE: Found by Handle | Assuming MERGE for Variant Command | Assuming MERGE for Image Command | Variants updated by SKU: 1
S-19841,S-19841,Arka,FALSE,Size,20x18x14,,,,,3.82,S-19841,draft,https://img.uline.com/is/image/uline/S-19841?$MediumRHD$,uline,"Home > All Products > Boxes, Corrugated > Corrugated Boxes (200# Test) > Misc Box Sizes",8.19258E+12,s-19841,OK,UPDATE: Found by Handle | Assuming MERGE for Variant Command | Assuming MERGE for Image Command | Variants updated by SKU: 1
S-4795,S-4795,Arka,FALSE,Size,20x18x16,,,,,4.05,S-4795,draft,https://img.uline.com/is/image/uline/S-4795?$MediumRHD$,uline,"Home > All Products > Boxes, Corrugated > Corrugated Boxes (200# Test) > Misc Box Sizes",8.19258E+12,s-4795,OK,UPDATE: Found by Handle | Assuming MERGE for Variant Command | Assuming MERGE for Image Command | Variants updated by SKU: 1
S-4647,S-4647,Arka,FALSE,Size,20x20x2,,,,,2.98,S-4647,draft,https://img.uline.com/is/image/uline/S-4647?$MediumRHD$,uline,"Home > All Products > Boxes, Corrugated > Corrugated Boxes (200# Test) > Flat Boxes",8.19258E+12,s-4647,OK,UPDATE: Found by Handle | Assuming MERGE for Variant Command | Assuming MERGE for Image Command | Variants updated by SKU: 1
S-23994,S-23994,Arka,FALSE,Size,20x20x3,,,,,3,S-23994,draft,https://img.uline.com/is/image/uline/S-23994?$MediumRHD$,uline,"Home > All Products > Boxes, Corrugated > Corrugated Boxes (200# Test) > Flat Boxes",8.19258E+12,s-23994,OK,UPDATE: Found by Handle | Assuming MERGE for Variant Command | Assuming MERGE for Image Command | Variants updated by SKU: 1
S-4500,S-4500,Arka,FALSE,Size,20x20x6,,,,,2.28,S-4500,draft,https://img.uline.com/is/image/uline/S-4500?$MediumRHD$,uline,"Home > All Products > Boxes, Corrugated > Corrugated Boxes (200# Test) > Flat Boxes",8.19258E+12,s-4500,OK,UPDATE: Found by Handle | Assuming MERGE for Variant Command | Assuming MERGE for Image Command | Variants updated by SKU: 1
S-22583,S-22583,Arka,FALSE,Size,20x20x6,,,,,5.67,S-22583,draft,https://img.uline.com/is/image/uline/S-22583?$MediumRHD$,uline,"Home > All Products > Boxes, Corrugated > Heavy Duty Boxes > 275 Lb. Test Double Wall Boxes",8.19258E+12,s-22583,OK,UPDATE: Found by Handle | Assuming MERGE for Variant Command | Assuming MERGE for Image Command | Variants updated by SKU: 1
S-19094,S-19094,Arka,FALSE,Size,20x20x7,,,,,3.1,S-19094,draft,https://img.uline.com/is/image/uline/S-19094?$MediumRHD$,uline,"Home > All Products > Boxes, Corrugated > Corrugated Boxes (200# Test) > Flat Boxes",8.19258E+12,s-19094,OK,UPDATE: Found by Handle | Assuming MERGE for Variant Command | Assuming MERGE for Image Command | Variants updated by SKU: 1
S-4470,S-4470,Arka,FALSE,Size,20x20x8,,,,,3.13,S-4470,draft,https://img.uline.com/is/image/uline/S-4470?$MediumRHD$,uline,"Home > All Products > Boxes, Corrugated > Corrugated Boxes (200# Test) > Flat Boxes",8.19258E+12,s-4470,OK,UPDATE: Found by Handle | Assuming MERGE for Variant Command | Assuming MERGE for Image Command | Variants updated by SKU: 1
S-21045,S-21045,Arka,FALSE,Size,20x20x8,,,,,6.1,S-21045,draft,https://img.uline.com/is/image/uline/S-21045?$MediumRHD$,uline,"Home > All Products > Boxes, Corrugated > Heavy Duty Boxes > 275 Lb. Test Double Wall Boxes",8.19258E+12,s-21045,OK,UPDATE: Found by Handle | Assuming MERGE for Variant Command | Assuming MERGE for Image Command | Variants updated by SKU: 1
S-18165,S-18165,Arka,FALSE,Size,20x20x10,,,,,6.54,S-18165,draft,https://img.uline.com/is/image/uline/S-18165?$MediumRHD$,uline,"Home > All Products > Boxes, Corrugated > Heavy Duty Boxes > 275 Lb. Test Double Wall Boxes",8.19258E+12,s-18165,OK,UPDATE: Found by Handle | Assuming MERGE for Variant Command | Assuming MERGE for Image Command | Variants updated by SKU: 1
S-14287,S-14287,Arka,FALSE,Size,20x20x11,,,,,3.35,S-14287,draft,https://img.uline.com/is/image/uline/S-14287?$MediumRHD$,uline,"Home > All Products > Boxes, Corrugated > Corrugated Boxes (200# Test) > Misc Box Sizes",8.19258E+12,s-14287,OK,UPDATE: Found by Handle | Assuming MERGE for Variant Command | Assuming MERGE for Image Command | Variants updated by SKU: 1
S-4210,S-4210,Arka,FALSE,Size,20x20x12,,,,,2.58,S-4210,draft,https://img.uline.com/is/image/uline/S-4210?$MediumRHD$,uline,"Home > All Products > Boxes, Corrugated > Corrugated Boxes (200# Test) > Misc Box Sizes",8.19258E+12,s-4210,OK,UPDATE: Found by Handle | Assuming MERGE for Variant Command | Assuming MERGE for Image Command | Variants updated by SKU: 1
S-4543,S-4543,Arka,FALSE,Size,20x20x12,,,,,4.32,S-4543,draft,https://img.uline.com/is/image/uline/S-4543?$MediumRHD$,uline,"Home > All Products > Boxes, Corrugated > Corrugated Boxes (200# Test) > Multi-Depth Boxes",8.19258E+12,s-4543,OK,UPDATE: Found by Handle | Assuming MERGE for Variant Command | Assuming MERGE for Image Command | Variants updated by SKU: 1
S-4996,S-4996,Arka,FALSE,Size,20x20x12,,,,,6.97,S-4996,draft,https://img.uline.com/is/image/uline/S-4996?$MediumRHD$,uline,"Home > All Products > Boxes, Corrugated > Heavy Duty Boxes > 275 Lb. Test Double Wall Boxes",8.19258E+12,s-4996,OK,UPDATE: Found by Handle | Assuming MERGE for Variant Command | Assuming MERGE for Image Command | Variants updated by SKU: 1
S-4350,S-4350,Arka,FALSE,Size,20x20x14,,,,,4.22,S-4350,draft,https://img.uline.com/is/image/uline/S-4350?$MediumRHD$,uline,"Home > All Products > Boxes, Corrugated > Corrugated Boxes (200# Test) > Misc Box Sizes",8.19258E+12,s-4350,OK,UPDATE: Found by Handle | Assuming MERGE for Variant Command | Assuming MERGE for Image Command | Variants updated by SKU: 1
S-4862,S-4862,Arka,FALSE,Size,20x20x15,,,,,4.36,S-4862,draft,https://img.uline.com/is/image/uline/S-4862?$MediumRHD$,uline,"Home > All Products > Boxes, Corrugated > Corrugated Boxes (200# Test) > Misc Box Sizes",8.19258E+12,s-4862,OK,UPDATE: Found by Handle | Assuming MERGE for Variant Command | Assuming MERGE for Image Command | Variants updated by SKU: 1
S-13318,S-13318,Arka,FALSE,Size,20x20x16,,,,,7.82,S-13318,draft,https://img.uline.com/is/image/uline/S-13318?$MediumRHD$,uline,"Home > All Products > Boxes, Corrugated > Heavy Duty Boxes > 275 Lb. Test Double Wall Boxes",8.19258E+12,s-13318,OK,UPDATE: Found by Handle | Assuming MERGE for Variant Command | Assuming MERGE for Image Command | Variants updated by SKU: 1
S-4158,S-4158,Arka,FALSE,Size,20x20x18,,,,,4.49,S-4158,draft,https://img.uline.com/is/image/uline/S-4158?$MediumRHD$,uline,"Home > All Products > Boxes, Corrugated > Corrugated Boxes (200# Test) > Misc Box Sizes",8.19258E+12,s-4158,OK,UPDATE: Found by Handle | Assuming MERGE for Variant Command | Assuming MERGE for Image Command | Variants updated by SKU: 1
S-4568,S-4568,Arka,FALSE,Size,20x20x16,,,,,4.47,S-4568,draft,https://img.uline.com/is/image/uline/S-4568?$MediumRHD$,uline,"Home > All Products > Boxes, Corrugated > Corrugated Boxes (200# Test) > Misc Box Sizes",8.19258E+12,s-4568,OK,UPDATE: Found by Handle | Assuming MERGE for Variant Command | Assuming MERGE for Image Command | Variants updated by SKU: 1
S-11247,S-11247,Arka,FALSE,Size,20x20x20,,,,,5.26,S-11247,draft,https://img.uline.com/is/image/uline/S-11247?$MediumRHD$,uline,"Home > All Products > Boxes, Corrugated > Corrugated Boxes (200# Test) > Multi-Depth Boxes",8.19258E+12,s-11247,OK,UPDATE: Found by Handle | Assuming MERGE for Variant Command | Assuming MERGE for Image Command | Variants updated by SKU: 1
S-4934,S-4934,Arka,FALSE,Size,20x20x20,,,,,5.46,S-4934,draft,https://img.uline.com/is/image/uline/S-4934?$MediumRHD$,uline,"Home > All Products > Boxes, Corrugated > Corrugated Boxes (200# Test) > White Corrugated Boxes",8.19258E+12,s-4934,OK,UPDATE: Found by Handle | Assuming MERGE for Variant Command | Assuming MERGE for Image Command | Variants updated by SKU: 1
S-4372,S-4372,Arka,FALSE,Size,20x20x20,,,,,5.26,S-4372,draft,https://img.uline.com/is/image/uline/S-4372?$MediumRHD$,uline,"Home > All Products > Boxes, Corrugated > Corrugated Boxes (200# Test) > Multi-Depth Boxes",8.19258E+12,s-4372,OK,UPDATE: Found by Handle | Assuming MERGE for Variant Command | Assuming MERGE for Image Command | Variants updated by SKU: 1
S-4697,S-4697,Arka,FALSE,Size,20x20x20,,,,,6.12,S-4697,draft,https://img.uline.com/is/image/uline/S-4697?$MediumRHD$,uline,"Home > All Products > Boxes, Corrugated > Heavy Duty Boxes > 275 Lb. Test Single Wall Boxes",8.19258E+12,s-4697,OK,UPDATE: Found by Handle | Assuming MERGE for Variant Command | Assuming MERGE for Image Command | Variants updated by SKU: 1
S-19850,S-19850,Arka,FALSE,Size,22x12x6,,,,,2.08,S-19850,draft,https://img.uline.com/is/image/uline/S-19850?$MediumRHD$,uline,"Home > All Products > Boxes, Corrugated > Corrugated Boxes (200# Test) > Flat Boxes",8.19258E+12,s-19850,OK,UPDATE: Found by Handle | Assuming MERGE for Variant Command | Assuming MERGE for Image Command | Variants updated by SKU: 1
S-4841,S-4841,Arka,FALSE,Size,22x16x16,,,,,3.53,S-4841,draft,https://img.uline.com/is/image/uline/S-4841?$MediumRHD$,uline,"Home > All Products > Boxes, Corrugated > Corrugated Boxes (200# Test) > Misc Box Sizes",8.19258E+12,s-4841,OK,UPDATE: Found by Handle | Assuming MERGE for Variant Command | Assuming MERGE for Image Command | Variants updated by SKU: 1
S-4733,S-4733,Arka,FALSE,Size,20x20x20,,,,,6.12,S-4733,draft,https://img.uline.com/is/image/uline/S-4733?$MediumRHD$,uline,"Home > All Products > Boxes, Corrugated > Heavy Duty Boxes > 275 Lb. Test Double Wall Boxes",8.19258E+12,s-4733,OK,UPDATE: Found by Handle | Assuming MERGE for Variant Command | Assuming MERGE for Image Command | Variants updated by SKU: 1
S-18918,S-18918,Arka,FALSE,Size,20x20x20,,,,,19.35,S-18918,draft,https://img.uline.com/is/image/uline/S-18918?$MediumRHD$,uline,"Home > All Products > Boxes, Corrugated > Heavy Duty Boxes > 500 Lb. Double Wall Boxes",8.19258E+12,s-18918,OK,UPDATE: Found by Handle | Assuming MERGE for Variant Command | Assuming MERGE for Image Command | Variants updated by SKU: 1
S-11379,S-11379,Arka,FALSE,Size,20x20x24,,,,,5.2,S-11379,draft,https://img.uline.com/is/image/uline/S-11379?$MediumRHD$,uline,"Home > All Products > Boxes, Corrugated > Corrugated Boxes (200# Test) > Misc Box Sizes",8.19258E+12,s-11379,OK,UPDATE: Found by Handle | Assuming MERGE for Variant Command | Assuming MERGE for Image Command | Variants updated by SKU: 1
S-21533,S-21533,Arka,FALSE,Size,20x20x24,,,,,9.51,S-21533,draft,https://img.uline.com/is/image/uline/S-21533?$MediumRHD$,uline,"Home > All Products > Boxes, Corrugated > Heavy Duty Boxes > 275 Lb. Test Double Wall Boxes",8.19259E+12,s-21533,OK,UPDATE: Found by Handle | Assuming MERGE for Variant Command | Assuming MERGE for Image Command | Variants updated by SKU: 1
S-4544,S-4544,Arka,FALSE,Size,20x20x25,,,,,5.32,S-4544,draft,https://img.uline.com/is/image/uline/S-4544?$MediumRHD$,uline,"Home > All Products > Boxes, Corrugated > Corrugated Boxes (200# Test) > Misc Box Sizes",8.19259E+12,s-4544,OK,UPDATE: Found by Handle | Assuming MERGE for Variant Command | Assuming MERGE for Image Command | Variants updated by SKU: 1
S-4212,S-4212,Arka,FALSE,Size,20x20x26,,,,,5.54,S-4212,draft,https://img.uline.com/is/image/uline/S-4212?$MediumRHD$,uline,"Home > All Products > Boxes, Corrugated > Corrugated Boxes (200# Test) > Misc Box Sizes",8.19259E+12,s-4212,OK,UPDATE: Found by Handle | Assuming MERGE for Variant Command | Assuming MERGE for Image Command | Variants updated by SKU: 1
S-16740,S-16740,Arka,FALSE,Size,20x20x28,,,,,5.84,S-16740,draft,https://img.uline.com/is/image/uline/S-16740?$MediumRHD$,uline,"Home > All Products > Boxes, Corrugated > Corrugated Boxes (200# Test) > Misc Box Sizes",8.19259E+12,s-16740,OK,UPDATE: Found by Handle | Assuming MERGE for Variant Command | Assuming MERGE for Image Command | Variants updated by SKU: 1
S-20494,S-20494,Arka,FALSE,Size,20x20x30,,,,,6.08,S-20494,draft,https://img.uline.com/is/image/uline/S-20494?$MediumRHD$,uline,"Home > All Products > Boxes, Corrugated > Corrugated Boxes (200# Test) > Misc Box Sizes",8.19259E+12,s-20494,OK,UPDATE: Found by Handle | Assuming MERGE for Variant Command | Assuming MERGE for Image Command | Variants updated by SKU: 1
S-4569,S-4569,Arka,FALSE,Size,20x20x36,,,,,6.94,S-4569,draft,https://img.uline.com/is/image/uline/S-4569?$MediumRHD$,uline,"Home > All Products > Boxes, Corrugated > Moving Boxes > Lamp Boxes",8.19259E+12,s-4569,OK,UPDATE: Found by Handle | Assuming MERGE for Variant Command | Assuming MERGE for Image Command | Variants updated by SKU: 1
S-19048,S-19048,Arka,FALSE,Size,20x20x40,,,,,7.73,S-19048,draft,https://img.uline.com/is/image/uline/S-19048?$MediumRHD$,uline,"Home > All Products > Boxes, Corrugated > Corrugated Boxes (200# Test) > Tall Boxes",8.19259E+12,s-19048,OK,UPDATE: Found by Handle | Assuming MERGE for Variant Command | Assuming MERGE for Image Command | Variants updated by SKU: 1
S-11250,S-11250,Arka,FALSE,Size,20x20x40,,,,,14.87,S-11250,draft,https://img.uline.com/is/image/uline/S-11250?$MediumRHD$,uline,"Home > All Products > Boxes, Corrugated > Corrugated Boxes (200# Test) > Telescopic Boxes",8.19259E+12,s-11250,OK,UPDATE: Found by Handle | Assuming MERGE for Variant Command | Assuming MERGE for Image Command | Variants updated by SKU: 1
S-4822,S-4822,Arka,FALSE,Size,20x20x48,,,,,8.44,S-4822,draft,https://img.uline.com/is/image/uline/S-4822?$MediumRHD$,uline,"Home > All Products > Boxes, Corrugated > Corrugated Boxes (200# Test) > Tall Boxes",8.19259E+12,s-4822,OK,UPDATE: Found by Handle | Assuming MERGE for Variant Command | Assuming MERGE for Image Command | Variants updated by SKU: 1
S-4314,S-4314,Arka,FALSE,Size,21x10x10,,,,,2.07,S-4314,draft,https://img.uline.com/is/image/uline/S-4314?$MediumRHD$,uline,"Home > All Products > Boxes, Corrugated > Corrugated Boxes (200# Test) > Misc Box Sizes",8.19259E+12,s-4314,OK,UPDATE: Found by Handle | Assuming MERGE for Variant Command | Assuming MERGE for Image Command | Variants updated by SKU: 1
S-4648,S-4648,Arka,FALSE,Size,21x12x12,,,,,2.61,S-4648,draft,https://img.uline.com/is/image/uline/S-4648?$MediumRHD$,uline,"Home > All Products > Boxes, Corrugated > Corrugated Boxes (200# Test) > Misc Box Sizes",8.19259E+12,s-4648,OK,UPDATE: Found by Handle | Assuming MERGE for Variant Command | Assuming MERGE for Image Command | Variants updated by SKU: 1
S-19049,S-19049,Arka,FALSE,Size,21x13x13,,,,,2.92,S-19049,draft,https://img.uline.com/is/image/uline/S-19049?$MediumRHD$,uline,"Home > All Products > Boxes, Corrugated > Corrugated Boxes (200# Test) > Misc Box Sizes",8.19259E+12,s-19049,OK,UPDATE: Found by Handle | Assuming MERGE for Variant Command | Assuming MERGE for Image Command | Variants updated by SKU: 1
S-11380,S-11380,Arka,FALSE,Size,21x14x10,,,,,2.75,S-11380,draft,https://img.uline.com/is/image/uline/S-11380?$MediumRHD$,uline,"Home > All Products > Boxes, Corrugated > Corrugated Boxes (200# Test) > Misc Box Sizes",8.19259E+12,s-11380,OK,UPDATE: Found by Handle | Assuming MERGE for Variant Command | Assuming MERGE for Image Command | Variants updated by SKU: 1
S-4365,S-4365,Arka,FALSE,Size,21x14x14,,,,,3.13,S-4365,draft,https://img.uline.com/is/image/uline/S-4365?$MediumRHD$,uline,"Home > All Products > Boxes, Corrugated > Corrugated Boxes (200# Test) > Misc Box Sizes",8.19259E+12,s-4365,OK,UPDATE: Found by Handle | Assuming MERGE for Variant Command | Assuming MERGE for Image Command | Variants updated by SKU: 1
S-14288,S-14288,Arka,FALSE,Size,21x21x21,,,,,5.24,S-14288,draft,https://img.uline.com/is/image/uline/S-14288?$MediumRHD$,uline,"Home > All Products > Boxes, Corrugated > Corrugated Boxes (200# Test) > Cube Boxes",8.19259E+12,s-14288,OK,UPDATE: Found by Handle | Assuming MERGE for Variant Command | Assuming MERGE for Image Command | Variants updated by SKU: 1
S-16741,S-16741,Arka,FALSE,Size,21x15x15,,,,,3.3,S-16741,draft,https://img.uline.com/is/image/uline/S-16741?$MediumRHD$,uline,"Home > All Products > Boxes, Corrugated > Corrugated Boxes (200# Test) > Misc Box Sizes",8.19259E+12,s-16741,OK,UPDATE: Found by Handle | Assuming MERGE for Variant Command | Assuming MERGE for Image Command | Variants updated by SKU: 1
S-4649,S-4649,Arka,FALSE,Size,22x10x4,,,,,1.39,S-4649,draft,https://img.uline.com/is/image/uline/S-4649?$MediumRHD$,uline,"Home > All Products > Boxes, Corrugated > Corrugated Boxes (200# Test) > Flat Boxes",8.19259E+12,s-4649,OK,UPDATE: Found by Handle | Assuming MERGE for Variant Command | Assuming MERGE for Image Command | Variants updated by SKU: 1
S-22654,S-22654,Arka,FALSE,Size,22x8x8,,,,,1.64,S-22654,draft,https://img.uline.com/is/image/uline/S-22654?$MediumRHD$,uline,"Home > All Products > Boxes, Corrugated > Corrugated Boxes (200# Test) > Long Boxes",8.19259E+12,s-22654,OK,UPDATE: Found by Handle | Assuming MERGE for Variant Command | Assuming MERGE for Image Command | Variants updated by SKU: 1
S-13319,S-13319,Arka,FALSE,Size,22x10x6,,,,,1.73,S-13319,draft,https://img.uline.com/is/image/uline/S-13319?$MediumRHD$,uline,"Home > All Products > Boxes, Corrugated > Corrugated Boxes (200# Test) > Flat Boxes",8.19259E+12,s-13319,OK,UPDATE: Found by Handle | Assuming MERGE for Variant Command | Assuming MERGE for Image Command | Variants updated by SKU: 1
S-4937,S-4937,Arka,FALSE,Size,22x6x6,,,,,1.34,S-4937,draft,https://img.uline.com/is/image/uline/S-4937?$MediumRHD$,uline,"Home > All Products > Boxes, Corrugated > Corrugated Boxes (200# Test) > Long Boxes",8.19259E+12,s-4937,OK,UPDATE: Found by Handle | Assuming MERGE for Variant Command | Assuming MERGE for Image Command | Variants updated by SKU: 1
S-4650,S-4650,Arka,FALSE,Size,22x10x9,,,,,2.07,S-4650,draft,https://img.uline.com/is/image/uline/S-4650?$MediumRHD$,uline,"Home > All Products > Boxes, Corrugated > Corrugated Boxes (200# Test) > Misc Box Sizes",8.19259E+12,s-4650,OK,UPDATE: Found by Handle | Assuming MERGE for Variant Command | Assuming MERGE for Image Command | Variants updated by SKU: 1
S-24069,S-24069,Arka,FALSE,Size,22x12x4,,,,,1.85,S-24069,draft,https://img.uline.com/is/image/uline/S-24069?$MediumRHD$,uline,"Home > All Products > Boxes, Corrugated > Corrugated Boxes (200# Test) > Flat Boxes",8.19259E+12,s-24069,OK,UPDATE: Found by Handle | Assuming MERGE for Variant Command | Assuming MERGE for Image Command | Variants updated by SKU: 1
S-25346,S-25346,Arka,FALSE,Size,22x10x10,,,,,2.18,S-25346,draft,https://img.uline.com/is/image/uline/S-25346?$MediumRHD$,uline,"Home > All Products > Boxes, Corrugated > Corrugated Boxes (200# Test) > Long Boxes",8.19259E+12,s-25346,OK,UPDATE: Found by Handle | Assuming MERGE for Variant Command | Assuming MERGE for Image Command | Variants updated by SKU: 1
S-21050,S-21050,Arka,FALSE,Size,22x12x8,,,,,2.22,S-21050,draft,https://img.uline.com/is/image/uline/S-21050?$MediumRHD$,uline,"Home > All Products > Boxes, Corrugated > Corrugated Boxes (200# Test) > Misc Box Sizes",8.19259E+12,s-21050,OK,UPDATE: Found by Handle | Assuming MERGE for Variant Command | Assuming MERGE for Image Command | Variants updated by SKU: 1
S-4863,S-4863,Arka,FALSE,Size,22x12x10,,,,,2.36,S-4863,draft,https://img.uline.com/is/image/uline/S-4863?$MediumRHD$,uline,"Home > All Products > Boxes, Corrugated > Corrugated Boxes (200# Test) > Misc Box Sizes",8.19259E+12,s-4863,OK,UPDATE: Found by Handle | Assuming MERGE for Variant Command | Assuming MERGE for Image Command | Variants updated by SKU: 1
S-4159,S-4159,Arka,FALSE,Size,22x12x12,,,,,2.54,S-4159,draft,https://img.uline.com/is/image/uline/S-4159?$MediumRHD$,uline,"Home > All Products > Boxes, Corrugated > Corrugated Boxes (200# Test) > Misc Box Sizes",8.19259E+12,s-4159,OK,UPDATE: Found by Handle | Assuming MERGE for Variant Command | Assuming MERGE for Image Command | Variants updated by SKU: 1
S-24072,S-24072,Arka,FALSE,Size,22x13x8,,,,,2.38,S-24072,draft,https://img.uline.com/is/image/uline/S-24072?$MediumRHD$,uline,"Home > All Products > Boxes, Corrugated > Corrugated Boxes (200# Test) > Misc Box Sizes",8.19259E+12,s-24072,OK,UPDATE: Found by Handle | Assuming MERGE for Variant Command | Assuming MERGE for Image Command | Variants updated by SKU: 1
S-20496,S-20496,Arka,FALSE,Size,22x14x4,,,,,2.18,S-20496,draft,https://img.uline.com/is/image/uline/S-20496?$MediumRHD$,uline,"Home > All Products > Boxes, Corrugated > Corrugated Boxes (200# Test) > Flat Boxes",8.19259E+12,s-20496,OK,UPDATE: Found by Handle | Assuming MERGE for Variant Command | Assuming MERGE for Image Command | Variants updated by SKU: 1
S-4796,S-4796,Arka,FALSE,Size,22x14x6,,,,,2.44,S-4796,draft,https://img.uline.com/is/image/uline/S-4796?$MediumRHD$,uline,"Home > All Products > Boxes, Corrugated > Corrugated Boxes (200# Test) > Flat Boxes",8.19259E+12,s-4796,OK,UPDATE: Found by Handle | Assuming MERGE for Variant Command | Assuming MERGE for Image Command | Variants updated by SKU: 1
S-12605,S-12605,Arka,FALSE,Size,22x14x8,,,,,2.53,S-12605,draft,https://img.uline.com/is/image/uline/S-12605?$MediumRHD$,uline,"Home > All Products > Boxes, Corrugated > Corrugated Boxes (200# Test) > Misc Box Sizes",8.19259E+12,s-12605,OK,UPDATE: Found by Handle | Assuming MERGE for Variant Command | Assuming MERGE for Image Command | Variants updated by SKU: 1
S-13320,S-13320,Arka,FALSE,Size,22x14x10,,,,,2.61,S-13320,draft,https://img.uline.com/is/image/uline/S-13320?$MediumRHD$,uline,"Home > All Products > Boxes, Corrugated > Corrugated Boxes (200# Test) > Misc Box Sizes",8.19259E+12,s-13320,OK,UPDATE: Found by Handle | Assuming MERGE for Variant Command | Assuming MERGE for Image Command | Variants updated by SKU: 1
S-4221,S-4221,Arka,FALSE,Size,22x14x12,,,,,1.92,S-4221,draft,https://img.uline.com/is/image/uline/S-4221?$MediumRHD$,uline,"Home > All Products > Boxes, Corrugated > Corrugated Boxes (200# Test) > Misc Box Sizes",8.19259E+12,s-4221,OK,UPDATE: Found by Handle | Assuming MERGE for Variant Command | Assuming MERGE for Image Command | Variants updated by SKU: 1
S-18166,S-18166,Arka,FALSE,Size,22x14x12,,,,,5.16,S-18166,draft,https://img.uline.com/is/image/uline/S-18166?$MediumRHD$,uline,"Home > All Products > Boxes, Corrugated > Heavy Duty Boxes > 275 Lb. Test Double Wall Boxes",8.19259E+12,s-18166,OK,UPDATE: Found by Handle | Assuming MERGE for Variant Command | Assuming MERGE for Image Command | Variants updated by SKU: 1
S-22207,S-22207,Arka,FALSE,Size,22x15x10,,,,,2.85,S-22207,draft,https://img.uline.com/is/image/uline/S-22207?$MediumRHD$,uline,"Home > All Products > Boxes, Corrugated > Corrugated Boxes (200# Test) > Misc Box Sizes",8.19259E+12,s-22207,OK,UPDATE: Found by Handle | Assuming MERGE for Variant Command | Assuming MERGE for Image Command | Variants updated by SKU: 1
S-4734,S-4734,Arka,FALSE,Size,22x14x14,,,,,3.11,S-4734,draft,https://img.uline.com/is/image/uline/S-4734?$MediumRHD$,uline,"Home > All Products > Boxes, Corrugated > Corrugated Boxes (200# Test) > Misc Box Sizes",8.19259E+12,s-4734,OK,UPDATE: Found by Handle | Assuming MERGE for Variant Command | Assuming MERGE for Image Command | Variants updated by SKU: 1
S-24073,S-24073,Arka,FALSE,Size,22x15x12,,,,,3.07,S-24073,draft,https://img.uline.com/is/image/uline/S-24073?$MediumRHD$,uline,"Home > All Products > Boxes, Corrugated > Corrugated Boxes (200# Test) > Misc Box Sizes",8.19259E+12,s-24073,OK,UPDATE: Found by Handle | Assuming MERGE for Variant Command | Assuming MERGE for Image Command | Variants updated by SKU: 1
S-13321,S-13321,Arka,FALSE,Size,22x15x15,,,,,3.34,S-13321,draft,https://img.uline.com/is/image/uline/S-13321?$MediumRHD$,uline,"Home > All Products > Boxes, Corrugated > Corrugated Boxes (200# Test) > Misc Box Sizes",8.19259E+12,s-13321,OK,UPDATE: Found by Handle | Assuming MERGE for Variant Command | Assuming MERGE for Image Command | Variants updated by SKU: 1
S-21047,S-21047,Arka,FALSE,Size,22x16x4,,,,,2.57,S-21047,draft,https://img.uline.com/is/image/uline/S-21047?$MediumRHD$,uline,"Home > All Products > Boxes, Corrugated > Corrugated Boxes (200# Test) > Flat Boxes",8.19259E+12,s-21047,OK,UPDATE: Found by Handle | Assuming MERGE for Variant Command | Assuming MERGE for Image Command | Variants updated by SKU: 1
S-22584,S-22584,Arka,FALSE,Size,22x15x15,,,,,6.09,S-22584,draft,https://img.uline.com/is/image/uline/S-22584?$MediumRHD$,uline,"Home > All Products > Boxes, Corrugated > Heavy Duty Boxes > 275 Lb. Test Double Wall Boxes",8.19259E+12,s-22584,OK,UPDATE: Found by Handle | Assuming MERGE for Variant Command | Assuming MERGE for Image Command | Variants updated by SKU: 1
S-18361,S-18361,Arka,FALSE,Size,22x16x8,,,,,2.76,S-18361,draft,https://img.uline.com/is/image/uline/S-18361?$MediumRHD$,uline,"Home > All Products > Boxes, Corrugated > Corrugated Boxes (200# Test) > Misc Box Sizes",8.19259E+12,s-18361,OK,UPDATE: Found by Handle | Assuming MERGE for Variant Command | Assuming MERGE for Image Command | Variants updated by SKU: 1
S-20497,S-20497,Arka,FALSE,Size,22x16x6,,,,,2.64,S-20497,draft,https://img.uline.com/is/image/uline/S-20497?$MediumRHD$,uline,"Home > All Products > Boxes, Corrugated > Corrugated Boxes (200# Test) > Flat Boxes",8.19259E+12,s-20497,OK,UPDATE: Found by Handle | Assuming MERGE for Variant Command | Assuming MERGE for Image Command | Variants updated by SKU: 1
S-13322,S-13322,Arka,FALSE,Size,22x16x10,,,,,3.09,S-13322,draft,https://img.uline.com/is/image/uline/S-13322?$MediumRHD$,uline,"Home > All Products > Boxes, Corrugated > Corrugated Boxes (200# Test) > Misc Box Sizes",8.19259E+12,s-13322,OK,UPDATE: Found by Handle | Assuming MERGE for Variant Command | Assuming MERGE for Image Command | Variants updated by SKU: 1
S-18363,S-18363,Arka,FALSE,Size,22x16x12,,,,,3.21,S-18363,draft,https://img.uline.com/is/image/uline/S-18363?$MediumRHD$,uline,"Home > All Products > Boxes, Corrugated > Corrugated Boxes (200# Test) > Misc Box Sizes",8.19259E+12,s-18363,OK,UPDATE: Found by Handle | Assuming MERGE for Variant Command | Assuming MERGE for Image Command | Variants updated by SKU: 1
S-19050,S-19050,Arka,FALSE,Size,22x16x14,,,,,3.36,S-19050,draft,https://img.uline.com/is/image/uline/S-19050?$MediumRHD$,uline,"Home > All Products > Boxes, Corrugated > Corrugated Boxes (200# Test) > Misc Box Sizes",8.19259E+12,s-19050,OK,UPDATE: Found by Handle | Assuming MERGE for Variant Command | Assuming MERGE for Image Command | Variants updated by SKU: 1
S-4471,S-4471,Arka,FALSE,Size,22x17x12,,,,,2.31,S-4471,draft,https://img.uline.com/is/image/uline/S-4471?$MediumRHD$,uline,"Home > All Products > Boxes, Corrugated > Corrugated Boxes (200# Test) > Misc Box Sizes",8.19259E+12,s-4471,OK,UPDATE: Found by Handle | Assuming MERGE for Variant Command | Assuming MERGE for Image Command | Variants updated by SKU: 1
S-21048,S-21048,Arka,FALSE,Size,22x18x4,,,,,2.61,S-21048,draft,https://img.uline.com/is/image/uline/S-21048?$MediumRHD$,uline,"Home > All Products > Boxes, Corrugated > Corrugated Boxes (200# Test) > Flat Boxes",8.19259E+12,s-21048,OK,UPDATE: Found by Handle | Assuming MERGE for Variant Command | Assuming MERGE for Image Command | Variants updated by SKU: 1
S-4735,S-4735,Arka,FALSE,Size,22x18x6,,,,,2.68,S-4735,draft,https://img.uline.com/is/image/uline/S-4735?$MediumRHD$,uline,"Home > All Products > Boxes, Corrugated > Corrugated Boxes (200# Test) > Flat Boxes",8.19259E+12,s-4735,OK,UPDATE: Found by Handle | Assuming MERGE for Variant Command | Assuming MERGE for Image Command | Variants updated by SKU: 1
S-15039,S-15039,Arka,FALSE,Size,22x18x8,,,,,2.96,S-15039,draft,https://img.uline.com/is/image/uline/S-15039?$MediumRHD$,uline,"Home > All Products > Boxes, Corrugated > Corrugated Boxes (200# Test) > Misc Box Sizes",8.19259E+12,s-15039,OK,UPDATE: Found by Handle | Assuming MERGE for Variant Command | Assuming MERGE for Image Command | Variants updated by SKU: 1
S-18364,S-18364,Arka,FALSE,Size,22x18x10,,,,,3.3,S-18364,draft,https://img.uline.com/is/image/uline/S-18364?$MediumRHD$,uline,"Home > All Products > Boxes, Corrugated > Corrugated Boxes (200# Test) > Misc Box Sizes",8.19259E+12,s-18364,OK,UPDATE: Found by Handle | Assuming MERGE for Variant Command | Assuming MERGE for Image Command | Variants updated by SKU: 1
S-4997,S-4997,Arka,FALSE,Size,22x18x12,,,,,3.52,S-4997,draft,https://img.uline.com/is/image/uline/S-4997?$MediumRHD$,uline,"Home > All Products > Boxes, Corrugated > Corrugated Boxes (200# Test) > Misc Box Sizes",8.19259E+12,s-4997,OK,UPDATE: Found by Handle | Assuming MERGE for Variant Command | Assuming MERGE for Image Command | Variants updated by SKU: 1
S-24074,S-24074,Arka,FALSE,Size,22x18x14,,,,,3.86,S-24074,draft,https://img.uline.com/is/image/uline/S-24074?$MediumRHD$,uline,"Home > All Products > Boxes, Corrugated > Corrugated Boxes (200# Test) > Misc Box Sizes",8.19259E+12,s-24074,OK,UPDATE: Found by Handle | Assuming MERGE for Variant Command | Assuming MERGE for Image Command | Variants updated by SKU: 1
S-4797,S-4797,Arka,FALSE,Size,22x18x16,,,,,4.06,S-4797,draft,https://img.uline.com/is/image/uline/S-4797?$MediumRHD$,uline,"Home > All Products > Boxes, Corrugated > Corrugated Boxes (200# Test) > Misc Box Sizes",8.19259E+12,s-4797,OK,UPDATE: Found by Handle | Assuming MERGE for Variant Command | Assuming MERGE for Image Command | Variants updated by SKU: 1
S-20495,S-20495,Arka,FALSE,Size,22x18x18,,,,,4.41,S-20495,draft,https://img.uline.com/is/image/uline/S-20495?$MediumRHD$,uline,"Home > All Products > Boxes, Corrugated > Corrugated Boxes (200# Test) > Misc Box Sizes",8.19259E+12,s-20495,OK,UPDATE: Found by Handle | Assuming MERGE for Variant Command | Assuming MERGE for Image Command | Variants updated by SKU: 1
S-16458,S-16458,Arka,FALSE,Size,22x18x16,,,,,7.4,S-16458,draft,https://img.uline.com/is/image/uline/S-16458?$MediumRHD$,uline,"Home > All Products > Boxes, Corrugated > Heavy Duty Boxes > 275 Lb. Test Double Wall Boxes",8.19259E+12,s-16458,OK,UPDATE: Found by Handle | Assuming MERGE for Variant Command | Assuming MERGE for Image Command | Variants updated by SKU: 1
S-23335,S-23335,Arka,FALSE,Size,22x20x6,,,,,3.32,S-23335,draft,https://img.uline.com/is/image/uline/S-23335?$MediumRHD$,uline,"Home > All Products > Boxes, Corrugated > Corrugated Boxes (200# Test) > Flat Boxes",8.19259E+12,s-23335,OK,UPDATE: Found by Handle | Assuming MERGE for Variant Command | Assuming MERGE for Image Command | Variants updated by SKU: 1
S-15040,S-15040,Arka,FALSE,Size,22x20x10,,,,,3.66,S-15040,draft,https://img.uline.com/is/image/uline/S-15040?$MediumRHD$,uline,"Home > All Products > Boxes, Corrugated > Corrugated Boxes (200# Test) > Misc Box Sizes",8.19259E+12,s-15040,OK,UPDATE: Found by Handle | Assuming MERGE for Variant Command | Assuming MERGE for Image Command | Variants updated by SKU: 1
S-16742,S-16742,Arka,FALSE,Size,22x20x14,,,,,4.36,S-16742,draft,https://img.uline.com/is/image/uline/S-16742?$MediumRHD$,uline,"Home > All Products > Boxes, Corrugated > Corrugated Boxes (200# Test) > Misc Box Sizes",8.19259E+12,s-16742,OK,UPDATE: Found by Handle | Assuming MERGE for Variant Command | Assuming MERGE for Image Command | Variants updated by SKU: 1
S-19051,S-19051,Arka,FALSE,Size,22x20x20,,,,,4.8,S-19051,draft,https://img.uline.com/is/image/uline/S-19051?$MediumRHD$,uline,"Home > All Products > Boxes, Corrugated > Corrugated Boxes (200# Test) > Misc Box Sizes",8.19259E+12,s-19051,OK,UPDATE: Found by Handle | Assuming MERGE for Variant Command | Assuming MERGE for Image Command | Variants updated by SKU: 1
S-12606,S-12606,Arka,FALSE,Size,22x22x4,,,,,3.35,S-12606,draft,https://img.uline.com/is/image/uline/S-12606?$MediumRHD$,uline,"Home > All Products > Boxes, Corrugated > Corrugated Boxes (200# Test) > Flat Boxes",8.19259E+12,s-12606,OK,UPDATE: Found by Handle | Assuming MERGE for Variant Command | Assuming MERGE for Image Command | Variants updated by SKU: 1
S-4413,S-4413,Arka,FALSE,Size,22x22x6,,,,,3.58,S-4413,draft,https://img.uline.com/is/image/uline/S-4413?$MediumRHD$,uline,"Home > All Products > Boxes, Corrugated > Corrugated Boxes (200# Test) > Flat Boxes",8.19259E+12,s-4413,OK,UPDATE: Found by Handle | Assuming MERGE for Variant Command | Assuming MERGE for Image Command | Variants updated by SKU: 1
S-4763,S-4763,Arka,FALSE,Size,22x22x10,,,,,4.14,S-4763,draft,https://img.uline.com/is/image/uline/S-4763?$MediumRHD$,uline,"Home > All Products > Boxes, Corrugated > Corrugated Boxes (200# Test) > Misc Box Sizes",8.19259E+12,s-4763,OK,UPDATE: Found by Handle | Assuming MERGE for Variant Command | Assuming MERGE for Image Command | Variants updated by SKU: 1
S-4651,S-4651,Arka,FALSE,Size,22x22x8,,,,,3.74,S-4651,draft,https://img.uline.com/is/image/uline/S-4651?$MediumRHD$,uline,"Home > All Products > Boxes, Corrugated > Corrugated Boxes (200# Test) > Flat Boxes",8.19259E+12,s-4651,OK,UPDATE: Found by Handle | Assuming MERGE for Variant Command | Assuming MERGE for Image Command | Variants updated by SKU: 1
S-4736,S-4736,Arka,FALSE,Size,22x22x12,,,,,4.32,S-4736,draft,https://img.uline.com/is/image/uline/S-4736?$MediumRHD$,uline,"Home > All Products > Boxes, Corrugated > Corrugated Boxes (200# Test) > Misc Box Sizes",8.19259E+12,s-4736,OK,UPDATE: Found by Handle | Assuming MERGE for Variant Command | Assuming MERGE for Image Command | Variants updated by SKU: 1
S-20411,S-20411,Arka,FALSE,Size,22x22x12,,,,,8.15,S-20411,draft,https://img.uline.com/is/image/uline/S-20411?$MediumRHD$,uline,"Home > All Products > Boxes, Corrugated > Heavy Duty Boxes > 275 Lb. Test Double Wall Boxes",8.19259E+12,s-20411,OK,UPDATE: Found by Handle | Assuming MERGE for Variant Command | Assuming MERGE for Image Command | Variants updated by SKU: 1
S-14289,S-14289,Arka,FALSE,Size,22x22x14,,,,,4.47,S-14289,draft,https://img.uline.com/is/image/uline/S-14289?$MediumRHD$,uline,"Home > All Products > Boxes, Corrugated > Corrugated Boxes (200# Test) > Misc Box Sizes",8.19259E+12,s-14289,OK,UPDATE: Found by Handle | Assuming MERGE for Variant Command | Assuming MERGE for Image Command | Variants updated by SKU: 1
S-4501,S-4501,Arka,FALSE,Size,22x22x16,,,,,4.63,S-4501,draft,https://img.uline.com/is/image/uline/S-4501?$MediumRHD$,uline,"Home > All Products > Boxes, Corrugated > Corrugated Boxes (200# Test) > Misc Box Sizes",8.19259E+12,s-4501,OK,UPDATE: Found by Handle | Assuming MERGE for Variant Command | Assuming MERGE for Image Command | Variants updated by SKU: 1
S-22116,S-22116,Arka,FALSE,Size,22x22x16,,,,,9.09,S-22116,draft,https://img.uline.com/is/image/uline/S-22116?$MediumRHD$,uline,"Home > All Products > Boxes, Corrugated > Heavy Duty Boxes > 275 Lb. Test Double Wall Boxes",8.19259E+12,s-22116,OK,UPDATE: Found by Handle | Assuming MERGE for Variant Command | Assuming MERGE for Image Command | Variants updated by SKU: 1
S-12607,S-12607,Arka,FALSE,Size,22x22x18,,,,,4.93,S-12607,draft,https://img.uline.com/is/image/uline/S-12607?$MediumRHD$,uline,"Home > All Products > Boxes, Corrugated > Corrugated Boxes (200# Test) > Misc Box Sizes",8.19259E+12,s-12607,OK,UPDATE: Found by Handle | Assuming MERGE for Variant Command | Assuming MERGE for Image Command | Variants updated by SKU: 1
S-4826,S-4826,Arka,FALSE,Size,22x22x20,,,,,5.26,S-4826,draft,https://img.uline.com/is/image/uline/S-4826?$MediumRHD$,uline,"Home > All Products > Boxes, Corrugated > Corrugated Boxes (200# Test) > Misc Box Sizes",8.19259E+12,s-4826,OK,UPDATE: Found by Handle | Assuming MERGE for Variant Command | Assuming MERGE for Image Command | Variants updated by SKU: 1
S-4319,S-4319,Arka,FALSE,Size,22x22x22,,,,,3.93,S-4319,draft,https://img.uline.com/is/image/uline/S-4319?$MediumRHD$,uline,"Home > All Products > Boxes, Corrugated > Corrugated Boxes (200# Test) > Cube Boxes",8.19259E+12,s-4319,OK,UPDATE: Found by Handle | Assuming MERGE for Variant Command | Assuming MERGE for Image Command | Variants updated by SKU: 1
S-4447,S-4447,Arka,FALSE,Size,22x22x22,,,,,6.24,S-4447,draft,https://img.uline.com/is/image/uline/S-4447?$MediumRHD$,uline,"Home > All Products > Boxes, Corrugated > Corrugated Boxes (200# Test) > Multi-Depth Boxes",8.19259E+12,s-4447,OK,UPDATE: Found by Handle | Assuming MERGE for Variant Command | Assuming MERGE for Image Command | Variants updated by SKU: 1
S-4798,S-4798,Arka,FALSE,Size,22x22x22,,,,,9.74,S-4798,draft,https://img.uline.com/is/image/uline/S-4798?$MediumRHD$,uline,"Home > All Products > Boxes, Corrugated > Heavy Duty Boxes > 275 Lb. Test Double Wall Boxes",8.19259E+12,s-4798,OK,UPDATE: Found by Handle | Assuming MERGE for Variant Command | Assuming MERGE for Image Command | Variants updated by SKU: 1
S-21561,S-21561,Arka,FALSE,Size,22x22x24,,,,,6.52,S-21561,draft,https://img.uline.com/is/image/uline/S-21561?$MediumRHD$,uline,"Home > All Products > Boxes, Corrugated > Corrugated Boxes (200# Test) > Misc Box Sizes",8.19259E+12,s-21561,OK,UPDATE: Found by Handle | Assuming MERGE for Variant Command | Assuming MERGE for Image Command | Variants updated by SKU: 1
S-13323,S-13323,Arka,FALSE,Size,22x22x30,,,,,7.11,S-13323,draft,https://img.uline.com/is/image/uline/S-13323?$MediumRHD$,uline,"Home > All Products > Boxes, Corrugated > Corrugated Boxes (200# Test) > Misc Box Sizes",8.19259E+12,s-13323,OK,UPDATE: Found by Handle | Assuming MERGE for Variant Command | Assuming MERGE for Image Command | Variants updated by SKU: 1
S-22172,S-22172,Arka,FALSE,Size,22x22x40,,,,,17.25,S-22172,draft,https://img.uline.com/is/image/uline/S-22172?$MediumRHD$,uline,"Home > All Products > Boxes, Corrugated > Corrugated Boxes (200# Test) > Telescopic Boxes",8.19259E+12,s-22172,OK,UPDATE: Found by Handle | Assuming MERGE for Variant Command | Assuming MERGE for Image Command | Variants updated by SKU: 1
S-4652,S-4652,Arka,FALSE,Size,22x22x36,,,,,7.72,S-4652,draft,https://img.uline.com/is/image/uline/S-4652?$MediumRHD$,uline,"Home > All Products > Boxes, Corrugated > Corrugated Boxes (200# Test) > Misc Box Sizes",8.19259E+12,s-4652,OK,UPDATE: Found by Handle | Assuming MERGE for Variant Command | Assuming MERGE for Image Command | Variants updated by SKU: 1
S-4213,S-4213,Arka,FALSE,Size,23x16x18.63,,,,,3.99,S-4213,draft,https://img.uline.com/is/image/uline/S-4213?$MediumRHD$,uline,"Home > All Products > Boxes, Corrugated > Corrugated Boxes (200# Test) > Misc Box Sizes",8.19259E+12,s-4213,OK,UPDATE: Found by Handle | Assuming MERGE for Variant Command | Assuming MERGE for Image Command | Variants updated by SKU: 1
S-4231,S-4231,Arka,FALSE,Size,23x17x12,,,,,3.3,S-4231,draft,https://img.uline.com/is/image/uline/S-4231?$MediumRHD$,uline,"Home > All Products > Boxes, Corrugated > Corrugated Boxes (200# Test) > Misc Box Sizes",8.19259E+12,s-4231,OK,UPDATE: Found by Handle | Assuming MERGE for Variant Command | Assuming MERGE for Image Command | Variants updated by SKU: 1
S-4472,S-4472,Arka,FALSE,Size,24x4x4,,,,,1.12,S-4472,draft,https://img.uline.com/is/image/uline/S-4472?$MediumRHD$,uline,"Home > All Products > Boxes, Corrugated > Corrugated Boxes (200# Test) > Long Boxes",8.19259E+12,s-4472,OK,UPDATE: Found by Handle | Assuming MERGE for Variant Command | Assuming MERGE for Image Command | Variants updated by SKU: 1
S-20542,S-20542,Arka,FALSE,Size,23x23x23,,,,,6.2,S-20542,draft,https://img.uline.com/is/image/uline/S-20542?$MediumRHD$,uline,"Home > All Products > Boxes, Corrugated > Corrugated Boxes (200# Test) > Cube Boxes",8.19259E+12,s-20542,OK,UPDATE: Found by Handle | Assuming MERGE for Variant Command | Assuming MERGE for Image Command | Variants updated by SKU: 1
S-14290,S-14290,Arka,FALSE,Size,24x6x4,,,,,1.34,S-14290,draft,https://img.uline.com/is/image/uline/S-14290?$MediumRHD$,uline,"Home > All Products > Boxes, Corrugated > Corrugated Boxes (200# Test) > Long Boxes",8.19259E+12,s-14290,OK,UPDATE: Found by Handle | Assuming MERGE for Variant Command | Assuming MERGE for Image Command | Variants updated by SKU: 1
S-4240,S-4240,Arka,FALSE,Size,24x6x6,,,,,0.91,S-4240,draft,https://img.uline.com/is/image/uline/S-4240?$MediumRHD$,uline,"Home > All Products > Boxes, Corrugated > Corrugated Boxes (200# Test) > Long Boxes",8.19259E+12,s-4240,OK,UPDATE: Found by Handle | Assuming MERGE for Variant Command | Assuming MERGE for Image Command | Variants updated by SKU: 1
S-18924,S-18924,Arka,FALSE,Size,24x6x6,,,,,2.69,S-18924,draft,https://img.uline.com/is/image/uline/S-18924?$MediumRHD$,uline,"Home > All Products > Boxes, Corrugated > Heavy Duty Boxes > 275 Lb. Test Double Wall Boxes",8.19259E+12,s-18924,OK,UPDATE: Found by Handle | Assuming MERGE for Variant Command | Assuming MERGE for Image Command | Variants updated by SKU: 1
S-4904,S-4904,Arka,FALSE,Size,24x6x8,,,,,1.4,S-4904,draft,https://img.uline.com/is/image/uline/S-4904?$MediumRHD$,uline,"Home > All Products > Boxes, Corrugated > Corrugated Boxes (200# Test) > Long Boxes",8.19259E+12,s-4904,OK,UPDATE: Found by Handle | Assuming MERGE for Variant Command | Assuming MERGE for Image Command | Variants updated by SKU: 1
S-20535,S-20535,Arka,FALSE,Size,24x8x4,,,,,1.46,S-20535,draft,https://img.uline.com/is/image/uline/S-20535?$MediumRHD$,uline,"Home > All Products > Boxes, Corrugated > Corrugated Boxes (200# Test) > Long Boxes",8.19259E+12,s-20535,OK,UPDATE: Found by Handle | Assuming MERGE for Variant Command | Assuming MERGE for Image Command | Variants updated by SKU: 1
S-12608,S-12608,Arka,FALSE,Size,24x8x6,,,,,1.49,S-12608,draft,https://img.uline.com/is/image/uline/S-12608?$MediumRHD$,uline,"Home > All Products > Boxes, Corrugated > Corrugated Boxes (200# Test) > Long Boxes",8.19259E+12,s-12608,OK,UPDATE: Found by Handle | Assuming MERGE for Variant Command | Assuming MERGE for Image Command | Variants updated by SKU: 1
S-4502,S-4502,Arka,FALSE,Size,24x8x8,,,,,1.73,S-4502,draft,https://img.uline.com/is/image/uline/S-4502?$MediumRHD$,uline,"Home > All Products > Boxes, Corrugated > Corrugated Boxes (200# Test) > Long Boxes",8.19259E+12,s-4502,OK,UPDATE: Found by Handle | Assuming MERGE for Variant Command | Assuming MERGE for Image Command | Variants updated by SKU: 1
S-14259,S-14259,Arka,FALSE,Size,24x8x57,,,,,40,S-14259,draft,https://img.uline.com/is/image/uline/S-14259?$MediumRHD$,uline,"Home > All Products > Boxes, Corrugated > Corrugated Boxes (200# Test) > Telescopic Boxes",8.19259E+12,s-14259,OK,UPDATE: Found by Handle | Assuming MERGE for Variant Command | Assuming MERGE for Image Command | Variants updated by SKU: 1
S-4737,S-4737,Arka,FALSE,Size,24x9x6,,,,,1.69,S-4737,draft,https://img.uline.com/is/image/uline/S-4737?$MediumRHD$,uline,"Home > All Products > Boxes, Corrugated > Corrugated Boxes (200# Test) > Long Boxes",8.19259E+12,s-4737,OK,UPDATE: Found by Handle | Assuming MERGE for Variant Command | Assuming MERGE for Image Command | Variants updated by SKU: 1
S-11381,S-11381,Arka,FALSE,Size,24x9x9,,,,,1.81,S-11381,draft,https://img.uline.com/is/image/uline/S-11381?$MediumRHD$,uline,"Home > All Products > Boxes, Corrugated > Corrugated Boxes (200# Test) > Long Boxes",8.19259E+12,s-11381,OK,UPDATE: Found by Handle | Assuming MERGE for Variant Command | Assuming MERGE for Image Command | Variants updated by SKU: 1
S-4842,S-4842,Arka,FALSE,Size,24x10x6,,,,,1.74,S-4842,draft,https://img.uline.com/is/image/uline/S-4842?$MediumRHD$,uline,"Home > All Products > Boxes, Corrugated > Corrugated Boxes (200# Test) > Flat Boxes",8.19259E+12,s-4842,OK,UPDATE: Found by Handle | Assuming MERGE for Variant Command | Assuming MERGE for Image Command | Variants updated by SKU: 1
S-12609,S-12609,Arka,FALSE,Size,24x10x4,,,,,1.63,S-12609,draft,https://img.uline.com/is/image/uline/S-12609?$MediumRHD$,uline,"Home > All Products > Boxes, Corrugated > Corrugated Boxes (200# Test) > Flat Boxes",8.19259E+12,s-12609,OK,UPDATE: Found by Handle | Assuming MERGE for Variant Command | Assuming MERGE for Image Command | Variants updated by SKU: 1
S-4545,S-4545,Arka,FALSE,Size,24x10x8,,,,,1.95,S-4545,draft,https://img.uline.com/is/image/uline/S-4545?$MediumRHD$,uline,"Home > All Products > Boxes, Corrugated > Corrugated Boxes (200# Test) > Misc Box Sizes",8.19259E+12,s-4545,OK,UPDATE: Found by Handle | Assuming MERGE for Variant Command | Assuming MERGE for Image Command | Variants updated by SKU: 1
S-4414,S-4414,Arka,FALSE,Size,24x10x10,,,,,2.07,S-4414,draft,https://img.uline.com/is/image/uline/S-4414?$MediumRHD$,uline,"Home > All Products > Boxes, Corrugated > Corrugated Boxes (200# Test) > Misc Box Sizes",8.19259E+12,s-4414,OK,UPDATE: Found by Handle | Assuming MERGE for Variant Command | Assuming MERGE for Image Command | Variants updated by SKU: 1
S-23294,S-23294,Arka,FALSE,Size,24x10x10,,,,,3.82,S-23294,draft,https://img.uline.com/is/image/uline/S-23294?$MediumRHD$,uline,"Home > All Products > Boxes, Corrugated > Heavy Duty Boxes > 275 Lb. Test Double Wall Boxes",8.19259E+12,s-23294,OK,UPDATE: Found by Handle | Assuming MERGE for Variant Command | Assuming MERGE for Image Command | Variants updated by SKU: 1
S-19052,S-19052,Arka,FALSE,Size,24x10x12,,,,,2.33,S-19052,draft,https://img.uline.com/is/image/uline/S-19052?$MediumRHD$,uline,"Home > All Products > Boxes, Corrugated > Corrugated Boxes (200# Test) > Misc Box Sizes",8.19259E+12,s-19052,OK,UPDATE: Found by Handle | Assuming MERGE for Variant Command | Assuming MERGE for Image Command | Variants updated by SKU: 1
S-23333,S-23333,Arka,FALSE,Size,24x12x3,,,,,1.91,S-23333,draft,https://img.uline.com/is/image/uline/S-23333?$MediumRHD$,uline,"Home > All Products > Boxes, Corrugated > Corrugated Boxes (200# Test) > Flat Boxes",8.19259E+12,s-23333,OK,UPDATE: Found by Handle | Assuming MERGE for Variant Command | Assuming MERGE for Image Command | Variants updated by SKU: 1
S-13324,S-13324,Arka,FALSE,Size,24x12x4,,,,,1.92,S-13324,draft,https://img.uline.com/is/image/uline/S-13324?$MediumRHD$,uline,"Home > All Products > Boxes, Corrugated > Corrugated Boxes (200# Test) > Flat Boxes",8.19259E+12,s-13324,OK,UPDATE: Found by Handle | Assuming MERGE for Variant Command | Assuming MERGE for Image Command | Variants updated by SKU: 1
S-22664,S-22664,Arka,FALSE,Size,24x12x5,,,,,1.95,S-22664,draft,https://img.uline.com/is/image/uline/S-22664?$MediumRHD$,uline,"Home > All Products > Boxes, Corrugated > Corrugated Boxes (200# Test) > Flat Boxes",8.19259E+12,s-22664,OK,UPDATE: Found by Handle | Assuming MERGE for Variant Command | Assuming MERGE for Image Command | Variants updated by SKU: 1
S-4415,S-4415,Arka,FALSE,Size,24x12x6,,,,,1.97,S-4415,draft,https://img.uline.com/is/image/uline/S-4415?$MediumRHD$,uline,"Home > All Products > Boxes, Corrugated > Corrugated Boxes (200# Test) > Flat Boxes",8.19259E+12,s-4415,OK,UPDATE: Found by Handle | Assuming MERGE for Variant Command | Assuming MERGE for Image Command | Variants updated by SKU: 1
S-4473,S-4473,Arka,FALSE,Size,24x12x6,,,,,2.33,S-4473,draft,https://img.uline.com/is/image/uline/S-4473?$MediumRHD$,uline,"Home > All Products > Boxes, Corrugated > Corrugated Boxes (200# Test) > Multi-Depth Boxes",8.19259E+12,s-4473,OK,UPDATE: Found by Handle | Assuming MERGE for Variant Command | Assuming MERGE for Image Command | Variants updated by SKU: 1
S-4653,S-4653,Arka,FALSE,Size,24x12x8,,,,,2.4,S-4653,draft,https://img.uline.com/is/image/uline/S-4653?$MediumRHD$,uline,"Home > All Products > Boxes, Corrugated > Corrugated Boxes (200# Test) > Misc Box Sizes",8.19259E+12,s-4653,OK,UPDATE: Found by Handle | Assuming MERGE for Variant Command | Assuming MERGE for Image Command | Variants updated by SKU: 1
S-21029,S-21029,Arka,FALSE,Size,24x12x8,,,,,4.39,S-21029,draft,https://img.uline.com/is/image/uline/S-21029?$MediumRHD$,uline,"Home > All Products > Boxes, Corrugated > Heavy Duty Boxes > 275 Lb. Test Double Wall Boxes",8.19259E+12,s-21029,OK,UPDATE: Found by Handle | Assuming MERGE for Variant Command | Assuming MERGE for Image Command | Variants updated by SKU: 1
S-4570,S-4570,Arka,FALSE,Size,24x12x10,,,,,2.5,S-4570,draft,https://img.uline.com/is/image/uline/S-4570?$MediumRHD$,uline,"Home > All Products > Boxes, Corrugated > Storage File Boxes > Uline Economy Storage File Boxes",8.19259E+12,s-4570,OK,UPDATE: Found by Handle | Assuming MERGE for Variant Command | Assuming MERGE for Image Command | Variants updated by SKU: 1
S-4243,S-4243,Arka,FALSE,Size,24x12x12,,,,,1.84,S-4243,draft,https://img.uline.com/is/image/uline/S-4243?$MediumRHD$,uline,"Home > All Products > Boxes, Corrugated > Corrugated Boxes (200# Test) > Misc Box Sizes",8.19259E+12,s-4243,OK,UPDATE: Found by Handle | Assuming MERGE for Variant Command | Assuming MERGE for Image Command | Variants updated by SKU: 1
S-14233,S-14233,Arka,FALSE,Size,24x24x36,,,,,13.86,S-14233,draft,https://img.uline.com/is/image/uline/S-14233?$MediumRHD$,uline,"Home > All Products > Boxes, Corrugated > Heavy Duty Boxes > 275 Lb. Test Double Wall Boxes",8.19259E+12,s-14233,OK,UPDATE: Found by Handle | Assuming MERGE for Variant Command | Assuming MERGE for Image Command | Variants updated by SKU: 1
S-4505,S-4505,Arka,FALSE,Size,24x24x6,,,,,3.99,S-4505,draft,https://img.uline.com/is/image/uline/S-4505?$MediumRHD$,uline,"Home > All Products > Boxes, Corrugated > Corrugated Boxes (200# Test) > Flat Boxes",8.19259E+12,s-4505,OK,UPDATE: Found by Handle | Assuming MERGE for Variant Command | Assuming MERGE for Image Command | Variants updated by SKU: 1
S-4750,S-4750,Arka,FALSE,Size,24x20x46,,,,,21.52,S-4750,draft,https://img.uline.com/is/image/uline/S-4750?$MediumRHD$,uline,"Home > All Products > Boxes, Corrugated > Moving Boxes > Wardrobe Boxes",8.19259E+12,s-4750,OK,UPDATE: Found by Handle | Assuming MERGE for Variant Command | Assuming MERGE for Image Command | Variants updated by SKU: 1
S-367,S-367,Arka,FALSE,Size,24x12x12,,,,,2.8,S-367,draft,https://img.uline.com/is/image/uline/S-367?$MediumRHD$,uline,"Home > All Products > Boxes, Corrugated > Corrugated Boxes (200# Test) > Multi-Depth Boxes",8.19259E+12,s-367,OK,UPDATE: Found by Handle | Assuming MERGE for Variant Command | Assuming MERGE for Image Command | Variants updated by SKU: 1
S-4764,S-4764,Arka,FALSE,Size,24x12x12,,,,,3.14,S-4764,draft,https://img.uline.com/is/image/uline/S-4764?$MediumRHD$,uline,"Home > All Products > Boxes, Corrugated > Corrugated Boxes (200# Test) > White Corrugated Boxes",8.19259E+12,s-4764,OK,UPDATE: Found by Handle | Assuming MERGE for Variant Command | Assuming MERGE for Image Command | Variants updated by SKU: 1
S-4772,S-4772,Arka,FALSE,Size,24x12x12,,,,,3.32,S-4772,draft,https://img.uline.com/is/image/uline/S-4772?$MediumRHD$,uline,"Home > All Products > Boxes, Corrugated > Heavy Duty Boxes > 275 Lb. Test Single Wall Boxes",8.19259E+12,s-4772,OK,UPDATE: Found by Handle | Assuming MERGE for Variant Command | Assuming MERGE for Image Command | Variants updated by SKU: 1
S-4843,S-4843,Arka,FALSE,Size,24x12x12,,,,,3.25,S-4843,draft,https://img.uline.com/is/image/uline/S-4843?$MediumRHD$,uline,"Home > All Products > Boxes, Corrugated > Heavy Duty Boxes > 275 Lb. Test Double Wall Boxes",8.19259E+12,s-4843,OK,UPDATE: Found by Handle | Assuming MERGE for Variant Command | Assuming MERGE for Image Command | Variants updated by SKU: 1
S-19053,S-19053,Arka,FALSE,Size,24x12x16,,,,,3.42,S-19053,draft,https://img.uline.com/is/image/uline/S-19053?$MediumRHD$,uline,"Home > All Products > Boxes, Corrugated > Corrugated Boxes (200# Test) > Misc Box Sizes",8.19259E+12,s-19053,OK,UPDATE: Found by Handle | Assuming MERGE for Variant Command | Assuming MERGE for Image Command | Variants updated by SKU: 1
S-19872,S-19872,Arka,FALSE,Size,24x12x18,,,,,3.55,S-19872,draft,https://img.uline.com/is/image/uline/S-19872?$MediumRHD$,uline,"Home > All Products > Boxes, Corrugated > Corrugated Boxes (200# Test) > Misc Box Sizes",8.19259E+12,s-19872,OK,UPDATE: Found by Handle | Assuming MERGE for Variant Command | Assuming MERGE for Image Command | Variants updated by SKU: 1
S-4114,S-4114,Arka,FALSE,Size,24x12x24,,,,,4.56,S-4114,draft,https://img.uline.com/is/image/uline/S-4114?$MediumRHD$,uline,"Home > All Products > Boxes, Corrugated > Corrugated Boxes (200# Test) > Misc Box Sizes",8.19259E+12,s-4114,OK,UPDATE: Found by Handle | Assuming MERGE for Variant Command | Assuming MERGE for Image Command | Variants updated by SKU: 1
S-12610,S-12610,Arka,FALSE,Size,24x13x31,,,,,4.98,S-12610,draft,https://img.uline.com/is/image/uline/S-12610?$MediumRHD$,uline,"Home > All Products > Boxes, Corrugated > Moving Boxes > Suitcase Box",8.19259E+12,s-12610,OK,UPDATE: Found by Handle | Assuming MERGE for Variant Command | Assuming MERGE for Image Command | Variants updated by SKU: 1
S-4546,S-4546,Arka,FALSE,Size,24x14x4,,,,,2.17,S-4546,draft,https://img.uline.com/is/image/uline/S-4546?$MediumRHD$,uline,"Home > All Products > Boxes, Corrugated > Corrugated Boxes (200# Test) > Flat Boxes",8.19259E+12,s-4546,OK,UPDATE: Found by Handle | Assuming MERGE for Variant Command | Assuming MERGE for Image Command | Variants updated by SKU: 1
S-4905,S-4905,Arka,FALSE,Size,24x14x6,,,,,2.49,S-4905,draft,https://img.uline.com/is/image/uline/S-4905?$MediumRHD$,uline,"Home > All Products > Boxes, Corrugated > Corrugated Boxes (200# Test) > Flat Boxes",8.19259E+12,s-4905,OK,UPDATE: Found by Handle | Assuming MERGE for Variant Command | Assuming MERGE for Image Command | Variants updated by SKU: 1
S-4503,S-4503,Arka,FALSE,Size,24x14x8,,,,,2.73,S-4503,draft,https://img.uline.com/is/image/uline/S-4503?$MediumRHD$,uline,"Home > All Products > Boxes, Corrugated > Corrugated Boxes (200# Test) > Misc Box Sizes",8.19259E+12,s-4503,OK,UPDATE: Found by Handle | Assuming MERGE for Variant Command | Assuming MERGE for Image Command | Variants updated by SKU: 1
S-4738,S-4738,Arka,FALSE,Size,24x14x10,,,,,2.9,S-4738,draft,https://img.uline.com/is/image/uline/S-4738?$MediumRHD$,uline,"Home > All Products > Boxes, Corrugated > Corrugated Boxes (200# Test) > Misc Box Sizes",8.19259E+12,s-4738,OK,UPDATE: Found by Handle | Assuming MERGE for Variant Command | Assuming MERGE for Image Command | Variants updated by SKU: 1
S-4217,S-4217,Arka,FALSE,Size,24x14x12,,,,,3.03,S-4217,draft,https://img.uline.com/is/image/uline/S-4217?$MediumRHD$,uline,"Home > All Products > Boxes, Corrugated > Corrugated Boxes (200# Test) > Misc Box Sizes",8.19259E+12,s-4217,OK,UPDATE: Found by Handle | Assuming MERGE for Variant Command | Assuming MERGE for Image Command | Variants updated by SKU: 1
S-16459,S-16459,Arka,FALSE,Size,24x14x14,,,,,5.86,S-16459,draft,https://img.uline.com/is/image/uline/S-16459?$MediumRHD$,uline,"Home > All Products > Boxes, Corrugated > Heavy Duty Boxes > 275 Lb. Test Double Wall Boxes",8.19259E+12,s-16459,OK,UPDATE: Found by Handle | Assuming MERGE for Variant Command | Assuming MERGE for Image Command | Variants updated by SKU: 1
S-4654,S-4654,Arka,FALSE,Size,24x14x14,,,,,2.53,S-4654,draft,https://img.uline.com/is/image/uline/S-4654?$MediumRHD$,uline,"Home > All Products > Boxes, Corrugated > Corrugated Boxes (200# Test) > Misc Box Sizes",8.19259E+12,s-4654,OK,UPDATE: Found by Handle | Assuming MERGE for Variant Command | Assuming MERGE for Image Command | Variants updated by SKU: 1
S-22666,S-22666,Arka,FALSE,Size,24x14x16,,,,,3.68,S-22666,draft,https://img.uline.com/is/image/uline/S-22666?$MediumRHD$,uline,"Home > All Products > Boxes, Corrugated > Corrugated Boxes (200# Test) > Misc Box Sizes",8.19259E+12,s-22666,OK,UPDATE: Found by Handle | Assuming MERGE for Variant Command | Assuming MERGE for Image Command | Variants updated by SKU: 1
S-4957,S-4957,Arka,FALSE,Size,24x15x10,,,,,3,S-4957,draft,https://img.uline.com/is/image/uline/S-4957?$MediumRHD$,uline,"Home > All Products > Boxes, Corrugated > Storage File Boxes > Uline Economy Storage File Boxes",8.19259E+12,s-4957,OK,UPDATE: Found by Handle | Assuming MERGE for Variant Command | Assuming MERGE for Image Command | Variants updated by SKU: 1
S-19816,S-19816,Arka,FALSE,Size,24x14x20,,,,,4.15,S-19816,draft,https://img.uline.com/is/image/uline/S-19816?$MediumRHD$,uline,"Home > All Products > Boxes, Corrugated > Corrugated Boxes (200# Test) > Misc Box Sizes",8.19259E+12,s-19816,OK,UPDATE: Found by Handle | Assuming MERGE for Variant Command | Assuming MERGE for Image Command | Variants updated by SKU: 1
S-4655,S-4655,Arka,FALSE,Size,24x14x18,,,,,3.93,S-4655,draft,https://img.uline.com/is/image/uline/S-4655?$MediumRHD$,uline,"Home > All Products > Boxes, Corrugated > Corrugated Boxes (200# Test) > Misc Box Sizes",8.19259E+12,s-4655,OK,UPDATE: Found by Handle | Assuming MERGE for Variant Command | Assuming MERGE for Image Command | Variants updated by SKU: 1
S-16755,S-16755,Arka,FALSE,Size,24x15x12,,,,,3.3,S-16755,draft,https://img.uline.com/is/image/uline/S-16755?$MediumRHD$,uline,"Home > All Products > Boxes, Corrugated > Corrugated Boxes (200# Test) > Misc Box Sizes",8.19259E+12,s-16755,OK,UPDATE: Found by Handle | Assuming MERGE for Variant Command | Assuming MERGE for Image Command | Variants updated by SKU: 1
S-14277,S-14277,Arka,FALSE,Size,24x15x15,,,,,3.56,S-14277,draft,https://img.uline.com/is/image/uline/S-14277?$MediumRHD$,uline,"Home > All Products > Boxes, Corrugated > Corrugated Boxes (200# Test) > Misc Box Sizes",8.19259E+12,s-14277,OK,UPDATE: Found by Handle | Assuming MERGE for Variant Command | Assuming MERGE for Image Command | Variants updated by SKU: 1
S-4547,S-4547,Arka,FALSE,Size,24x16x4,,,,,2.21,S-4547,draft,https://img.uline.com/is/image/uline/S-4547?$MediumRHD$,uline,"Home > All Products > Boxes, Corrugated > Corrugated Boxes (200# Test) > Flat Boxes",8.19259E+12,s-4547,OK,UPDATE: Found by Handle | Assuming MERGE for Variant Command | Assuming MERGE for Image Command | Variants updated by SKU: 1
S-4504,S-4504,Arka,FALSE,Size,24x16x6,,,,,2.76,S-4504,draft,https://img.uline.com/is/image/uline/S-4504?$MediumRHD$,uline,"Home > All Products > Boxes, Corrugated > Corrugated Boxes (200# Test) > Flat Boxes",8.19259E+12,s-4504,OK,UPDATE: Found by Handle | Assuming MERGE for Variant Command | Assuming MERGE for Image Command | Variants updated by SKU: 1
S-4799,S-4799,Arka,FALSE,Size,24x16x8,,,,,2.36,S-4799,draft,https://img.uline.com/is/image/uline/S-4799?$MediumRHD$,uline,"Home > All Products > Boxes, Corrugated > Corrugated Boxes (200# Test) > Misc Box Sizes",8.19259E+12,s-4799,OK,UPDATE: Found by Handle | Assuming MERGE for Variant Command | Assuming MERGE for Image Command | Variants updated by SKU: 1
S-18925,S-18925,Arka,FALSE,Size,24x16x8,,,,,5.56,S-18925,draft,https://img.uline.com/is/image/uline/S-18925?$MediumRHD$,uline,"Home > All Products > Boxes, Corrugated > Heavy Duty Boxes > 275 Lb. Test Double Wall Boxes",8.19259E+12,s-18925,OK,UPDATE: Found by Handle | Assuming MERGE for Variant Command | Assuming MERGE for Image Command | Variants updated by SKU: 1
S-4800,S-4800,Arka,FALSE,Size,24x16x10,,,,,3.19,S-4800,draft,https://img.uline.com/is/image/uline/S-4800?$MediumRHD$,uline,"Home > All Products > Boxes, Corrugated > Corrugated Boxes (200# Test) > Misc Box Sizes",8.19259E+12,s-4800,OK,UPDATE: Found by Handle | Assuming MERGE for Variant Command | Assuming MERGE for Image Command | Variants updated by SKU: 1
S-4162,S-4162,Arka,FALSE,Size,24x16x12,,,,,2.53,S-4162,draft,https://img.uline.com/is/image/uline/S-4162?$MediumRHD$,uline,"Home > All Products > Boxes, Corrugated > Corrugated Boxes (200# Test) > Misc Box Sizes",8.19259E+12,s-4162,OK,UPDATE: Found by Handle | Assuming MERGE for Variant Command | Assuming MERGE for Image Command | Variants updated by SKU: 1
S-4765,S-4765,Arka,FALSE,Size,24x16x12,,,,,2.7,S-4765,draft,https://img.uline.com/is/image/uline/S-4765?$MediumRHD$,uline,"Home > All Products > Boxes, Corrugated > Corrugated Boxes (200# Test) > Multi-Depth Boxes",8.19259E+12,s-4765,OK,UPDATE: Found by Handle | Assuming MERGE for Variant Command | Assuming MERGE for Image Command | Variants updated by SKU: 1
S-20412,S-20412,Arka,FALSE,Size,24x16x12,,,,,6.35,S-20412,draft,https://img.uline.com/is/image/uline/S-20412?$MediumRHD$,uline,"Home > All Products > Boxes, Corrugated > Heavy Duty Boxes > 275 Lb. Test Double Wall Boxes",8.19259E+12,s-20412,OK,UPDATE: Found by Handle | Assuming MERGE for Variant Command | Assuming MERGE for Image Command | Variants updated by SKU: 1
S-19817,S-19817,Arka,FALSE,Size,24x16x13,,,,,3.56,S-19817,draft,https://img.uline.com/is/image/uline/S-19817?$MediumRHD$,uline,"Home > All Products > Boxes, Corrugated > Corrugated Boxes (200# Test) > Misc Box Sizes",8.19259E+12,s-19817,OK,UPDATE: Found by Handle | Assuming MERGE for Variant Command | Assuming MERGE for Image Command | Variants updated by SKU: 1
S-4656,S-4656,Arka,FALSE,Size,24x16x14,,,,,3.66,S-4656,draft,https://img.uline.com/is/image/uline/S-4656?$MediumRHD$,uline,"Home > All Products > Boxes, Corrugated > Corrugated Boxes (200# Test) > Misc Box Sizes",8.19259E+12,s-4656,OK,UPDATE: Found by Handle | Assuming MERGE for Variant Command | Assuming MERGE for Image Command | Variants updated by SKU: 1
S-4218,S-4218,Arka,FALSE,Size,24x16x16,,,,,2.75,S-4218,draft,https://img.uline.com/is/image/uline/S-4218?$MediumRHD$,uline,"Home > All Products > Boxes, Corrugated > Corrugated Boxes (200# Test) > Misc Box Sizes",8.19259E+12,s-4218,OK,UPDATE: Found by Handle | Assuming MERGE for Variant Command | Assuming MERGE for Image Command | Variants updated by SKU: 1
S-15041,S-15041,Arka,FALSE,Size,24x16x16,,,,,6.98,S-15041,draft,https://img.uline.com/is/image/uline/S-15041?$MediumRHD$,uline,"Home > All Products > Boxes, Corrugated > Heavy Duty Boxes > 275 Lb. Test Double Wall Boxes",8.19259E+12,s-15041,OK,UPDATE: Found by Handle | Assuming MERGE for Variant Command | Assuming MERGE for Image Command | Variants updated by SKU: 1
S-19054,S-19054,Arka,FALSE,Size,24x16x18,,,,,4.22,S-19054,draft,https://img.uline.com/is/image/uline/S-19054?$MediumRHD$,uline,"Home > All Products > Boxes, Corrugated > Corrugated Boxes (200# Test) > Misc Box Sizes",8.19259E+12,s-19054,OK,UPDATE: Found by Handle | Assuming MERGE for Variant Command | Assuming MERGE for Image Command | Variants updated by SKU: 1
S-22655,S-22655,Arka,FALSE,Size,24x16x20,,,,,4.55,S-22655,draft,https://img.uline.com/is/image/uline/S-22655?$MediumRHD$,uline,"Home > All Products > Boxes, Corrugated > Corrugated Boxes (200# Test) > Misc Box Sizes",8.19259E+12,s-22655,OK,UPDATE: Found by Handle | Assuming MERGE for Variant Command | Assuming MERGE for Image Command | Variants updated by SKU: 1
S-16762,S-16762,Arka,FALSE,Size,24x17x3,,,,,2.96,S-16762,draft,https://img.uline.com/is/image/uline/S-16762?$MediumRHD$,uline,"Home > All Products > Boxes, Corrugated > Corrugated Boxes (200# Test) > Flat Boxes",8.19259E+12,s-16762,OK,UPDATE: Found by Handle | Assuming MERGE for Variant Command | Assuming MERGE for Image Command | Variants updated by SKU: 1
S-4999,S-4999,Arka,FALSE,Size,24x16x24,,,,,5.18,S-4999,draft,https://img.uline.com/is/image/uline/S-4999?$MediumRHD$,uline,"Home > All Products > Boxes, Corrugated > Corrugated Boxes (200# Test) > Misc Box Sizes",8.19259E+12,s-4999,OK,UPDATE: Found by Handle | Assuming MERGE for Variant Command | Assuming MERGE for Image Command | Variants updated by SKU: 1
S-4657,S-4657,Arka,FALSE,Size,24x17x15,,,,,3.98,S-4657,draft,https://img.uline.com/is/image/uline/S-4657?$MediumRHD$,uline,"Home > All Products > Boxes, Corrugated > Corrugated Boxes (200# Test) > Misc Box Sizes",8.19259E+12,s-4657,OK,UPDATE: Found by Handle | Assuming MERGE for Variant Command | Assuming MERGE for Image Command | Variants updated by SKU: 1
S-16756,S-16756,Arka,FALSE,Size,24x17x12,,,,,3.63,S-16756,draft,https://img.uline.com/is/image/uline/S-16756?$MediumRHD$,uline,"Home > All Products > Boxes, Corrugated > Corrugated Boxes (200# Test) > Misc Box Sizes",8.19259E+12,s-16756,OK,UPDATE: Found by Handle | Assuming MERGE for Variant Command | Assuming MERGE for Image Command | Variants updated by SKU: 1
S-23991,S-23991,Arka,FALSE,Size,24x18x3,,,,,2.99,S-23991,draft,https://img.uline.com/is/image/uline/S-23991?$MediumRHD$,uline,"Home > All Products > Boxes, Corrugated > Corrugated Boxes (200# Test) > Flat Boxes",8.19259E+12,s-23991,OK,UPDATE: Found by Handle | Assuming MERGE for Variant Command | Assuming MERGE for Image Command | Variants updated by SKU: 1
S-4827,S-4827,Arka,FALSE,Size,24x18x4,,,,,2.04,S-4827,draft,https://img.uline.com/is/image/uline/S-4827?$MediumRHD$,uline,"Home > All Products > Boxes, Corrugated > Corrugated Boxes (200# Test) > Flat Boxes",8.19259E+12,s-4827,OK,UPDATE: Found by Handle | Assuming MERGE for Variant Command | Assuming MERGE for Image Command | Variants updated by SKU: 1
S-4416,S-4416,Arka,FALSE,Size,24x18x6,,,,,2.85,S-4416,draft,https://img.uline.com/is/image/uline/S-4416?$MediumRHD$,uline,"Home > All Products > Boxes, Corrugated > Corrugated Boxes (200# Test) > Flat Boxes",8.19259E+12,s-4416,OK,UPDATE: Found by Handle | Assuming MERGE for Variant Command | Assuming MERGE for Image Command | Variants updated by SKU: 1
S-21032,S-21032,Arka,FALSE,Size,24x18x6,,,,,5.54,S-21032,draft,https://img.uline.com/is/image/uline/S-21032?$MediumRHD$,uline,"Home > All Products > Boxes, Corrugated > Heavy Duty Boxes > 275 Lb. Test Double Wall Boxes",8.19259E+12,s-21032,OK,UPDATE: Found by Handle | Assuming MERGE for Variant Command | Assuming MERGE for Image Command | Variants updated by SKU: 1
S-10655,S-10655,Arka,FALSE,Size,24x18x8,,,,,3.32,S-10655,draft,https://img.uline.com/is/image/uline/S-10655?$MediumRHD$,uline,"Home > All Products > Boxes, Corrugated > Corrugated Boxes (200# Test) > Misc Box Sizes",8.19259E+12,s-10655,OK,UPDATE: Found by Handle | Assuming MERGE for Variant Command | Assuming MERGE for Image Command | Variants updated by SKU: 1
S-4658,S-4658,Arka,FALSE,Size,24x18x10,,,,,3.67,S-4658,draft,https://img.uline.com/is/image/uline/S-4658?$MediumRHD$,uline,"Home > All Products > Boxes, Corrugated > Corrugated Boxes (200# Test) > Misc Box Sizes",8.19259E+12,s-4658,OK,UPDATE: Found by Handle | Assuming MERGE for Variant Command | Assuming MERGE for Image Command | Variants updated by SKU: 1
S-23963,S-23963,Arka,FALSE,Size,24x18x10,,,,,6.54,S-23963,draft,https://img.uline.com/is/image/uline/S-23963?$MediumRHD$,uline,"Home > All Products > Boxes, Corrugated > Heavy Duty Boxes > 275 Lb. Test Double Wall Boxes",8.19259E+12,s-23963,OK,UPDATE: Found by Handle | Assuming MERGE for Variant Command | Assuming MERGE for Image Command | Variants updated by SKU: 1
S-4219,S-4219,Arka,FALSE,Size,24x18x12,,,,,2.7,S-4219,draft,https://img.uline.com/is/image/uline/S-4219?$MediumRHD$,uline,"Home > All Products > Boxes, Corrugated > Corrugated Boxes (200# Test) > Misc Box Sizes",8.19259E+12,s-4219,OK,UPDATE: Found by Handle | Assuming MERGE for Variant Command | Assuming MERGE for Image Command | Variants updated by SKU: 1
S-4802,S-4802,Arka,FALSE,Size,24x18x12,,,,,4.21,S-4802,draft,https://img.uline.com/is/image/uline/S-4802?$MediumRHD$,uline,"Home > All Products > Boxes, Corrugated > Corrugated Boxes (200# Test) > Multi-Depth Boxes",8.19259E+12,s-4802,OK,UPDATE: Found by Handle | Assuming MERGE for Variant Command | Assuming MERGE for Image Command | Variants updated by SKU: 1
S-4906,S-4906,Arka,FALSE,Size,24x18x14,,,,,4.2,S-4906,draft,https://img.uline.com/is/image/uline/S-4906?$MediumRHD$,uline,"Home > All Products > Boxes, Corrugated > Corrugated Boxes (200# Test) > Misc Box Sizes",8.19259E+12,s-4906,OK,UPDATE: Found by Handle | Assuming MERGE for Variant Command | Assuming MERGE for Image Command | Variants updated by SKU: 1
S-23992,S-23992,Arka,FALSE,Size,24x18x15,,,,,4.34,S-23992,draft,https://img.uline.com/is/image/uline/S-23992?$MediumRHD$,uline,"Home > All Products > Boxes, Corrugated > Corrugated Boxes (200# Test) > Misc Box Sizes",8.19259E+12,s-23992,OK,UPDATE: Found by Handle | Assuming MERGE for Variant Command | Assuming MERGE for Image Command | Variants updated by SKU: 1
S-11255,S-11255,Arka,FALSE,Size,24x18x12,,,,,6.88,S-11255,draft,https://img.uline.com/is/image/uline/S-11255?$MediumRHD$,uline,"Home > All Products > Boxes, Corrugated > Heavy Duty Boxes > 275 Lb. Test Double Wall Boxes",8.19259E+12,s-11255,OK,UPDATE: Found by Handle | Assuming MERGE for Variant Command | Assuming MERGE for Image Command | Variants updated by SKU: 1
S-4698,S-4698,Arka,FALSE,Size,24x18x16,,,,,4.48,S-4698,draft,https://img.uline.com/is/image/uline/S-4698?$MediumRHD$,uline,"Home > All Products > Boxes, Corrugated > Corrugated Boxes (200# Test) > Misc Box Sizes",8.19259E+12,s-4698,OK,UPDATE: Found by Handle | Assuming MERGE for Variant Command | Assuming MERGE for Image Command | Variants updated by SKU: 1
S-4340,S-4340,Arka,FALSE,Size,24x18x18,,,,,3.39,S-4340,draft,https://img.uline.com/is/image/uline/S-4340?$MediumRHD$,uline,"Home > All Products > Boxes, Corrugated > Corrugated Boxes (200# Test) > Misc Box Sizes",8.19259E+12,s-4340,OK,UPDATE: Found by Handle | Assuming MERGE for Variant Command | Assuming MERGE for Image Command | Variants updated by SKU: 1
S-4549,S-4549,Arka,FALSE,Size,24x24x48,,,,,10.07,S-4549,draft,https://img.uline.com/is/image/uline/S-4549?$MediumRHD$,uline,"Home > All Products > Boxes, Corrugated > Corrugated Boxes (200# Test) > Tall Boxes",8.19259E+12,s-4549,OK,UPDATE: Found by Handle | Assuming MERGE for Variant Command | Assuming MERGE for Image Command | Variants updated by SKU: 1
S-4740,S-4740,Arka,FALSE,Size,24x24x24,,,,,7.52,S-4740,draft,https://img.uline.com/is/image/uline/S-4740?$MediumRHD$,uline,"Home > All Products > Boxes, Corrugated > Heavy Duty Boxes > 275 Lb. Test Double Wall Boxes",8.19259E+12,s-4740,OK,UPDATE: Found by Handle | Assuming MERGE for Variant Command | Assuming MERGE for Image Command | Variants updated by SKU: 1
S-12651,S-12651,Arka,FALSE,Size,24x18x18,,,,,5.86,S-12651,draft,https://img.uline.com/is/image/uline/S-12651?$MediumRHD$,uline,"Home > All Products > Boxes, Corrugated > Corrugated Boxes (200# Test) > Multi-Depth Boxes",8.19259E+12,s-12651,OK,UPDATE: Found by Handle | Assuming MERGE for Variant Command | Assuming MERGE for Image Command | Variants updated by SKU: 1
S-12652,S-12652,Arka,FALSE,Size,24x18x18,,,,,6.16,S-12652,draft,https://img.uline.com/is/image/uline/S-12652?$MediumRHD$,uline,"Home > All Products > Boxes, Corrugated > Heavy Duty Boxes > 275 Lb. Test Single Wall Boxes",8.19259E+12,s-12652,OK,UPDATE: Found by Handle | Assuming MERGE for Variant Command | Assuming MERGE for Image Command | Variants updated by SKU: 1
S-4958,S-4958,Arka,FALSE,Size,24x18x18,,,,,8.19,S-4958,draft,https://img.uline.com/is/image/uline/S-4958?$MediumRHD$,uline,"Home > All Products > Boxes, Corrugated > Heavy Duty Boxes > 275 Lb. Test Double Wall Boxes",8.19259E+12,s-4958,OK,UPDATE: Found by Handle | Assuming MERGE for Variant Command | Assuming MERGE for Image Command | Variants updated by SKU: 1
S-15042,S-15042,Arka,FALSE,Size,24x18x20,,,,,5.1,S-15042,draft,https://img.uline.com/is/image/uline/S-15042?$MediumRHD$,uline,"Home > All Products > Boxes, Corrugated > Corrugated Boxes (200# Test) > Misc Box Sizes",8.19259E+12,s-15042,OK,UPDATE: Found by Handle | Assuming MERGE for Variant Command | Assuming MERGE for Image Command | Variants updated by SKU: 1
S-4960,S-4960,Arka,FALSE,Size,24x18x24,,,,,5.61,S-4960,draft,https://img.uline.com/is/image/uline/S-4960?$MediumRHD$,uline,"Home > All Products > Boxes, Corrugated > Corrugated Boxes (200# Test) > Misc Box Sizes",8.19259E+12,s-4960,OK,UPDATE: Found by Handle | Assuming MERGE for Variant Command | Assuming MERGE for Image Command | Variants updated by SKU: 1
S-16460,S-16460,Arka,FALSE,Size,24x18x24,,,,,9.52,S-16460,draft,https://img.uline.com/is/image/uline/S-16460?$MediumRHD$,uline,"Home > All Products > Boxes, Corrugated > Heavy Duty Boxes > 275 Lb. Test Double Wall Boxes",8.19259E+12,s-16460,OK,UPDATE: Found by Handle | Assuming MERGE for Variant Command | Assuming MERGE for Image Command | Variants updated by SKU: 1
S-21563,S-21563,Arka,FALSE,Size,24x18x36,,,,,7.17,S-21563,draft,https://img.uline.com/is/image/uline/S-21563?$MediumRHD$,uline,"Home > All Products > Boxes, Corrugated > Corrugated Boxes (200# Test) > Misc Box Sizes",8.19259E+12,s-21563,OK,UPDATE: Found by Handle | Assuming MERGE for Variant Command | Assuming MERGE for Image Command | Variants updated by SKU: 1
S-16763,S-16763,Arka,FALSE,Size,24x20x4,,,,,3.42,S-16763,draft,https://img.uline.com/is/image/uline/S-16763?$MediumRHD$,uline,"Home > All Products > Boxes, Corrugated > Corrugated Boxes (200# Test) > Flat Boxes",8.19259E+12,s-16763,OK,UPDATE: Found by Handle | Assuming MERGE for Variant Command | Assuming MERGE for Image Command | Variants updated by SKU: 1
S-4448,S-4448,Arka,FALSE,Size,24x20x6,,,,,3.52,S-4448,draft,https://img.uline.com/is/image/uline/S-4448?$MediumRHD$,uline,"Home > All Products > Boxes, Corrugated > Corrugated Boxes (200# Test) > Flat Boxes",8.19259E+12,s-4448,OK,UPDATE: Found by Handle | Assuming MERGE for Variant Command | Assuming MERGE for Image Command | Variants updated by SKU: 1
S-13325,S-13325,Arka,FALSE,Size,24x20x8,,,,,4.06,S-13325,draft,https://img.uline.com/is/image/uline/S-13325?$MediumRHD$,uline,"Home > All Products > Boxes, Corrugated > Corrugated Boxes (200# Test) > Flat Boxes",8.19259E+12,s-13325,OK,UPDATE: Found by Handle | Assuming MERGE for Variant Command | Assuming MERGE for Image Command | Variants updated by SKU: 1
S-4907,S-4907,Arka,FALSE,Size,24x20x10,,,,,4.47,S-4907,draft,https://img.uline.com/is/image/uline/S-4907?$MediumRHD$,uline,"Home > All Products > Boxes, Corrugated > Corrugated Boxes (200# Test) > Misc Box Sizes",8.19259E+12,s-4907,OK,UPDATE: Found by Handle | Assuming MERGE for Variant Command | Assuming MERGE for Image Command | Variants updated by SKU: 1
S-4220,S-4220,Arka,FALSE,Size,24x20x12,,,,,4.72,S-4220,draft,https://img.uline.com/is/image/uline/S-4220?$MediumRHD$,uline,"Home > All Products > Boxes, Corrugated > Corrugated Boxes (200# Test) > Misc Box Sizes",8.19259E+12,s-4220,OK,UPDATE: Found by Handle | Assuming MERGE for Variant Command | Assuming MERGE for Image Command | Variants updated by SKU: 1
S-4865,S-4865,Arka,FALSE,Size,24x20x12,,,,,7.61,S-4865,draft,https://img.uline.com/is/image/uline/S-4865?$MediumRHD$,uline,"Home > All Products > Boxes, Corrugated > Heavy Duty Boxes > 275 Lb. Test Double Wall Boxes",8.19259E+12,s-4865,OK,UPDATE: Found by Handle | Assuming MERGE for Variant Command | Assuming MERGE for Image Command | Variants updated by SKU: 1
S-4864,S-4864,Arka,FALSE,Size,24x20x14,,,,,4.91,S-4864,draft,https://img.uline.com/is/image/uline/S-4864?$MediumRHD$,uline,"Home > All Products > Boxes, Corrugated > Corrugated Boxes (200# Test) > Misc Box Sizes",8.19259E+12,s-4864,OK,UPDATE: Found by Handle | Assuming MERGE for Variant Command | Assuming MERGE for Image Command | Variants updated by SKU: 1
S-4739,S-4739,Arka,FALSE,Size,24x20x16,,,,,5.1,S-4739,draft,https://img.uline.com/is/image/uline/S-4739?$MediumRHD$,uline,"Home > All Products > Boxes, Corrugated > Corrugated Boxes (200# Test) > Misc Box Sizes",8.19259E+12,s-4739,OK,UPDATE: Found by Handle | Assuming MERGE for Variant Command | Assuming MERGE for Image Command | Variants updated by SKU: 1
S-4803,S-4803,Arka,FALSE,Size,24x20x18,,,,,5.24,S-4803,draft,https://img.uline.com/is/image/uline/S-4803?$MediumRHD$,uline,"Home > All Products > Boxes, Corrugated > Corrugated Boxes (200# Test) > Misc Box Sizes",8.19259E+12,s-4803,OK,UPDATE: Found by Handle | Assuming MERGE for Variant Command | Assuming MERGE for Image Command | Variants updated by SKU: 1
S-4222,S-4222,Arka,FALSE,Size,24x20x20,,,,,5.44,S-4222,draft,https://img.uline.com/is/image/uline/S-4222?$MediumRHD$,uline,"Home > All Products > Boxes, Corrugated > Corrugated Boxes (200# Test) > Misc Box Sizes",8.19259E+12,s-4222,OK,UPDATE: Found by Handle | Assuming MERGE for Variant Command | Assuming MERGE for Image Command | Variants updated by SKU: 1
S-13326,S-13326,Arka,FALSE,Size,24x20x20,,,,,9.55,S-13326,draft,https://img.uline.com/is/image/uline/S-13326?$MediumRHD$,uline,"Home > All Products > Boxes, Corrugated > Heavy Duty Boxes > 275 Lb. Test Double Wall Boxes",8.19259E+12,s-13326,OK,UPDATE: Found by Handle | Assuming MERGE for Variant Command | Assuming MERGE for Image Command | Variants updated by SKU: 1
S-22209,S-22209,Arka,FALSE,Size,24x20x24,,,,,5.62,S-22209,draft,https://img.uline.com/is/image/uline/S-22209?$MediumRHD$,uline,"Home > All Products > Boxes, Corrugated > Corrugated Boxes (200# Test) > Misc Box Sizes",8.19259E+12,s-22209,OK,UPDATE: Found by Handle | Assuming MERGE for Variant Command | Assuming MERGE for Image Command | Variants updated by SKU: 1
S-4777,S-4777,Arka,FALSE,Size,24x20x34,,,,,15.55,S-4777,draft,https://img.uline.com/is/image/uline/S-4777?$MediumRHD$,uline,"Home > All Products > Boxes, Corrugated > Moving Boxes > Wardrobe Boxes",8.19259E+12,s-4777,OK,UPDATE: Found by Handle | Assuming MERGE for Variant Command | Assuming MERGE for Image Command | Variants updated by SKU: 1
S-18044,S-18044,Arka,FALSE,Size,24x22x60,,,,,32.84,S-18044,draft,https://img.uline.com/is/image/uline/S-18044?$MediumRHD$,uline,"Home > All Products > Boxes, Corrugated > Moving Boxes > Wardrobe Boxes",8.19259E+12,s-18044,OK,UPDATE: Found by Handle | Assuming MERGE for Variant Command | Assuming MERGE for Image Command | Variants updated by SKU: 1
S-4548,S-4548,Arka,FALSE,Size,24x24x7,,,,,4.18,S-4548,draft,https://img.uline.com/is/image/uline/S-4548?$MediumRHD$,uline,"Home > All Products > Boxes, Corrugated > Corrugated Boxes (200# Test) > Flat Boxes",8.19259E+12,s-4548,OK,UPDATE: Found by Handle | Assuming MERGE for Variant Command | Assuming MERGE for Image Command | Variants updated by SKU: 1
S-18926,S-18926,Arka,FALSE,Size,24x24x6,,,,,7.86,S-18926,draft,https://img.uline.com/is/image/uline/S-18926?$MediumRHD$,uline,"Home > All Products > Boxes, Corrugated > Heavy Duty Boxes > 275 Lb. Test Double Wall Boxes",8.19259E+12,s-18926,OK,UPDATE: Found by Handle | Assuming MERGE for Variant Command | Assuming MERGE for Image Command | Variants updated by SKU: 1
S-11382,S-11382,Arka,FALSE,Size,24x24x8,,,,,4.34,S-11382,draft,https://img.uline.com/is/image/uline/S-11382?$MediumRHD$,uline,"Home > All Products > Boxes, Corrugated > Corrugated Boxes (200# Test) > Flat Boxes",8.19259E+12,s-11382,OK,UPDATE: Found by Handle | Assuming MERGE for Variant Command | Assuming MERGE for Image Command | Variants updated by SKU: 1
S-22591,S-22591,Arka,FALSE,Size,24x24x8,,,,,8.35,S-22591,draft,https://img.uline.com/is/image/uline/S-22591?$MediumRHD$,uline,"Home > All Products > Boxes, Corrugated > Heavy Duty Boxes > 275 Lb. Test Double Wall Boxes",8.19259E+12,s-22591,OK,UPDATE: Found by Handle | Assuming MERGE for Variant Command | Assuming MERGE for Image Command | Variants updated by SKU: 1
S-4908,S-4908,Arka,FALSE,Size,24x24x10,,,,,4.5,S-4908,draft,https://img.uline.com/is/image/uline/S-4908?$MediumRHD$,uline,"Home > All Products > Boxes, Corrugated > Corrugated Boxes (200# Test) > Misc Box Sizes",8.19259E+12,s-4908,OK,UPDATE: Found by Handle | Assuming MERGE for Variant Command | Assuming MERGE for Image Command | Variants updated by SKU: 1
S-4320,S-4320,Arka,FALSE,Size,24x24x12,,,,,3.44,S-4320,draft,https://img.uline.com/is/image/uline/S-4320?$MediumRHD$,uline,"Home > All Products > Boxes, Corrugated > Corrugated Boxes (200# Test) > Misc Box Sizes",8.19259E+12,s-4320,OK,UPDATE: Found by Handle | Assuming MERGE for Variant Command | Assuming MERGE for Image Command | Variants updated by SKU: 1
S-4449,S-4449,Arka,FALSE,Size,24x24x12,,,,,5.1,S-4449,draft,https://img.uline.com/is/image/uline/S-4449?$MediumRHD$,uline,"Home > All Products > Boxes, Corrugated > Corrugated Boxes (200# Test) > Multi-Depth Boxes",8.19259E+12,s-4449,OK,UPDATE: Found by Handle | Assuming MERGE for Variant Command | Assuming MERGE for Image Command | Variants updated by SKU: 1
S-4910,S-4910,Arka,FALSE,Size,24x24x12,,,,,9.31,S-4910,draft,https://img.uline.com/is/image/uline/S-4910?$MediumRHD$,uline,"Home > All Products > Boxes, Corrugated > Heavy Duty Boxes > 275 Lb. Test Double Wall Boxes",8.19259E+12,s-4910,OK,UPDATE: Found by Handle | Assuming MERGE for Variant Command | Assuming MERGE for Image Command | Variants updated by SKU: 1
S-10656,S-10656,Arka,FALSE,Size,24x24x14,,,,,5.32,S-10656,draft,https://img.uline.com/is/image/uline/S-10656?$MediumRHD$,uline,"Home > All Products > Boxes, Corrugated > Corrugated Boxes (200# Test) > Misc Box Sizes",8.19259E+12,s-10656,OK,UPDATE: Found by Handle | Assuming MERGE for Variant Command | Assuming MERGE for Image Command | Variants updated by SKU: 1
S-23295,S-23295,Arka,FALSE,Size,24x24x14,,,,,10.1,S-23295,draft,https://img.uline.com/is/image/uline/S-23295?$MediumRHD$,uline,"Home > All Products > Boxes, Corrugated > Heavy Duty Boxes > 275 Lb. Test Double Wall Boxes",8.19259E+12,s-23295,OK,UPDATE: Found by Handle | Assuming MERGE for Variant Command | Assuming MERGE for Image Command | Variants updated by SKU: 1
S-4223,S-4223,Arka,FALSE,Size,24x24x16,,,,,5.6,S-4223,draft,https://img.uline.com/is/image/uline/S-4223?$MediumRHD$,uline,"Home > All Products > Boxes, Corrugated > Corrugated Boxes (200# Test) > Misc Box Sizes",8.19259E+12,s-4223,OK,UPDATE: Found by Handle | Assuming MERGE for Variant Command | Assuming MERGE for Image Command | Variants updated by SKU: 1
S-22117,S-22117,Arka,FALSE,Size,24x24x16,,,,,10.87,S-22117,draft,https://img.uline.com/is/image/uline/S-22117?$MediumRHD$,uline,"Home > All Products > Boxes, Corrugated > Heavy Duty Boxes > 275 Lb. Test Double Wall Boxes",8.19259E+12,s-22117,OK,UPDATE: Found by Handle | Assuming MERGE for Variant Command | Assuming MERGE for Image Command | Variants updated by SKU: 1
S-4474,S-4474,Arka,FALSE,Size,24x24x18,,,,,5.87,S-4474,draft,https://img.uline.com/is/image/uline/S-4474?$MediumRHD$,uline,"Home > All Products > Boxes, Corrugated > Moving Boxes > Packing/Storage Boxes",8.19259E+12,s-4474,OK,UPDATE: Found by Handle | Assuming MERGE for Variant Command | Assuming MERGE for Image Command | Variants updated by SKU: 1
S-20413,S-20413,Arka,FALSE,Size,24x24x20,,,,,11.93,S-20413,draft,https://img.uline.com/is/image/uline/S-20413?$MediumRHD$,uline,"Home > All Products > Boxes, Corrugated > Heavy Duty Boxes > 275 Lb. Test Double Wall Boxes",8.19259E+12,s-20413,OK,UPDATE: Found by Handle | Assuming MERGE for Variant Command | Assuming MERGE for Image Command | Variants updated by SKU: 1
S-10657,S-10657,Arka,FALSE,Size,24x24x18,,,,,11.39,S-10657,draft,https://img.uline.com/is/image/uline/S-10657?$MediumRHD$,uline,"Home > All Products > Boxes, Corrugated > Heavy Duty Boxes > 275 Lb. Test Double Wall Boxes",8.19259E+12,s-10657,OK,UPDATE: Found by Handle | Assuming MERGE for Variant Command | Assuming MERGE for Image Command | Variants updated by SKU: 1
S-4571,S-4571,Arka,FALSE,Size,24x24x20,,,,,6.05,S-4571,draft,https://img.uline.com/is/image/uline/S-4571?$MediumRHD$,uline,"Home > All Products > Boxes, Corrugated > Corrugated Boxes (200# Test) > Misc Box Sizes",8.19259E+12,s-4571,OK,UPDATE: Found by Handle | Assuming MERGE for Variant Command | Assuming MERGE for Image Command | Variants updated by SKU: 1
S-19824,S-19824,Arka,FALSE,Size,24x24x22,,,,,6.39,S-19824,draft,https://img.uline.com/is/image/uline/S-19824?$MediumRHD$,uline,"Home > All Products > Boxes, Corrugated > Corrugated Boxes (200# Test) > Misc Box Sizes",8.19259E+12,s-19824,OK,UPDATE: Found by Handle | Assuming MERGE for Variant Command | Assuming MERGE for Image Command | Variants updated by SKU: 1
S-4247,S-4247,Arka,FALSE,Size,24x24x24,,,,,4.85,S-4247,draft,https://img.uline.com/is/image/uline/S-4247?$MediumRHD$,uline,"Home > All Products > Boxes, Corrugated > Corrugated Boxes (200# Test) > Cube Boxes",8.19259E+12,s-4247,OK,UPDATE: Found by Handle | Assuming MERGE for Variant Command | Assuming MERGE for Image Command | Variants updated by SKU: 1
S-4115,S-4115,Arka,FALSE,Size,24x24x24,,,,,6.98,S-4115,draft,https://img.uline.com/is/image/uline/S-4115?$MediumRHD$,uline,"Home > All Products > Boxes, Corrugated > Corrugated Boxes (200# Test) > Multi-Depth Boxes",8.19259E+12,s-4115,OK,UPDATE: Found by Handle | Assuming MERGE for Variant Command | Assuming MERGE for Image Command | Variants updated by SKU: 1
S-11263,S-11263,Arka,FALSE,Size,24x24x24,,,,,7.2,S-11263,draft,https://img.uline.com/is/image/uline/S-11263?$MediumRHD$,uline,"Home > All Products > Boxes, Corrugated > Corrugated Boxes (200# Test) > White Corrugated Boxes",8.19259E+12,s-11263,OK,UPDATE: Found by Handle | Assuming MERGE for Variant Command | Assuming MERGE for Image Command | Variants updated by SKU: 1
S-4773,S-4773,Arka,FALSE,Size,24x24x24,,,,,8.82,S-4773,draft,https://img.uline.com/is/image/uline/S-4773?$MediumRHD$,uline,"Home > All Products > Boxes, Corrugated > Heavy Duty Boxes > 275 Lb. Test Single Wall Boxes",8.19259E+12,s-4773,OK,UPDATE: Found by Handle | Assuming MERGE for Variant Command | Assuming MERGE for Image Command | Variants updated by SKU: 1
S-20991,S-20991,Arka,FALSE,Size,24x24x24,,,,,27.8,S-20991,draft,https://img.uline.com/is/image/uline/S-20991?$MediumRHD$,uline,"Home > All Products > Boxes, Corrugated > Heavy Duty Boxes > 500 Lb. Double Wall Boxes",8.19259E+12,s-20991,OK,UPDATE: Found by Handle | Assuming MERGE for Variant Command | Assuming MERGE for Image Command | Variants updated by SKU: 1
S-13331,S-13331,Arka,FALSE,Size,24x24x24,,,,,37,S-13331,draft,https://img.uline.com/is/image/uline/S-13331?$MediumRHD$,uline,"Home > All Products > Boxes, Corrugated > Bulk Cargo > 1,100 Lb. Triple Wall Boxes",8.19259E+12,s-13331,OK,UPDATE: Found by Handle | Assuming MERGE for Variant Command | Assuming MERGE for Image Command | Variants updated by SKU: 1
S-19825,S-19825,Arka,FALSE,Size,24x24x28,,,,,8.69,S-19825,draft,https://img.uline.com/is/image/uline/S-19825?$MediumRHD$,uline,"Home > All Products > Boxes, Corrugated > Corrugated Boxes (200# Test) > Misc Box Sizes",8.19259E+12,s-19825,OK,UPDATE: Found by Handle | Assuming MERGE for Variant Command | Assuming MERGE for Image Command | Variants updated by SKU: 1
S-4572,S-4572,Arka,FALSE,Size,24x24x30,,,,,9.01,S-4572,draft,https://img.uline.com/is/image/uline/S-4572?$MediumRHD$,uline,"Home > All Products > Boxes, Corrugated > Corrugated Boxes (200# Test) > Misc Box Sizes",8.19259E+12,s-4572,OK,UPDATE: Found by Handle | Assuming MERGE for Variant Command | Assuming MERGE for Image Command | Variants updated by SKU: 1
S-20538,S-20538,Arka,FALSE,Size,24x24x26,,,,,8.38,S-20538,draft,https://img.uline.com/is/image/uline/S-20538?$MediumRHD$,uline,"Home > All Products > Boxes, Corrugated > Corrugated Boxes (200# Test) > Misc Box Sizes",8.19259E+12,s-20538,OK,UPDATE: Found by Handle | Assuming MERGE for Variant Command | Assuming MERGE for Image Command | Variants updated by SKU: 1
S-21038,S-21038,Arka,FALSE,Size,24x24x30,,,,,13.55,S-21038,draft,https://img.uline.com/is/image/uline/S-21038?$MediumRHD$,uline,"Home > All Products > Boxes, Corrugated > Heavy Duty Boxes > 275 Lb. Test Double Wall Boxes",8.19259E+12,s-21038,OK,UPDATE: Found by Handle | Assuming MERGE for Variant Command | Assuming MERGE for Image Command | Variants updated by SKU: 1
S-4659,S-4659,Arka,FALSE,Size,24x24x36,,,,,9.21,S-4659,draft,https://img.uline.com/is/image/uline/S-4659?$MediumRHD$,uline,"Home > All Products > Boxes, Corrugated > Corrugated Boxes (200# Test) > Misc Box Sizes",8.19259E+12,s-4659,OK,UPDATE: Found by Handle | Assuming MERGE for Variant Command | Assuming MERGE for Image Command | Variants updated by SKU: 1
S-14278,S-14278,Arka,FALSE,Size,24x24x40,,,,,19.08,S-14278,draft,https://img.uline.com/is/image/uline/S-14278?$MediumRHD$,uline,"Home > All Products > Boxes, Corrugated > Corrugated Boxes (200# Test) > Telescopic Boxes",8.19259E+12,s-14278,OK,UPDATE: Found by Handle | Assuming MERGE for Variant Command | Assuming MERGE for Image Command | Variants updated by SKU: 1
S-18927,S-18927,Arka,FALSE,Size,24x24x48,,,,,18.15,S-18927,draft,https://img.uline.com/is/image/uline/S-18927?$MediumRHD$,uline,"Home > All Products > Boxes, Corrugated > Heavy Duty Boxes > 275 Lb. Test Double Wall Boxes",8.19259E+12,s-18927,OK,UPDATE: Found by Handle | Assuming MERGE for Variant Command | Assuming MERGE for Image Command | Variants updated by SKU: 1
S-22182,S-22182,Arka,FALSE,Size,26x26x36,,,,,10.3,S-22182,draft,https://img.uline.com/is/image/uline/S-22182?$MediumRHD$,uline,"Home > All Products > Boxes, Corrugated > Corrugated Boxes (200# Test) > Misc Box Sizes",8.19259E+12,s-22182,OK,UPDATE: Found by Handle | Assuming MERGE for Variant Command | Assuming MERGE for Image Command | Variants updated by SKU: 1
S-4930,S-4930,Arka,FALSE,Size,26x26x26,,,,,15.16,S-4930,draft,https://img.uline.com/is/image/uline/S-4930?$MediumRHD$,uline,"Home > All Products > Boxes, Corrugated > Heavy Duty Boxes > 275 Lb. Test Double Wall Boxes",8.19259E+12,s-4930,OK,UPDATE: Found by Handle | Assuming MERGE for Variant Command | Assuming MERGE for Image Command | Variants updated by SKU: 1
S-4661,S-4661,Arka,FALSE,Size,25x16x16,,,,,4.01,S-4661,draft,https://img.uline.com/is/image/uline/S-4661?$MediumRHD$,uline,"Home > All Products > Boxes, Corrugated > Corrugated Boxes (200# Test) > Misc Box Sizes",8.19259E+12,s-4661,OK,UPDATE: Found by Handle | Assuming MERGE for Variant Command | Assuming MERGE for Image Command | Variants updated by SKU: 1
S-15043,S-15043,Arka,FALSE,Size,25x25x12,,,,,5.64,S-15043,draft,https://img.uline.com/is/image/uline/S-15043?$MediumRHD$,uline,"Home > All Products > Boxes, Corrugated > Corrugated Boxes (200# Test) > Misc Box Sizes",8.19259E+12,s-15043,OK,UPDATE: Found by Handle | Assuming MERGE for Variant Command | Assuming MERGE for Image Command | Variants updated by SKU: 1
S-4911,S-4911,Arka,FALSE,Size,25x25x20,,,,,6.44,S-4911,draft,https://img.uline.com/is/image/uline/S-4911?$MediumRHD$,uline,"Home > All Products > Boxes, Corrugated > Corrugated Boxes (200# Test) > Misc Box Sizes",8.19259E+12,s-4911,OK,UPDATE: Found by Handle | Assuming MERGE for Variant Command | Assuming MERGE for Image Command | Variants updated by SKU: 1
S-4699,S-4699,Arka,FALSE,Size,25x25x25,,,,,6.51,S-4699,draft,https://img.uline.com/is/image/uline/S-4699?$MediumRHD$,uline,"Home > All Products > Boxes, Corrugated > Corrugated Boxes (200# Test) > Cube Boxes",8.19259E+12,s-4699,OK,UPDATE: Found by Handle | Assuming MERGE for Variant Command | Assuming MERGE for Image Command | Variants updated by SKU: 1
S-22118,S-22118,Arka,FALSE,Size,25x25x25,,,,,13.07,S-22118,draft,https://img.uline.com/is/image/uline/S-22118?$MediumRHD$,uline,"Home > All Products > Boxes, Corrugated > Heavy Duty Boxes > 275 Lb. Test Double Wall Boxes",8.19259E+12,s-22118,OK,UPDATE: Found by Handle | Assuming MERGE for Variant Command | Assuming MERGE for Image Command | Variants updated by SKU: 1
S-22696,S-22696,Arka,FALSE,Size,26x4x4,,,,,1.27,S-22696,draft,https://img.uline.com/is/image/uline/S-22696?$MediumRHD$,uline,"Home > All Products > Boxes, Corrugated > Corrugated Boxes (200# Test) > Long Boxes",8.19259E+12,s-22696,OK,UPDATE: Found by Handle | Assuming MERGE for Variant Command | Assuming MERGE for Image Command | Variants updated by SKU: 1
S-4938,S-4938,Arka,FALSE,Size,26x6x6,,,,,1.44,S-4938,draft,https://img.uline.com/is/image/uline/S-4938?$MediumRHD$,uline,"Home > All Products > Boxes, Corrugated > Corrugated Boxes (200# Test) > Long Boxes",8.19259E+12,s-4938,OK,UPDATE: Found by Handle | Assuming MERGE for Variant Command | Assuming MERGE for Image Command | Variants updated by SKU: 1
S-14279,S-14279,Arka,FALSE,Size,26x8x8,,,,,1.84,S-14279,draft,https://img.uline.com/is/image/uline/S-14279?$MediumRHD$,uline,"Home > All Products > Boxes, Corrugated > Corrugated Boxes (200# Test) > Long Boxes",8.19259E+12,s-14279,OK,UPDATE: Found by Handle | Assuming MERGE for Variant Command | Assuming MERGE for Image Command | Variants updated by SKU: 1
S-19826,S-19826,Arka,FALSE,Size,26x10x4,,,,,1.85,S-19826,draft,https://img.uline.com/is/image/uline/S-19826?$MediumRHD$,uline,"Home > All Products > Boxes, Corrugated > Corrugated Boxes (200# Test) > Flat Boxes",8.19259E+12,s-19826,OK,UPDATE: Found by Handle | Assuming MERGE for Variant Command | Assuming MERGE for Image Command | Variants updated by SKU: 1
S-4844,S-4844,Arka,FALSE,Size,26x10x10,,,,,2.61,S-4844,draft,https://img.uline.com/is/image/uline/S-4844?$MediumRHD$,uline,"Home > All Products > Boxes, Corrugated > Corrugated Boxes (200# Test) > Long Boxes",8.19259E+12,s-4844,OK,UPDATE: Found by Handle | Assuming MERGE for Variant Command | Assuming MERGE for Image Command | Variants updated by SKU: 1
S-4506,S-4506,Arka,FALSE,Size,26x12x12,,,,,3.1,S-4506,draft,https://img.uline.com/is/image/uline/S-4506?$MediumRHD$,uline,"Home > All Products > Boxes, Corrugated > Corrugated Boxes (200# Test) > Long Boxes",8.19259E+12,s-4506,OK,UPDATE: Found by Handle | Assuming MERGE for Variant Command | Assuming MERGE for Image Command | Variants updated by SKU: 1
S-22697,S-22697,Arka,FALSE,Size,26x12x10,,,,,3.02,S-22697,draft,https://img.uline.com/is/image/uline/S-22697?$MediumRHD$,uline,"Home > All Products > Boxes, Corrugated > Corrugated Boxes (200# Test) > Long Boxes",8.19259E+12,s-22697,OK,UPDATE: Found by Handle | Assuming MERGE for Variant Command | Assuming MERGE for Image Command | Variants updated by SKU: 1
S-22592,S-22592,Arka,FALSE,Size,26x12x12,,,,,5.03,S-22592,draft,https://img.uline.com/is/image/uline/S-22592?$MediumRHD$,uline,"Home > All Products > Boxes, Corrugated > Heavy Duty Boxes > 275 Lb. Test Double Wall Boxes",8.19259E+12,s-22592,OK,UPDATE: Found by Handle | Assuming MERGE for Variant Command | Assuming MERGE for Image Command | Variants updated by SKU: 1
S-4662,S-4662,Arka,FALSE,Size,26x13x8,,,,,3.09,S-4662,draft,https://img.uline.com/is/image/uline/S-4662?$MediumRHD$,uline,"Home > All Products > Boxes, Corrugated > Corrugated Boxes (200# Test) > Misc Box Sizes",8.19259E+12,s-4662,OK,UPDATE: Found by Handle | Assuming MERGE for Variant Command | Assuming MERGE for Image Command | Variants updated by SKU: 1
S-21590,S-21590,Arka,FALSE,Size,26x14x10,,,,,3.13,S-21590,draft,https://img.uline.com/is/image/uline/S-21590?$MediumRHD$,uline,"Home > All Products > Boxes, Corrugated > Corrugated Boxes (200# Test) > Misc Box Sizes",8.19259E+12,s-21590,OK,UPDATE: Found by Handle | Assuming MERGE for Variant Command | Assuming MERGE for Image Command | Variants updated by SKU: 1
S-4959,S-4959,Arka,FALSE,Size,26x14x14,,,,,3.55,S-4959,draft,https://img.uline.com/is/image/uline/S-4959?$MediumRHD$,uline,"Home > All Products > Boxes, Corrugated > Corrugated Boxes (200# Test) > Misc Box Sizes",8.19259E+12,s-4959,OK,UPDATE: Found by Handle | Assuming MERGE for Variant Command | Assuming MERGE for Image Command | Variants updated by SKU: 1
S-21060,S-21060,Arka,FALSE,Size,26x14x12,,,,,3.4,S-21060,draft,https://img.uline.com/is/image/uline/S-21060?$MediumRHD$,uline,"Home > All Products > Boxes, Corrugated > Corrugated Boxes (200# Test) > Misc Box Sizes",8.19259E+12,s-21060,OK,UPDATE: Found by Handle | Assuming MERGE for Variant Command | Assuming MERGE for Image Command | Variants updated by SKU: 1
S-4303,S-4303,Arka,FALSE,Size,26x15x5,,,,,3.52,S-4303,draft,https://img.uline.com/is/image/uline/S-4303?$MediumRHD$,uline,"Home > All Products > Boxes, Corrugated > Corrugated Boxes (200# Test) > Flat Boxes",8.19259E+12,s-4303,OK,UPDATE: Found by Handle | Assuming MERGE for Variant Command | Assuming MERGE for Image Command | Variants updated by SKU: 1
S-4550,S-4550,Arka,FALSE,Size,26x15x7,,,,,4,S-4550,draft,https://img.uline.com/is/image/uline/S-4550?$MediumRHD$,uline,"Home > All Products > Boxes, Corrugated > Corrugated Boxes (200# Test) > Flat Boxes",8.19259E+12,s-4550,OK,UPDATE: Found by Handle | Assuming MERGE for Variant Command | Assuming MERGE for Image Command | Variants updated by SKU: 1
S-4804,S-4804,Arka,FALSE,Size,26x15x12,,,,,4.22,S-4804,draft,https://img.uline.com/is/image/uline/S-4804?$MediumRHD$,uline,"Home > All Products > Boxes, Corrugated > Corrugated Boxes (200# Test) > Misc Box Sizes",8.19259E+12,s-4804,OK,UPDATE: Found by Handle | Assuming MERGE for Variant Command | Assuming MERGE for Image Command | Variants updated by SKU: 1
S-12654,S-12654,Arka,FALSE,Size,26x16x10,,,,,4.06,S-12654,draft,https://img.uline.com/is/image/uline/S-12654?$MediumRHD$,uline,"Home > All Products > Boxes, Corrugated > Corrugated Boxes (200# Test) > Misc Box Sizes",8.19259E+12,s-12654,OK,UPDATE: Found by Handle | Assuming MERGE for Variant Command | Assuming MERGE for Image Command | Variants updated by SKU: 1
S-23989,S-23989,Arka,FALSE,Size,26x16x12,,,,,4.24,S-23989,draft,https://img.uline.com/is/image/uline/S-23989?$MediumRHD$,uline,"Home > All Products > Boxes, Corrugated > Corrugated Boxes (200# Test) > Misc Box Sizes",8.19259E+12,s-23989,OK,UPDATE: Found by Handle | Assuming MERGE for Variant Command | Assuming MERGE for Image Command | Variants updated by SKU: 1
S-4663,S-4663,Arka,FALSE,Size,26x16x14,,,,,4.39,S-4663,draft,https://img.uline.com/is/image/uline/S-4663?$MediumRHD$,uline,"Home > All Products > Boxes, Corrugated > Corrugated Boxes (200# Test) > Misc Box Sizes",8.19259E+12,s-4663,OK,UPDATE: Found by Handle | Assuming MERGE for Variant Command | Assuming MERGE for Image Command | Variants updated by SKU: 1
S-4741,S-4741,Arka,FALSE,Size,26x16x19,,,,,4.63,S-4741,draft,https://img.uline.com/is/image/uline/S-4741?$MediumRHD$,uline,"Home > All Products > Boxes, Corrugated > Corrugated Boxes (200# Test) > Misc Box Sizes",8.19259E+12,s-4741,OK,UPDATE: Found by Handle | Assuming MERGE for Variant Command | Assuming MERGE for Image Command | Variants updated by SKU: 1
S-18368,S-18368,Arka,FALSE,Size,26x16x16,,,,,4.51,S-18368,draft,https://img.uline.com/is/image/uline/S-18368?$MediumRHD$,uline,"Home > All Products > Boxes, Corrugated > Corrugated Boxes (200# Test) > Misc Box Sizes",8.19259E+12,s-18368,OK,UPDATE: Found by Handle | Assuming MERGE for Variant Command | Assuming MERGE for Image Command | Variants updated by SKU: 1
S-18369,S-18369,Arka,FALSE,Size,26x17x5,,,,,3.53,S-18369,draft,https://img.uline.com/is/image/uline/S-18369?$MediumRHD$,uline,"Home > All Products > Boxes, Corrugated > Corrugated Boxes (200# Test) > Flat Boxes",8.19259E+12,s-18369,OK,UPDATE: Found by Handle | Assuming MERGE for Variant Command | Assuming MERGE for Image Command | Variants updated by SKU: 1
S-16780,S-16780,Arka,FALSE,Size,26x18x10,,,,,4.11,S-16780,draft,https://img.uline.com/is/image/uline/S-16780?$MediumRHD$,uline,"Home > All Products > Boxes, Corrugated > Corrugated Boxes (200# Test) > Misc Box Sizes",8.19259E+12,s-16780,OK,UPDATE: Found by Handle | Assuming MERGE for Variant Command | Assuming MERGE for Image Command | Variants updated by SKU: 1
S-4228,S-4228,Arka,FALSE,Size,26x18x12,,,,,4.39,S-4228,draft,https://img.uline.com/is/image/uline/S-4228?$MediumRHD$,uline,"Home > All Products > Boxes, Corrugated > Corrugated Boxes (200# Test) > Misc Box Sizes",8.19259E+12,s-4228,OK,UPDATE: Found by Handle | Assuming MERGE for Variant Command | Assuming MERGE for Image Command | Variants updated by SKU: 1
S-22593,S-22593,Arka,FALSE,Size,26x18x12,,,,,7.2,S-22593,draft,https://img.uline.com/is/image/uline/S-22593?$MediumRHD$,uline,"Home > All Products > Boxes, Corrugated > Heavy Duty Boxes > 275 Lb. Test Double Wall Boxes",8.19259E+12,s-22593,OK,UPDATE: Found by Handle | Assuming MERGE for Variant Command | Assuming MERGE for Image Command | Variants updated by SKU: 1
S-22698,S-22698,Arka,FALSE,Size,26x18x14,,,,,4.47,S-22698,draft,https://img.uline.com/is/image/uline/S-22698?$MediumRHD$,uline,"Home > All Products > Boxes, Corrugated > Corrugated Boxes (200# Test) > Misc Box Sizes",8.19259E+12,s-22698,OK,UPDATE: Found by Handle | Assuming MERGE for Variant Command | Assuming MERGE for Image Command | Variants updated by SKU: 1
S-4225,S-4225,Arka,FALSE,Size,26x18x16,,,,,4.51,S-4225,draft,https://img.uline.com/is/image/uline/S-4225?$MediumRHD$,uline,"Home > All Products > Boxes, Corrugated > Corrugated Boxes (200# Test) > Misc Box Sizes",8.19259E+12,s-4225,OK,UPDATE: Found by Handle | Assuming MERGE for Variant Command | Assuming MERGE for Image Command | Variants updated by SKU: 1
S-21061,S-21061,Arka,FALSE,Size,26x18x18,,,,,4.83,S-21061,draft,https://img.uline.com/is/image/uline/S-21061?$MediumRHD$,uline,"Home > All Products > Boxes, Corrugated > Corrugated Boxes (200# Test) > Misc Box Sizes",8.19259E+12,s-21061,OK,UPDATE: Found by Handle | Assuming MERGE for Variant Command | Assuming MERGE for Image Command | Variants updated by SKU: 1
S-4573,S-4573,Arka,FALSE,Size,26x18x16,,,,,5.43,S-4573,draft,https://img.uline.com/is/image/uline/S-4573?$MediumRHD$,uline,"Home > All Products > Boxes, Corrugated > Corrugated Boxes (200# Test) > Multi-Depth Boxes",8.19259E+12,s-4573,OK,UPDATE: Found by Handle | Assuming MERGE for Variant Command | Assuming MERGE for Image Command | Variants updated by SKU: 1
S-4507,S-4507,Arka,FALSE,Size,26x20x12,,,,,3.37,S-4507,draft,https://img.uline.com/is/image/uline/S-4507?$MediumRHD$,uline,"Home > All Products > Boxes, Corrugated > Corrugated Boxes (200# Test) > Multi-Depth Boxes",8.19259E+12,s-4507,OK,UPDATE: Found by Handle | Assuming MERGE for Variant Command | Assuming MERGE for Image Command | Variants updated by SKU: 1
S-12655,S-12655,Arka,FALSE,Size,26x20x18,,,,,4.93,S-12655,draft,https://img.uline.com/is/image/uline/S-12655?$MediumRHD$,uline,"Home > All Products > Boxes, Corrugated > Corrugated Boxes (200# Test) > Misc Box Sizes",8.19259E+12,s-12655,OK,UPDATE: Found by Handle | Assuming MERGE for Variant Command | Assuming MERGE for Image Command | Variants updated by SKU: 1
S-4700,S-4700,Arka,FALSE,Size,26x20x20,,,,,5.1,S-4700,draft,https://img.uline.com/is/image/uline/S-4700?$MediumRHD$,uline,"Home > All Products > Boxes, Corrugated > Corrugated Boxes (200# Test) > Misc Box Sizes",8.19259E+12,s-4700,OK,UPDATE: Found by Handle | Assuming MERGE for Variant Command | Assuming MERGE for Image Command | Variants updated by SKU: 1
S-11256,S-11256,Arka,FALSE,Size,26x20x20,,,,,9.74,S-11256,draft,https://img.uline.com/is/image/uline/S-11256?$MediumRHD$,uline,"Home > All Products > Boxes, Corrugated > Heavy Duty Boxes > 275 Lb. Test Double Wall Boxes",8.19259E+12,s-11256,OK,UPDATE: Found by Handle | Assuming MERGE for Variant Command | Assuming MERGE for Image Command | Variants updated by SKU: 1
S-23990,S-23990,Arka,FALSE,Size,26x22x10,,,,,4.7,S-23990,draft,https://img.uline.com/is/image/uline/S-23990?$MediumRHD$,uline,"Home > All Products > Boxes, Corrugated > Corrugated Boxes (200# Test) > Misc Box Sizes",8.19259E+12,s-23990,OK,UPDATE: Found by Handle | Assuming MERGE for Variant Command | Assuming MERGE for Image Command | Variants updated by SKU: 1
S-18372,S-18372,Arka,FALSE,Size,26x22x12,,,,,4.9,S-18372,draft,https://img.uline.com/is/image/uline/S-18372?$MediumRHD$,uline,"Home > All Products > Boxes, Corrugated > Corrugated Boxes (200# Test) > Misc Box Sizes",8.1926E+12,s-18372,OK,UPDATE: Found by Handle | Assuming MERGE for Variant Command | Assuming MERGE for Image Command | Variants updated by SKU: 1
S-15044,S-15044,Arka,FALSE,Size,26x26x4,,,,,5.16,S-15044,draft,https://img.uline.com/is/image/uline/S-15044?$MediumRHD$,uline,"Home > All Products > Boxes, Corrugated > Corrugated Boxes (200# Test) > Flat Boxes",8.1926E+12,s-15044,OK,UPDATE: Found by Handle | Assuming MERGE for Variant Command | Assuming MERGE for Image Command | Variants updated by SKU: 1
S-4664,S-4664,Arka,FALSE,Size,26x26x6,,,,,5.33,S-4664,draft,https://img.uline.com/is/image/uline/S-4664?$MediumRHD$,uline,"Home > All Products > Boxes, Corrugated > Corrugated Boxes (200# Test) > Flat Boxes",8.1926E+12,s-4664,OK,UPDATE: Found by Handle | Assuming MERGE for Variant Command | Assuming MERGE for Image Command | Variants updated by SKU: 1
S-16781,S-16781,Arka,FALSE,Size,26x26x8,,,,,5.46,S-16781,draft,https://img.uline.com/is/image/uline/S-16781?$MediumRHD$,uline,"Home > All Products > Boxes, Corrugated > Corrugated Boxes (200# Test) > Flat Boxes",8.1926E+12,s-16781,OK,UPDATE: Found by Handle | Assuming MERGE for Variant Command | Assuming MERGE for Image Command | Variants updated by SKU: 1
S-12656,S-12656,Arka,FALSE,Size,26x26x10,,,,,5.76,S-12656,draft,https://img.uline.com/is/image/uline/S-12656?$MediumRHD$,uline,"Home > All Products > Boxes, Corrugated > Corrugated Boxes (200# Test) > Misc Box Sizes",8.1926E+12,s-12656,OK,UPDATE: Found by Handle | Assuming MERGE for Variant Command | Assuming MERGE for Image Command | Variants updated by SKU: 1
S-4912,S-4912,Arka,FALSE,Size,26x26x12,,,,,6.1,S-4912,draft,https://img.uline.com/is/image/uline/S-4912?$MediumRHD$,uline,"Home > All Products > Boxes, Corrugated > Corrugated Boxes (200# Test) > Misc Box Sizes",8.1926E+12,s-4912,OK,UPDATE: Found by Handle | Assuming MERGE for Variant Command | Assuming MERGE for Image Command | Variants updated by SKU: 1
S-18167,S-18167,Arka,FALSE,Size,26x26x12,,,,,11.16,S-18167,draft,https://img.uline.com/is/image/uline/S-18167?$MediumRHD$,uline,"Home > All Products > Boxes, Corrugated > Heavy Duty Boxes > 275 Lb. Test Double Wall Boxes",8.1926E+12,s-18167,OK,UPDATE: Found by Handle | Assuming MERGE for Variant Command | Assuming MERGE for Image Command | Variants updated by SKU: 1
S-18373,S-18373,Arka,FALSE,Size,26x26x14,,,,,6.25,S-18373,draft,https://img.uline.com/is/image/uline/S-18373?$MediumRHD$,uline,"Home > All Products > Boxes, Corrugated > Corrugated Boxes (200# Test) > Misc Box Sizes",8.1926E+12,s-18373,OK,UPDATE: Found by Handle | Assuming MERGE for Variant Command | Assuming MERGE for Image Command | Variants updated by SKU: 1
S-14283,S-14283,Arka,FALSE,Size,26x26x16,,,,,6.44,S-14283,draft,https://img.uline.com/is/image/uline/S-14283?$MediumRHD$,uline,"Home > All Products > Boxes, Corrugated > Corrugated Boxes (200# Test) > Misc Box Sizes",8.1926E+12,s-14283,OK,UPDATE: Found by Handle | Assuming MERGE for Variant Command | Assuming MERGE for Image Command | Variants updated by SKU: 1
S-4963,S-4963,Arka,FALSE,Size,26x26x20,,,,,6.82,S-4963,draft,https://img.uline.com/is/image/uline/S-4963?$MediumRHD$,uline,"Home > All Products > Boxes, Corrugated > Corrugated Boxes (200# Test) > Misc Box Sizes",8.1926E+12,s-4963,OK,UPDATE: Found by Handle | Assuming MERGE for Variant Command | Assuming MERGE for Image Command | Variants updated by SKU: 1
S-21036,S-21036,Arka,FALSE,Size,26x26x20,,,,,13.45,S-21036,draft,https://img.uline.com/is/image/uline/S-21036?$MediumRHD$,uline,"Home > All Products > Boxes, Corrugated > Heavy Duty Boxes > 275 Lb. Test Double Wall Boxes",8.1926E+12,s-21036,OK,UPDATE: Found by Handle | Assuming MERGE for Variant Command | Assuming MERGE for Image Command | Variants updated by SKU: 1
S-4190,S-4190,Arka,FALSE,Size,26x26x26,,,,,7.6,S-4190,draft,https://img.uline.com/is/image/uline/S-4190?$MediumRHD$,uline,"Home > All Products > Boxes, Corrugated > Corrugated Boxes (200# Test) > Cube Boxes",8.1926E+12,s-4190,OK,UPDATE: Found by Handle | Assuming MERGE for Variant Command | Assuming MERGE for Image Command | Variants updated by SKU: 1
S-4451,S-4451,Arka,FALSE,Size,26x26x26,,,,,8.81,S-4451,draft,https://img.uline.com/is/image/uline/S-4451?$MediumRHD$,uline,"Home > All Products > Boxes, Corrugated > Corrugated Boxes (200# Test) > Multi-Depth Boxes",8.1926E+12,s-4451,OK,UPDATE: Found by Handle | Assuming MERGE for Variant Command | Assuming MERGE for Image Command | Variants updated by SKU: 1
S-4828,S-4828,Arka,FALSE,Size,27x14x9,,,,,4.21,S-4828,draft,https://img.uline.com/is/image/uline/S-4828?$MediumRHD$,uline,"Home > All Products > Boxes, Corrugated > Corrugated Boxes (200# Test) > Misc Box Sizes",8.1926E+12,s-4828,OK,UPDATE: Found by Handle | Assuming MERGE for Variant Command | Assuming MERGE for Image Command | Variants updated by SKU: 1
S-4742,S-4742,Arka,FALSE,Size,27x27x27,,,,,8.34,S-4742,draft,https://img.uline.com/is/image/uline/S-4742?$MediumRHD$,uline,"Home > All Products > Boxes, Corrugated > Corrugated Boxes (200# Test) > Cube Boxes",8.1926E+12,s-4742,OK,UPDATE: Found by Handle | Assuming MERGE for Variant Command | Assuming MERGE for Image Command | Variants updated by SKU: 1
S-18168,S-18168,Arka,FALSE,Size,28x18x18,,,,,9.19,S-18168,draft,https://img.uline.com/is/image/uline/S-18168?$MediumRHD$,uline,"Home > All Products > Boxes, Corrugated > Heavy Duty Boxes > 275 Lb. Test Double Wall Boxes",8.1926E+12,s-18168,OK,UPDATE: Found by Handle | Assuming MERGE for Variant Command | Assuming MERGE for Image Command | Variants updated by SKU: 1
S-4914,S-4914,Arka,FALSE,Size,28x12x12,,,,,3.13,S-4914,draft,https://img.uline.com/is/image/uline/S-4914?$MediumRHD$,uline,"Home > All Products > Boxes, Corrugated > Corrugated Boxes (200# Test) > Long Boxes",8.1926E+12,s-4914,OK,UPDATE: Found by Handle | Assuming MERGE for Variant Command | Assuming MERGE for Image Command | Variants updated by SKU: 1
S-21037,S-21037,Arka,FALSE,Size,28x4x4,,,,,1.42,S-21037,draft,https://img.uline.com/is/image/uline/S-21037?$MediumRHD$,uline,"Home > All Products > Boxes, Corrugated > Corrugated Boxes (200# Test) > Long Boxes",8.1926E+12,s-21037,OK,UPDATE: Found by Handle | Assuming MERGE for Variant Command | Assuming MERGE for Image Command | Variants updated by SKU: 1
S-4452,S-4452,Arka,FALSE,Size,28x6x6,,,,,1.58,S-4452,draft,https://img.uline.com/is/image/uline/S-4452?$MediumRHD$,uline,"Home > All Products > Boxes, Corrugated > Corrugated Boxes (200# Test) > Long Boxes",8.1926E+12,s-4452,OK,UPDATE: Found by Handle | Assuming MERGE for Variant Command | Assuming MERGE for Image Command | Variants updated by SKU: 1
S-10659,S-10659,Arka,FALSE,Size,28x6x52,,,,,8.64,S-10659,draft,https://img.uline.com/is/image/uline/S-10659?$MediumRHD$,uline,"Home > All Products > Boxes, Corrugated > Moving Boxes > Mattress Boxes",8.1926E+12,s-10659,OK,UPDATE: Found by Handle | Assuming MERGE for Variant Command | Assuming MERGE for Image Command | Variants updated by SKU: 1
S-18374,S-18374,Arka,FALSE,Size,28x10x10,,,,,2.69,S-18374,draft,https://img.uline.com/is/image/uline/S-18374?$MediumRHD$,uline,"Home > All Products > Boxes, Corrugated > Corrugated Boxes (200# Test) > Long Boxes",8.1926E+12,s-18374,OK,UPDATE: Found by Handle | Assuming MERGE for Variant Command | Assuming MERGE for Image Command | Variants updated by SKU: 1
S-4946,S-4946,Arka,FALSE,Size,28x12x6,,,,,2.6,S-4946,draft,https://img.uline.com/is/image/uline/S-4946?$MediumRHD$,uline,"Home > All Products > Boxes, Corrugated > Corrugated Boxes (200# Test) > Flat Boxes",8.1926E+12,s-4946,OK,UPDATE: Found by Handle | Assuming MERGE for Variant Command | Assuming MERGE for Image Command | Variants updated by SKU: 1
S-4913,S-4913,Arka,FALSE,Size,28x8x8,,,,,1.92,S-4913,draft,https://img.uline.com/is/image/uline/S-4913?$MediumRHD$,uline,"Home > All Products > Boxes, Corrugated > Corrugated Boxes (200# Test) > Long Boxes",8.1926E+12,s-4913,OK,UPDATE: Found by Handle | Assuming MERGE for Variant Command | Assuming MERGE for Image Command | Variants updated by SKU: 1
S-16782,S-16782,Arka,FALSE,Size,28x12x8,,,,,2.9,S-16782,draft,https://img.uline.com/is/image/uline/S-16782?$MediumRHD$,uline,"Home > All Products > Boxes, Corrugated > Corrugated Boxes (200# Test) > Misc Box Sizes",8.1926E+12,s-16782,OK,UPDATE: Found by Handle | Assuming MERGE for Variant Command | Assuming MERGE for Image Command | Variants updated by SKU: 1
S-16783,S-16783,Arka,FALSE,Size,28x14x14,,,,,4.21,S-16783,draft,https://img.uline.com/is/image/uline/S-16783?$MediumRHD$,uline,"Home > All Products > Boxes, Corrugated > Corrugated Boxes (200# Test) > Misc Box Sizes",8.1926E+12,s-16783,OK,UPDATE: Found by Handle | Assuming MERGE for Variant Command | Assuming MERGE for Image Command | Variants updated by SKU: 1
S-22659,S-22659,Arka,FALSE,Size,28x12x10,,,,,3.07,S-22659,draft,https://img.uline.com/is/image/uline/S-22659?$MediumRHD$,uline,"Home > All Products > Boxes, Corrugated > Corrugated Boxes (200# Test) > Long Boxes",8.1926E+12,s-22659,OK,UPDATE: Found by Handle | Assuming MERGE for Variant Command | Assuming MERGE for Image Command | Variants updated by SKU: 1
S-23329,S-23329,Arka,FALSE,Size,28x15x15,,,,,4.24,S-23329,draft,https://img.uline.com/is/image/uline/S-23329?$MediumRHD$,uline,"Home > All Products > Boxes, Corrugated > Corrugated Boxes (200# Test) > Misc Box Sizes",8.1926E+12,s-23329,OK,UPDATE: Found by Handle | Assuming MERGE for Variant Command | Assuming MERGE for Image Command | Variants updated by SKU: 1
S-19828,S-19828,Arka,FALSE,Size,28x16x5,,,,,3.63,S-19828,draft,https://img.uline.com/is/image/uline/S-19828?$MediumRHD$,uline,"Home > All Products > Boxes, Corrugated > Corrugated Boxes (200# Test) > Flat Boxes",8.1926E+12,s-19828,OK,UPDATE: Found by Handle | Assuming MERGE for Variant Command | Assuming MERGE for Image Command | Variants updated by SKU: 1
S-4743,S-4743,Arka,FALSE,Size,28x16x7,,,,,3.74,S-4743,draft,https://img.uline.com/is/image/uline/S-4743?$MediumRHD$,uline,"Home > All Products > Boxes, Corrugated > Corrugated Boxes (200# Test) > Flat Boxes",8.1926E+12,s-4743,OK,UPDATE: Found by Handle | Assuming MERGE for Variant Command | Assuming MERGE for Image Command | Variants updated by SKU: 1
S-4915,S-4915,Arka,FALSE,Size,28x16x10,,,,,4.01,S-4915,draft,https://img.uline.com/is/image/uline/S-4915?$MediumRHD$,uline,"Home > All Products > Boxes, Corrugated > Corrugated Boxes (200# Test) > Misc Box Sizes",8.1926E+12,s-4915,OK,UPDATE: Found by Handle | Assuming MERGE for Variant Command | Assuming MERGE for Image Command | Variants updated by SKU: 1
S-4408,S-4408,Arka,FALSE,Size,28x16x12,,,,,4.34,S-4408,draft,https://img.uline.com/is/image/uline/S-4408?$MediumRHD$,uline,"Home > All Products > Boxes, Corrugated > Corrugated Boxes (200# Test) > Misc Box Sizes",8.1926E+12,s-4408,OK,UPDATE: Found by Handle | Assuming MERGE for Variant Command | Assuming MERGE for Image Command | Variants updated by SKU: 1
S-4508,S-4508,Arka,FALSE,Size,28x16x14,,,,,4.51,S-4508,draft,https://img.uline.com/is/image/uline/S-4508?$MediumRHD$,uline,"Home > All Products > Boxes, Corrugated > Corrugated Boxes (200# Test) > Misc Box Sizes",8.1926E+12,s-4508,OK,UPDATE: Found by Handle | Assuming MERGE for Variant Command | Assuming MERGE for Image Command | Variants updated by SKU: 1
S-4766,S-4766,Arka,FALSE,Size,28x17x5,,,,,3.66,S-4766,draft,https://img.uline.com/is/image/uline/S-4766?$MediumRHD$,uline,"Home > All Products > Boxes, Corrugated > Corrugated Boxes (200# Test) > Flat Boxes",8.1926E+12,s-4766,OK,UPDATE: Found by Handle | Assuming MERGE for Variant Command | Assuming MERGE for Image Command | Variants updated by SKU: 1
S-19829,S-19829,Arka,FALSE,Size,28x18x6,,,,,3.74,S-19829,draft,https://img.uline.com/is/image/uline/S-19829?$MediumRHD$,uline,"Home > All Products > Boxes, Corrugated > Corrugated Boxes (200# Test) > Flat Boxes",8.1926E+12,s-19829,OK,UPDATE: Found by Handle | Assuming MERGE for Variant Command | Assuming MERGE for Image Command | Variants updated by SKU: 1
S-18375,S-18375,Arka,FALSE,Size,28x18x8,,,,,4.05,S-18375,draft,https://img.uline.com/is/image/uline/S-18375?$MediumRHD$,uline,"Home > All Products > Boxes, Corrugated > Corrugated Boxes (200# Test) > Flat Boxes",8.1926E+12,s-18375,OK,UPDATE: Found by Handle | Assuming MERGE for Variant Command | Assuming MERGE for Image Command | Variants updated by SKU: 1
S-20539,S-20539,Arka,FALSE,Size,28x18x10,,,,,4.37,S-20539,draft,https://img.uline.com/is/image/uline/S-20539?$MediumRHD$,uline,"Home > All Products > Boxes, Corrugated > Corrugated Boxes (200# Test) > Misc Box Sizes",8.1926E+12,s-20539,OK,UPDATE: Found by Handle | Assuming MERGE for Variant Command | Assuming MERGE for Image Command | Variants updated by SKU: 1
S-11383,S-11383,Arka,FALSE,Size,28x18x12,,,,,4.66,S-11383,draft,https://img.uline.com/is/image/uline/S-11383?$MediumRHD$,uline,"Home > All Products > Boxes, Corrugated > Corrugated Boxes (200# Test) > Misc Box Sizes",8.1926E+12,s-11383,OK,UPDATE: Found by Handle | Assuming MERGE for Variant Command | Assuming MERGE for Image Command | Variants updated by SKU: 1
S-4962,S-4962,Arka,FALSE,Size,28x18x18,,,,,5.05,S-4962,draft,https://img.uline.com/is/image/uline/S-4962?$MediumRHD$,uline,"Home > All Products > Boxes, Corrugated > Corrugated Boxes (200# Test) > Misc Box Sizes",8.1926E+12,s-4962,OK,UPDATE: Found by Handle | Assuming MERGE for Variant Command | Assuming MERGE for Image Command | Variants updated by SKU: 1
S-22183,S-22183,Arka,FALSE,Size,28x20x10,,,,,4.7,S-22183,draft,https://img.uline.com/is/image/uline/S-22183?$MediumRHD$,uline,"Home > All Products > Boxes, Corrugated > Corrugated Boxes (200# Test) > Misc Box Sizes",8.1926E+12,s-22183,OK,UPDATE: Found by Handle | Assuming MERGE for Variant Command | Assuming MERGE for Image Command | Variants updated by SKU: 1
S-12611,S-12611,Arka,FALSE,Size,28x20x12,,,,,4.84,S-12611,draft,https://img.uline.com/is/image/uline/S-12611?$MediumRHD$,uline,"Home > All Products > Boxes, Corrugated > Corrugated Boxes (200# Test) > Misc Box Sizes",8.1926E+12,s-12611,OK,UPDATE: Found by Handle | Assuming MERGE for Variant Command | Assuming MERGE for Image Command | Variants updated by SKU: 1
S-16784,S-16784,Arka,FALSE,Size,28x20x20,,,,,6.02,S-16784,draft,https://img.uline.com/is/image/uline/S-16784?$MediumRHD$,uline,"Home > All Products > Boxes, Corrugated > Corrugated Boxes (200# Test) > Misc Box Sizes",8.1926E+12,s-16784,OK,UPDATE: Found by Handle | Assuming MERGE for Variant Command | Assuming MERGE for Image Command | Variants updated by SKU: 1
S-4806,S-4806,Arka,FALSE,Size,28x20x24,,,,,7.53,S-4806,draft,https://img.uline.com/is/image/uline/S-4806?$MediumRHD$,uline,"Home > All Products > Boxes, Corrugated > Corrugated Boxes (200# Test) > Multi-Depth Boxes",8.1926E+12,s-4806,OK,UPDATE: Found by Handle | Assuming MERGE for Variant Command | Assuming MERGE for Image Command | Variants updated by SKU: 1
S-4665,S-4665,Arka,FALSE,Size,28x20x25,,,,,7.4,S-4665,draft,https://img.uline.com/is/image/uline/S-4665?$MediumRHD$,uline,"Home > All Products > Boxes, Corrugated > Corrugated Boxes (200# Test) > Misc Box Sizes",8.1926E+12,s-4665,OK,UPDATE: Found by Handle | Assuming MERGE for Variant Command | Assuming MERGE for Image Command | Variants updated by SKU: 1
S-4459,S-4459,Arka,FALSE,Size,28x24x6,,,,,5.02,S-4459,draft,https://img.uline.com/is/image/uline/S-4459?$MediumRHD$,uline,"Home > All Products > Boxes, Corrugated > Corrugated Boxes (200# Test) > Flat Boxes",8.1926E+12,s-4459,OK,UPDATE: Found by Handle | Assuming MERGE for Variant Command | Assuming MERGE for Image Command | Variants updated by SKU: 1
S-22660,S-22660,Arka,FALSE,Size,28x24x12,,,,,5.35,S-22660,draft,https://img.uline.com/is/image/uline/S-22660?$MediumRHD$,uline,"Home > All Products > Boxes, Corrugated > Corrugated Boxes (200# Test) > Misc Box Sizes",8.1926E+12,s-22660,OK,UPDATE: Found by Handle | Assuming MERGE for Variant Command | Assuming MERGE for Image Command | Variants updated by SKU: 1
S-16785,S-16785,Arka,FALSE,Size,28x24x20,,,,,6.66,S-16785,draft,https://img.uline.com/is/image/uline/S-16785?$MediumRHD$,uline,"Home > All Products > Boxes, Corrugated > Corrugated Boxes (200# Test) > Misc Box Sizes",8.1926E+12,s-16785,OK,UPDATE: Found by Handle | Assuming MERGE for Variant Command | Assuming MERGE for Image Command | Variants updated by SKU: 1
S-4829,S-4829,Arka,FALSE,Size,28x28x6,,,,,5.75,S-4829,draft,https://img.uline.com/is/image/uline/S-4829?$MediumRHD$,uline,"Home > All Products > Boxes, Corrugated > Corrugated Boxes (200# Test) > Flat Boxes",8.1926E+12,s-4829,OK,UPDATE: Found by Handle | Assuming MERGE for Variant Command | Assuming MERGE for Image Command | Variants updated by SKU: 1
S-20543,S-20543,Arka,FALSE,Size,28x28x8,,,,,5.98,S-20543,draft,https://img.uline.com/is/image/uline/S-20543?$MediumRHD$,uline,"Home > All Products > Boxes, Corrugated > Corrugated Boxes (200# Test) > Flat Boxes",8.1926E+12,s-20543,OK,UPDATE: Found by Handle | Assuming MERGE for Variant Command | Assuming MERGE for Image Command | Variants updated by SKU: 1
S-19086,S-19086,Arka,FALSE,Size,28x28x10,,,,,6.24,S-19086,draft,https://img.uline.com/is/image/uline/S-19086?$MediumRHD$,uline,"Home > All Products > Boxes, Corrugated > Corrugated Boxes (200# Test) > Misc Box Sizes",8.1926E+12,s-19086,OK,UPDATE: Found by Handle | Assuming MERGE for Variant Command | Assuming MERGE for Image Command | Variants updated by SKU: 1
S-4666,S-4666,Arka,FALSE,Size,28x28x12,,,,,6.31,S-4666,draft,https://img.uline.com/is/image/uline/S-4666?$MediumRHD$,uline,"Home > All Products > Boxes, Corrugated > Corrugated Boxes (200# Test) > Misc Box Sizes",8.1926E+12,s-4666,OK,UPDATE: Found by Handle | Assuming MERGE for Variant Command | Assuming MERGE for Image Command | Variants updated by SKU: 1
S-21541,S-21541,Arka,FALSE,Size,28x28x12,,,,,12.63,S-21541,draft,https://img.uline.com/is/image/uline/S-21541?$MediumRHD$,uline,"Home > All Products > Boxes, Corrugated > Heavy Duty Boxes > 275 Lb. Test Double Wall Boxes",8.1926E+12,s-21541,OK,UPDATE: Found by Handle | Assuming MERGE for Variant Command | Assuming MERGE for Image Command | Variants updated by SKU: 1
S-4866,S-4866,Arka,FALSE,Size,28x28x20,,,,,7.85,S-4866,draft,https://img.uline.com/is/image/uline/S-4866?$MediumRHD$,uline,"Home > All Products > Boxes, Corrugated > Corrugated Boxes (200# Test) > Misc Box Sizes",8.1926E+12,s-4866,OK,UPDATE: Found by Handle | Assuming MERGE for Variant Command | Assuming MERGE for Image Command | Variants updated by SKU: 1
S-19830,S-19830,Arka,FALSE,Size,28x28x22,,,,,8.18,S-19830,draft,https://img.uline.com/is/image/uline/S-19830?$MediumRHD$,uline,"Home > All Products > Boxes, Corrugated > Corrugated Boxes (200# Test) > Misc Box Sizes",8.1926E+12,s-19830,OK,UPDATE: Found by Handle | Assuming MERGE for Variant Command | Assuming MERGE for Image Command | Variants updated by SKU: 1
S-4433,S-4433,Arka,FALSE,Size,28x28x28,,,,,9.15,S-4433,draft,https://img.uline.com/is/image/uline/S-4433?$MediumRHD$,uline,"Home > All Products > Boxes, Corrugated > Corrugated Boxes (200# Test) > Cube Boxes",8.1926E+12,s-4433,OK,UPDATE: Found by Handle | Assuming MERGE for Variant Command | Assuming MERGE for Image Command | Variants updated by SKU: 1
S-16461,S-16461,Arka,FALSE,Size,28x28x28,,,,,17.56,S-16461,draft,https://img.uline.com/is/image/uline/S-16461?$MediumRHD$,uline,"Home > All Products > Boxes, Corrugated > Heavy Duty Boxes > 275 Lb. Test Double Wall Boxes",8.1926E+12,s-16461,OK,UPDATE: Found by Handle | Assuming MERGE for Variant Command | Assuming MERGE for Image Command | Variants updated by SKU: 1
S-14300,S-14300,Arka,FALSE,Size,29x24x24,,,,,8.19,S-14300,draft,https://img.uline.com/is/image/uline/S-14300?$MediumRHD$,uline,"Home > All Products > Boxes, Corrugated > Corrugated Boxes (200# Test) > Misc Box Sizes",8.1926E+12,s-14300,OK,UPDATE: Found by Handle | Assuming MERGE for Variant Command | Assuming MERGE for Image Command | Variants updated by SKU: 1
S-4744,S-4744,Arka,FALSE,Size,30x6x6,,,,,1.81,S-4744,draft,https://img.uline.com/is/image/uline/S-4744?$MediumRHD$,uline,"Home > All Products > Boxes, Corrugated > Corrugated Boxes (200# Test) > Long Boxes",8.1926E+12,s-4744,OK,UPDATE: Found by Handle | Assuming MERGE for Variant Command | Assuming MERGE for Image Command | Variants updated by SKU: 1
S-12612,S-12612,Arka,FALSE,Size,30x6x24,,,,,11.24,S-12612,draft,https://img.uline.com/is/image/uline/S-12612?$MediumRHD$,uline,"Home > All Products > Boxes, Corrugated > Moving Boxes > Artwork/Mirror Boxes",8.1926E+12,s-12612,OK,UPDATE: Found by Handle | Assuming MERGE for Variant Command | Assuming MERGE for Image Command | Variants updated by SKU: 1
S-18377,S-18377,Arka,FALSE,Size,30x8x8,,,,,2.04,S-18377,draft,https://img.uline.com/is/image/uline/S-18377?$MediumRHD$,uline,"Home > All Products > Boxes, Corrugated > Corrugated Boxes (200# Test) > Long Boxes",8.1926E+12,s-18377,OK,UPDATE: Found by Handle | Assuming MERGE for Variant Command | Assuming MERGE for Image Command | Variants updated by SKU: 1
S-4939,S-4939,Arka,FALSE,Size,30x10x10,,,,,2.29,S-4939,draft,https://img.uline.com/is/image/uline/S-4939?$MediumRHD$,uline,"Home > All Products > Boxes, Corrugated > Corrugated Boxes (200# Test) > Long Boxes",8.1926E+12,s-4939,OK,UPDATE: Found by Handle | Assuming MERGE for Variant Command | Assuming MERGE for Image Command | Variants updated by SKU: 1
S-18378,S-18378,Arka,FALSE,Size,30x12x4,,,,,2.99,S-18378,draft,https://img.uline.com/is/image/uline/S-18378?$MediumRHD$,uline,"Home > All Products > Boxes, Corrugated > Corrugated Boxes (200# Test) > Misc Box Sizes",8.1926E+12,s-18378,OK,UPDATE: Found by Handle | Assuming MERGE for Variant Command | Assuming MERGE for Image Command | Variants updated by SKU: 1
S-21051,S-21051,Arka,FALSE,Size,30x12x6,,,,,3.01,S-21051,draft,https://img.uline.com/is/image/uline/S-21051?$MediumRHD$,uline,"Home > All Products > Boxes, Corrugated > Corrugated Boxes (200# Test) > Misc Box Sizes",8.1926E+12,s-21051,OK,UPDATE: Found by Handle | Assuming MERGE for Variant Command | Assuming MERGE for Image Command | Variants updated by SKU: 1
S-16774,S-16774,Arka,FALSE,Size,30x12x12,,,,,3.14,S-16774,draft,https://img.uline.com/is/image/uline/S-16774?$MediumRHD$,uline,"Home > All Products > Boxes, Corrugated > Corrugated Boxes (200# Test) > Long Boxes",8.1926E+12,s-16774,OK,UPDATE: Found by Handle | Assuming MERGE for Variant Command | Assuming MERGE for Image Command | Variants updated by SKU: 1
S-23964,S-23964,Arka,FALSE,Size,30x12x12,,,,,5.89,S-23964,draft,https://img.uline.com/is/image/uline/S-23964?$MediumRHD$,uline,"Home > All Products > Boxes, Corrugated > Heavy Duty Boxes > 275 Lb. Test Double Wall Boxes",8.1926E+12,s-23964,OK,UPDATE: Found by Handle | Assuming MERGE for Variant Command | Assuming MERGE for Image Command | Variants updated by SKU: 1
S-13329,S-13329,Arka,FALSE,Size,30x13x13,,,,,3.49,S-13329,draft,https://img.uline.com/is/image/uline/S-13329?$MediumRHD$,uline,"Home > All Products > Boxes, Corrugated > Corrugated Boxes (200# Test) > Misc Box Sizes",8.1926E+12,s-13329,OK,UPDATE: Found by Handle | Assuming MERGE for Variant Command | Assuming MERGE for Image Command | Variants updated by SKU: 1
S-4809,S-4809,Arka,FALSE,Size,30x14x7,,,,,2.85,S-4809,draft,https://img.uline.com/is/image/uline/S-4809?$MediumRHD$,uline,"Home > All Products > Boxes, Corrugated > Corrugated Boxes (200# Test) > Misc Box Sizes",8.1926E+12,s-4809,OK,UPDATE: Found by Handle | Assuming MERGE for Variant Command | Assuming MERGE for Image Command | Variants updated by SKU: 1
S-18380,S-18380,Arka,FALSE,Size,32x18x18,,,,,5.82,S-18380,draft,https://img.uline.com/is/image/uline/S-18380?$MediumRHD$,uline,"Home > All Products > Boxes, Corrugated > Corrugated Boxes (200# Test) > Misc Box Sizes",8.1926E+12,s-18380,OK,UPDATE: Found by Handle | Assuming MERGE for Variant Command | Assuming MERGE for Image Command | Variants updated by SKU: 1
S-4403,S-4403,Arka,FALSE,Size,30x14x10,,,,,3.32,S-4403,draft,https://img.uline.com/is/image/uline/S-4403?$MediumRHD$,uline,"Home > All Products > Boxes, Corrugated > Corrugated Boxes (200# Test) > Misc Box Sizes",8.1926E+12,s-4403,OK,UPDATE: Found by Handle | Assuming MERGE for Variant Command | Assuming MERGE for Image Command | Variants updated by SKU: 1
S-12613,S-12613,Arka,FALSE,Size,30x24x12,,,,,10.42,S-12613,draft,https://img.uline.com/is/image/uline/S-12613?$MediumRHD$,uline,"Home > All Products > Boxes, Corrugated > Heavy Duty Boxes > 275 Lb. Test Double Wall Boxes",8.1926E+12,s-12613,OK,UPDATE: Found by Handle | Assuming MERGE for Variant Command | Assuming MERGE for Image Command | Variants updated by SKU: 1
S-4551,S-4551,Arka,FALSE,Size,30x15x15,,,,,4.27,S-4551,draft,https://img.uline.com/is/image/uline/S-4551?$MediumRHD$,uline,"Home > All Products > Boxes, Corrugated > Corrugated Boxes (200# Test) > Misc Box Sizes",8.1926E+12,s-4551,OK,UPDATE: Found by Handle | Assuming MERGE for Variant Command | Assuming MERGE for Image Command | Variants updated by SKU: 1
S-21542,S-21542,Arka,FALSE,Size,30x15x15,,,,,7.66,S-21542,draft,https://img.uline.com/is/image/uline/S-21542?$MediumRHD$,uline,"Home > All Products > Boxes, Corrugated > Heavy Duty Boxes > 275 Lb. Test Double Wall Boxes",8.1926E+12,s-21542,OK,UPDATE: Found by Handle | Assuming MERGE for Variant Command | Assuming MERGE for Image Command | Variants updated by SKU: 1
S-4404,S-4404,Arka,FALSE,Size,30x17x16,,,,,4.63,S-4404,draft,https://img.uline.com/is/image/uline/S-4404?$MediumRHD$,uline,"Home > All Products > Boxes, Corrugated > Corrugated Boxes (200# Test) > Misc Box Sizes",8.1926E+12,s-4404,OK,UPDATE: Found by Handle | Assuming MERGE for Variant Command | Assuming MERGE for Image Command | Variants updated by SKU: 1
S-18982,S-18982,Arka,FALSE,Size,30x17x16,,,,,5.13,S-18982,draft,https://img.uline.com/is/image/uline/S-18982?$MediumRHD$,uline,"Home > All Products > Boxes, Corrugated > Corrugated Boxes (200# Test) > Multi-Depth Boxes",8.1926E+12,s-18982,OK,UPDATE: Found by Handle | Assuming MERGE for Variant Command | Assuming MERGE for Image Command | Variants updated by SKU: 1
S-21052,S-21052,Arka,FALSE,Size,30x18x16,,,,,5.14,S-21052,draft,https://img.uline.com/is/image/uline/S-21052?$MediumRHD$,uline,"Home > All Products > Boxes, Corrugated > Corrugated Boxes (200# Test) > Misc Box Sizes",8.1926E+12,s-21052,OK,UPDATE: Found by Handle | Assuming MERGE for Variant Command | Assuming MERGE for Image Command | Variants updated by SKU: 1
S-11385,S-11385,Arka,FALSE,Size,30x18x18,,,,,5.46,S-11385,draft,https://img.uline.com/is/image/uline/S-11385?$MediumRHD$,uline,"Home > All Products > Boxes, Corrugated > Corrugated Boxes (200# Test) > Misc Box Sizes",8.1926E+12,s-11385,OK,UPDATE: Found by Handle | Assuming MERGE for Variant Command | Assuming MERGE for Image Command | Variants updated by SKU: 1
S-21039,S-21039,Arka,FALSE,Size,30x18x18,,,,,9.74,S-21039,draft,https://img.uline.com/is/image/uline/S-21039?$MediumRHD$,uline,"Home > All Products > Boxes, Corrugated > Heavy Duty Boxes > 275 Lb. Test Double Wall Boxes",8.1926E+12,s-21039,OK,UPDATE: Found by Handle | Assuming MERGE for Variant Command | Assuming MERGE for Image Command | Variants updated by SKU: 1
S-23995,S-23995,Arka,FALSE,Size,30x20x4,,,,,3.46,S-23995,draft,https://img.uline.com/is/image/uline/S-23995?$MediumRHD$,uline,"Home > All Products > Boxes, Corrugated > Corrugated Boxes (200# Test) > Flat Boxes",8.1926E+12,s-23995,OK,UPDATE: Found by Handle | Assuming MERGE for Variant Command | Assuming MERGE for Image Command | Variants updated by SKU: 1
S-11386,S-11386,Arka,FALSE,Size,30x20x6,,,,,3.53,S-11386,draft,https://img.uline.com/is/image/uline/S-11386?$MediumRHD$,uline,"Home > All Products > Boxes, Corrugated > Corrugated Boxes (200# Test) > Flat Boxes",8.1926E+12,s-11386,OK,UPDATE: Found by Handle | Assuming MERGE for Variant Command | Assuming MERGE for Image Command | Variants updated by SKU: 1
S-4667,S-4667,Arka,FALSE,Size,30x20x10,,,,,4.05,S-4667,draft,https://img.uline.com/is/image/uline/S-4667?$MediumRHD$,uline,"Home > All Products > Boxes, Corrugated > Corrugated Boxes (200# Test) > Misc Box Sizes",8.1926E+12,s-4667,OK,UPDATE: Found by Handle | Assuming MERGE for Variant Command | Assuming MERGE for Image Command | Variants updated by SKU: 1
S-4928,S-4928,Arka,FALSE,Size,30x20x12,,,,,4.32,S-4928,draft,https://img.uline.com/is/image/uline/S-4928?$MediumRHD$,uline,"Home > All Products > Boxes, Corrugated > Corrugated Boxes (200# Test) > Misc Box Sizes",8.1926E+12,s-4928,OK,UPDATE: Found by Handle | Assuming MERGE for Variant Command | Assuming MERGE for Image Command | Variants updated by SKU: 1
S-15081,S-15081,Arka,FALSE,Size,30x20x18,,,,,5.94,S-15081,draft,https://img.uline.com/is/image/uline/S-15081?$MediumRHD$,uline,"Home > All Products > Boxes, Corrugated > Corrugated Boxes (200# Test) > Misc Box Sizes",8.1926E+12,s-15081,OK,UPDATE: Found by Handle | Assuming MERGE for Variant Command | Assuming MERGE for Image Command | Variants updated by SKU: 1
S-4229,S-4229,Arka,FALSE,Size,30x20x20,,,,,6.25,S-4229,draft,https://img.uline.com/is/image/uline/S-4229?$MediumRHD$,uline,"Home > All Products > Boxes, Corrugated > Corrugated Boxes (200# Test) > Misc Box Sizes",8.1926E+12,s-4229,OK,UPDATE: Found by Handle | Assuming MERGE for Variant Command | Assuming MERGE for Image Command | Variants updated by SKU: 1
S-19091,S-19091,Arka,FALSE,Size,30x20x8,,,,,3.82,S-19091,draft,https://img.uline.com/is/image/uline/S-19091?$MediumRHD$,uline,"Home > All Products > Boxes, Corrugated > Corrugated Boxes (200# Test) > Flat Boxes",8.1926E+12,s-19091,OK,UPDATE: Found by Handle | Assuming MERGE for Variant Command | Assuming MERGE for Image Command | Variants updated by SKU: 1
S-4775,S-4775,Arka,FALSE,Size,30x20x20,,,,,11.24,S-4775,draft,https://img.uline.com/is/image/uline/S-4775?$MediumRHD$,uline,"Home > All Products > Boxes, Corrugated > Heavy Duty Boxes > 275 Lb. Test Double Wall Boxes",8.1926E+12,s-4775,OK,UPDATE: Found by Handle | Assuming MERGE for Variant Command | Assuming MERGE for Image Command | Variants updated by SKU: 1
S-22695,S-22695,Arka,FALSE,Size,30x24x6,,,,,5.2,S-22695,draft,https://img.uline.com/is/image/uline/S-22695?$MediumRHD$,uline,"Home > All Products > Boxes, Corrugated > Corrugated Boxes (200# Test) > Flat Boxes",8.1926E+12,s-22695,OK,UPDATE: Found by Handle | Assuming MERGE for Variant Command | Assuming MERGE for Image Command | Variants updated by SKU: 1
S-13330,S-13330,Arka,FALSE,Size,30x24x10,,,,,5.28,S-13330,draft,https://img.uline.com/is/image/uline/S-13330?$MediumRHD$,uline,"Home > All Products > Boxes, Corrugated > Corrugated Boxes (200# Test) > Misc Box Sizes",8.1926E+12,s-13330,OK,UPDATE: Found by Handle | Assuming MERGE for Variant Command | Assuming MERGE for Image Command | Variants updated by SKU: 1
S-4417,S-4417,Arka,FALSE,Size,30x24x12,,,,,5.55,S-4417,draft,https://img.uline.com/is/image/uline/S-4417?$MediumRHD$,uline,"Home > All Products > Boxes, Corrugated > Corrugated Boxes (200# Test) > Misc Box Sizes",8.1926E+12,s-4417,OK,UPDATE: Found by Handle | Assuming MERGE for Variant Command | Assuming MERGE for Image Command | Variants updated by SKU: 1
S-11248,S-11248,Arka,FALSE,Size,30x24x12,,,,,6.14,S-11248,draft,https://img.uline.com/is/image/uline/S-11248?$MediumRHD$,uline,"Home > All Products > Boxes, Corrugated > Corrugated Boxes (200# Test) > Multi-Depth Boxes",8.1926E+12,s-11248,OK,UPDATE: Found by Handle | Assuming MERGE for Variant Command | Assuming MERGE for Image Command | Variants updated by SKU: 1
S-4961,S-4961,Arka,FALSE,Size,30x24x20,,,,,6.91,S-4961,draft,https://img.uline.com/is/image/uline/S-4961?$MediumRHD$,uline,"Home > All Products > Boxes, Corrugated > Corrugated Boxes (200# Test) > Misc Box Sizes",8.1926E+12,s-4961,OK,UPDATE: Found by Handle | Assuming MERGE for Variant Command | Assuming MERGE for Image Command | Variants updated by SKU: 1
S-16775,S-16775,Arka,FALSE,Size,30x26x24,,,,,8.61,S-16775,draft,https://img.uline.com/is/image/uline/S-16775?$MediumRHD$,uline,"Home > All Products > Boxes, Corrugated > Corrugated Boxes (200# Test) > Misc Box Sizes",8.1926E+12,s-16775,OK,UPDATE: Found by Handle | Assuming MERGE for Variant Command | Assuming MERGE for Image Command | Variants updated by SKU: 1
S-14301,S-14301,Arka,FALSE,Size,30x30x6,,,,,6.56,S-14301,draft,https://img.uline.com/is/image/uline/S-14301?$MediumRHD$,uline,"Home > All Products > Boxes, Corrugated > Corrugated Boxes (200# Test) > Flat Boxes",8.1926E+12,s-14301,OK,UPDATE: Found by Handle | Assuming MERGE for Variant Command | Assuming MERGE for Image Command | Variants updated by SKU: 1
S-4845,S-4845,Arka,FALSE,Size,30x30x8,,,,,6.82,S-4845,draft,https://img.uline.com/is/image/uline/S-4845?$MediumRHD$,uline,"Home > All Products > Boxes, Corrugated > Corrugated Boxes (200# Test) > Flat Boxes",8.1926E+12,s-4845,OK,UPDATE: Found by Handle | Assuming MERGE for Variant Command | Assuming MERGE for Image Command | Variants updated by SKU: 1
S-15082,S-15082,Arka,FALSE,Size,30x30x10,,,,,7,S-15082,draft,https://img.uline.com/is/image/uline/S-15082?$MediumRHD$,uline,"Home > All Products > Boxes, Corrugated > Corrugated Boxes (200# Test) > Misc Box Sizes",8.1926E+12,s-15082,OK,UPDATE: Found by Handle | Assuming MERGE for Variant Command | Assuming MERGE for Image Command | Variants updated by SKU: 1
S-10661,S-10661,Arka,FALSE,Size,30x30x12,,,,,7.2,S-10661,draft,https://img.uline.com/is/image/uline/S-10661?$MediumRHD$,uline,"Home > All Products > Boxes, Corrugated > Corrugated Boxes (200# Test) > Misc Box Sizes",8.1926E+12,s-10661,OK,UPDATE: Found by Handle | Assuming MERGE for Variant Command | Assuming MERGE for Image Command | Variants updated by SKU: 1
S-20414,S-20414,Arka,FALSE,Size,30x30x12,,,,,13.43,S-20414,draft,https://img.uline.com/is/image/uline/S-20414?$MediumRHD$,uline,"Home > All Products > Boxes, Corrugated > Heavy Duty Boxes > 275 Lb. Test Double Wall Boxes",8.1926E+12,s-20414,OK,UPDATE: Found by Handle | Assuming MERGE for Variant Command | Assuming MERGE for Image Command | Variants updated by SKU: 1
S-4668,S-4668,Arka,FALSE,Size,30x30x16,,,,,7.59,S-4668,draft,https://img.uline.com/is/image/uline/S-4668?$MediumRHD$,uline,"Home > All Products > Boxes, Corrugated > Corrugated Boxes (200# Test) > Misc Box Sizes",8.1926E+12,s-4668,OK,UPDATE: Found by Handle | Assuming MERGE for Variant Command | Assuming MERGE for Image Command | Variants updated by SKU: 1
S-16776,S-16776,Arka,FALSE,Size,30x30x20,,,,,8.94,S-16776,draft,https://img.uline.com/is/image/uline/S-16776?$MediumRHD$,uline,"Home > All Products > Boxes, Corrugated > Corrugated Boxes (200# Test) > Misc Box Sizes",8.1926E+12,s-16776,OK,UPDATE: Found by Handle | Assuming MERGE for Variant Command | Assuming MERGE for Image Command | Variants updated by SKU: 1
S-20415,S-20415,Arka,FALSE,Size,30x30x16,,,,,14.69,S-20415,draft,https://img.uline.com/is/image/uline/S-20415?$MediumRHD$,uline,"Home > All Products > Boxes, Corrugated > Heavy Duty Boxes > 275 Lb. Test Double Wall Boxes",8.1926E+12,s-20415,OK,UPDATE: Found by Handle | Assuming MERGE for Variant Command | Assuming MERGE for Image Command | Variants updated by SKU: 1
S-21034,S-21034,Arka,FALSE,Size,30x30x20,,,,,16.91,S-21034,draft,https://img.uline.com/is/image/uline/S-21034?$MediumRHD$,uline,"Home > All Products > Boxes, Corrugated > Heavy Duty Boxes > 275 Lb. Test Double Wall Boxes",8.1926E+12,s-21034,OK,UPDATE: Found by Handle | Assuming MERGE for Variant Command | Assuming MERGE for Image Command | Variants updated by SKU: 1
S-4745,S-4745,Arka,FALSE,Size,30x30x25,,,,,9.1,S-4745,draft,https://img.uline.com/is/image/uline/S-4745?$MediumRHD$,uline,"Home > All Products > Boxes, Corrugated > Corrugated Boxes (200# Test) > Misc Box Sizes",8.1926E+12,s-4745,OK,UPDATE: Found by Handle | Assuming MERGE for Variant Command | Assuming MERGE for Image Command | Variants updated by SKU: 1
S-4867,S-4867,Arka,FALSE,Size,30x30x30,,,,,20.24,S-4867,draft,https://img.uline.com/is/image/uline/S-4867?$MediumRHD$,uline,"Home > All Products > Boxes, Corrugated > Heavy Duty Boxes > 275 Lb. Test Double Wall Boxes",8.1926E+12,s-4867,OK,UPDATE: Found by Handle | Assuming MERGE for Variant Command | Assuming MERGE for Image Command | Variants updated by SKU: 1
S-4366,S-4366,Arka,FALSE,Size,30x30x30,,,,,10.53,S-4366,draft,https://img.uline.com/is/image/uline/S-4366?$MediumRHD$,uline,"Home > All Products > Boxes, Corrugated > Corrugated Boxes (200# Test) > Cube Boxes",8.1926E+12,s-4366,OK,UPDATE: Found by Handle | Assuming MERGE for Variant Command | Assuming MERGE for Image Command | Variants updated by SKU: 1
S-11301,S-11301,Arka,FALSE,Size,30x30x30,,,,,55,S-11301,draft,https://img.uline.com/is/image/uline/S-11301?$MediumRHD$,uline,"Home > All Products > Boxes, Corrugated > Bulk Cargo > 1,100 Lb. Triple Wall Boxes",8.1926E+12,s-11301,OK,UPDATE: Found by Handle | Assuming MERGE for Variant Command | Assuming MERGE for Image Command | Variants updated by SKU: 1
S-23297,S-23297,Arka,FALSE,Size,30x30x40,,,,,25,S-23297,draft,https://img.uline.com/is/image/uline/S-23297?$MediumRHD$,uline,"Home > All Products > Boxes, Corrugated > Corrugated Boxes (200# Test) > Telescopic Boxes",8.1926E+12,s-23297,OK,UPDATE: Found by Handle | Assuming MERGE for Variant Command | Assuming MERGE for Image Command | Variants updated by SKU: 1
S-4669,S-4669,Arka,FALSE,Size,32x6x6,,,,,2.04,S-4669,draft,https://img.uline.com/is/image/uline/S-4669?$MediumRHD$,uline,"Home > All Products > Boxes, Corrugated > Corrugated Boxes (200# Test) > Long Boxes",8.1926E+12,s-4669,OK,UPDATE: Found by Handle | Assuming MERGE for Variant Command | Assuming MERGE for Image Command | Variants updated by SKU: 1
S-4746,S-4746,Arka,FALSE,Size,31x16x9,,,,,4.34,S-4746,draft,https://img.uline.com/is/image/uline/S-4746?$MediumRHD$,uline,"Home > All Products > Boxes, Corrugated > Corrugated Boxes (200# Test) > Misc Box Sizes",8.1926E+12,s-4746,OK,UPDATE: Found by Handle | Assuming MERGE for Variant Command | Assuming MERGE for Image Command | Variants updated by SKU: 1
S-4810,S-4810,Arka,FALSE,Size,32x8x8,,,,,2.1,S-4810,draft,https://img.uline.com/is/image/uline/S-4810?$MediumRHD$,uline,"Home > All Products > Boxes, Corrugated > Corrugated Boxes (200# Test) > Long Boxes",8.1926E+12,s-4810,OK,UPDATE: Found by Handle | Assuming MERGE for Variant Command | Assuming MERGE for Image Command | Variants updated by SKU: 1
S-4304,S-4304,Arka,FALSE,Size,32x10x6.50,,,,,2.11,S-4304,draft,https://img.uline.com/is/image/uline/S-4304?$MediumRHD$,uline,"Home > All Products > Boxes, Corrugated > Corrugated Boxes (200# Test) > Long Boxes",8.1926E+12,s-4304,OK,UPDATE: Found by Handle | Assuming MERGE for Variant Command | Assuming MERGE for Image Command | Variants updated by SKU: 1
S-19092,S-19092,Arka,FALSE,Size,32x12x10,,,,,3.13,S-19092,draft,https://img.uline.com/is/image/uline/S-19092?$MediumRHD$,uline,"Home > All Products > Boxes, Corrugated > Corrugated Boxes (200# Test) > Long Boxes",8.1926E+12,s-19092,OK,UPDATE: Found by Handle | Assuming MERGE for Variant Command | Assuming MERGE for Image Command | Variants updated by SKU: 1
S-18379,S-18379,Arka,FALSE,Size,32x10x10,,,,,2.72,S-18379,draft,https://img.uline.com/is/image/uline/S-18379?$MediumRHD$,uline,"Home > All Products > Boxes, Corrugated > Corrugated Boxes (200# Test) > Long Boxes",8.1926E+12,s-18379,OK,UPDATE: Found by Handle | Assuming MERGE for Variant Command | Assuming MERGE for Image Command | Variants updated by SKU: 1
S-4868,S-4868,Arka,FALSE,Size,32x12x12,,,,,3.34,S-4868,draft,https://img.uline.com/is/image/uline/S-4868?$MediumRHD$,uline,"Home > All Products > Boxes, Corrugated > Corrugated Boxes (200# Test) > Long Boxes",8.1926E+12,s-4868,OK,UPDATE: Found by Handle | Assuming MERGE for Variant Command | Assuming MERGE for Image Command | Variants updated by SKU: 1
S-16777,S-16777,Arka,FALSE,Size,32x16x16,,,,,4.68,S-16777,draft,https://img.uline.com/is/image/uline/S-16777?$MediumRHD$,uline,"Home > All Products > Boxes, Corrugated > Corrugated Boxes (200# Test) > Long Boxes",8.1926E+12,s-16777,OK,UPDATE: Found by Handle | Assuming MERGE for Variant Command | Assuming MERGE for Image Command | Variants updated by SKU: 1
S-10662,S-10662,Arka,FALSE,Size,32x18x12,,,,,4.21,S-10662,draft,https://img.uline.com/is/image/uline/S-10662?$MediumRHD$,uline,"Home > All Products > Boxes, Corrugated > Corrugated Boxes (200# Test) > Misc Box Sizes",8.1926E+12,s-10662,OK,UPDATE: Found by Handle | Assuming MERGE for Variant Command | Assuming MERGE for Image Command | Variants updated by SKU: 1
S-19827,S-19827,Arka,FALSE,Size,32x18x8,,,,,4.09,S-19827,draft,https://img.uline.com/is/image/uline/S-19827?$MediumRHD$,uline,"Home > All Products > Boxes, Corrugated > Corrugated Boxes (200# Test) > Misc Box Sizes",8.1926E+12,s-19827,OK,UPDATE: Found by Handle | Assuming MERGE for Variant Command | Assuming MERGE for Image Command | Variants updated by SKU: 1
S-15083,S-15083,Arka,FALSE,Size,32x24x24,,,,,8.63,S-15083,draft,https://img.uline.com/is/image/uline/S-15083?$MediumRHD$,uline,"Home > All Products > Boxes, Corrugated > Corrugated Boxes (200# Test) > Misc Box Sizes",8.1926E+12,s-15083,OK,UPDATE: Found by Handle | Assuming MERGE for Variant Command | Assuming MERGE for Image Command | Variants updated by SKU: 1
S-20544,S-20544,Arka,FALSE,Size,32x32x8,,,,,8.59,S-20544,draft,https://img.uline.com/is/image/uline/S-20544?$MediumRHD$,uline,"Home > All Products > Boxes, Corrugated > Corrugated Boxes (200# Test) > Flat Boxes",8.1926E+12,s-20544,OK,UPDATE: Found by Handle | Assuming MERGE for Variant Command | Assuming MERGE for Image Command | Variants updated by SKU: 1
S-11257,S-11257,Arka,FALSE,Size,32x24x24,,,,,13.02,S-11257,draft,https://img.uline.com/is/image/uline/S-11257?$MediumRHD$,uline,"Home > All Products > Boxes, Corrugated > Heavy Duty Boxes > 275 Lb. Test Double Wall Boxes",8.1926E+12,s-11257,OK,UPDATE: Found by Handle | Assuming MERGE for Variant Command | Assuming MERGE for Image Command | Variants updated by SKU: 1
S-16778,S-16778,Arka,FALSE,Size,32x32x12,,,,,8.94,S-16778,draft,https://img.uline.com/is/image/uline/S-16778?$MediumRHD$,uline,"Home > All Products > Boxes, Corrugated > Corrugated Boxes (200# Test) > Misc Box Sizes",8.1926E+12,s-16778,OK,UPDATE: Found by Handle | Assuming MERGE for Variant Command | Assuming MERGE for Image Command | Variants updated by SKU: 1
S-4434,S-4434,Arka,FALSE,Size,32x32x32,,,,,11.61,S-4434,draft,https://img.uline.com/is/image/uline/S-4434?$MediumRHD$,uline,"Home > All Products > Boxes, Corrugated > Corrugated Boxes (200# Test) > Cube Boxes",8.1926E+12,s-4434,OK,UPDATE: Found by Handle | Assuming MERGE for Variant Command | Assuming MERGE for Image Command | Variants updated by SKU: 1
S-14258,S-14258,Arka,FALSE,Size,33x8.50x5,,,,,2.17,S-14258,draft,https://img.uline.com/is/image/uline/S-14258?$MediumRHD$,uline,"Home > All Products > Boxes, Corrugated > Corrugated Boxes (200# Test) > Long Boxes",8.1926E+12,s-14258,OK,UPDATE: Found by Handle | Assuming MERGE for Variant Command | Assuming MERGE for Image Command | Variants updated by SKU: 1
S-16462,S-16462,Arka,FALSE,Size,32x32x32,,,,,22.96,S-16462,draft,https://img.uline.com/is/image/uline/S-16462?$MediumRHD$,uline,"Home > All Products > Boxes, Corrugated > Heavy Duty Boxes > 275 Lb. Test Double Wall Boxes",8.1926E+12,s-16462,OK,UPDATE: Found by Handle | Assuming MERGE for Variant Command | Assuming MERGE for Image Command | Variants updated by SKU: 1
S-4670,S-4670,Arka,FALSE,Size,34x10x6,,,,,2.36,S-4670,draft,https://img.uline.com/is/image/uline/S-4670?$MediumRHD$,uline,"Home > All Products > Boxes, Corrugated > Corrugated Boxes (200# Test) > Misc Box Sizes",8.1926E+12,s-4670,OK,UPDATE: Found by Handle | Assuming MERGE for Variant Command | Assuming MERGE for Image Command | Variants updated by SKU: 1
S-4846,S-4846,Arka,FALSE,Size,34x21x6,,,,,5.13,S-4846,draft,https://img.uline.com/is/image/uline/S-4846?$MediumRHD$,uline,"Home > All Products > Boxes, Corrugated > Corrugated Boxes (200# Test) > Flat Boxes",8.1926E+12,s-4846,OK,UPDATE: Found by Handle | Assuming MERGE for Variant Command | Assuming MERGE for Image Command | Variants updated by SKU: 1
S-4435,S-4435,Arka,FALSE,Size,34x34x34,,,,,12.61,S-4435,draft,https://img.uline.com/is/image/uline/S-4435?$MediumRHD$,uline,"Home > All Products > Boxes, Corrugated > Corrugated Boxes (200# Test) > Cube Boxes",8.1926E+12,s-4435,OK,UPDATE: Found by Handle | Assuming MERGE for Variant Command | Assuming MERGE for Image Command | Variants updated by SKU: 1
S-4671,S-4671,Arka,FALSE,Size,36x4x4,,,,,1.73,S-4671,draft,https://img.uline.com/is/image/uline/S-4671?$MediumRHD$,uline,"Home > All Products > Boxes, Corrugated > Corrugated Boxes (200# Test) > Long Boxes",8.1926E+12,s-4671,OK,UPDATE: Found by Handle | Assuming MERGE for Variant Command | Assuming MERGE for Image Command | Variants updated by SKU: 1
S-4193,S-4193,Arka,FALSE,Size,36x36x36,,,,,10.53,S-4193,draft,https://img.uline.com/is/image/uline/S-4193?$MediumRHD$,uline,"Home > All Products > Boxes, Corrugated > Corrugated Boxes (200# Test) > Cube Boxes",8.1926E+12,s-4193,OK,UPDATE: Found by Handle | Assuming MERGE for Variant Command | Assuming MERGE for Image Command | Variants updated by SKU: 1
S-4778,S-4778,Arka,FALSE,Size,37x4x30,,,,,15.79,S-4778,draft,https://img.uline.com/is/image/uline/S-4778?$MediumRHD$,uline,"Home > All Products > Boxes, Corrugated > Moving Boxes > Artwork/Mirror Boxes",8.1926E+12,s-4778,OK,UPDATE: Found by Handle | Assuming MERGE for Variant Command | Assuming MERGE for Image Command | Variants updated by SKU: 1
S-4367,S-4367,Arka,FALSE,Size,36x6x6,,,,,1.98,S-4367,draft,https://img.uline.com/is/image/uline/S-4367?$MediumRHD$,uline,"Home > All Products > Boxes, Corrugated > Corrugated Boxes (200# Test) > Long Boxes",8.1926E+12,s-4367,OK,UPDATE: Found by Handle | Assuming MERGE for Variant Command | Assuming MERGE for Image Command | Variants updated by SKU: 1
S-18427,S-18427,Arka,FALSE,Size,36x8x4,,,,,2.04,S-18427,draft,https://img.uline.com/is/image/uline/S-18427?$MediumRHD$,uline,"Home > All Products > Boxes, Corrugated > Corrugated Boxes (200# Test) > Long Boxes",8.1926E+12,s-18427,OK,UPDATE: Found by Handle | Assuming MERGE for Variant Command | Assuming MERGE for Image Command | Variants updated by SKU: 1
S-4361,S-4361,Arka,FALSE,Size,36x8x8,,,,,2.21,S-4361,draft,https://img.uline.com/is/image/uline/S-4361?$MediumRHD$,uline,"Home > All Products > Boxes, Corrugated > Corrugated Boxes (200# Test) > Long Boxes",8.1926E+12,s-4361,OK,UPDATE: Found by Handle | Assuming MERGE for Variant Command | Assuming MERGE for Image Command | Variants updated by SKU: 1
S-18928,S-18928,Arka,FALSE,Size,36x8x8,,,,,4.26,S-18928,draft,https://img.uline.com/is/image/uline/S-18928?$MediumRHD$,uline,"Home > All Products > Boxes, Corrugated > Heavy Duty Boxes > 275 Lb. Test Double Wall Boxes",8.1926E+12,s-18928,OK,UPDATE: Found by Handle | Assuming MERGE for Variant Command | Assuming MERGE for Image Command | Variants updated by SKU: 1
S-18428,S-18428,Arka,FALSE,Size,36x10x6,,,,,2.54,S-18428,draft,https://img.uline.com/is/image/uline/S-18428?$MediumRHD$,uline,"Home > All Products > Boxes, Corrugated > Corrugated Boxes (200# Test) > Long Boxes",8.1926E+12,s-18428,OK,UPDATE: Found by Handle | Assuming MERGE for Variant Command | Assuming MERGE for Image Command | Variants updated by SKU: 1
S-4672,S-4672,Arka,FALSE,Size,36x10x10,,,,,2.61,S-4672,draft,https://img.uline.com/is/image/uline/S-4672?$MediumRHD$,uline,"Home > All Products > Boxes, Corrugated > Corrugated Boxes (200# Test) > Long Boxes",8.1926E+12,s-4672,OK,UPDATE: Found by Handle | Assuming MERGE for Variant Command | Assuming MERGE for Image Command | Variants updated by SKU: 1
S-4830,S-4830,Arka,FALSE,Size,36x12x4,,,,,3.41,S-4830,draft,https://img.uline.com/is/image/uline/S-4830?$MediumRHD$,uline,"Home > All Products > Boxes, Corrugated > Corrugated Boxes (200# Test) > Flat Boxes",8.1926E+12,s-4830,OK,UPDATE: Found by Handle | Assuming MERGE for Variant Command | Assuming MERGE for Image Command | Variants updated by SKU: 1
S-14302,S-14302,Arka,FALSE,Size,36x12x6,,,,,3.56,S-14302,draft,https://img.uline.com/is/image/uline/S-14302?$MediumRHD$,uline,"Home > All Products > Boxes, Corrugated > Corrugated Boxes (200# Test) > Flat Boxes",8.1926E+12,s-14302,OK,UPDATE: Found by Handle | Assuming MERGE for Variant Command | Assuming MERGE for Image Command | Variants updated by SKU: 1
S-21566,S-21566,Arka,FALSE,Size,36x12x8,,,,,3.63,S-21566,draft,https://img.uline.com/is/image/uline/S-21566?$MediumRHD$,uline,"Home > All Products > Boxes, Corrugated > Corrugated Boxes (200# Test) > Misc Box Sizes",8.1926E+12,s-21566,OK,UPDATE: Found by Handle | Assuming MERGE for Variant Command | Assuming MERGE for Image Command | Variants updated by SKU: 1
S-4673,S-4673,Arka,FALSE,Size,36x12x10,,,,,3.67,S-4673,draft,https://img.uline.com/is/image/uline/S-4673?$MediumRHD$,uline,"Home > All Products > Boxes, Corrugated > Corrugated Boxes (200# Test) > Misc Box Sizes",8.1926E+12,s-4673,OK,UPDATE: Found by Handle | Assuming MERGE for Variant Command | Assuming MERGE for Image Command | Variants updated by SKU: 1
S-4418,S-4418,Arka,FALSE,Size,36x12x12,,,,,2.58,S-4418,draft,https://img.uline.com/is/image/uline/S-4418?$MediumRHD$,uline,"Home > All Products > Boxes, Corrugated > Corrugated Boxes (200# Test) > Long Boxes",8.1926E+12,s-4418,OK,UPDATE: Found by Handle | Assuming MERGE for Variant Command | Assuming MERGE for Image Command | Variants updated by SKU: 1
S-11258,S-11258,Arka,FALSE,Size,36x12x12,,,,,6.29,S-11258,draft,https://img.uline.com/is/image/uline/S-11258?$MediumRHD$,uline,"Home > All Products > Boxes, Corrugated > Heavy Duty Boxes > 275 Lb. Test Double Wall Boxes",8.1926E+12,s-11258,OK,UPDATE: Found by Handle | Assuming MERGE for Variant Command | Assuming MERGE for Image Command | Variants updated by SKU: 1
S-21066,S-21066,Arka,FALSE,Size,36x12x16,,,,,4.34,S-21066,draft,https://img.uline.com/is/image/uline/S-21066?$MediumRHD$,uline,"Home > All Products > Boxes, Corrugated > Corrugated Boxes (200# Test) > Misc Box Sizes",8.1926E+12,s-21066,OK,UPDATE: Found by Handle | Assuming MERGE for Variant Command | Assuming MERGE for Image Command | Variants updated by SKU: 1
S-21567,S-21567,Arka,FALSE,Size,36x14x6,,,,,3.67,S-21567,draft,https://img.uline.com/is/image/uline/S-21567?$MediumRHD$,uline,"Home > All Products > Boxes, Corrugated > Corrugated Boxes (200# Test) > Misc Box Sizes",8.1926E+12,s-21567,OK,UPDATE: Found by Handle | Assuming MERGE for Variant Command | Assuming MERGE for Image Command | Variants updated by SKU: 1
S-4232,S-4232,Arka,FALSE,Size,36x14x10,,,,,3.74,S-4232,draft,https://img.uline.com/is/image/uline/S-4232?$MediumRHD$,uline,"Home > All Products > Boxes, Corrugated > Corrugated Boxes (200# Test) > Misc Box Sizes",8.1926E+12,s-4232,OK,UPDATE: Found by Handle | Assuming MERGE for Variant Command | Assuming MERGE for Image Command | Variants updated by SKU: 1
S-21035,S-21035,Arka,FALSE,Size,36x14x14,,,,,4.49,S-21035,draft,https://img.uline.com/is/image/uline/S-21035?$MediumRHD$,uline,"Home > All Products > Boxes, Corrugated > Corrugated Boxes (200# Test) > Long Boxes",8.1926E+12,s-21035,OK,UPDATE: Found by Handle | Assuming MERGE for Variant Command | Assuming MERGE for Image Command | Variants updated by SKU: 1
S-16779,S-16779,Arka,FALSE,Size,36x16x5,,,,,3.64,S-16779,draft,https://img.uline.com/is/image/uline/S-16779?$MediumRHD$,uline,"Home > All Products > Boxes, Corrugated > Corrugated Boxes (200# Test) > Flat Boxes",8.1926E+12,s-16779,OK,UPDATE: Found by Handle | Assuming MERGE for Variant Command | Assuming MERGE for Image Command | Variants updated by SKU: 1
S-22699,S-22699,Arka,FALSE,Size,36x16x7,,,,,3.97,S-22699,draft,https://img.uline.com/is/image/uline/S-22699?$MediumRHD$,uline,"Home > All Products > Boxes, Corrugated > Corrugated Boxes (200# Test) > Misc Box Sizes",8.1926E+12,s-22699,OK,UPDATE: Found by Handle | Assuming MERGE for Variant Command | Assuming MERGE for Image Command | Variants updated by SKU: 1
S-4405,S-4405,Arka,FALSE,Size,36x16x16,,,,,5.05,S-4405,draft,https://img.uline.com/is/image/uline/S-4405?$MediumRHD$,uline,"Home > All Products > Boxes, Corrugated > Corrugated Boxes (200# Test) > Misc Box Sizes",8.1926E+12,s-4405,OK,UPDATE: Found by Handle | Assuming MERGE for Variant Command | Assuming MERGE for Image Command | Variants updated by SKU: 1
S-15084,S-15084,Arka,FALSE,Size,36x18x6,,,,,4.32,S-15084,draft,https://img.uline.com/is/image/uline/S-15084?$MediumRHD$,uline,"Home > All Products > Boxes, Corrugated > Corrugated Boxes (200# Test) > Flat Boxes",8.1926E+12,s-15084,OK,UPDATE: Found by Handle | Assuming MERGE for Variant Command | Assuming MERGE for Image Command | Variants updated by SKU: 1
S-16463,S-16463,Arka,FALSE,Size,36x16x16,,,,,8.89,S-16463,draft,https://img.uline.com/is/image/uline/S-16463?$MediumRHD$,uline,"Home > All Products > Boxes, Corrugated > Heavy Duty Boxes > 275 Lb. Test Double Wall Boxes",8.1926E+12,s-16463,OK,UPDATE: Found by Handle | Assuming MERGE for Variant Command | Assuming MERGE for Image Command | Variants updated by SKU: 1
S-4702,S-4702,Arka,FALSE,Size,36x18x12,,,,,4.79,S-4702,draft,https://img.uline.com/is/image/uline/S-4702?$MediumRHD$,uline,"Home > All Products > Boxes, Corrugated > Corrugated Boxes (200# Test) > Misc Box Sizes",8.1926E+12,s-4702,OK,UPDATE: Found by Handle | Assuming MERGE for Variant Command | Assuming MERGE for Image Command | Variants updated by SKU: 1
S-13332,S-13332,Arka,FALSE,Size,36x18x18,,,,,6.68,S-13332,draft,https://img.uline.com/is/image/uline/S-13332?$MediumRHD$,uline,"Home > All Products > Boxes, Corrugated > Corrugated Boxes (200# Test) > Misc Box Sizes",8.1926E+12,s-13332,OK,UPDATE: Found by Handle | Assuming MERGE for Variant Command | Assuming MERGE for Image Command | Variants updated by SKU: 1
S-19775,S-19775,Arka,FALSE,Size,36x18x12,,,,,8.66,S-19775,draft,https://img.uline.com/is/image/uline/S-19775?$MediumRHD$,uline,"Home > All Products > Boxes, Corrugated > Heavy Duty Boxes > 275 Lb. Test Double Wall Boxes",8.1926E+12,s-19775,OK,UPDATE: Found by Handle | Assuming MERGE for Variant Command | Assuming MERGE for Image Command | Variants updated by SKU: 1
S-18169,S-18169,Arka,FALSE,Size,36x18x18,,,,,10.62,S-18169,draft,https://img.uline.com/is/image/uline/S-18169?$MediumRHD$,uline,"Home > All Products > Boxes, Corrugated > Heavy Duty Boxes > 275 Lb. Test Double Wall Boxes",8.1926E+12,s-18169,OK,UPDATE: Found by Handle | Assuming MERGE for Variant Command | Assuming MERGE for Image Command | Variants updated by SKU: 1
S-4368,S-4368,Arka,FALSE,Size,36x21x20,,,,,7.17,S-4368,draft,https://img.uline.com/is/image/uline/S-4368?$MediumRHD$,uline,"Home > All Products > Boxes, Corrugated > Corrugated Boxes (200# Test) > Misc Box Sizes",8.1926E+12,s-4368,OK,UPDATE: Found by Handle | Assuming MERGE for Variant Command | Assuming MERGE for Image Command | Variants updated by SKU: 1
S-4965,S-4965,Arka,FALSE,Size,36x21x10,,,,,6.65,S-4965,draft,https://img.uline.com/is/image/uline/S-4965?$MediumRHD$,uline,"Home > All Products > Boxes, Corrugated > Moving Boxes > Wardrobe Boxes",8.1926E+12,s-4965,OK,UPDATE: Found by Handle | Assuming MERGE for Variant Command | Assuming MERGE for Image Command | Variants updated by SKU: 1
S-4747,S-4747,Arka,FALSE,Size,36x24x4,,,,,5.93,S-4747,draft,https://img.uline.com/is/image/uline/S-4747?$MediumRHD$,uline,"Home > All Products > Boxes, Corrugated > Corrugated Boxes (200# Test) > Flat Boxes",8.1926E+12,s-4747,OK,UPDATE: Found by Handle | Assuming MERGE for Variant Command | Assuming MERGE for Image Command | Variants updated by SKU: 1
S-4811,S-4811,Arka,FALSE,Size,36x24x6,,,,,6.2,S-4811,draft,https://img.uline.com/is/image/uline/S-4811?$MediumRHD$,uline,"Home > All Products > Boxes, Corrugated > Corrugated Boxes (200# Test) > Flat Boxes",8.1926E+12,s-4811,OK,UPDATE: Found by Handle | Assuming MERGE for Variant Command | Assuming MERGE for Image Command | Variants updated by SKU: 1
S-4917,S-4917,Arka,FALSE,Size,36x24x8,,,,,6.51,S-4917,draft,https://img.uline.com/is/image/uline/S-4917?$MediumRHD$,uline,"Home > All Products > Boxes, Corrugated > Corrugated Boxes (200# Test) > Flat Boxes",8.1926E+12,s-4917,OK,UPDATE: Found by Handle | Assuming MERGE for Variant Command | Assuming MERGE for Image Command | Variants updated by SKU: 1
S-21543,S-21543,Arka,FALSE,Size,36x24x8,,,,,10.22,S-21543,draft,https://img.uline.com/is/image/uline/S-21543?$MediumRHD$,uline,"Home > All Products > Boxes, Corrugated > Heavy Duty Boxes > 275 Lb. Test Double Wall Boxes",8.1926E+12,s-21543,OK,UPDATE: Found by Handle | Assuming MERGE for Variant Command | Assuming MERGE for Image Command | Variants updated by SKU: 1
S-19194,S-19194,Arka,FALSE,Size,36x24x10,,,,,6.65,S-19194,draft,https://img.uline.com/is/image/uline/S-19194?$MediumRHD$,uline,"Home > All Products > Boxes, Corrugated > Corrugated Boxes (200# Test) > Misc Box Sizes",8.1926E+12,s-19194,OK,UPDATE: Found by Handle | Assuming MERGE for Variant Command | Assuming MERGE for Image Command | Variants updated by SKU: 1
S-4454,S-4454,Arka,FALSE,Size,36x24x12,,,,,6.77,S-4454,draft,https://img.uline.com/is/image/uline/S-4454?$MediumRHD$,uline,"Home > All Products > Boxes, Corrugated > Corrugated Boxes (200# Test) > Misc Box Sizes",8.1926E+12,s-4454,OK,UPDATE: Found by Handle | Assuming MERGE for Variant Command | Assuming MERGE for Image Command | Variants updated by SKU: 1
S-14234,S-14234,Arka,FALSE,Size,36x24x12,,,,,11.47,S-14234,draft,https://img.uline.com/is/image/uline/S-14234?$MediumRHD$,uline,"Home > All Products > Boxes, Corrugated > Heavy Duty Boxes > 275 Lb. Test Double Wall Boxes",8.1926E+12,s-14234,OK,UPDATE: Found by Handle | Assuming MERGE for Variant Command | Assuming MERGE for Image Command | Variants updated by SKU: 1
S-16765,S-16765,Arka,FALSE,Size,36x24x18,,,,,7.37,S-16765,draft,https://img.uline.com/is/image/uline/S-16765?$MediumRHD$,uline,"Home > All Products > Boxes, Corrugated > Corrugated Boxes (200# Test) > Misc Box Sizes",8.1926E+12,s-16765,OK,UPDATE: Found by Handle | Assuming MERGE for Variant Command | Assuming MERGE for Image Command | Variants updated by SKU: 1
S-22119,S-22119,Arka,FALSE,Size,36x24x18,,,,,13.13,S-22119,draft,https://img.uline.com/is/image/uline/S-22119?$MediumRHD$,uline,"Home > All Products > Boxes, Corrugated > Heavy Duty Boxes > 275 Lb. Test Double Wall Boxes",8.1926E+12,s-22119,OK,UPDATE: Found by Handle | Assuming MERGE for Variant Command | Assuming MERGE for Image Command | Variants updated by SKU: 1
S-4192,S-4192,Arka,FALSE,Size,36x24x20,,,,,7.51,S-4192,draft,https://img.uline.com/is/image/uline/S-4192?$MediumRHD$,uline,"Home > All Products > Boxes, Corrugated > Corrugated Boxes (200# Test) > Misc Box Sizes",8.1926E+12,s-4192,OK,UPDATE: Found by Handle | Assuming MERGE for Variant Command | Assuming MERGE for Image Command | Variants updated by SKU: 1
S-4674,S-4674,Arka,FALSE,Size,36x24x24,,,,,9.21,S-4674,draft,https://img.uline.com/is/image/uline/S-4674?$MediumRHD$,uline,"Home > All Products > Boxes, Corrugated > Corrugated Boxes (200# Test) > Misc Box Sizes",8.1926E+12,s-4674,OK,UPDATE: Found by Handle | Assuming MERGE for Variant Command | Assuming MERGE for Image Command | Variants updated by SKU: 1
S-13333,S-13333,Arka,FALSE,Size,36x24x24,,,,,14.03,S-13333,draft,https://img.uline.com/is/image/uline/S-13333?$MediumRHD$,uline,"Home > All Products > Boxes, Corrugated > Heavy Duty Boxes > 275 Lb. Test Double Wall Boxes",8.1926E+12,s-13333,OK,UPDATE: Found by Handle | Assuming MERGE for Variant Command | Assuming MERGE for Image Command | Variants updated by SKU: 1
S-19870,S-19870,Arka,FALSE,Size,36x30x12,,,,,8.81,S-19870,draft,https://img.uline.com/is/image/uline/S-19870?$MediumRHD$,uline,"Home > All Products > Boxes, Corrugated > Corrugated Boxes (200# Test) > Misc Box Sizes",8.1926E+12,s-19870,OK,UPDATE: Found by Handle | Assuming MERGE for Variant Command | Assuming MERGE for Image Command | Variants updated by SKU: 1
S-4510,S-4510,Arka,FALSE,Size,36x36x12,,,,,11.71,S-4510,draft,https://img.uline.com/is/image/uline/S-4510?$MediumRHD$,uline,"Home > All Products > Boxes, Corrugated > Corrugated Boxes (200# Test) > Misc Box Sizes",8.1926E+12,s-4510,OK,UPDATE: Found by Handle | Assuming MERGE for Variant Command | Assuming MERGE for Image Command | Variants updated by SKU: 1
S-18170,S-18170,Arka,FALSE,Size,36x36x12,,,,,19.51,S-18170,draft,https://img.uline.com/is/image/uline/S-18170?$MediumRHD$,uline,"Home > All Products > Boxes, Corrugated > Heavy Duty Boxes > 275 Lb. Test Double Wall Boxes",8.1926E+12,s-18170,OK,UPDATE: Found by Handle | Assuming MERGE for Variant Command | Assuming MERGE for Image Command | Variants updated by SKU: 1
S-4457,S-4457,Arka,FALSE,Size,36x36x18,,,,,12.02,S-4457,draft,https://img.uline.com/is/image/uline/S-4457?$MediumRHD$,uline,"Home > All Products > Boxes, Corrugated > Corrugated Boxes (200# Test) > Misc Box Sizes",8.1926E+12,s-4457,OK,UPDATE: Found by Handle | Assuming MERGE for Variant Command | Assuming MERGE for Image Command | Variants updated by SKU: 1
S-22594,S-22594,Arka,FALSE,Size,36x36x18,,,,,21.88,S-22594,draft,https://img.uline.com/is/image/uline/S-22594?$MediumRHD$,uline,"Home > All Products > Boxes, Corrugated > Heavy Duty Boxes > 275 Lb. Test Double Wall Boxes",8.1926E+12,s-22594,OK,UPDATE: Found by Handle | Assuming MERGE for Variant Command | Assuming MERGE for Image Command | Variants updated by SKU: 1
S-15061,S-15061,Arka,FALSE,Size,36x36x24,,,,,24.25,S-15061,draft,https://img.uline.com/is/image/uline/S-15061?$MediumRHD$,uline,"Home > All Products > Boxes, Corrugated > Heavy Duty Boxes > 275 Lb. Test Double Wall Boxes",8.1926E+12,s-15061,OK,UPDATE: Found by Handle | Assuming MERGE for Variant Command | Assuming MERGE for Image Command | Variants updated by SKU: 1
S-4478,S-4478,Arka,FALSE,Size,36x36x24,,,,,12.05,S-4478,draft,https://img.uline.com/is/image/uline/S-4478?$MediumRHD$,uline,"Home > All Products > Boxes, Corrugated > Corrugated Boxes (200# Test) > Misc Box Sizes",8.1926E+12,s-4478,OK,UPDATE: Found by Handle | Assuming MERGE for Variant Command | Assuming MERGE for Image Command | Variants updated by SKU: 1
S-4373,S-4373,Arka,FALSE,Size,36x36x36,,,,,13.02,S-4373,draft,https://img.uline.com/is/image/uline/S-4373?$MediumRHD$,uline,"Home > All Products > Boxes, Corrugated > Corrugated Boxes (200# Test) > Multi-Depth Boxes",8.1926E+12,s-4373,OK,UPDATE: Found by Handle | Assuming MERGE for Variant Command | Assuming MERGE for Image Command | Variants updated by SKU: 1
S-11300,S-11300,Arka,FALSE,Size,36x36x36,,,,,60,S-11300,draft,https://img.uline.com/is/image/uline/S-11300?$MediumRHD$,uline,"Home > All Products > Boxes, Corrugated > Bulk Cargo > 1,100 Lb. Triple Wall Boxes",8.1926E+12,s-11300,OK,UPDATE: Found by Handle | Assuming MERGE for Variant Command | Assuming MERGE for Image Command | Variants updated by SKU: 1
S-4966,S-4966,Arka,FALSE,Size,36x36x36,,,,,34.57,S-4966,draft,https://img.uline.com/is/image/uline/S-4966?$MediumRHD$,uline,"Home > All Products > Boxes, Corrugated > Heavy Duty Boxes > 275 Lb. Test Double Wall Boxes",8.1926E+12,s-4966,OK,UPDATE: Found by Handle | Assuming MERGE for Variant Command | Assuming MERGE for Image Command | Variants updated by SKU: 1
S-10664,S-10664,Arka,FALSE,Size,39x8x75,,,,,16.69,S-10664,draft,https://img.uline.com/is/image/uline/S-10664?$MediumRHD$,uline,"Home > All Products > Boxes, Corrugated > Moving Boxes > Mattress Boxes",8.1926E+12,s-10664,OK,UPDATE: Found by Handle | Assuming MERGE for Variant Command | Assuming MERGE for Image Command | Variants updated by SKU: 1
S-18430,S-18430,Arka,FALSE,Size,40x6x6,,,,,2.61,S-18430,draft,https://img.uline.com/is/image/uline/S-18430?$MediumRHD$,uline,"Home > All Products > Boxes, Corrugated > Corrugated Boxes (200# Test) > Long Boxes",8.1926E+12,s-18430,OK,UPDATE: Found by Handle | Assuming MERGE for Variant Command | Assuming MERGE for Image Command | Variants updated by SKU: 1
S-4748,S-4748,Arka,FALSE,Size,40x8x8,,,,,3.2,S-4748,draft,https://img.uline.com/is/image/uline/S-4748?$MediumRHD$,uline,"Home > All Products > Boxes, Corrugated > Corrugated Boxes (200# Test) > Long Boxes",8.1926E+12,s-4748,OK,UPDATE: Found by Handle | Assuming MERGE for Variant Command | Assuming MERGE for Image Command | Variants updated by SKU: 1
S-19195,S-19195,Arka,FALSE,Size,40x10x10,,,,,4.22,S-19195,draft,https://img.uline.com/is/image/uline/S-19195?$MediumRHD$,uline,"Home > All Products > Boxes, Corrugated > Corrugated Boxes (200# Test) > Long Boxes",8.1926E+12,s-19195,OK,UPDATE: Found by Handle | Assuming MERGE for Variant Command | Assuming MERGE for Image Command | Variants updated by SKU: 1
S-10665,S-10665,Arka,FALSE,Size,40x12x12,,,,,4.87,S-10665,draft,https://img.uline.com/is/image/uline/S-10665?$MediumRHD$,uline,"Home > All Products > Boxes, Corrugated > Corrugated Boxes (200# Test) > Long Boxes",8.1926E+12,s-10665,OK,UPDATE: Found by Handle | Assuming MERGE for Variant Command | Assuming MERGE for Image Command | Variants updated by SKU: 1
S-21544,S-21544,Arka,FALSE,Size,40x12x12,,,,,7.22,S-21544,draft,https://img.uline.com/is/image/uline/S-21544?$MediumRHD$,uline,"Home > All Products > Boxes, Corrugated > Heavy Duty Boxes > 275 Lb. Test Double Wall Boxes",8.1926E+12,s-21544,OK,UPDATE: Found by Handle | Assuming MERGE for Variant Command | Assuming MERGE for Image Command | Variants updated by SKU: 1
S-21033,S-21033,Arka,FALSE,Size,40x14x14,,,,,6.35,S-21033,draft,https://img.uline.com/is/image/uline/S-21033?$MediumRHD$,uline,"Home > All Products > Boxes, Corrugated > Corrugated Boxes (200# Test) > Long Boxes",8.1926E+12,s-21033,OK,UPDATE: Found by Handle | Assuming MERGE for Variant Command | Assuming MERGE for Image Command | Variants updated by SKU: 1
S-12772,S-12772,Arka,FALSE,Size,40x18x8,,,,,5.46,S-12772,draft,https://img.uline.com/is/image/uline/S-12772?$MediumRHD$,uline,"Home > All Products > Boxes, Corrugated > Corrugated Boxes (200# Test) > Misc Box Sizes",8.1926E+12,s-12772,OK,UPDATE: Found by Handle | Assuming MERGE for Variant Command | Assuming MERGE for Image Command | Variants updated by SKU: 1
S-23336,S-23336,Arka,FALSE,Size,40x20x10,,,,,6.51,S-23336,draft,https://img.uline.com/is/image/uline/S-23336?$MediumRHD$,uline,"Home > All Products > Boxes, Corrugated > Corrugated Boxes (200# Test) > Misc Box Sizes",8.1926E+12,s-23336,OK,UPDATE: Found by Handle | Assuming MERGE for Variant Command | Assuming MERGE for Image Command | Variants updated by SKU: 1
S-15110,S-15110,Arka,FALSE,Size,40x20x20,,,,,8.02,S-15110,draft,https://img.uline.com/is/image/uline/S-15110?$MediumRHD$,uline,"Home > All Products > Boxes, Corrugated > Corrugated Boxes (200# Test) > Misc Box Sizes",8.1926E+12,s-15110,OK,UPDATE: Found by Handle | Assuming MERGE for Variant Command | Assuming MERGE for Image Command | Variants updated by SKU: 1
S-18929,S-18929,Arka,FALSE,Size,40x20x20,,,,,14.25,S-18929,draft,https://img.uline.com/is/image/uline/S-18929?$MediumRHD$,uline,"Home > All Products > Boxes, Corrugated > Heavy Duty Boxes > 275 Lb. Test Double Wall Boxes",8.1926E+12,s-18929,OK,UPDATE: Found by Handle | Assuming MERGE for Variant Command | Assuming MERGE for Image Command | Variants updated by SKU: 1
S-23337,S-23337,Arka,FALSE,Size,40x24x12,,,,,8.27,S-23337,draft,https://img.uline.com/is/image/uline/S-23337?$MediumRHD$,uline,"Home > All Products > Boxes, Corrugated > Corrugated Boxes (200# Test) > Misc Box Sizes",8.1926E+12,s-23337,OK,UPDATE: Found by Handle | Assuming MERGE for Variant Command | Assuming MERGE for Image Command | Variants updated by SKU: 1
S-16766,S-16766,Arka,FALSE,Size,40x30x30,,,,,13.72,S-16766,draft,https://img.uline.com/is/image/uline/S-16766?$MediumRHD$,uline,"Home > All Products > Boxes, Corrugated > Corrugated Boxes (200# Test) > Misc Box Sizes",8.1926E+12,s-16766,OK,UPDATE: Found by Handle | Assuming MERGE for Variant Command | Assuming MERGE for Image Command | Variants updated by SKU: 1
S-19776,S-19776,Arka,FALSE,Size,40x30x30,,,,,24.67,S-19776,draft,https://img.uline.com/is/image/uline/S-19776?$MediumRHD$,uline,"Home > All Products > Boxes, Corrugated > Heavy Duty Boxes > 275 Lb. Test Double Wall Boxes",8.1926E+12,s-19776,OK,UPDATE: Found by Handle | Assuming MERGE for Variant Command | Assuming MERGE for Image Command | Variants updated by SKU: 1
S-4967,S-4967,Arka,FALSE,Size,40x30x30,,,,,54,S-4967,draft,https://img.uline.com/is/image/uline/S-4967?$MediumRHD$,uline,"Home > All Products > Boxes, Corrugated > Bulk Cargo > 1,100 Lb. Triple Wall Boxes",8.1926E+12,s-4967,OK,UPDATE: Found by Handle | Assuming MERGE for Variant Command | Assuming MERGE for Image Command | Variants updated by SKU: 1
S-18973,S-18973,Arka,FALSE,Size,40x40x40,,,,,82,S-18973,draft,https://img.uline.com/is/image/uline/S-18973?$MediumRHD$,uline,"Home > All Products > Boxes, Corrugated > Bulk Cargo > 1,100 Lb. Triple Wall Boxes",8.1926E+12,s-18973,OK,UPDATE: Found by Handle | Assuming MERGE for Variant Command | Assuming MERGE for Image Command | Variants updated by SKU: 1
S-4847,S-4847,Arka,FALSE,Size,42x11x6,,,,,4.38,S-4847,draft,https://img.uline.com/is/image/uline/S-4847?$MediumRHD$,uline,"Home > All Products > Boxes, Corrugated > Corrugated Boxes (200# Test) > Misc Box Sizes",8.1926E+12,s-4847,OK,UPDATE: Found by Handle | Assuming MERGE for Variant Command | Assuming MERGE for Image Command | Variants updated by SKU: 1
S-16769,S-16769,Arka,FALSE,Size,44x12x12,,,,,4.69,S-16769,draft,https://img.uline.com/is/image/uline/S-16769?$MediumRHD$,uline,"Home > All Products > Boxes, Corrugated > Corrugated Boxes (200# Test) > Long Boxes",8.1926E+12,s-16769,OK,UPDATE: Found by Handle | Assuming MERGE for Variant Command | Assuming MERGE for Image Command | Variants updated by SKU: 1
S-16770,S-16770,Arka,FALSE,Size,46x20x12,,,,,7.25,S-16770,draft,https://img.uline.com/is/image/uline/S-16770?$MediumRHD$,uline,"Home > All Products > Boxes, Corrugated > Corrugated Boxes (200# Test) > Misc Box Sizes",8.1926E+12,s-16770,OK,UPDATE: Found by Handle | Assuming MERGE for Variant Command | Assuming MERGE for Image Command | Variants updated by SKU: 1
S-4675,S-4675,Arka,FALSE,Size,48x4x4,,,,,2.32,S-4675,draft,https://img.uline.com/is/image/uline/S-4675?$MediumRHD$,uline,"Home > All Products > Boxes, Corrugated > Corrugated Boxes (200# Test) > Long Boxes",8.1926E+12,s-4675,OK,UPDATE: Found by Handle | Assuming MERGE for Variant Command | Assuming MERGE for Image Command | Variants updated by SKU: 1
S-4940,S-4940,Arka,FALSE,Size,48x6x6,,,,,3.36,S-4940,draft,https://img.uline.com/is/image/uline/S-4940?$MediumRHD$,uline,"Home > All Products > Boxes, Corrugated > Corrugated Boxes (200# Test) > Long Boxes",8.1926E+12,s-4940,OK,UPDATE: Found by Handle | Assuming MERGE for Variant Command | Assuming MERGE for Image Command | Variants updated by SKU: 1
S-4574,S-4574,Arka,FALSE,Size,48x8x8,,,,,4.27,S-4574,draft,https://img.uline.com/is/image/uline/S-4574?$MediumRHD$,uline,"Home > All Products > Boxes, Corrugated > Corrugated Boxes (200# Test) > Long Boxes",8.1926E+12,s-4574,OK,UPDATE: Found by Handle | Assuming MERGE for Variant Command | Assuming MERGE for Image Command | Variants updated by SKU: 1
S-11251,S-11251,Arka,FALSE,Size,48x6x38,,,,,20.3,S-11251,draft,https://img.uline.com/is/image/uline/S-11251?$MediumRHD$,uline,"Home > All Products > Boxes, Corrugated > Moving Boxes > Artwork/Mirror Boxes",8.1926E+12,s-11251,OK,UPDATE: Found by Handle | Assuming MERGE for Variant Command | Assuming MERGE for Image Command | Variants updated by SKU: 1
S-10666,S-10666,Arka,FALSE,Size,48x10x10,,,,,4.56,S-10666,draft,https://img.uline.com/is/image/uline/S-10666?$MediumRHD$,uline,"Home > All Products > Boxes, Corrugated > Corrugated Boxes (200# Test) > Long Boxes",8.1926E+12,s-10666,OK,UPDATE: Found by Handle | Assuming MERGE for Variant Command | Assuming MERGE for Image Command | Variants updated by SKU: 1
S-19096,S-19096,Arka,FALSE,Size,48x12x6,,,,,4.5,S-19096,draft,https://img.uline.com/is/image/uline/S-19096?$MediumRHD$,uline,"Home > All Products > Boxes, Corrugated > Corrugated Boxes (200# Test) > Long Boxes",8.1926E+12,s-19096,OK,UPDATE: Found by Handle | Assuming MERGE for Variant Command | Assuming MERGE for Image Command | Variants updated by SKU: 1
S-4419,S-4419,Arka,FALSE,Size,48x12x12,,,,,3.92,S-4419,draft,https://img.uline.com/is/image/uline/S-4419?$MediumRHD$,uline,"Home > All Products > Boxes, Corrugated > Corrugated Boxes (200# Test) > Long Boxes",8.1926E+12,s-4419,OK,UPDATE: Found by Handle | Assuming MERGE for Variant Command | Assuming MERGE for Image Command | Variants updated by SKU: 1
S-4941,S-4941,Arka,FALSE,Size,48x12x12,,,,,6.55,S-4941,draft,https://img.uline.com/is/image/uline/S-4941?$MediumRHD$,uline,"Home > All Products > Boxes, Corrugated > Heavy Duty Boxes > 275 Lb. Test Single Wall Boxes",8.1926E+12,s-4941,OK,UPDATE: Found by Handle | Assuming MERGE for Variant Command | Assuming MERGE for Image Command | Variants updated by SKU: 1
S-16464,S-16464,Arka,FALSE,Size,48x12x12,,,,,8.28,S-16464,draft,https://img.uline.com/is/image/uline/S-16464?$MediumRHD$,uline,"Home > All Products > Boxes, Corrugated > Heavy Duty Boxes > 275 Lb. Test Double Wall Boxes",8.1926E+12,s-16464,OK,UPDATE: Found by Handle | Assuming MERGE for Variant Command | Assuming MERGE for Image Command | Variants updated by SKU: 1
S-13334,S-13334,Arka,FALSE,Size,48x16x16,,,,,7.01,S-13334,draft,https://img.uline.com/is/image/uline/S-13334?$MediumRHD$,uline,"Home > All Products > Boxes, Corrugated > Corrugated Boxes (200# Test) > Long Boxes",8.1926E+12,s-13334,OK,UPDATE: Found by Handle | Assuming MERGE for Variant Command | Assuming MERGE for Image Command | Variants updated by SKU: 1
S-20416,S-20416,Arka,FALSE,Size,48x16x16,,,,,12.03,S-20416,draft,https://img.uline.com/is/image/uline/S-20416?$MediumRHD$,uline,"Home > All Products > Boxes, Corrugated > Heavy Duty Boxes > 275 Lb. Test Double Wall Boxes",8.1926E+12,s-20416,OK,UPDATE: Found by Handle | Assuming MERGE for Variant Command | Assuming MERGE for Image Command | Variants updated by SKU: 1
S-22595,S-22595,Arka,FALSE,Size,48x20x20,,,,,15.86,S-22595,draft,https://img.uline.com/is/image/uline/S-22595?$MediumRHD$,uline,"Home > All Products > Boxes, Corrugated > Heavy Duty Boxes > 275 Lb. Test Double Wall Boxes",8.1926E+12,s-22595,OK,UPDATE: Found by Handle | Assuming MERGE for Variant Command | Assuming MERGE for Image Command | Variants updated by SKU: 1
S-4848,S-4848,Arka,FALSE,Size,48x24x12,,,,,9.21,S-4848,draft,https://img.uline.com/is/image/uline/S-4848?$MediumRHD$,uline,"Home > All Products > Boxes, Corrugated > Corrugated Boxes (200# Test) > Misc Box Sizes",8.1926E+12,s-4848,OK,UPDATE: Found by Handle | Assuming MERGE for Variant Command | Assuming MERGE for Image Command | Variants updated by SKU: 1
S-19831,S-19831,Arka,FALSE,Size,48x24x8,,,,,9.46,S-19831,draft,https://img.uline.com/is/image/uline/S-19831?$MediumRHD$,uline,"Home > All Products > Boxes, Corrugated > Corrugated Boxes (200# Test) > Misc Box Sizes",8.1926E+12,s-19831,OK,UPDATE: Found by Handle | Assuming MERGE for Variant Command | Assuming MERGE for Image Command | Variants updated by SKU: 1
S-15062,S-15062,Arka,FALSE,Size,48x24x12,,,,,14.72,S-15062,draft,https://img.uline.com/is/image/uline/S-15062?$MediumRHD$,uline,"Home > All Products > Boxes, Corrugated > Heavy Duty Boxes > 275 Lb. Test Double Wall Boxes",8.1926E+12,s-15062,OK,UPDATE: Found by Handle | Assuming MERGE for Variant Command | Assuming MERGE for Image Command | Variants updated by SKU: 1
S-4749,S-4749,Arka,FALSE,Size,48x24x24,,,,,10.31,S-4749,draft,https://img.uline.com/is/image/uline/S-4749?$MediumRHD$,uline,"Home > All Products > Boxes, Corrugated > Corrugated Boxes (200# Test) > Misc Box Sizes",8.1926E+12,s-4749,OK,UPDATE: Found by Handle | Assuming MERGE for Variant Command | Assuming MERGE for Image Command | Variants updated by SKU: 1
S-14235,S-14235,Arka,FALSE,Size,48x24x24,,,,,19.46,S-14235,draft,https://img.uline.com/is/image/uline/S-14235?$MediumRHD$,uline,"Home > All Products > Boxes, Corrugated > Heavy Duty Boxes > 275 Lb. Test Double Wall Boxes",8.1926E+12,s-14235,OK,UPDATE: Found by Handle | Assuming MERGE for Variant Command | Assuming MERGE for Image Command | Variants updated by SKU: 1
S-18974,S-18974,Arka,FALSE,Size,48x24x28,,,,,52,S-18974,draft,https://img.uline.com/is/image/uline/S-18974?$MediumRHD$,uline,"Home > All Products > Boxes, Corrugated > Bulk Cargo > 1,100 Lb. Triple Wall Boxes",8.1926E+12,s-18974,OK,UPDATE: Found by Handle | Assuming MERGE for Variant Command | Assuming MERGE for Image Command | Variants updated by SKU: 1
S-20427,S-20427,Arka,FALSE,Size,48x40x24,,,,,66,S-20427,draft,https://img.uline.com/is/image/uline/S-20427?$MediumRHD$,uline,"Home > All Products > Boxes, Corrugated > Bulk Cargo > 1,100 Lb. Triple Wall Boxes",8.1926E+12,s-20427,OK,UPDATE: Found by Handle | Assuming MERGE for Variant Command | Assuming MERGE for Image Command | Variants updated by SKU: 1
S-4931,S-4931,Arka,FALSE,Size,48x40x36,,,,,61,S-4931,draft,https://img.uline.com/is/image/uline/S-4931?$MediumRHD$,uline,"Home > All Products > Boxes, Corrugated > Bulk Cargo > 1,100 Lb. Triple Wall Boxes",8.1926E+12,s-4931,OK,UPDATE: Found by Handle | Assuming MERGE for Variant Command | Assuming MERGE for Image Command | Variants updated by SKU: 1
S-16338,S-16338,Arka,FALSE,Size,48x40x36,,,,,98,S-16338,draft,https://img.uline.com/is/image/uline/S-16338?$MediumRHD$,uline,"Home > All Products > Boxes, Corrugated > Bulk Cargo > 1,100 Lb. Triple Wall Boxes",8.1926E+12,s-16338,OK,UPDATE: Found by Handle | Assuming MERGE for Variant Command | Assuming MERGE for Image Command | Variants updated by SKU: 1
S-17996,S-17996,Arka,FALSE,Size,48x40x48,,,,,93,S-17996,draft,https://img.uline.com/is/image/uline/S-17996?$MediumRHD$,uline,"Home > All Products > Boxes, Corrugated > Bulk Cargo > 1,100 Lb. Triple Wall Boxes",8.1926E+12,s-17996,OK,UPDATE: Found by Handle | Assuming MERGE for Variant Command | Assuming MERGE for Image Command | Variants updated by SKU: 1
S-16337,S-16337,Arka,FALSE,Size,48x48x36,,,,,104,S-16337,draft,https://img.uline.com/is/image/uline/S-16337?$MediumRHD$,uline,"Home > All Products > Boxes, Corrugated > Bulk Cargo > 1,100 Lb. Triple Wall Boxes",8.1926E+12,s-16337,OK,UPDATE: Found by Handle | Assuming MERGE for Variant Command | Assuming MERGE for Image Command | Variants updated by SKU: 1
S-14246,S-14246,Arka,FALSE,Size,48x48x48,,,,,122,S-14246,draft,https://img.uline.com/is/image/uline/S-14246?$MediumRHD$,uline,"Home > All Products > Boxes, Corrugated > Bulk Cargo > 1,100 Lb. Triple Wall Boxes",8.1926E+12,s-14246,OK,UPDATE: Found by Handle | Assuming MERGE for Variant Command | Assuming MERGE for Image Command | Variants updated by SKU: 1
S-18335,S-18335,Arka,FALSE,Size,50x12x12,,,,,5.14,S-18335,draft,https://img.uline.com/is/image/uline/S-18335?$MediumRHD$,uline,"Home > All Products > Boxes, Corrugated > Corrugated Boxes (200# Test) > Long Boxes",8.1926E+12,s-18335,OK,UPDATE: Found by Handle | Assuming MERGE for Variant Command | Assuming MERGE for Image Command | Variants updated by SKU: 1
S-10667,S-10667,Arka,FALSE,Size,54x8x75,,,,,21.72,S-10667,draft,https://img.uline.com/is/image/uline/S-10667?$MediumRHD$,uline,"Home > All Products > Boxes, Corrugated > Moving Boxes > Mattress Boxes",8.1926E+12,s-10667,OK,UPDATE: Found by Handle | Assuming MERGE for Variant Command | Assuming MERGE for Image Command | Variants updated by SKU: 1
S-21568,S-21568,Arka,FALSE,Size,60x6x6,,,,,3.74,S-21568,draft,https://img.uline.com/is/image/uline/S-21568?$MediumRHD$,uline,"Home > All Products > Boxes, Corrugated > Corrugated Boxes (200# Test) > Long Boxes",8.1926E+12,s-21568,OK,UPDATE: Found by Handle | Assuming MERGE for Variant Command | Assuming MERGE for Image Command | Variants updated by SKU: 1
S-4684,S-4684,Arka,FALSE,Size,58x41x45,,,,,87,S-4684,draft,https://img.uline.com/is/image/uline/S-4684?$MediumRHD$,uline,"Home > All Products > Boxes, Corrugated > Bulk Cargo > 350 Lb. Test Double Wall Boxes",8.1926E+12,s-4684,OK,UPDATE: Found by Handle | Assuming MERGE for Variant Command | Assuming MERGE for Image Command | Variants updated by SKU: 1
S-20536,S-20536,Arka,FALSE,Size,60x8x8,,,,,4.95,S-20536,draft,https://img.uline.com/is/image/uline/S-20536?$MediumRHD$,uline,"Home > All Products > Boxes, Corrugated > Corrugated Boxes (200# Test) > Long Boxes",8.1926E+12,s-20536,OK,UPDATE: Found by Handle | Assuming MERGE for Variant Command | Assuming MERGE for Image Command | Variants updated by SKU: 1
S-21569,S-21569,Arka,FALSE,Size,60x10x10,,,,,6.27,S-21569,draft,https://img.uline.com/is/image/uline/S-21569?$MediumRHD$,uline,"Home > All Products > Boxes, Corrugated > Corrugated Boxes (200# Test) > Long Boxes",8.1926E+12,s-21569,OK,UPDATE: Found by Handle | Assuming MERGE for Variant Command | Assuming MERGE for Image Command | Variants updated by SKU: 1
S-19097,S-19097,Arka,FALSE,Size,60x12x12,,,,,7.59,S-19097,draft,https://img.uline.com/is/image/uline/S-19097?$MediumRHD$,uline,"Home > All Products > Boxes, Corrugated > Corrugated Boxes (200# Test) > Long Boxes",8.1926E+12,s-19097,OK,UPDATE: Found by Handle | Assuming MERGE for Variant Command | Assuming MERGE for Image Command | Variants updated by SKU: 1
S-20417,S-20417,Arka,FALSE,Size,60x12x12,,,,,13,S-20417,draft,https://img.uline.com/is/image/uline/S-20417?$MediumRHD$,uline,"Home > All Products > Boxes, Corrugated > Heavy Duty Boxes > 275 Lb. Test Double Wall Boxes",8.1926E+12,s-20417,OK,UPDATE: Found by Handle | Assuming MERGE for Variant Command | Assuming MERGE for Image Command | Variants updated by SKU: 1
S-22598,S-22598,Arka,FALSE,Size,60x24x24,,,,,18.37,S-22598,draft,https://img.uline.com/is/image/uline/S-22598?$MediumRHD$,uline,"Home > All Products > Boxes, Corrugated > Corrugated Boxes (200# Test) > Long Boxes",8.1926E+12,s-22598,OK,UPDATE: Found by Handle | Assuming MERGE for Variant Command | Assuming MERGE for Image Command | Variants updated by SKU: 1
S-23296,S-23296,Arka,FALSE,Size,60x24x24,,,,,30.41,S-23296,draft,https://img.uline.com/is/image/uline/S-23296?$MediumRHD$,uline,"Home > All Products > Boxes, Corrugated > Heavy Duty Boxes > 275 Lb. Test Double Wall Boxes",8.1926E+12,s-23296,OK,UPDATE: Found by Handle | Assuming MERGE for Variant Command | Assuming MERGE for Image Command | Variants updated by SKU: 1
S-10668,S-10668,Arka,FALSE,Size,81x11x40,,,,,39.18,S-10668,draft,https://img.uline.com/is/image/uline/S-10668?$MediumRHD$,uline,"Home > All Products > Boxes, Corrugated > Moving Boxes > Mattress Boxes",8.1926E+12,s-10668,OK,UPDATE: Found by Handle | Assuming MERGE for Variant Command | Assuming MERGE for Image Command | Variants updated by SKU: 1
S-4874,S-4874,Arka,FALSE,Size,43x36x29,,,,,110,S-4874,draft,https://img.uline.com/is/image/uline/S-4874?$MediumRHD$,uline,"Home > All Products > Boxes, Corrugated > Bulk Cargo > 1,300 Lb. Triple Wall Boxes",8.19261E+12,s-4874,OK,UPDATE: Found by Handle | Assuming MERGE for Variant Command | Assuming MERGE for Image Command | Variants updated by SKU: 1
S-16497,S-16497,Arka,FALSE,Size,6x6x6,,,,,61,S-16497,draft,https://img.uline.com/is/image/uline/S-16497?$MediumRHD$,uline,"Home > All Products > Boxes, Corrugated > Insulated Shippers and Supplies > Insulated Box Liners",8.19261E+12,s-16497,OK,UPDATE: Found by Handle | Assuming MERGE for Variant Command | Assuming MERGE for Image Command | Variants updated by SKU: 1
S-15221,S-15221,Arka,FALSE,Size,8x8x8,,,,,79,S-15221,draft,https://img.uline.com/is/image/uline/S-15221?$MediumRHD$,uline,"Home > All Products > Boxes, Corrugated > Insulated Shippers and Supplies > Insulated Box Liners",8.19261E+12,s-15221,OK,UPDATE: Found by Handle | Assuming MERGE for Variant Command | Assuming MERGE for Image Command | Variants updated by SKU: 1
S-16498,S-16498,Arka,FALSE,Size,10x10x10,,,,,114,S-16498,draft,https://img.uline.com/is/image/uline/S-16498?$MediumRHD$,uline,"Home > All Products > Boxes, Corrugated > Insulated Shippers and Supplies > Insulated Box Liners",8.19261E+12,s-16498,OK,UPDATE: Found by Handle | Assuming MERGE for Variant Command | Assuming MERGE for Image Command | Variants updated by SKU: 1
S-18277,S-18277,Arka,FALSE,Size,11x8x6,,,,,87,S-18277,draft,https://img.uline.com/is/image/uline/S-18277?$MediumRHD$,uline,"Home > All Products > Boxes, Corrugated > Insulated Shippers and Supplies > Insulated Box Liners",8.19261E+12,s-18277,OK,UPDATE: Found by Handle | Assuming MERGE for Variant Command | Assuming MERGE for Image Command | Variants updated by SKU: 1
S-15222,S-15222,Arka,FALSE,Size,12x10x9,,,,,130,S-15222,draft,https://img.uline.com/is/image/uline/S-15222?$MediumRHD$,uline,"Home > All Products > Boxes, Corrugated > Insulated Shippers and Supplies > Insulated Box Liners",8.19261E+12,s-15222,OK,UPDATE: Found by Handle | Assuming MERGE for Variant Command | Assuming MERGE for Image Command | Variants updated by SKU: 1
S-18278,S-18278,Arka,FALSE,Size,12x12x6,,,,,134,S-18278,draft,https://img.uline.com/is/image/uline/S-18278?$MediumRHD$,uline,"Home > All Products > Boxes, Corrugated > Insulated Shippers and Supplies > Insulated Box Liners",8.19261E+12,s-18278,OK,UPDATE: Found by Handle | Assuming MERGE for Variant Command | Assuming MERGE for Image Command | Variants updated by SKU: 1
S-15223,S-15223,Arka,FALSE,Size,12x12x12,,,,,160,S-15223,draft,https://img.uline.com/is/image/uline/S-15223?$MediumRHD$,uline,"Home > All Products > Boxes, Corrugated > Insulated Shippers and Supplies > Insulated Box Liners",8.19261E+12,s-15223,OK,UPDATE: Found by Handle | Assuming MERGE for Variant Command | Assuming MERGE for Image Command | Variants updated by SKU: 1
S-19757,S-19757,Arka,FALSE,Size,14x10x10,,,,,149,S-19757,draft,https://img.uline.com/is/image/uline/S-19757?$MediumRHD$,uline,"Home > All Products > Boxes, Corrugated > Insulated Shippers and Supplies > Insulated Box Liners",8.19261E+12,s-19757,OK,UPDATE: Found by Handle | Assuming MERGE for Variant Command | Assuming MERGE for Image Command | Variants updated by SKU: 1
S-21089,S-21089,Arka,FALSE,Size,16x12x12,,,,,202,S-21089,draft,https://img.uline.com/is/image/uline/S-21089?$MediumRHD$,uline,"Home > All Products > Boxes, Corrugated > Insulated Shippers and Supplies > Insulated Box Liners",8.19261E+12,s-21089,OK,UPDATE: Found by Handle | Assuming MERGE for Variant Command | Assuming MERGE for Image Command | Variants updated by SKU: 1
S-19758,S-19758,Arka,FALSE,Size,14x14x14,,,,,158,S-19758,draft,https://img.uline.com/is/image/uline/S-19758?$MediumRHD$,uline,"Home > All Products > Boxes, Corrugated > Insulated Shippers and Supplies > Insulated Box Liners",8.19261E+12,s-19758,OK,UPDATE: Found by Handle | Assuming MERGE for Variant Command | Assuming MERGE for Image Command | Variants updated by SKU: 1
S-15224,S-15224,Arka,FALSE,Size,16x16x16,,,,,186,S-15224,draft,https://img.uline.com/is/image/uline/S-15224?$MediumRHD$,uline,"Home > All Products > Boxes, Corrugated > Insulated Shippers and Supplies > Insulated Box Liners",8.19261E+12,s-15224,OK,UPDATE: Found by Handle | Assuming MERGE for Variant Command | Assuming MERGE for Image Command | Variants updated by SKU: 1
S-18279,S-18279,Arka,FALSE,Size,18x12x12,,,,,223,S-18279,draft,https://img.uline.com/is/image/uline/S-18279?$MediumRHD$,uline,"Home > All Products > Boxes, Corrugated > Insulated Shippers and Supplies > Insulated Box Liners",8.19261E+12,s-18279,OK,UPDATE: Found by Handle | Assuming MERGE for Variant Command | Assuming MERGE for Image Command | Variants updated by SKU: 1
S-19759,S-19759,Arka,FALSE,Size,18x18x18,,,,,158,S-19759,draft,https://img.uline.com/is/image/uline/S-19759?$MediumRHD$,uline,"Home > All Products > Boxes, Corrugated > Insulated Shippers and Supplies > Insulated Box Liners",8.19261E+12,s-19759,OK,UPDATE: Found by Handle | Assuming MERGE for Variant Command | Assuming MERGE for Image Command | Variants updated by SKU: 1
S-18280,S-18280,Arka,FALSE,Size,20x20x20,,,,,191,S-18280,draft,https://img.uline.com/is/image/uline/S-18280?$MediumRHD$,uline,"Home > All Products > Boxes, Corrugated > Insulated Shippers and Supplies > Insulated Box Liners",8.19261E+12,s-18280,OK,UPDATE: Found by Handle | Assuming MERGE for Variant Command | Assuming MERGE for Image Command | Variants updated by SKU: 1
S-20419,S-20419,Arka,FALSE,Size,6x6x6,,,,,75,S-20419,draft,https://img.uline.com/is/image/uline/S-20419?$MediumRHD$,uline,"Home > All Products > Boxes, Corrugated > Insulated Shippers and Supplies > Deluxe Box Liners",8.19261E+12,s-20419,OK,UPDATE: Found by Handle | Assuming MERGE for Variant Command | Assuming MERGE for Image Command | Variants updated by SKU: 1
S-15225,S-15225,Arka,FALSE,Size,24x18x18,,,,,178,S-15225,draft,https://img.uline.com/is/image/uline/S-15225?$MediumRHD$,uline,"Home > All Products > Boxes, Corrugated > Insulated Shippers and Supplies > Insulated Box Liners",8.19261E+12,s-15225,OK,UPDATE: Found by Handle | Assuming MERGE for Variant Command | Assuming MERGE for Image Command | Variants updated by SKU: 1
S-18281,S-18281,Arka,FALSE,Size,8x8x8,,,,,100,S-18281,draft,https://img.uline.com/is/image/uline/S-18281?$MediumRHD$,uline,"Home > All Products > Boxes, Corrugated > Insulated Shippers and Supplies > Deluxe Box Liners",8.19261E+12,s-18281,OK,UPDATE: Found by Handle | Assuming MERGE for Variant Command | Assuming MERGE for Image Command | Variants updated by SKU: 1
S-18282,S-18282,Arka,FALSE,Size,10x10x10,,,,,146,S-18282,draft,https://img.uline.com/is/image/uline/S-18282?$MediumRHD$,uline,"Home > All Products > Boxes, Corrugated > Insulated Shippers and Supplies > Deluxe Box Liners",8.19261E+12,s-18282,OK,UPDATE: Found by Handle | Assuming MERGE for Variant Command | Assuming MERGE for Image Command | Variants updated by SKU: 1
S-18283,S-18283,Arka,FALSE,Size,12x12x12,,,,,194,S-18283,draft,https://img.uline.com/is/image/uline/S-18283?$MediumRHD$,uline,"Home > All Products > Boxes, Corrugated > Insulated Shippers and Supplies > Deluxe Box Liners",8.19261E+12,s-18283,OK,UPDATE: Found by Handle | Assuming MERGE for Variant Command | Assuming MERGE for Image Command | Variants updated by SKU: 1
S-19760,S-19760,Arka,FALSE,Size,14x14x14,,,,,252,S-19760,draft,https://img.uline.com/is/image/uline/S-19760?$MediumRHD$,uline,"Home > All Products > Boxes, Corrugated > Insulated Shippers and Supplies > Deluxe Box Liners",8.19261E+12,s-19760,OK,UPDATE: Found by Handle | Assuming MERGE for Variant Command | Assuming MERGE for Image Command | Variants updated by SKU: 1
S-21532,S-21532,Arka,FALSE,Size,16x16x16,,,,,244,S-21532,draft,https://img.uline.com/is/image/uline/S-21532?$MediumRHD$,uline,"Home > All Products > Boxes, Corrugated > Insulated Shippers and Supplies > Deluxe Box Liners",8.19261E+12,s-21532,OK,UPDATE: Found by Handle | Assuming MERGE for Variant Command | Assuming MERGE for Image Command | Variants updated by SKU: 1
S-21104,S-21104,Arka,FALSE,Size,8x8x8,,,,,123,S-21104,draft,https://img.uline.com/is/image/uline/S-21104?$MediumRHD$,uline,"Home > All Products > Boxes, Corrugated > Insulated Shippers and Supplies > Thermal Box Panels",8.19262E+12,s-21104,OK,UPDATE: Found by Handle | Assuming MERGE for Variant Command | Assuming MERGE for Image Command | Variants updated by SKU: 1
S-21105,S-21105,Arka,FALSE,Size,10x10x10,,,,,171,S-21105,draft,https://img.uline.com/is/image/uline/S-21105?$MediumRHD$,uline,"Home > All Products > Boxes, Corrugated > Insulated Shippers and Supplies > Thermal Box Panels",8.19262E+12,s-21105,OK,UPDATE: Found by Handle | Assuming MERGE for Variant Command | Assuming MERGE for Image Command | Variants updated by SKU: 1
S-21106,S-21106,Arka,FALSE,Size,12x12x12,,,,,234,S-21106,draft,https://img.uline.com/is/image/uline/S-21106?$MediumRHD$,uline,"Home > All Products > Boxes, Corrugated > Insulated Shippers and Supplies > Thermal Box Panels",8.19262E+12,s-21106,OK,UPDATE: Found by Handle | Assuming MERGE for Variant Command | Assuming MERGE for Image Command | Variants updated by SKU: 1
S-18365,S-18365,Arka,FALSE,Size,12.50x12.50x15,,,,,4.5,S-18365,draft,https://img.uline.com/is/image/uline/S-18365?$MediumRHD$,uline,"Home > All Products > Boxes, Corrugated > Hazardous Materials Packaging > 5 Gallon Overpack Boxes",8.19262E+12,s-18365,OK,UPDATE: Found by Handle | Assuming MERGE for Variant Command | Assuming MERGE for Image Command | Variants updated by SKU: 1
S-22648,S-22648,Arka,FALSE,Size,11.75x10.50x15.06,,,,,4.5,S-22648,draft,https://img.uline.com/is/image/uline/S-22648?$MediumRHD$,uline,"Home > All Products > Boxes, Corrugated > Hazardous Materials Packaging > 5 Gallon Overpack Boxes",8.19262E+12,s-22648,OK,UPDATE: Found by Handle | Assuming MERGE for Variant Command | Assuming MERGE for Image Command | Variants updated by SKU: 1
S-14958,S-14958,Arka,FALSE,Size,36x36x36,,,,,133,S-14958,draft,https://img.uline.com/is/image/uline/S-14958?$MediumRHD$,uline,"Home > All Products > Boxes, Corrugated > Hazardous Materials Packaging > Hazmat Cubic Yard Box",8.19262E+12,s-14958,OK,UPDATE: Found by Handle | Assuming MERGE for Variant Command | Assuming MERGE for Image Command | Variants updated by SKU: 1
S-14345,S-14345,Arka,FALSE,Size,16x12x12,,,,,2.17,S-14345,draft,https://img.uline.com/is/image/uline/S-14345_txt_USEng?$MediumRHD$,uline,"Home > All Products > Boxes, Corrugated > Moving Boxes > Deluxe Moving Boxes",8.19262E+12,s-14345,OK,UPDATE: Found by Handle | Assuming MERGE for Variant Command | Assuming MERGE for Image Command | Variants updated by SKU: 1
S-14346,S-14346,Arka,FALSE,Size,18x18x24,,,,,4.7,S-14346,draft,https://img.uline.com/is/image/uline/S-14346_txt_USEng?$MediumRHD$,uline,"Home > All Products > Boxes, Corrugated > Moving Boxes > Deluxe Moving Boxes",8.19262E+12,s-14346,OK,UPDATE: Found by Handle | Assuming MERGE for Variant Command | Assuming MERGE for Image Command | Variants updated by SKU: 1
S-4831,S-4831,Arka,FALSE,Size,18x18x16,,,,,3.72,S-4831,draft,https://img.uline.com/is/image/uline/S-4831_txt_USEng?$MediumRHD$,uline,"Home > All Products > Boxes, Corrugated > Moving Boxes > Deluxe Moving Boxes",8.19262E+12,s-4831,OK,UPDATE: Found by Handle | Assuming MERGE for Variant Command | Assuming MERGE for Image Command | Variants updated by SKU: 1
S-16378,S-16378,Arka,FALSE,Size,24x18x18,,,,,5.07,S-16378,draft,https://img.uline.com/is/image/uline/S-16378_txt_USEng?$MediumRHD$,uline,"Home > All Products > Boxes, Corrugated > Moving Boxes > Deluxe Moving Boxes",8.19262E+12,s-16378,OK,UPDATE: Found by Handle | Assuming MERGE for Variant Command | Assuming MERGE for Image Command | Variants updated by SKU: 1
S-16379,S-16379,Arka,FALSE,Size,24x18x24,,,,,5.91,S-16379,draft,https://img.uline.com/is/image/uline/S-16379_txt_USEng?$MediumRHD$,uline,"Home > All Products > Boxes, Corrugated > Moving Boxes > Deluxe Moving Boxes",8.19262E+12,s-16379,OK,UPDATE: Found by Handle | Assuming MERGE for Variant Command | Assuming MERGE for Image Command | Variants updated by SKU: 1
S-16380,S-16380,Arka,FALSE,Size,18x12x12,,,,,4.34,S-16380,draft,https://img.uline.com/is/image/uline/S-16380?$MediumRHD$,uline,"Home > All Products > Boxes, Corrugated > Moving Boxes > Boxes with Hand Holes",8.19262E+12,s-16380,OK,UPDATE: Found by Handle | Assuming MERGE for Variant Command | Assuming MERGE for Image Command | Variants updated by SKU: 1
S-16381,S-16381,Arka,FALSE,Size,20x20x20,,,,,9.31,S-16381,draft,https://img.uline.com/is/image/uline/S-16381?$MediumRHD$,uline,"Home > All Products > Boxes, Corrugated > Moving Boxes > Boxes with Hand Holes",8.19262E+12,s-16381,OK,UPDATE: Found by Handle | Assuming MERGE for Variant Command | Assuming MERGE for Image Command | Variants updated by SKU: 1
S-15961,S-15961,Arka,FALSE,Size,18x18x18,,,,,7.61,S-15961,draft,https://img.uline.com/is/image/uline/S-15961?$MediumRHD$,uline,"Home > All Products > Boxes, Corrugated > Moving Boxes > Boxes with Hand Holes",8.19262E+12,s-15961,OK,UPDATE: Found by Handle | Assuming MERGE for Variant Command | Assuming MERGE for Image Command | Variants updated by SKU: 1
S-15063,S-15063,Arka,FALSE,Size,24x12x12,,,,,5.14,S-15063,draft,https://img.uline.com/is/image/uline/S-15063?$MediumRHD$,uline,"Home > All Products > Boxes, Corrugated > Moving Boxes > Boxes with Hand Holes",8.19262E+12,s-15063,OK,UPDATE: Found by Handle | Assuming MERGE for Variant Command | Assuming MERGE for Image Command | Variants updated by SKU: 1
S-14212,S-14212,Arka,FALSE,Size,24x18x18,,,,,8.84,S-14212,draft,https://img.uline.com/is/image/uline/S-14212?$MediumRHD$,uline,"Home > All Products > Boxes, Corrugated > Moving Boxes > Boxes with Hand Holes",8.19262E+12,s-14212,OK,UPDATE: Found by Handle | Assuming MERGE for Variant Command | Assuming MERGE for Image Command | Variants updated by SKU: 1
S-14213,S-14213,Arka,FALSE,Size,24x24x24,,,,,13.26,S-14213,draft,https://img.uline.com/is/image/uline/S-14213?$MediumRHD$,uline,"Home > All Products > Boxes, Corrugated > Moving Boxes > Boxes with Hand Holes",8.19262E+12,s-14213,OK,UPDATE: Found by Handle | Assuming MERGE for Variant Command | Assuming MERGE for Image Command | Variants updated by SKU: 1
S-16333,S-16333,Arka,FALSE,Size,22x6x16,,,,,4.8,S-16333,draft,https://img.uline.com/is/image/uline/S-16333?$MediumRHD$,uline,"Home > All Products > Boxes, Corrugated > Moving Boxes > Flat-Panel TV Boxes",8.19262E+12,s-16333,OK,UPDATE: Found by Handle | Assuming MERGE for Variant Command | Assuming MERGE for Image Command | Variants updated by SKU: 1
S-16336,S-16336,Arka,FALSE,Size,28x6x20,,,,,6.62,S-16336,draft,https://img.uline.com/is/image/uline/S-16336?$MediumRHD$,uline,"Home > All Products > Boxes, Corrugated > Moving Boxes > Flat-Panel TV Boxes",8.19262E+12,s-16336,OK,UPDATE: Found by Handle | Assuming MERGE for Variant Command | Assuming MERGE for Image Command | Variants updated by SKU: 1
S-15214,S-15214,Arka,FALSE,Size,38x8x26,,,,,16.19,S-15214,draft,https://img.uline.com/is/image/uline/S-15214?$MediumRHD$,uline,"Home > All Products > Boxes, Corrugated > Moving Boxes > Flat-Panel TV Boxes",8.19262E+12,s-15214,OK,UPDATE: Found by Handle | Assuming MERGE for Variant Command | Assuming MERGE for Image Command | Variants updated by SKU: 1
S-13976,S-13976,Arka,FALSE,Size,46x8x30,,,,,21.53,S-13976,draft,https://img.uline.com/is/image/uline/S-13976?$MediumRHD$,uline,"Home > All Products > Boxes, Corrugated > Moving Boxes > Flat-Panel TV Boxes",8.19262E+12,s-13976,OK,UPDATE: Found by Handle | Assuming MERGE for Variant Command | Assuming MERGE for Image Command | Variants updated by SKU: 1
S-13977,S-13977,Arka,FALSE,Size,56x8x36,,,,,27.98,S-13977,draft,https://img.uline.com/is/image/uline/S-13977?$MediumRHD$,uline,"Home > All Products > Boxes, Corrugated > Moving Boxes > Flat-Panel TV Boxes",8.19262E+12,s-13977,OK,UPDATE: Found by Handle | Assuming MERGE for Variant Command | Assuming MERGE for Image Command | Variants updated by SKU: 1
S-15215,S-15215,Arka,FALSE,Size,64x8x40,,,,,51.4,S-15215,draft,https://img.uline.com/is/image/uline/S-15215?$MediumRHD$,uline,"Home > All Products > Boxes, Corrugated > Moving Boxes > Flat-Panel TV Boxes",8.19262E+12,s-15215,OK,UPDATE: Found by Handle | Assuming MERGE for Variant Command | Assuming MERGE for Image Command | Variants updated by SKU: 1
S-19761,S-19761,Arka,FALSE,Size,70x8x42,,,,,65.76,S-19761,draft,https://img.uline.com/is/image/uline/S-19761?$MediumRHD$,uline,"Home > All Products > Boxes, Corrugated > Moving Boxes > Flat-Panel TV Boxes",8.19262E+12,s-19761,OK,UPDATE: Found by Handle | Assuming MERGE for Variant Command | Assuming MERGE for Image Command | Variants updated by SKU: 1
S-23318,S-23318,Arka,FALSE,Size,82x8x50,,,,,99.44,S-23318,draft,https://img.uline.com/is/image/uline/S-23318?$MediumRHD$,uline,"Home > All Products > Boxes, Corrugated > Moving Boxes > Flat-Panel TV Boxes",8.19262E+12,s-23318,OK,UPDATE: Found by Handle | Assuming MERGE for Variant Command | Assuming MERGE for Image Command | Variants updated by SKU: 1
S-16675,S-16675,Arka,FALSE,Size,18.88x16.88x5,,,,,13.2,S-16675,draft,https://img.uline.com/is/image/uline/S-16675?$MediumRHD$,uline,"Home > All Products > Boxes, Corrugated > Special Use Boxes > Korrvu® Retention Boxes",8.19262E+12,s-16675,OK,UPDATE: Found by Handle | Assuming MERGE for Variant Command | Assuming MERGE for Image Command | Variants updated by SKU: 1
S-4972,S-4972,Arka,FALSE,Size,24x12x12,,,,,11.63,S-4972,draft,https://img.uline.com/is/image/uline/S-4972?$MediumRHD$,uline,"Home > All Products > Boxes, Corrugated > Moving Boxes > Dish and Glass Pack Boxes",8.19262E+12,s-4972,OK,UPDATE: Found by Handle | Assuming MERGE for Variant Command | Assuming MERGE for Image Command | Variants updated by SKU: 1
S-18940,S-18940,Arka,FALSE,Size,16x12x9,,,,,7.88,S-18940,draft,https://img.uline.com/is/image/uline/S-18940?$MediumRHD$,uline,"Home > All Products > Boxes, Corrugated > Moving Boxes > Dish and Glass Pack Boxes",8.19262E+12,s-18940,OK,UPDATE: Found by Handle | Assuming MERGE for Variant Command | Assuming MERGE for Image Command | Variants updated by SKU: 1
S-18941,S-18941,Arka,FALSE,Size,17.50x13x9.25,,,,,8.94,S-18941,draft,https://img.uline.com/is/image/uline/S-18941?$MediumRHD$,uline,"Home > All Products > Boxes, Corrugated > Moving Boxes > Dish and Glass Pack Boxes",8.19262E+12,s-18941,OK,UPDATE: Found by Handle | Assuming MERGE for Variant Command | Assuming MERGE for Image Command | Variants updated by SKU: 1
S-12659,S-12659,Arka,FALSE,Size,26x14x12,,,,,16.48,S-12659,draft,https://img.uline.com/is/image/uline/S-12659?$MediumRHD$,uline,"Home > All Products > Boxes, Corrugated > Moving Boxes > Dish and Glass Pack Boxes",8.19262E+12,s-12659,OK,UPDATE: Found by Handle | Assuming MERGE for Variant Command | Assuming MERGE for Image Command | Variants updated by SKU: 1
S-13273,S-13273,Arka,FALSE,Size,24x12x6,,,,,8.27,S-13273,draft,https://img.uline.com/is/image/uline/S-13273?$MediumRHD$,uline,"Home > All Products > Boxes, Corrugated > Moving Boxes > Dish and Glass Pack Boxes",8.19262E+12,s-13273,OK,UPDATE: Found by Handle | Assuming MERGE for Variant Command | Assuming MERGE for Image Command | Variants updated by SKU: 1
S-6521,S-6521,Arka,FALSE,Size,15x12x10,,,,,2,S-6521,draft,https://img.uline.com/is/image/uline/S-6521?$MediumRHD$,uline,"Home > All Products > Boxes, Corrugated > Storage File Boxes > Uline Economy Storage File Boxes with Lid",8.19262E+12,s-6521,OK,UPDATE: Found by Handle | Assuming MERGE for Variant Command | Assuming MERGE for Image Command | Variants updated by SKU: 1
S-18975,S-18975,Arka,FALSE,Size,49x20x24,,,,,42.7,S-18975,draft,https://img.uline.com/is/image/uline/S-18975?$MediumRHD$,uline,"Home > All Products > Boxes, Corrugated > Moving Boxes > Gondola Box",8.19262E+12,s-18975,OK,UPDATE: Found by Handle | Assuming MERGE for Variant Command | Assuming MERGE for Image Command | Variants updated by SKU: 1
S-4832,S-4832,Arka,FALSE,Size,30x3.50x40,,,,,10.36,S-4832,draft,https://img.uline.com/is/image/uline/S-4832?$MediumRHD$,uline,"Home > All Products > Boxes, Corrugated > Moving Boxes > Artwork/Mirror Boxes",8.19262E+12,s-4832,OK,UPDATE: Found by Handle | Assuming MERGE for Variant Command | Assuming MERGE for Image Command | Variants updated by SKU: 1
S-2751,S-2751,Arka,FALSE,Size,24x12x10,,,,,5.3,S-2751,draft,https://img.uline.com/is/image/uline/S-2751?$MediumRHD$,uline,"Home > All Products > Boxes, Corrugated > Storage File Boxes > Uline Standard Storage File Boxes",8.19262E+12,s-2751,OK,UPDATE: Found by Handle | Assuming MERGE for Variant Command | Assuming MERGE for Image Command | Variants updated by SKU: 1
S-2752,S-2752,Arka,FALSE,Size,24x15x10,,,,,7.65,S-2752,draft,https://img.uline.com/is/image/uline/S-2752?$MediumRHD$,uline,"Home > All Products > Boxes, Corrugated > Storage File Boxes > Uline Standard Storage File Boxes",8.19262E+12,s-2752,OK,UPDATE: Found by Handle | Assuming MERGE for Variant Command | Assuming MERGE for Image Command | Variants updated by SKU: 1
S-6523,S-6523,Arka,FALSE,Size,24x12x10.25,,,,,16.2,S-6523,draft,https://img.uline.com/is/image/uline/S-6523?$MediumRHD$,uline,"Home > All Products > Boxes, Corrugated > Storage File Boxes > Bankers Box®",8.19262E+12,s-6523,OK,UPDATE: Found by Handle | Assuming MERGE for Variant Command | Assuming MERGE for Image Command | Variants updated by SKU: 1
S-17995,S-17995,Arka,FALSE,Size,23x9x4,,,,,12.8,S-17995,draft,https://img.uline.com/is/image/uline/S-17995?$MediumRHD$,uline,"Home > All Products > Boxes, Corrugated > Storage File Boxes > Bankers Box®",8.19262E+12,s-17995,OK,UPDATE: Found by Handle | Assuming MERGE for Variant Command | Assuming MERGE for Image Command | Variants updated by SKU: 1
S-9939,S-9939,Arka,FALSE,Size,23.25x15.50x10.38,,,,,35.85,S-9939,draft,https://img.uline.com/is/image/uline/S-9939?$MediumRHD$,uline,"Home > All Products > Boxes, Corrugated > Storage File Boxes > Storage Drawer File Boxes",8.19262E+12,s-9939,OK,UPDATE: Found by Handle | Assuming MERGE for Variant Command | Assuming MERGE for Image Command | Variants updated by SKU: 1
S-9938,S-9938,Arka,FALSE,Size,23.25x12.50x10.38,,,,,31.7,S-9938,draft,https://img.uline.com/is/image/uline/S-9938?$MediumRHD$,uline,"Home > All Products > Boxes, Corrugated > Storage File Boxes > Storage Drawer File Boxes",8.19262E+12,s-9938,OK,UPDATE: Found by Handle | Assuming MERGE for Variant Command | Assuming MERGE for Image Command | Variants updated by SKU: 1
S-21531,S-21531,Arka,FALSE,Size,15x12x10,,,,,5.1,S-21531,draft,https://img.uline.com/is/image/uline/S-21531?$MediumRHD$,uline,"Home > All Products > Boxes, Corrugated > Storage File Boxes > Flip-Top File Boxes",8.19262E+12,s-21531,OK,UPDATE: Found by Handle | Assuming MERGE for Variant Command | Assuming MERGE for Image Command | Variants updated by SKU: 1
S-10675,S-10675,Arka,FALSE,Size,15x12x10,,,,,5.3,S-10675,draft,https://img.uline.com/is/image/uline/S-10675?$MediumRHD$,uline,"Home > All Products > Boxes, Corrugated > Storage File Boxes > Flip-Top File Boxes",8.19262E+12,s-10675,OK,UPDATE: Found by Handle | Assuming MERGE for Variant Command | Assuming MERGE for Image Command | Variants updated by SKU: 1
S-6524,S-6524,Arka,FALSE,Size,24x15x10.25,,,,,18.05,S-6524,draft,https://img.uline.com/is/image/uline/S-6524?$MediumRHD$,uline,"Home > All Products > Boxes, Corrugated > Storage File Boxes > Bankers Box®",8.19262E+12,s-6524,OK,UPDATE: Found by Handle | Assuming MERGE for Variant Command | Assuming MERGE for Image Command | Variants updated by SKU: 1
S-3887,S-3887,Arka,FALSE,Size,15x12x10,,,,,4.3,S-3887,draft,https://img.uline.com/is/image/uline/S-3887?$MediumRHD$,uline,"Home > All Products > Boxes, Corrugated > Storage File Boxes > Uline Heavy Duty Storage File Boxes",8.19262E+12,s-3887,OK,UPDATE: Found by Handle | Assuming MERGE for Variant Command | Assuming MERGE for Image Command | Variants updated by SKU: 1
S-9880,S-9880,Arka,FALSE,Size,24x15x10,,,,,5.1,S-9880,draft,https://img.uline.com/is/image/uline/S-9880?$MediumRHD$,uline,"Home > All Products > Boxes, Corrugated > Storage File Boxes > Uline Economy Storage File Boxes with Lid",8.19262E+12,s-9880,OK,UPDATE: Found by Handle | Assuming MERGE for Variant Command | Assuming MERGE for Image Command | Variants updated by SKU: 1
S-3888,S-3888,Arka,FALSE,Size,24x12x10,,,,,8.05,S-3888,draft,https://img.uline.com/is/image/uline/S-3888?$MediumRHD$,uline,"Home > All Products > Boxes, Corrugated > Storage File Boxes > Uline Heavy Duty Storage File Boxes",8.19262E+12,s-3888,OK,UPDATE: Found by Handle | Assuming MERGE for Variant Command | Assuming MERGE for Image Command | Variants updated by SKU: 1
S-9881,S-9881,Arka,FALSE,Size,15x12x10,,,,,5.2,S-9881,draft,https://img.uline.com/is/image/uline/S-9881?$MediumRHD$,uline,"Home > All Products > Boxes, Corrugated > Storage File Boxes > Uline Quick File Boxes",8.19262E+12,s-9881,OK,UPDATE: Found by Handle | Assuming MERGE for Variant Command | Assuming MERGE for Image Command | Variants updated by SKU: 1
S-9883,S-9883,Arka,FALSE,Size,24x15x10,,,,,10.2,S-9883,draft,https://img.uline.com/is/image/uline/S-9883?$MediumRHD$,uline,"Home > All Products > Boxes, Corrugated > Storage File Boxes > Uline Quick File Boxes",8.19262E+12,s-9883,OK,UPDATE: Found by Handle | Assuming MERGE for Variant Command | Assuming MERGE for Image Command | Variants updated by SKU: 1
S-9879,S-9879,Arka,FALSE,Size,24x12x10,,,,,4.35,S-9879,draft,https://img.uline.com/is/image/uline/S-9879?$MediumRHD$,uline,"Home > All Products > Boxes, Corrugated > Storage File Boxes > Uline Economy Storage File Boxes with Lid",8.19262E+12,s-9879,OK,UPDATE: Found by Handle | Assuming MERGE for Variant Command | Assuming MERGE for Image Command | Variants updated by SKU: 1
S-3889,S-3889,Arka,FALSE,Size,24x15x10,,,,,9.4,S-3889,draft,https://img.uline.com/is/image/uline/S-3889?$MediumRHD$,uline,"Home > All Products > Boxes, Corrugated > Storage File Boxes > Uline Heavy Duty Storage File Boxes",8.19262E+12,s-3889,OK,UPDATE: Found by Handle | Assuming MERGE for Variant Command | Assuming MERGE for Image Command | Variants updated by SKU: 1
S-9882,S-9882,Arka,FALSE,Size,24x12x10,,,,,8.7,S-9882,draft,https://img.uline.com/is/image/uline/S-9882?$MediumRHD$,uline,"Home > All Products > Boxes, Corrugated > Storage File Boxes > Uline Quick File Boxes",8.19262E+12,s-9882,OK,UPDATE: Found by Handle | Assuming MERGE for Variant Command | Assuming MERGE for Image Command | Variants updated by SKU: 1
S-17644,S-17644,Arka,FALSE,Size,14x10.88x6.75,,,,,3.25,S-17644,draft,https://img.uline.com/is/image/uline/S-17644?$MediumRHD$,uline,Home > All Products > Food Service and Packaging > Food Containers > Produce Boxes,8.19262E+12,s-17644,OK,UPDATE: Found by Handle | Assuming MERGE for Variant Command | Assuming MERGE for Image Command | Variants updated by SKU: 1
S-18943,S-18943,Arka,FALSE,Size,13.38x10x5.38,,,,,4.25,S-18943,draft,https://img.uline.com/is/image/uline/S-18943?$MediumRHD$,uline,"Home > All Products > Boxes, Corrugated > Special Use Boxes > Canning Jar Boxes",8.19262E+12,s-18943,OK,UPDATE: Found by Handle | Assuming MERGE for Variant Command | Assuming MERGE for Image Command | Variants updated by SKU: 1
S-17645,S-17645,Arka,FALSE,Size,15.50x11.63x13.38,,,,,5.6,S-17645,draft,https://img.uline.com/is/image/uline/S-17645?$MediumRHD$,uline,Home > All Products > Food Service and Packaging > Food Containers > Produce Boxes,8.19262E+12,s-17645,OK,UPDATE: Found by Handle | Assuming MERGE for Variant Command | Assuming MERGE for Image Command | Variants updated by SKU: 1
S-20443,S-20443,Arka,FALSE,Size,22.50x15.88x11.75,,,,,7.5,S-20443,draft,https://img.uline.com/is/image/uline/S-20443?$MediumRHD$,uline,Home > All Products > Food Service and Packaging > Food Containers > Produce Boxes,8.19262E+12,s-20443,OK,UPDATE: Found by Handle | Assuming MERGE for Variant Command | Assuming MERGE for Image Command | Variants updated by SKU: 1
S-18942,S-18942,Arka,FALSE,Size,12.38x9.25x4.13,,,,,3.25,S-18942,draft,https://img.uline.com/is/image/uline/S-18942?$MediumRHD$,uline,"Home > All Products > Boxes, Corrugated > Special Use Boxes > Canning Jar Boxes",8.19262E+12,s-18942,OK,UPDATE: Found by Handle | Assuming MERGE for Variant Command | Assuming MERGE for Image Command | Variants updated by SKU: 1
S-18944,S-18944,Arka,FALSE,Size,14.88x11.13x5,,,,,4.35,S-18944,draft,https://img.uline.com/is/image/uline/S-18944?$MediumRHD$,uline,"Home > All Products > Boxes, Corrugated > Special Use Boxes > Canning Jar Boxes",8.19262E+12,s-18944,OK,UPDATE: Found by Handle | Assuming MERGE for Variant Command | Assuming MERGE for Image Command | Variants updated by SKU: 1
S-18945,S-18945,Arka,FALSE,Size,15.88x11.88x7.13,,,,,5.75,S-18945,draft,https://img.uline.com/is/image/uline/S-18945?$MediumRHD$,uline,"Home > All Products > Boxes, Corrugated > Special Use Boxes > Canning Jar Boxes",8.19262E+12,s-18945,OK,UPDATE: Found by Handle | Assuming MERGE for Variant Command | Assuming MERGE for Image Command | Variants updated by SKU: 1
S-5799,S-5799,Arka,FALSE,Size,3.50x4.75x2,,,,,89,S-5799,draft,https://img.uline.com/is/image/uline/S-5799?$MediumRHD$,uline,"Home > All Products > Boxes, Corrugated > Special Use Boxes > Chipboard Boxes",8.19262E+12,s-5799,OK,UPDATE: Found by Handle | Assuming MERGE for Variant Command | Assuming MERGE for Image Command | Variants updated by SKU: 1
S-22125,S-22125,Arka,FALSE,Size,3.50x2x2,,,,,54,S-22125,draft,https://img.uline.com/is/image/uline/S-22125?$MediumRHD$,uline,"Home > All Products > Boxes, Corrugated > Special Use Boxes > Chipboard Boxes",8.19262E+12,s-22125,OK,UPDATE: Found by Handle | Assuming MERGE for Variant Command | Assuming MERGE for Image Command | Variants updated by SKU: 1
S-18956,S-18956,Arka,FALSE,Size,3.50x6x2,,,,,94,S-18956,draft,https://img.uline.com/is/image/uline/S-18956?$MediumRHD$,uline,"Home > All Products > Boxes, Corrugated > Special Use Boxes > Chipboard Boxes",8.19262E+12,s-18956,OK,UPDATE: Found by Handle | Assuming MERGE for Variant Command | Assuming MERGE for Image Command | Variants updated by SKU: 1
S-5800,S-5800,Arka,FALSE,Size,3.50x7x2,,,,,98,S-5800,draft,https://img.uline.com/is/image/uline/S-5800?$MediumRHD$,uline,"Home > All Products > Boxes, Corrugated > Special Use Boxes > Chipboard Boxes",8.19262E+12,s-5800,OK,UPDATE: Found by Handle | Assuming MERGE for Variant Command | Assuming MERGE for Image Command | Variants updated by SKU: 1
S-5801,S-5801,Arka,FALSE,Size,3.50x10x2,,,,,108,S-5801,draft,https://img.uline.com/is/image/uline/S-5801?$MediumRHD$,uline,"Home > All Products > Boxes, Corrugated > Special Use Boxes > Chipboard Boxes",8.19262E+12,s-5801,OK,UPDATE: Found by Handle | Assuming MERGE for Variant Command | Assuming MERGE for Image Command | Variants updated by SKU: 1
S-18328,S-18328,Arka,FALSE,Size,3.50x12x2,,,,,117,S-18328,draft,https://img.uline.com/is/image/uline/S-18328?$MediumRHD$,uline,"Home > All Products > Boxes, Corrugated > Special Use Boxes > Chipboard Boxes",8.19262E+12,s-18328,OK,UPDATE: Found by Handle | Assuming MERGE for Variant Command | Assuming MERGE for Image Command | Variants updated by SKU: 1
S-5802,S-5802,Arka,FALSE,Size,8.50x11x2,,,,,168,S-5802,draft,https://img.uline.com/is/image/uline/S-5802?$MediumRHD$,uline,"Home > All Products > Boxes, Corrugated > Special Use Boxes > Chipboard Boxes",8.19262E+12,s-5802,OK,UPDATE: Found by Handle | Assuming MERGE for Variant Command | Assuming MERGE for Image Command | Variants updated by SKU: 1
S-18957,S-18957,Arka,FALSE,Size,8.50x11x3,,,,,188,S-18957,draft,https://img.uline.com/is/image/uline/S-18957?$MediumRHD$,uline,"Home > All Products > Boxes, Corrugated > Special Use Boxes > Chipboard Boxes",8.19262E+12,s-18957,OK,UPDATE: Found by Handle | Assuming MERGE for Variant Command | Assuming MERGE for Image Command | Variants updated by SKU: 1
S-5803,S-5803,Arka,FALSE,Size,8.50x11x4,,,,,195,S-5803,draft,https://img.uline.com/is/image/uline/S-5803?$MediumRHD$,uline,"Home > All Products > Boxes, Corrugated > Special Use Boxes > Chipboard Boxes",8.19262E+12,s-5803,OK,UPDATE: Found by Handle | Assuming MERGE for Variant Command | Assuming MERGE for Image Command | Variants updated by SKU: 1
S-10706,S-10706,Arka,FALSE,Size,3.50x4.75x2,,,,,54,S-10706,draft,https://img.uline.com/is/image/uline/S-10706?$MediumRHD$,uline,"Home > All Products > Boxes, Corrugated > Special Use Boxes > Rigid Set-Up Boxes",8.19262E+12,s-10706,OK,UPDATE: Found by Handle | Assuming MERGE for Variant Command | Assuming MERGE for Image Command | Variants updated by SKU: 1
S-18964,S-18964,Arka,FALSE,Size,3.50x6x2,,,,,56,S-18964,draft,https://img.uline.com/is/image/uline/S-18964?$MediumRHD$,uline,"Home > All Products > Boxes, Corrugated > Special Use Boxes > Rigid Set-Up Boxes",8.19262E+12,s-18964,OK,UPDATE: Found by Handle | Assuming MERGE for Variant Command | Assuming MERGE for Image Command | Variants updated by SKU: 1
S-10707,S-10707,Arka,FALSE,Size,3.50x7x2,,,,,57,S-10707,draft,https://img.uline.com/is/image/uline/S-10707?$MediumRHD$,uline,"Home > All Products > Boxes, Corrugated > Special Use Boxes > Rigid Set-Up Boxes",8.19262E+12,s-10707,OK,UPDATE: Found by Handle | Assuming MERGE for Variant Command | Assuming MERGE for Image Command | Variants updated by SKU: 1
S-14207,S-14207,Arka,FALSE,Size,3.50x10x2,,,,,63,S-14207,draft,https://img.uline.com/is/image/uline/S-14207?$MediumRHD$,uline,"Home > All Products > Boxes, Corrugated > Special Use Boxes > Rigid Set-Up Boxes",8.19262E+12,s-14207,OK,UPDATE: Found by Handle | Assuming MERGE for Variant Command | Assuming MERGE for Image Command | Variants updated by SKU: 1
S-16331,S-16331,Arka,FALSE,Size,3.50x12x2,,,,,71,S-16331,draft,https://img.uline.com/is/image/uline/S-16331?$MediumRHD$,uline,"Home > All Products > Boxes, Corrugated > Special Use Boxes > Rigid Set-Up Boxes",8.19262E+12,s-16331,OK,UPDATE: Found by Handle | Assuming MERGE for Variant Command | Assuming MERGE for Image Command | Variants updated by SKU: 1
S-10708,S-10708,Arka,FALSE,Size,8.50x11x2,,,,,40,S-10708,draft,https://img.uline.com/is/image/uline/S-10708?$MediumRHD$,uline,"Home > All Products > Boxes, Corrugated > Special Use Boxes > Rigid Set-Up Boxes",8.19262E+12,s-10708,OK,UPDATE: Found by Handle | Assuming MERGE for Variant Command | Assuming MERGE for Image Command | Variants updated by SKU: 1
S-13274,S-13274,Arka,FALSE,Size,8.50x11x4,,,,,32,S-13274,draft,https://img.uline.com/is/image/uline/S-13274?$MediumRHD$,uline,"Home > All Products > Boxes, Corrugated > Special Use Boxes > Rigid Set-Up Boxes",8.19262E+12,s-13274,OK,UPDATE: Found by Handle | Assuming MERGE for Variant Command | Assuming MERGE for Image Command | Variants updated by SKU: 1
S-14455,S-14455,Arka,FALSE,Size,15x12x10,,,,,22.5,S-14455,draft,https://img.uline.com/is/image/uline/S-14455_txt_USEng?$MediumRHD$,uline,"Home > All Products > Boxes, Corrugated > Storage File Boxes > Plastic Storage File Boxes",8.19262E+12,s-14455,OK,UPDATE: Found by Handle | Assuming MERGE for Variant Command | Assuming MERGE for Image Command | Variants updated by SKU: 1
S-16322,S-16322,Arka,FALSE,Size,24x12x10,,,,,28.5,S-16322,draft,https://img.uline.com/is/image/uline/S-16322?$MediumRHD$,uline,"Home > All Products > Boxes, Corrugated > Storage File Boxes > Plastic Storage File Boxes",8.19262E+12,s-16322,OK,UPDATE: Found by Handle | Assuming MERGE for Variant Command | Assuming MERGE for Image Command | Variants updated by SKU: 1
S-9805,S-9805,Arka,FALSE,Size,3.75x3.75x3.75,,,,,61,S-9805,draft,https://img.uline.com/is/image/uline/S-9805?$MediumRHD$,uline,Home > All Products > Retail Packaging > Retail Boxes > Rigid Plastic Boxes,8.19265E+12,s-9805,OK,UPDATE: Found by Handle | Assuming MERGE for Variant Command | Assuming MERGE for Image Command | Variants updated by SKU: 1
S-6278,S-6278,Arka,FALSE,Size,4.63x3.50x1.25,,,,,100,S-6278,draft,https://img.uline.com/is/image/uline/S-6278?$MediumRHD$,uline,Home > All Products > Retail Packaging > Retail Boxes > Rigid Plastic Boxes,8.19265E+12,s-6278,OK,UPDATE: Found by Handle | Assuming MERGE for Variant Command | Assuming MERGE for Image Command | Variants updated by SKU: 1
S-6280,S-6280,Arka,FALSE,Size,7x5x1.75,,,,,120,S-6280,draft,https://img.uline.com/is/image/uline/S-6280?$MediumRHD$,uline,Home > All Products > Retail Packaging > Retail Boxes > Rigid Plastic Boxes,8.19265E+12,s-6280,OK,UPDATE: Found by Handle | Assuming MERGE for Variant Command | Assuming MERGE for Image Command | Variants updated by SKU: 1
S-6277,S-6277,Arka,FALSE,Size,3.56x2.56x1.13,,,,,130,S-6277,draft,https://img.uline.com/is/image/uline/S-6277?$MediumRHD$,uline,Home > All Products > Retail Packaging > Retail Boxes > Rigid Plastic Boxes,8.19265E+12,s-6277,OK,UPDATE: Found by Handle | Assuming MERGE for Variant Command | Assuming MERGE for Image Command | Variants updated by SKU: 1
S-6279,S-6279,Arka,FALSE,Size,6x4x2,,,,,135,S-6279,draft,https://img.uline.com/is/image/uline/S-6279?$MediumRHD$,uline,Home > All Products > Retail Packaging > Retail Boxes > Rigid Plastic Boxes,8.19265E+12,s-6279,OK,UPDATE: Found by Handle | Assuming MERGE for Variant Command | Assuming MERGE for Image Command | Variants updated by SKU: 1
S-15491,S-15491,Arka,FALSE,Size,3x3x3,,,,,30,S-15491,draft,https://img.uline.com/is/image/uline/S-15491?$MediumRHD$,uline,Home > All Products > Retail Packaging > Retail Boxes > Gift Boxes,8.19266E+12,s-15491,OK,UPDATE: Found by Handle | Assuming MERGE for Variant Command | Assuming MERGE for Image Command | Variants updated by SKU: 1
S-13233,S-13233,Arka,FALSE,Size,4x4x4,,,,,41,S-13233,draft,https://img.uline.com/is/image/uline/S-13233?$MediumRHD$,uline,Home > All Products > Retail Packaging > Retail Boxes > Gift Boxes,8.19266E+12,s-13233,OK,UPDATE: Found by Handle | Assuming MERGE for Variant Command | Assuming MERGE for Image Command | Variants updated by SKU: 1
S-13235,S-13235,Arka,FALSE,Size,6x6x6,,,,,71,S-13235,draft,https://img.uline.com/is/image/uline/S-13235?$MediumRHD$,uline,Home > All Products > Retail Packaging > Retail Boxes > Gift Boxes,8.19266E+12,s-13235,OK,UPDATE: Found by Handle | Assuming MERGE for Variant Command | Assuming MERGE for Image Command | Variants updated by SKU: 1
S-16826,S-16826,Arka,FALSE,Size,8x8x4,,,,,90,S-16826,draft,https://img.uline.com/is/image/uline/S-16826?$MediumRHD$,uline,Home > All Products > Retail Packaging > Retail Boxes > Gift Boxes,8.19266E+12,s-16826,OK,UPDATE: Found by Handle | Assuming MERGE for Variant Command | Assuming MERGE for Image Command | Variants updated by SKU: 1
S-10629,S-10629,Arka,FALSE,Size,2x2x2,,,,,24,S-10629,draft,https://img.uline.com/is/image/uline/S-10629?$MediumRHD$,uline,Home > All Products > Retail Packaging > Retail Boxes > Gift Boxes,8.19266E+12,s-10629,OK,UPDATE: Found by Handle | Assuming MERGE for Variant Command | Assuming MERGE for Image Command | Variants updated by SKU: 1
S-10630,S-10630,Arka,FALSE,Size,3x3x3,,,,,28,S-10630,draft,https://img.uline.com/is/image/uline/S-10630?$MediumRHD$,uline,Home > All Products > Retail Packaging > Retail Boxes > Gift Boxes,8.19266E+12,s-10630,OK,UPDATE: Found by Handle | Assuming MERGE for Variant Command | Assuming MERGE for Image Command | Variants updated by SKU: 1
S-11618,S-11618,Arka,FALSE,Size,4x4x2,,,,,35,S-11618,draft,https://img.uline.com/is/image/uline/S-11618?$MediumRHD$,uline,Home > All Products > Retail Packaging > Retail Boxes > Gift Boxes,8.19266E+12,s-11618,OK,UPDATE: Found by Handle | Assuming MERGE for Variant Command | Assuming MERGE for Image Command | Variants updated by SKU: 1
S-8554,S-8554,Arka,FALSE,Size,4x4x4,,,,,37,S-8554,draft,https://img.uline.com/is/image/uline/S-8554?$MediumRHD$,uline,Home > All Products > Retail Packaging > Retail Boxes > Gift Boxes,8.19266E+12,s-8554,OK,UPDATE: Found by Handle | Assuming MERGE for Variant Command | Assuming MERGE for Image Command | Variants updated by SKU: 1
S-13229,S-13229,Arka,FALSE,Size,4x4x6,,,,,37,S-13229,draft,https://img.uline.com/is/image/uline/S-13229?$MediumRHD$,uline,Home > All Products > Retail Packaging > Retail Boxes > Gift Boxes,8.19266E+12,s-13229,OK,UPDATE: Found by Handle | Assuming MERGE for Variant Command | Assuming MERGE for Image Command | Variants updated by SKU: 1
S-12459,S-12459,Arka,FALSE,Size,5x5x3.50,,,,,38,S-12459,draft,https://img.uline.com/is/image/uline/S-12459?$MediumRHD$,uline,Home > All Products > Retail Packaging > Retail Boxes > Gift Boxes,8.19266E+12,s-12459,OK,UPDATE: Found by Handle | Assuming MERGE for Variant Command | Assuming MERGE for Image Command | Variants updated by SKU: 1
S-12460,S-12460,Arka,FALSE,Size,5x5x5,,,,,44,S-12460,draft,https://img.uline.com/is/image/uline/S-12460?$MediumRHD$,uline,Home > All Products > Retail Packaging > Retail Boxes > Gift Boxes,8.19266E+12,s-12460,OK,UPDATE: Found by Handle | Assuming MERGE for Variant Command | Assuming MERGE for Image Command | Variants updated by SKU: 1
S-10631,S-10631,Arka,FALSE,Size,6x4.50x4.50,,,,,41,S-10631,draft,https://img.uline.com/is/image/uline/S-10631?$MediumRHD$,uline,Home > All Products > Retail Packaging > Retail Boxes > Gift Boxes,8.19266E+12,s-10631,OK,UPDATE: Found by Handle | Assuming MERGE for Variant Command | Assuming MERGE for Image Command | Variants updated by SKU: 1
S-8555,S-8555,Arka,FALSE,Size,6x6x6,,,,,67,S-8555,draft,https://img.uline.com/is/image/uline/S-8555?$MediumRHD$,uline,Home > All Products > Retail Packaging > Retail Boxes > Gift Boxes,8.19266E+12,s-8555,OK,UPDATE: Found by Handle | Assuming MERGE for Variant Command | Assuming MERGE for Image Command | Variants updated by SKU: 1
S-13230,S-13230,Arka,FALSE,Size,8x8x4,,,,,87,S-13230,draft,https://img.uline.com/is/image/uline/S-13230?$MediumRHD$,uline,Home > All Products > Retail Packaging > Retail Boxes > Gift Boxes,8.19266E+12,s-13230,OK,UPDATE: Found by Handle | Assuming MERGE for Variant Command | Assuming MERGE for Image Command | Variants updated by SKU: 1
S-11612,S-11612,Arka,FALSE,Size,2x2x2,,,,,16,S-11612,draft,https://img.uline.com/is/image/uline/S-11612?$MediumRHD$,uline,Home > All Products > Retail Packaging > Retail Boxes > Gift Boxes,8.19266E+12,s-11612,OK,UPDATE: Found by Handle | Assuming MERGE for Variant Command | Assuming MERGE for Image Command | Variants updated by SKU: 1
S-10625,S-10625,Arka,FALSE,Size,3x3x2,,,,,17,S-10625,draft,https://img.uline.com/is/image/uline/S-10625?$MediumRHD$,uline,Home > All Products > Retail Packaging > Retail Boxes > Gift Boxes,8.19266E+12,s-10625,OK,UPDATE: Found by Handle | Assuming MERGE for Variant Command | Assuming MERGE for Image Command | Variants updated by SKU: 1
S-10626,S-10626,Arka,FALSE,Size,3x3x3,,,,,19,S-10626,draft,https://img.uline.com/is/image/uline/S-10626?$MediumRHD$,uline,Home > All Products > Retail Packaging > Retail Boxes > Gift Boxes,8.19266E+12,s-10626,OK,UPDATE: Found by Handle | Assuming MERGE for Variant Command | Assuming MERGE for Image Command | Variants updated by SKU: 1
S-13219,S-13219,Arka,FALSE,Size,3x3x4,,,,,21,S-13219,draft,https://img.uline.com/is/image/uline/S-13219?$MediumRHD$,uline,Home > All Products > Retail Packaging > Retail Boxes > Gift Boxes,8.19266E+12,s-13219,OK,UPDATE: Found by Handle | Assuming MERGE for Variant Command | Assuming MERGE for Image Command | Variants updated by SKU: 1
S-11613,S-11613,Arka,FALSE,Size,4x4x2,,,,,23,S-11613,draft,https://img.uline.com/is/image/uline/S-11613?$MediumRHD$,uline,Home > All Products > Retail Packaging > Retail Boxes > Gift Boxes,8.19266E+12,s-11613,OK,UPDATE: Found by Handle | Assuming MERGE for Variant Command | Assuming MERGE for Image Command | Variants updated by SKU: 1
S-11614,S-11614,Arka,FALSE,Size,4x4x3,,,,,28,S-11614,draft,https://img.uline.com/is/image/uline/S-11614?$MediumRHD$,uline,Home > All Products > Retail Packaging > Retail Boxes > Gift Boxes,8.19266E+12,s-11614,OK,UPDATE: Found by Handle | Assuming MERGE for Variant Command | Assuming MERGE for Image Command | Variants updated by SKU: 1
S-9601,S-9601,Arka,FALSE,Size,4x4x4,,,,,21,S-9601,draft,https://img.uline.com/is/image/uline/S-9601?$MediumRHD$,uline,Home > All Products > Retail Packaging > Retail Boxes > Gift Boxes,8.19266E+12,s-9601,OK,UPDATE: Found by Handle | Assuming MERGE for Variant Command | Assuming MERGE for Image Command | Variants updated by SKU: 1
S-13220,S-13220,Arka,FALSE,Size,4x4x6,,,,,28,S-13220,draft,https://img.uline.com/is/image/uline/S-13220?$MediumRHD$,uline,Home > All Products > Retail Packaging > Retail Boxes > Gift Boxes,8.19266E+12,s-13220,OK,UPDATE: Found by Handle | Assuming MERGE for Variant Command | Assuming MERGE for Image Command | Variants updated by SKU: 1
S-12457,S-12457,Arka,FALSE,Size,5x5x3.50,,,,,30,S-12457,draft,https://img.uline.com/is/image/uline/S-12457?$MediumRHD$,uline,Home > All Products > Retail Packaging > Retail Boxes > Gift Boxes,8.19266E+12,s-12457,OK,UPDATE: Found by Handle | Assuming MERGE for Variant Command | Assuming MERGE for Image Command | Variants updated by SKU: 1
S-11615,S-11615,Arka,FALSE,Size,5x5x5,,,,,33,S-11615,draft,https://img.uline.com/is/image/uline/S-11615?$MediumRHD$,uline,Home > All Products > Retail Packaging > Retail Boxes > Gift Boxes,8.19266E+12,s-11615,OK,UPDATE: Found by Handle | Assuming MERGE for Variant Command | Assuming MERGE for Image Command | Variants updated by SKU: 1
S-10627,S-10627,Arka,FALSE,Size,6x4.50x4.50,,,,,31,S-10627,draft,https://img.uline.com/is/image/uline/S-10627?$MediumRHD$,uline,Home > All Products > Retail Packaging > Retail Boxes > Gift Boxes,8.19266E+12,s-10627,OK,UPDATE: Found by Handle | Assuming MERGE for Variant Command | Assuming MERGE for Image Command | Variants updated by SKU: 1
S-10628,S-10628,Arka,FALSE,Size,6x6x4,,,,,50,S-10628,draft,https://img.uline.com/is/image/uline/S-10628?$MediumRHD$,uline,Home > All Products > Retail Packaging > Retail Boxes > Gift Boxes,8.19266E+12,s-10628,OK,UPDATE: Found by Handle | Assuming MERGE for Variant Command | Assuming MERGE for Image Command | Variants updated by SKU: 1
S-9602,S-9602,Arka,FALSE,Size,6x6x6,,,,,51,S-9602,draft,https://img.uline.com/is/image/uline/S-9602?$MediumRHD$,uline,Home > All Products > Retail Packaging > Retail Boxes > Gift Boxes,8.19266E+12,s-9602,OK,UPDATE: Found by Handle | Assuming MERGE for Variant Command | Assuming MERGE for Image Command | Variants updated by SKU: 1
S-11616,S-11616,Arka,FALSE,Size,7x7x7,,,,,74,S-11616,draft,https://img.uline.com/is/image/uline/S-11616?$MediumRHD$,uline,Home > All Products > Retail Packaging > Retail Boxes > Gift Boxes,8.19266E+12,s-11616,OK,UPDATE: Found by Handle | Assuming MERGE for Variant Command | Assuming MERGE for Image Command | Variants updated by SKU: 1
S-13221,S-13221,Arka,FALSE,Size,8x8x4,,,,,65,S-13221,draft,https://img.uline.com/is/image/uline/S-13221?$MediumRHD$,uline,Home > All Products > Retail Packaging > Retail Boxes > Gift Boxes,8.19266E+12,s-13221,OK,UPDATE: Found by Handle | Assuming MERGE for Variant Command | Assuming MERGE for Image Command | Variants updated by SKU: 1
S-16819,S-16819,Arka,FALSE,Size,8x8x6,,,,,57,S-16819,draft,https://img.uline.com/is/image/uline/S-16819?$MediumRHD$,uline,Home > All Products > Retail Packaging > Retail Boxes > Gift Boxes,8.19266E+12,s-16819,OK,UPDATE: Found by Handle | Assuming MERGE for Variant Command | Assuming MERGE for Image Command | Variants updated by SKU: 1
S-16820,S-16820,Arka,FALSE,Size,9x4.50x4.50,,,,,66,S-16820,draft,https://img.uline.com/is/image/uline/S-16820?$MediumRHD$,uline,Home > All Products > Retail Packaging > Retail Boxes > Gift Boxes,8.19266E+12,s-16820,OK,UPDATE: Found by Handle | Assuming MERGE for Variant Command | Assuming MERGE for Image Command | Variants updated by SKU: 1
S-12458,S-12458,Arka,FALSE,Size,12x6x6,,,,,81,S-12458,draft,https://img.uline.com/is/image/uline/S-12458?$MediumRHD$,uline,Home > All Products > Retail Packaging > Retail Boxes > Gift Boxes,8.19266E+12,s-12458,OK,UPDATE: Found by Handle | Assuming MERGE for Variant Command | Assuming MERGE for Image Command | Variants updated by SKU: 1
S-16821,S-16821,Arka,FALSE,Size,10x4.50x4.50,,,,,57,S-16821,draft,https://img.uline.com/is/image/uline/S-16821?$MediumRHD$,uline,Home > All Products > Retail Packaging > Retail Boxes > Gift Boxes,8.19266E+12,s-16821,OK,UPDATE: Found by Handle | Assuming MERGE for Variant Command | Assuming MERGE for Image Command | Variants updated by SKU: 1
S-9691,S-9691,Arka,FALSE,Size,2x2x2,,,,,17,S-9691,draft,https://img.uline.com/is/image/uline/S-9691?$MediumRHD$,uline,Home > All Products > Retail Packaging > Retail Boxes > Gift Boxes,8.19266E+12,s-9691,OK,UPDATE: Found by Handle | Assuming MERGE for Variant Command | Assuming MERGE for Image Command | Variants updated by SKU: 1
S-12453,S-12453,Arka,FALSE,Size,2x2x4,,,,,24,S-12453,draft,https://img.uline.com/is/image/uline/S-12453?$MediumRHD$,uline,Home > All Products > Retail Packaging > Retail Boxes > Gift Boxes,8.19266E+12,s-12453,OK,UPDATE: Found by Handle | Assuming MERGE for Variant Command | Assuming MERGE for Image Command | Variants updated by SKU: 1
S-9597,S-9597,Arka,FALSE,Size,3x3x3,,,,,21,S-9597,draft,https://img.uline.com/is/image/uline/S-9597?$MediumRHD$,uline,Home > All Products > Retail Packaging > Retail Boxes > Gift Boxes,8.19266E+12,s-9597,OK,UPDATE: Found by Handle | Assuming MERGE for Variant Command | Assuming MERGE for Image Command | Variants updated by SKU: 1
S-7633,S-7633,Arka,FALSE,Size,3x3x2,,,,,15,S-7633,draft,https://img.uline.com/is/image/uline/S-7633?$MediumRHD$,uline,Home > All Products > Retail Packaging > Retail Boxes > Gift Boxes,8.19266E+12,s-7633,OK,UPDATE: Found by Handle | Assuming MERGE for Variant Command | Assuming MERGE for Image Command | Variants updated by SKU: 1
S-10616,S-10616,Arka,FALSE,Size,3x3x4,,,,,22,S-10616,draft,https://img.uline.com/is/image/uline/S-10616?$MediumRHD$,uline,Home > All Products > Retail Packaging > Retail Boxes > Gift Boxes,8.19266E+12,s-10616,OK,UPDATE: Found by Handle | Assuming MERGE for Variant Command | Assuming MERGE for Image Command | Variants updated by SKU: 1
S-16852,S-16852,Arka,FALSE,Size,3x3x6,,,,,38,S-16852,draft,https://img.uline.com/is/image/uline/S-16852?$MediumRHD$,uline,Home > All Products > Retail Packaging > Retail Boxes > Gift Boxes,8.19266E+12,s-16852,OK,UPDATE: Found by Handle | Assuming MERGE for Variant Command | Assuming MERGE for Image Command | Variants updated by SKU: 1
S-13222,S-13222,Arka,FALSE,Size,4x2x2,,,,,26,S-13222,draft,https://img.uline.com/is/image/uline/S-13222?$MediumRHD$,uline,Home > All Products > Retail Packaging > Retail Boxes > Gift Boxes,8.19266E+12,s-13222,OK,UPDATE: Found by Handle | Assuming MERGE for Variant Command | Assuming MERGE for Image Command | Variants updated by SKU: 1
S-9598,S-9598,Arka,FALSE,Size,4x4x2,,,,,24,S-9598,draft,https://img.uline.com/is/image/uline/S-9598?$MediumRHD$,uline,Home > All Products > Retail Packaging > Retail Boxes > Gift Boxes,8.19266E+12,s-9598,OK,UPDATE: Found by Handle | Assuming MERGE for Variant Command | Assuming MERGE for Image Command | Variants updated by SKU: 1
S-11607,S-11607,Arka,FALSE,Size,4x4x3,,,,,26,S-11607,draft,https://img.uline.com/is/image/uline/S-11607?$MediumRHD$,uline,Home > All Products > Retail Packaging > Retail Boxes > Gift Boxes,8.19266E+12,s-11607,OK,UPDATE: Found by Handle | Assuming MERGE for Variant Command | Assuming MERGE for Image Command | Variants updated by SKU: 1
S-7087,S-7087,Arka,FALSE,Size,4x4x4,,,,,22,S-7087,draft,https://img.uline.com/is/image/uline/S-7087?$MediumRHD$,uline,Home > All Products > Retail Packaging > Retail Boxes > Gift Boxes,8.19266E+12,s-7087,OK,UPDATE: Found by Handle | Assuming MERGE for Variant Command | Assuming MERGE for Image Command | Variants updated by SKU: 1
S-11608,S-11608,Arka,FALSE,Size,4x4x6,,,,,31,S-11608,draft,https://img.uline.com/is/image/uline/S-11608?$MediumRHD$,uline,Home > All Products > Retail Packaging > Retail Boxes > Gift Boxes,8.19266E+12,s-11608,OK,UPDATE: Found by Handle | Assuming MERGE for Variant Command | Assuming MERGE for Image Command | Variants updated by SKU: 1
S-13223,S-13223,Arka,FALSE,Size,4x4x7,,,,,51,S-13223,draft,https://img.uline.com/is/image/uline/S-13223?$MediumRHD$,uline,Home > All Products > Retail Packaging > Retail Boxes > Gift Boxes,8.19266E+12,s-13223,OK,UPDATE: Found by Handle | Assuming MERGE for Variant Command | Assuming MERGE for Image Command | Variants updated by SKU: 1
S-16853,S-16853,Arka,FALSE,Size,5x5x2,,,,,51,S-16853,draft,https://img.uline.com/is/image/uline/S-16853?$MediumRHD$,uline,Home > All Products > Retail Packaging > Retail Boxes > Gift Boxes,8.19266E+12,s-16853,OK,UPDATE: Found by Handle | Assuming MERGE for Variant Command | Assuming MERGE for Image Command | Variants updated by SKU: 1
S-9692,S-9692,Arka,FALSE,Size,5x5x3.50,,,,,35,S-9692,draft,https://img.uline.com/is/image/uline/S-9692?$MediumRHD$,uline,Home > All Products > Retail Packaging > Retail Boxes > Gift Boxes,8.19266E+12,s-9692,OK,UPDATE: Found by Handle | Assuming MERGE for Variant Command | Assuming MERGE for Image Command | Variants updated by SKU: 1
S-11609,S-11609,Arka,FALSE,Size,5x5x5,,,,,37,S-11609,draft,https://img.uline.com/is/image/uline/S-11609?$MediumRHD$,uline,Home > All Products > Retail Packaging > Retail Boxes > Gift Boxes,8.19266E+12,s-11609,OK,UPDATE: Found by Handle | Assuming MERGE for Variant Command | Assuming MERGE for Image Command | Variants updated by SKU: 1
S-7088,S-7088,Arka,FALSE,Size,6x4.50x4.50,,,,,37,S-7088,draft,https://img.uline.com/is/image/uline/S-7088?$MediumRHD$,uline,Home > All Products > Retail Packaging > Retail Boxes > Gift Boxes,8.19266E+12,s-7088,OK,UPDATE: Found by Handle | Assuming MERGE for Variant Command | Assuming MERGE for Image Command | Variants updated by SKU: 1
S-9599,S-9599,Arka,FALSE,Size,6x6x4,,,,,53,S-9599,draft,https://img.uline.com/is/image/uline/S-9599?$MediumRHD$,uline,Home > All Products > Retail Packaging > Retail Boxes > Gift Boxes,8.19266E+12,s-9599,OK,UPDATE: Found by Handle | Assuming MERGE for Variant Command | Assuming MERGE for Image Command | Variants updated by SKU: 1
S-7089,S-7089,Arka,FALSE,Size,6x6x6,,,,,56,S-7089,draft,https://img.uline.com/is/image/uline/S-7089?$MediumRHD$,uline,Home > All Products > Retail Packaging > Retail Boxes > Gift Boxes,8.19266E+12,s-7089,OK,UPDATE: Found by Handle | Assuming MERGE for Variant Command | Assuming MERGE for Image Command | Variants updated by SKU: 1
S-13225,S-13225,Arka,FALSE,Size,7x3x3,,,,,44,S-13225,draft,https://img.uline.com/is/image/uline/S-13225?$MediumRHD$,uline,Home > All Products > Retail Packaging > Retail Boxes > Gift Boxes,8.19266E+12,s-13225,OK,UPDATE: Found by Handle | Assuming MERGE for Variant Command | Assuming MERGE for Image Command | Variants updated by SKU: 1
S-7090,S-7090,Arka,FALSE,Size,7x7x7,,,,,94,S-7090,draft,https://img.uline.com/is/image/uline/S-7090?$MediumRHD$,uline,Home > All Products > Retail Packaging > Retail Boxes > Gift Boxes,8.19266E+12,s-7090,OK,UPDATE: Found by Handle | Assuming MERGE for Variant Command | Assuming MERGE for Image Command | Variants updated by SKU: 1
S-9693,S-9693,Arka,FALSE,Size,8x8x4,,,,,77,S-9693,draft,https://img.uline.com/is/image/uline/S-9693?$MediumRHD$,uline,Home > All Products > Retail Packaging > Retail Boxes > Gift Boxes,8.19266E+12,s-9693,OK,UPDATE: Found by Handle | Assuming MERGE for Variant Command | Assuming MERGE for Image Command | Variants updated by SKU: 1
S-7091,S-7091,Arka,FALSE,Size,8x8x6,,,,,58,S-7091,draft,https://img.uline.com/is/image/uline/S-7091?$MediumRHD$,uline,Home > All Products > Retail Packaging > Retail Boxes > Gift Boxes,8.19266E+12,s-7091,OK,UPDATE: Found by Handle | Assuming MERGE for Variant Command | Assuming MERGE for Image Command | Variants updated by SKU: 1
S-12454,S-12454,Arka,FALSE,Size,8.50x8.50x8.50,,,,,64,S-12454,draft,https://img.uline.com/is/image/uline/S-12454?$MediumRHD$,uline,Home > All Products > Retail Packaging > Retail Boxes > Gift Boxes,8.19266E+12,s-12454,OK,UPDATE: Found by Handle | Assuming MERGE for Variant Command | Assuming MERGE for Image Command | Variants updated by SKU: 1
S-11610,S-11610,Arka,FALSE,Size,9x4x4,,,,,59,S-11610,draft,https://img.uline.com/is/image/uline/S-11610?$MediumRHD$,uline,Home > All Products > Retail Packaging > Retail Boxes > Gift Boxes,8.19266E+12,s-11610,OK,UPDATE: Found by Handle | Assuming MERGE for Variant Command | Assuming MERGE for Image Command | Variants updated by SKU: 1
S-12455,S-12455,Arka,FALSE,Size,9x5x4,,,,,65,S-12455,draft,https://img.uline.com/is/image/uline/S-12455?$MediumRHD$,uline,Home > All Products > Retail Packaging > Retail Boxes > Gift Boxes,8.19266E+12,s-12455,OK,UPDATE: Found by Handle | Assuming MERGE for Variant Command | Assuming MERGE for Image Command | Variants updated by SKU: 1
S-10617,S-10617,Arka,FALSE,Size,9x6x6,,,,,96,S-10617,draft,https://img.uline.com/is/image/uline/S-10617?$MediumRHD$,uline,Home > All Products > Retail Packaging > Retail Boxes > Gift Boxes,8.19266E+12,s-10617,OK,UPDATE: Found by Handle | Assuming MERGE for Variant Command | Assuming MERGE for Image Command | Variants updated by SKU: 1
S-9600,S-9600,Arka,FALSE,Size,10x4.50x4.50,,,,,59,S-9600,draft,https://img.uline.com/is/image/uline/S-9600?$MediumRHD$,uline,Home > All Products > Retail Packaging > Retail Boxes > Gift Boxes,8.19266E+12,s-9600,OK,UPDATE: Found by Handle | Assuming MERGE for Variant Command | Assuming MERGE for Image Command | Variants updated by SKU: 1
S-10618,S-10618,Arka,FALSE,Size,10.50x10.50x5.50,,,,,79,S-10618,draft,https://img.uline.com/is/image/uline/S-10618?$MediumRHD$,uline,Home > All Products > Retail Packaging > Retail Boxes > Gift Boxes,8.19266E+12,s-10618,OK,UPDATE: Found by Handle | Assuming MERGE for Variant Command | Assuming MERGE for Image Command | Variants updated by SKU: 1
S-11611,S-11611,Arka,FALSE,Size,11x3x3,,,,,56,S-11611,draft,https://img.uline.com/is/image/uline/S-11611?$MediumRHD$,uline,Home > All Products > Retail Packaging > Retail Boxes > Gift Boxes,8.19266E+12,s-11611,OK,UPDATE: Found by Handle | Assuming MERGE for Variant Command | Assuming MERGE for Image Command | Variants updated by SKU: 1
S-7092,S-7092,Arka,FALSE,Size,12x6x6,,,,,86,S-7092,draft,https://img.uline.com/is/image/uline/S-7092?$MediumRHD$,uline,Home > All Products > Retail Packaging > Retail Boxes > Gift Boxes,8.19266E+12,s-7092,OK,UPDATE: Found by Handle | Assuming MERGE for Variant Command | Assuming MERGE for Image Command | Variants updated by SKU: 1
S-12456,S-12456,Arka,FALSE,Size,12x12x5.50,,,,,127,S-12456,draft,https://img.uline.com/is/image/uline/S-12456?$MediumRHD$,uline,Home > All Products > Retail Packaging > Retail Boxes > Gift Boxes,8.19266E+12,s-12456,OK,UPDATE: Found by Handle | Assuming MERGE for Variant Command | Assuming MERGE for Image Command | Variants updated by SKU: 1
S-7979,S-7979,Arka,FALSE,Size,12x12x6,,,,,182,S-7979,draft,https://img.uline.com/is/image/uline/S-7979?$MediumRHD$,uline,Home > All Products > Retail Packaging > Retail Boxes > Hat/Wreath Boxes,8.19266E+12,s-7979,OK,UPDATE: Found by Handle | Assuming MERGE for Variant Command | Assuming MERGE for Image Command | Variants updated by SKU: 1
S-9809,S-9809,Arka,FALSE,Size,18x18x7,,,,,161,S-9809,draft,https://img.uline.com/is/image/uline/S-9809?$MediumRHD$,uline,Home > All Products > Retail Packaging > Retail Boxes > Hat/Wreath Boxes,8.19266E+12,s-9809,OK,UPDATE: Found by Handle | Assuming MERGE for Variant Command | Assuming MERGE for Image Command | Variants updated by SKU: 1
S-7959,S-7959,Arka,FALSE,Size,14x14x7,,,,,120,S-7959,draft,https://img.uline.com/is/image/uline/S-7959?$MediumRHD$,uline,Home > All Products > Retail Packaging > Retail Boxes > Hat/Wreath Boxes,8.19266E+12,s-7959,OK,UPDATE: Found by Handle | Assuming MERGE for Variant Command | Assuming MERGE for Image Command | Variants updated by SKU: 1
S-7960,S-7960,Arka,FALSE,Size,16x16x7,,,,,140,S-7960,draft,https://img.uline.com/is/image/uline/S-7960?$MediumRHD$,uline,Home > All Products > Retail Packaging > Retail Boxes > Hat/Wreath Boxes,8.19266E+12,s-7960,OK,UPDATE: Found by Handle | Assuming MERGE for Variant Command | Assuming MERGE for Image Command | Variants updated by SKU: 1
S-10619,S-10619,Arka,FALSE,Size,4x4x3,,,,,74,S-10619,draft,https://img.uline.com/is/image/uline/S-10619?$MediumRHD$,uline,Home > All Products > Retail Packaging > Retail Boxes > Deluxe Gift Boxes,8.19266E+12,s-10619,OK,UPDATE: Found by Handle | Assuming MERGE for Variant Command | Assuming MERGE for Image Command | Variants updated by SKU: 1
S-10620,S-10620,Arka,FALSE,Size,4x4x6,,,,,80,S-10620,draft,https://img.uline.com/is/image/uline/S-10620?$MediumRHD$,uline,Home > All Products > Retail Packaging > Retail Boxes > Deluxe Gift Boxes,8.19266E+12,s-10620,OK,UPDATE: Found by Handle | Assuming MERGE for Variant Command | Assuming MERGE for Image Command | Variants updated by SKU: 1
S-11593,S-11593,Arka,FALSE,Size,4x4x15,,,,,106,S-11593,draft,https://img.uline.com/is/image/uline/S-11593?$MediumRHD$,uline,Home > All Products > Retail Packaging > Retail Boxes > Deluxe Gift Boxes,8.19266E+12,s-11593,OK,UPDATE: Found by Handle | Assuming MERGE for Variant Command | Assuming MERGE for Image Command | Variants updated by SKU: 1
S-10621,S-10621,Arka,FALSE,Size,6x6x3,,,,,94,S-10621,draft,https://img.uline.com/is/image/uline/S-10621?$MediumRHD$,uline,Home > All Products > Retail Packaging > Retail Boxes > Deluxe Gift Boxes,8.19266E+12,s-10621,OK,UPDATE: Found by Handle | Assuming MERGE for Variant Command | Assuming MERGE for Image Command | Variants updated by SKU: 1
S-10622,S-10622,Arka,FALSE,Size,6x6x6,,,,,106,S-10622,draft,https://img.uline.com/is/image/uline/S-10622?$MediumRHD$,uline,Home > All Products > Retail Packaging > Retail Boxes > Deluxe Gift Boxes,8.19266E+12,s-10622,OK,UPDATE: Found by Handle | Assuming MERGE for Variant Command | Assuming MERGE for Image Command | Variants updated by SKU: 1
S-11594,S-11594,Arka,FALSE,Size,8x8x3,,,,,125,S-11594,draft,https://img.uline.com/is/image/uline/S-11594?$MediumRHD$,uline,Home > All Products > Retail Packaging > Retail Boxes > Deluxe Gift Boxes,8.19266E+12,s-11594,OK,UPDATE: Found by Handle | Assuming MERGE for Variant Command | Assuming MERGE for Image Command | Variants updated by SKU: 1
S-11595,S-11595,Arka,FALSE,Size,8x8x6,,,,,138,S-11595,draft,https://img.uline.com/is/image/uline/S-11595?$MediumRHD$,uline,Home > All Products > Retail Packaging > Retail Boxes > Deluxe Gift Boxes,8.19266E+12,s-11595,OK,UPDATE: Found by Handle | Assuming MERGE for Variant Command | Assuming MERGE for Image Command | Variants updated by SKU: 1
S-10623,S-10623,Arka,FALSE,Size,10x10x3,,,,,150,S-10623,draft,https://img.uline.com/is/image/uline/S-10623?$MediumRHD$,uline,Home > All Products > Retail Packaging > Retail Boxes > Deluxe Gift Boxes,8.19266E+12,s-10623,OK,UPDATE: Found by Handle | Assuming MERGE for Variant Command | Assuming MERGE for Image Command | Variants updated by SKU: 1
S-13211,S-13211,Arka,FALSE,Size,10x5x3,,,,,122,S-13211,draft,https://img.uline.com/is/image/uline/S-13211?$MediumRHD$,uline,Home > All Products > Retail Packaging > Retail Boxes > Deluxe Gift Boxes,8.19266E+12,s-13211,OK,UPDATE: Found by Handle | Assuming MERGE for Variant Command | Assuming MERGE for Image Command | Variants updated by SKU: 1
S-10624,S-10624,Arka,FALSE,Size,10x10x6,,,,,173,S-10624,draft,https://img.uline.com/is/image/uline/S-10624?$MediumRHD$,uline,Home > All Products > Retail Packaging > Retail Boxes > Deluxe Gift Boxes,8.19266E+12,s-10624,OK,UPDATE: Found by Handle | Assuming MERGE for Variant Command | Assuming MERGE for Image Command | Variants updated by SKU: 1
S-11596,S-11596,Arka,FALSE,Size,12x12x3,,,,,235,S-11596,draft,https://img.uline.com/is/image/uline/S-11596?$MediumRHD$,uline,Home > All Products > Retail Packaging > Retail Boxes > Deluxe Gift Boxes,8.19266E+12,s-11596,OK,UPDATE: Found by Handle | Assuming MERGE for Variant Command | Assuming MERGE for Image Command | Variants updated by SKU: 1
S-15495,S-15495,Arka,FALSE,Size,4x4x3,,,,,133,S-15495,draft,https://img.uline.com/is/image/uline/S-15495?$MediumRHD$,uline,Home > All Products > Retail Packaging > Retail Boxes > Deluxe Gift Boxes,8.19266E+12,s-15495,OK,UPDATE: Found by Handle | Assuming MERGE for Variant Command | Assuming MERGE for Image Command | Variants updated by SKU: 1
S-24098,S-24098,Arka,FALSE,Size,6x6x3,,,,,165,S-24098,draft,https://img.uline.com/is/image/uline/S-24098?$MediumRHD$,uline,Home > All Products > Retail Packaging > Retail Boxes > Deluxe Gift Boxes,8.19266E+12,s-24098,OK,UPDATE: Found by Handle | Assuming MERGE for Variant Command | Assuming MERGE for Image Command | Variants updated by SKU: 1
S-15496,S-15496,Arka,FALSE,Size,8x8x3,,,,,217,S-15496,draft,https://img.uline.com/is/image/uline/S-15496?$MediumRHD$,uline,Home > All Products > Retail Packaging > Retail Boxes > Deluxe Gift Boxes,8.19266E+12,s-15496,OK,UPDATE: Found by Handle | Assuming MERGE for Variant Command | Assuming MERGE for Image Command | Variants updated by SKU: 1
S-15497,S-15497,Arka,FALSE,Size,10x10x3,,,,,266,S-15497,draft,https://img.uline.com/is/image/uline/S-15497?$MediumRHD$,uline,Home > All Products > Retail Packaging > Retail Boxes > Deluxe Gift Boxes,8.19266E+12,s-15497,OK,UPDATE: Found by Handle | Assuming MERGE for Variant Command | Assuming MERGE for Image Command | Variants updated by SKU: 1
S-10582,S-10582,Arka,FALSE,Size,2.44x1.63x13,,,,,35,S-10582,draft,https://img.uline.com/is/image/uline/S-10582?$MediumRHD$,uline,Home > All Products > Retail Packaging > Jewelry Boxes and Displays > Clear Top Jewelry Boxes,8.19266E+12,s-10582,OK,UPDATE: Found by Handle | Assuming MERGE for Variant Command | Assuming MERGE for Image Command | Variants updated by SKU: 1
S-13204,S-13204,Arka,FALSE,Size,3x2.13x1,,,,,40,S-13204,draft,https://img.uline.com/is/image/uline/S-13204?$MediumRHD$,uline,Home > All Products > Retail Packaging > Jewelry Boxes and Displays > Clear Top Jewelry Boxes,8.19266E+12,s-13204,OK,UPDATE: Found by Handle | Assuming MERGE for Variant Command | Assuming MERGE for Image Command | Variants updated by SKU: 1
S-10583,S-10583,Arka,FALSE,Size,3.50x3.50x1.88,,,,,57,S-10583,draft,https://img.uline.com/is/image/uline/S-10583?$MediumRHD$,uline,Home > All Products > Retail Packaging > Jewelry Boxes and Displays > Clear Top Jewelry Boxes,8.19266E+12,s-10583,OK,UPDATE: Found by Handle | Assuming MERGE for Variant Command | Assuming MERGE for Image Command | Variants updated by SKU: 1
S-12392,S-12392,Arka,FALSE,Size,3.50x3.50x7,Color,White,,,47,S-12392W,draft,https://img.uline.com/is/image/uline/S-12392W?$MediumRHD$,uline,Home > All Products > Retail Packaging > Jewelry Boxes and Displays > Clear Top Jewelry Boxes,8.19266E+12,s-12392,OK,UPDATE: Found by Handle | Assuming MERGE for Variant Command | Assuming MERGE for Image Command | Variants updated by SKU: 2
S-10584,S-10584,Arka,FALSE,Size,5.44x3.50x1,Color,White,,,61,S-10584W,draft,https://img.uline.com/is/image/uline/S-10584W?$MediumRHD$,uline,Home > All Products > Retail Packaging > Jewelry Boxes and Displays > Clear Top Jewelry Boxes,8.19266E+12,s-10584,OK,UPDATE: Found by Handle | Assuming MERGE for Variant Command | Assuming MERGE for Image Command | Variants updated by SKU: 2
S-13205,S-13205,Arka,FALSE,Size,7x5x1.25,Color,White,,,96,S-13205W,draft,https://img.uline.com/is/image/uline/S-13205W?$MediumRHD$,uline,Home > All Products > Retail Packaging > Jewelry Boxes and Displays > Clear Top Jewelry Boxes,8.19266E+12,s-13205,OK,UPDATE: Found by Handle | Assuming MERGE for Variant Command | Assuming MERGE for Image Command | Variants updated by SKU: 2
S-11597,S-11597,Arka,FALSE,Size,12x12x6,,,,,266,S-11597,draft,https://img.uline.com/is/image/uline/S-11597?$MediumRHD$,uline,Home > All Products > Retail Packaging > Retail Boxes > Deluxe Gift Boxes,8.19266E+12,s-11597,OK,UPDATE: Found by Handle | Assuming MERGE for Variant Command | Assuming MERGE for Image Command | Variants updated by SKU: 1
S-11598,S-11598,Arka,FALSE,Size,12x12x12,,,,,340,S-11598,draft,https://img.uline.com/is/image/uline/S-11598?$MediumRHD$,uline,Home > All Products > Retail Packaging > Retail Boxes > Deluxe Gift Boxes,8.19266E+12,s-11598,OK,UPDATE: Found by Handle | Assuming MERGE for Variant Command | Assuming MERGE for Image Command | Variants updated by SKU: 1
S-13212,S-13212,Arka,FALSE,Size,14x14x3,,,,,294,S-13212,draft,https://img.uline.com/is/image/uline/S-13212?$MediumRHD$,uline,Home > All Products > Retail Packaging > Retail Boxes > Deluxe Gift Boxes,8.19266E+12,s-13212,OK,UPDATE: Found by Handle | Assuming MERGE for Variant Command | Assuming MERGE for Image Command | Variants updated by SKU: 1
S-13213,S-13213,Arka,FALSE,Size,14x14x6,,,,,320,S-13213,draft,https://img.uline.com/is/image/uline/S-13213?$MediumRHD$,uline,Home > All Products > Retail Packaging > Retail Boxes > Deluxe Gift Boxes,8.19266E+12,s-13213,OK,UPDATE: Found by Handle | Assuming MERGE for Variant Command | Assuming MERGE for Image Command | Variants updated by SKU: 1
S-12690,S-12690,Arka,FALSE,Size,19x12x6,,,,,406,S-12690,draft,https://img.uline.com/is/image/uline/S-12690?$MediumRHD$,uline,Home > All Products > Retail Packaging > Retail Boxes > Deluxe Gift Boxes,8.19266E+12,s-12690,OK,UPDATE: Found by Handle | Assuming MERGE for Variant Command | Assuming MERGE for Image Command | Variants updated by SKU: 1
S-13214,S-13214,Arka,FALSE,Size,19x12x3,,,,,365,S-13214,draft,https://img.uline.com/is/image/uline/S-13214?$MediumRHD$,uline,Home > All Products > Retail Packaging > Retail Boxes > Deluxe Gift Boxes,8.19266E+12,s-13214,OK,UPDATE: Found by Handle | Assuming MERGE for Variant Command | Assuming MERGE for Image Command | Variants updated by SKU: 1
S-9810,S-9810,Arka,FALSE,Size,2.50x1.50x7,,,,,41,S-9810,draft,https://img.uline.com/is/image/uline/S-9810?$MediumRHD$,uline,Home > All Products > Retail Packaging > Jewelry Boxes and Displays > Jewelry Boxes,8.19266E+12,s-9810,OK,UPDATE: Found by Handle | Assuming MERGE for Variant Command | Assuming MERGE for Image Command | Variants updated by SKU: 1
S-10600,S-10600,Arka,FALSE,Size,1.63x1.63x1.25,Color,Black,,,53,S-10600BL,draft,https://img.uline.com/is/image/uline/S-10600BL?$MediumRHD$,uline,Home > All Products > Retail Packaging > Jewelry Boxes and Displays > Ring Boxes,8.19266E+12,s-10600,OK,UPDATE: Found by Handle | Assuming MERGE for Variant Command | Assuming MERGE for Image Command | Variants updated by SKU: 2
S-13065,S-13065,Arka,FALSE,Size,3.06x2.13x1,,,,,51,S-13065,draft,https://img.uline.com/is/image/uline/S-13065?$MediumRHD$,uline,Home > All Products > Retail Packaging > Jewelry Boxes and Displays > Jewelry Boxes,8.19266E+12,s-13065,OK,UPDATE: Found by Handle | Assuming MERGE for Variant Command | Assuming MERGE for Image Command | Variants updated by SKU: 1
S-9811,S-9811,Arka,FALSE,Size,3.50x3.50x1,,,,,56,S-9811,draft,https://img.uline.com/is/image/uline/S-9811?$MediumRHD$,uline,Home > All Products > Retail Packaging > Jewelry Boxes and Displays > Jewelry Boxes,8.19266E+12,s-9811,OK,UPDATE: Found by Handle | Assuming MERGE for Variant Command | Assuming MERGE for Image Command | Variants updated by SKU: 1
S-9812,S-9812,Arka,FALSE,Size,5.25x3.75x7,,,,,63,S-9812,draft,https://img.uline.com/is/image/uline/S-9812?$MediumRHD$,uline,Home > All Products > Retail Packaging > Jewelry Boxes and Displays > Jewelry Boxes,8.19266E+12,s-9812,OK,UPDATE: Found by Handle | Assuming MERGE for Variant Command | Assuming MERGE for Image Command | Variants updated by SKU: 1
S-15422,S-15422,Arka,FALSE,Size,3.50x3.50x2,,,,,68,S-15422,draft,https://img.uline.com/is/image/uline/S-15422?$MediumRHD$,uline,Home > All Products > Retail Packaging > Jewelry Boxes and Displays > Jewelry Boxes,8.19266E+12,s-15422,OK,UPDATE: Found by Handle | Assuming MERGE for Variant Command | Assuming MERGE for Image Command | Variants updated by SKU: 1
S-13066,S-13066,Arka,FALSE,Size,8x2x7,,,,,61,S-13066,draft,https://img.uline.com/is/image/uline/S-13066?$MediumRHD$,uline,Home > All Products > Retail Packaging > Jewelry Boxes and Displays > Jewelry Boxes,8.19266E+12,s-13066,OK,UPDATE: Found by Handle | Assuming MERGE for Variant Command | Assuming MERGE for Image Command | Variants updated by SKU: 1
S-12387,S-12387,Arka,FALSE,Size,7x5.50x1,,,,,59,S-12387,draft,https://img.uline.com/is/image/uline/S-12387?$MediumRHD$,uline,Home > All Products > Retail Packaging > Jewelry Boxes and Displays > Jewelry Boxes,8.19266E+12,s-12387,OK,UPDATE: Found by Handle | Assuming MERGE for Variant Command | Assuming MERGE for Image Command | Variants updated by SKU: 1
S-7277,S-7277,Arka,FALSE,Size,2.50x1.50x7,,,,,41,S-7277,draft,https://img.uline.com/is/image/uline/S-7277?$MediumRHD$,uline,Home > All Products > Retail Packaging > Jewelry Boxes and Displays > Jewelry Boxes,8.19266E+12,s-7277,OK,UPDATE: Found by Handle | Assuming MERGE for Variant Command | Assuming MERGE for Image Command | Variants updated by SKU: 1
S-11516,S-11516,Arka,FALSE,Size,1.75x1.13x5,,,,,41,S-11516,draft,https://img.uline.com/is/image/uline/S-11516?$MediumRHD$,uline,Home > All Products > Retail Packaging > Jewelry Boxes and Displays > Jewelry Boxes,8.19266E+12,s-11516,OK,UPDATE: Found by Handle | Assuming MERGE for Variant Command | Assuming MERGE for Image Command | Variants updated by SKU: 1
S-8560,S-8560,Arka,FALSE,Size,3.06x2.13x1,,,,,51,S-8560,draft,https://img.uline.com/is/image/uline/S-8560?$MediumRHD$,uline,Home > All Products > Retail Packaging > Jewelry Boxes and Displays > Jewelry Boxes,8.19266E+12,s-8560,OK,UPDATE: Found by Handle | Assuming MERGE for Variant Command | Assuming MERGE for Image Command | Variants updated by SKU: 1
S-7278,S-7278,Arka,FALSE,Size,3.50x3.50x1,,,,,56,S-7278,draft,https://img.uline.com/is/image/uline/S-7278?$MediumRHD$,uline,Home > All Products > Retail Packaging > Jewelry Boxes and Displays > Jewelry Boxes,8.19266E+12,s-7278,OK,UPDATE: Found by Handle | Assuming MERGE for Variant Command | Assuming MERGE for Image Command | Variants updated by SKU: 1
S-8561,S-8561,Arka,FALSE,Size,3.50x3.50x1.50,,,,,59,S-8561,draft,https://img.uline.com/is/image/uline/S-8561?$MediumRHD$,uline,Home > All Products > Retail Packaging > Jewelry Boxes and Displays > Jewelry Boxes,8.19266E+12,s-8561,OK,UPDATE: Found by Handle | Assuming MERGE for Variant Command | Assuming MERGE for Image Command | Variants updated by SKU: 1
S-13063,S-13063,Arka,FALSE,Size,3.50x3.50x2,,,,,68,S-13063,draft,https://img.uline.com/is/image/uline/S-13063?$MediumRHD$,uline,Home > All Products > Retail Packaging > Jewelry Boxes and Displays > Jewelry Boxes,8.19266E+12,s-13063,OK,UPDATE: Found by Handle | Assuming MERGE for Variant Command | Assuming MERGE for Image Command | Variants updated by SKU: 1
S-12384,S-12384,Arka,FALSE,Size,4x4x1,,,,,70,S-12384,draft,https://img.uline.com/is/image/uline/S-12384?$MediumRHD$,uline,Home > All Products > Retail Packaging > Jewelry Boxes and Displays > Jewelry Boxes,8.19266E+12,s-12384,OK,UPDATE: Found by Handle | Assuming MERGE for Variant Command | Assuming MERGE for Image Command | Variants updated by SKU: 1
S-12385,S-12385,Arka,FALSE,Size,4.38x3.25x1.44,,,,,68,S-12385,draft,https://img.uline.com/is/image/uline/S-12385?$MediumRHD$,uline,Home > All Products > Retail Packaging > Jewelry Boxes and Displays > Jewelry Boxes,8.19266E+12,s-12385,OK,UPDATE: Found by Handle | Assuming MERGE for Variant Command | Assuming MERGE for Image Command | Variants updated by SKU: 1
S-13064,S-13064,Arka,FALSE,Size,5.25x3.75x1.75,,,,,68,S-13064,draft,https://img.uline.com/is/image/uline/S-13064?$MediumRHD$,uline,Home > All Products > Retail Packaging > Jewelry Boxes and Displays > Jewelry Boxes,8.19266E+12,s-13064,OK,UPDATE: Found by Handle | Assuming MERGE for Variant Command | Assuming MERGE for Image Command | Variants updated by SKU: 1
S-7279,S-7279,Arka,FALSE,Size,5.25x3.75x7,,,,,63,S-7279,draft,https://img.uline.com/is/image/uline/S-7279?$MediumRHD$,uline,Home > All Products > Retail Packaging > Jewelry Boxes and Displays > Jewelry Boxes,8.19266E+12,s-7279,OK,UPDATE: Found by Handle | Assuming MERGE for Variant Command | Assuming MERGE for Image Command | Variants updated by SKU: 1
S-11517,S-11517,Arka,FALSE,Size,6x5x1,,,,,57,S-11517,draft,https://img.uline.com/is/image/uline/S-11517?$MediumRHD$,uline,Home > All Products > Retail Packaging > Jewelry Boxes and Displays > Jewelry Boxes,8.19266E+12,s-11517,OK,UPDATE: Found by Handle | Assuming MERGE for Variant Command | Assuming MERGE for Image Command | Variants updated by SKU: 1
S-9607,S-9607,Arka,FALSE,Size,7x5.50x1,,,,,59,S-9607,draft,https://img.uline.com/is/image/uline/S-9607?$MediumRHD$,uline,Home > All Products > Retail Packaging > Jewelry Boxes and Displays > Jewelry Boxes,8.19266E+12,s-9607,OK,UPDATE: Found by Handle | Assuming MERGE for Variant Command | Assuming MERGE for Image Command | Variants updated by SKU: 1
S-7280,S-7280,Arka,FALSE,Size,8x2x7,,,,,61,S-7280,draft,https://img.uline.com/is/image/uline/S-7280?$MediumRHD$,uline,Home > All Products > Retail Packaging > Jewelry Boxes and Displays > Jewelry Boxes,8.19266E+12,s-7280,OK,UPDATE: Found by Handle | Assuming MERGE for Variant Command | Assuming MERGE for Image Command | Variants updated by SKU: 1
S-15428,S-15428,Arka,FALSE,Size,8x5.50x1.25,,,,,61,S-15428,draft,https://img.uline.com/is/image/uline/S-15428?$MediumRHD$,uline,Home > All Products > Retail Packaging > Jewelry Boxes and Displays > Jewelry Boxes,8.19266E+12,s-15428,OK,UPDATE: Found by Handle | Assuming MERGE for Variant Command | Assuming MERGE for Image Command | Variants updated by SKU: 1
S-10601,S-10601,Arka,FALSE,Size,8x5.50x2,,,,,65,S-10601,draft,https://img.uline.com/is/image/uline/S-10601?$MediumRHD$,uline,Home > All Products > Retail Packaging > Jewelry Boxes and Displays > Jewelry Boxes,8.19266E+12,s-10601,OK,UPDATE: Found by Handle | Assuming MERGE for Variant Command | Assuming MERGE for Image Command | Variants updated by SKU: 1
S-12386,S-12386,Arka,FALSE,Size,9.75x1.88x1.25,,,,,56,S-12386,draft,https://img.uline.com/is/image/uline/S-12386?$MediumRHD$,uline,Home > All Products > Retail Packaging > Jewelry Boxes and Displays > Jewelry Boxes,8.19266E+12,s-12386,OK,UPDATE: Found by Handle | Assuming MERGE for Variant Command | Assuming MERGE for Image Command | Variants updated by SKU: 1
S-12389,S-12389,Arka,FALSE,Size,3.06x2.13x1,,,,,70,S-12389,draft,https://img.uline.com/is/image/uline/S-12389?$MediumRHD$,uline,Home > All Products > Retail Packaging > Jewelry Boxes and Displays > Jewelry Boxes,8.19266E+12,s-12389,OK,UPDATE: Found by Handle | Assuming MERGE for Variant Command | Assuming MERGE for Image Command | Variants updated by SKU: 1
S-12388,S-12388,Arka,FALSE,Size,2.50x1.50x7,,,,,63,S-12388,draft,https://img.uline.com/is/image/uline/S-12388?$MediumRHD$,uline,Home > All Products > Retail Packaging > Jewelry Boxes and Displays > Jewelry Boxes,8.19266E+12,s-12388,OK,UPDATE: Found by Handle | Assuming MERGE for Variant Command | Assuming MERGE for Image Command | Variants updated by SKU: 1
S-12390,S-12390,Arka,FALSE,Size,3.50x3.50x1,,,,,84,S-12390,draft,https://img.uline.com/is/image/uline/S-12390?$MediumRHD$,uline,Home > All Products > Retail Packaging > Jewelry Boxes and Displays > Jewelry Boxes,8.19266E+12,s-12390,OK,UPDATE: Found by Handle | Assuming MERGE for Variant Command | Assuming MERGE for Image Command | Variants updated by SKU: 1
S-15423,S-15423,Arka,FALSE,Size,3.50x3.50x2,,,,,97,S-15423,draft,https://img.uline.com/is/image/uline/S-15423?$MediumRHD$,uline,Home > All Products > Retail Packaging > Jewelry Boxes and Displays > Jewelry Boxes,8.19266E+12,s-15423,OK,UPDATE: Found by Handle | Assuming MERGE for Variant Command | Assuming MERGE for Image Command | Variants updated by SKU: 1
S-12391,S-12391,Arka,FALSE,Size,5.25x3.75x7,,,,,97,S-12391,draft,https://img.uline.com/is/image/uline/S-12391?$MediumRHD$,uline,Home > All Products > Retail Packaging > Jewelry Boxes and Displays > Jewelry Boxes,8.19266E+12,s-12391,OK,UPDATE: Found by Handle | Assuming MERGE for Variant Command | Assuming MERGE for Image Command | Variants updated by SKU: 1
S-14340,S-14340,Arka,FALSE,Size,4x4x1,,,,,123,S-14340,draft,https://img.uline.com/is/image/uline/S-14340?$MediumRHD$,uline,Home > All Products > Retail Packaging > Jewelry Boxes and Displays > Jewelry Boxes,8.19266E+12,s-14340,OK,UPDATE: Found by Handle | Assuming MERGE for Variant Command | Assuming MERGE for Image Command | Variants updated by SKU: 1
S-13069,S-13069,Arka,FALSE,Size,7x5.50x1,,,,,81,S-13069,draft,https://img.uline.com/is/image/uline/S-13069?$MediumRHD$,uline,Home > All Products > Retail Packaging > Jewelry Boxes and Displays > Jewelry Boxes,8.19266E+12,s-13069,OK,UPDATE: Found by Handle | Assuming MERGE for Variant Command | Assuming MERGE for Image Command | Variants updated by SKU: 1
S-13070,S-13070,Arka,FALSE,Size,8x2x7,,,,,85,S-13070,draft,https://img.uline.com/is/image/uline/S-13070?$MediumRHD$,uline,Home > All Products > Retail Packaging > Jewelry Boxes and Displays > Jewelry Boxes,8.19266E+12,s-13070,OK,UPDATE: Found by Handle | Assuming MERGE for Variant Command | Assuming MERGE for Image Command | Variants updated by SKU: 1
S-10602,S-10602,Arka,FALSE,Size,3.06x2.13x1,,,,,51,S-10602,draft,https://img.uline.com/is/image/uline/S-10602?$MediumRHD$,uline,Home > All Products > Retail Packaging > Jewelry Boxes and Displays > Jewelry Boxes,8.19266E+12,s-10602,OK,UPDATE: Found by Handle | Assuming MERGE for Variant Command | Assuming MERGE for Image Command | Variants updated by SKU: 1
S-9813,S-9813,Arka,FALSE,Size,2.50x1.50x7,,,,,41,S-9813,draft,https://img.uline.com/is/image/uline/S-9813?$MediumRHD$,uline,Home > All Products > Retail Packaging > Jewelry Boxes and Displays > Jewelry Boxes,8.19266E+12,s-9813,OK,UPDATE: Found by Handle | Assuming MERGE for Variant Command | Assuming MERGE for Image Command | Variants updated by SKU: 1
S-9814,S-9814,Arka,FALSE,Size,3.50x3.50x1,,,,,56,S-9814,draft,https://img.uline.com/is/image/uline/S-9814?$MediumRHD$,uline,Home > All Products > Retail Packaging > Jewelry Boxes and Displays > Jewelry Boxes,8.19266E+12,s-9814,OK,UPDATE: Found by Handle | Assuming MERGE for Variant Command | Assuming MERGE for Image Command | Variants updated by SKU: 1
S-10603,S-10603,Arka,FALSE,Size,3.50x3.50x1.50,,,,,59,S-10603,draft,https://img.uline.com/is/image/uline/S-10603?$MediumRHD$,uline,Home > All Products > Retail Packaging > Jewelry Boxes and Displays > Jewelry Boxes,8.19266E+12,s-10603,OK,UPDATE: Found by Handle | Assuming MERGE for Variant Command | Assuming MERGE for Image Command | Variants updated by SKU: 1
S-14339,S-14339,Arka,FALSE,Size,4x4x1,,,,,70,S-14339,draft,https://img.uline.com/is/image/uline/S-14339?$MediumRHD$,uline,Home > All Products > Retail Packaging > Jewelry Boxes and Displays > Jewelry Boxes,8.19266E+12,s-14339,OK,UPDATE: Found by Handle | Assuming MERGE for Variant Command | Assuming MERGE for Image Command | Variants updated by SKU: 1
S-15429,S-15429,Arka,FALSE,Size,3.50x3.50x2,,,,,70,S-15429,draft,https://img.uline.com/is/image/uline/S-15429?$MediumRHD$,uline,Home > All Products > Retail Packaging > Jewelry Boxes and Displays > Jewelry Boxes,8.19266E+12,s-15429,OK,UPDATE: Found by Handle | Assuming MERGE for Variant Command | Assuming MERGE for Image Command | Variants updated by SKU: 1
S-10604,S-10604,Arka,FALSE,Size,5.25x3.75x7,,,,,63,S-10604,draft,https://img.uline.com/is/image/uline/S-10604?$MediumRHD$,uline,Home > All Products > Retail Packaging > Jewelry Boxes and Displays > Jewelry Boxes,8.19266E+12,s-10604,OK,UPDATE: Found by Handle | Assuming MERGE for Variant Command | Assuming MERGE for Image Command | Variants updated by SKU: 1
S-13067,S-13067,Arka,FALSE,Size,6x5x1,,,,,57,S-13067,draft,https://img.uline.com/is/image/uline/S-13067?$MediumRHD$,uline,Home > All Products > Retail Packaging > Jewelry Boxes and Displays > Jewelry Boxes,8.19266E+12,s-13067,OK,UPDATE: Found by Handle | Assuming MERGE for Variant Command | Assuming MERGE for Image Command | Variants updated by SKU: 1
S-10605,S-10605,Arka,FALSE,Size,7x5.50x1,,,,,61,S-10605,draft,https://img.uline.com/is/image/uline/S-10605?$MediumRHD$,uline,Home > All Products > Retail Packaging > Jewelry Boxes and Displays > Jewelry Boxes,8.19266E+12,s-10605,OK,UPDATE: Found by Handle | Assuming MERGE for Variant Command | Assuming MERGE for Image Command | Variants updated by SKU: 1
S-9815,S-9815,Arka,FALSE,Size,8x2x7,,,,,62,S-9815,draft,https://img.uline.com/is/image/uline/S-9815?$MediumRHD$,uline,Home > All Products > Retail Packaging > Jewelry Boxes and Displays > Jewelry Boxes,8.19266E+12,s-9815,OK,UPDATE: Found by Handle | Assuming MERGE for Variant Command | Assuming MERGE for Image Command | Variants updated by SKU: 1
S-21197,S-21197,Arka,FALSE,Size,8x5.50x1.25,,,,,61,S-21197,draft,https://img.uline.com/is/image/uline/S-21197?$MediumRHD$,uline,Home > All Products > Retail Packaging > Jewelry Boxes and Displays > Jewelry Boxes,8.19266E+12,s-21197,OK,UPDATE: Found by Handle | Assuming MERGE for Variant Command | Assuming MERGE for Image Command | Variants updated by SKU: 1
S-13068,S-13068,Arka,FALSE,Size,8x5.50x2,,,,,65,S-13068,draft,https://img.uline.com/is/image/uline/S-13068?$MediumRHD$,uline,Home > All Products > Retail Packaging > Jewelry Boxes and Displays > Jewelry Boxes,8.19266E+12,s-13068,OK,UPDATE: Found by Handle | Assuming MERGE for Variant Command | Assuming MERGE for Image Command | Variants updated by SKU: 1
S-13077,S-13077,Arka,FALSE,Size,1.75x1.13x5,Color,Silver,,,48,S-13077SIL,draft,https://img.uline.com/is/image/uline/S-13077SIL?$MediumRHD$,uline,Home > All Products > Retail Packaging > Jewelry Boxes and Displays > Jewelry Boxes,8.19266E+12,s-13077,OK,UPDATE: Found by Handle | Assuming MERGE for Variant Command | Assuming MERGE for Image Command | Variants updated by SKU: 2
S-8562,S-8562,Arka,FALSE,Size,2.50x1.50x7,Color,Silver,,,51,S-8562SIL,draft,https://img.uline.com/is/image/uline/S-8562SIL?$MediumRHD$,uline,Home > All Products > Retail Packaging > Jewelry Boxes and Displays > Jewelry Boxes,8.19266E+12,s-8562,OK,UPDATE: Found by Handle | Assuming MERGE for Variant Command | Assuming MERGE for Image Command | Variants updated by SKU: 2
S-13078,S-13078,Arka,FALSE,Size,3.06x2.13x1,Color,Silver,,,58,S-13078SIL,draft,https://img.uline.com/is/image/uline/S-13078SIL?$MediumRHD$,uline,Home > All Products > Retail Packaging > Jewelry Boxes and Displays > Jewelry Boxes,8.19266E+12,s-13078,OK,UPDATE: Found by Handle | Assuming MERGE for Variant Command | Assuming MERGE for Image Command | Variants updated by SKU: 2
S-8563,S-8563,Arka,FALSE,Size,3.50x3.50x1,Color,Silver,,,68,S-8563SIL,draft,https://img.uline.com/is/image/uline/S-8563SIL?$MediumRHD$,uline,Home > All Products > Retail Packaging > Jewelry Boxes and Displays > Jewelry Boxes,8.19266E+12,s-8563,OK,UPDATE: Found by Handle | Assuming MERGE for Variant Command | Assuming MERGE for Image Command | Variants updated by SKU: 2
S-24025,S-24025,Arka,FALSE,Size,3.06x2.13x1,,,,,69,S-24025,draft,https://img.uline.com/is/image/uline/S-24025?$MediumRHD$,uline,Home > All Products > Retail Packaging > Jewelry Boxes and Displays > Jewelry Boxes,8.19266E+12,s-24025,OK,UPDATE: Found by Handle | Assuming MERGE for Variant Command | Assuming MERGE for Image Command | Variants updated by SKU: 1
S-9816,S-9816,Arka,FALSE,Size,5.25x3.75x7,Color,Silver,,,74,S-9816SIL,draft,https://img.uline.com/is/image/uline/S-9816SIL?$MediumRHD$,uline,Home > All Products > Retail Packaging > Jewelry Boxes and Displays > Jewelry Boxes,8.19266E+12,s-9816,OK,UPDATE: Found by Handle | Assuming MERGE for Variant Command | Assuming MERGE for Image Command | Variants updated by SKU: 2
S-9817,S-9817,Arka,FALSE,Size,8x2x7,Color,Gold,,,73,S-9817GOLD,draft,https://img.uline.com/is/image/uline/S-9817GOLD?$MediumRHD$,uline,Home > All Products > Retail Packaging > Jewelry Boxes and Displays > Jewelry Boxes,8.19266E+12,s-9817,OK,UPDATE: Found by Handle | Assuming MERGE for Variant Command | Assuming MERGE for Image Command | Variants updated by SKU: 2
S-24026,S-24026,Arka,FALSE,Size,3.50x3.50x1,,,,,83,S-24026,draft,https://img.uline.com/is/image/uline/S-24026?$MediumRHD$,uline,Home > All Products > Retail Packaging > Jewelry Boxes and Displays > Jewelry Boxes,8.19266E+12,s-24026,OK,UPDATE: Found by Handle | Assuming MERGE for Variant Command | Assuming MERGE for Image Command | Variants updated by SKU: 1
S-24027,S-24027,Arka,FALSE,Size,5.25x3.75x7,,,,,97,S-24027,draft,https://img.uline.com/is/image/uline/S-24027?$MediumRHD$,uline,Home > All Products > Retail Packaging > Jewelry Boxes and Displays > Jewelry Boxes,8.19266E+12,s-24027,OK,UPDATE: Found by Handle | Assuming MERGE for Variant Command | Assuming MERGE for Image Command | Variants updated by SKU: 1
S-24028,S-24028,Arka,FALSE,Size,7x5.50x1,,,,,81,S-24028,draft,https://img.uline.com/is/image/uline/S-24028?$MediumRHD$,uline,Home > All Products > Retail Packaging > Jewelry Boxes and Displays > Jewelry Boxes,8.19266E+12,s-24028,OK,UPDATE: Found by Handle | Assuming MERGE for Variant Command | Assuming MERGE for Image Command | Variants updated by SKU: 1
S-13060,S-13060,Arka,FALSE,Size,11.50x8.50x1.63,,,,,65,S-13060,draft,https://img.uline.com/is/image/uline/S-13060?$MediumRHD$,uline,Home > All Products > Retail Packaging > Retail Boxes > Apparel Boxes,8.19266E+12,s-13060,OK,UPDATE: Found by Handle | Assuming MERGE for Variant Command | Assuming MERGE for Image Command | Variants updated by SKU: 1
S-11513,S-11513,Arka,FALSE,Size,15x9.50x2,,,,,80,S-11513,draft,https://img.uline.com/is/image/uline/S-11513?$MediumRHD$,uline,Home > All Products > Retail Packaging > Retail Boxes > Apparel Boxes,8.19266E+12,s-11513,OK,UPDATE: Found by Handle | Assuming MERGE for Variant Command | Assuming MERGE for Image Command | Variants updated by SKU: 1
S-11515,S-11515,Arka,FALSE,Size,19x12x3,,,,,81,S-11515,draft,https://img.uline.com/is/image/uline/S-11515?$MediumRHD$,uline,Home > All Products > Retail Packaging > Retail Boxes > Apparel Boxes,8.19266E+12,s-11515,OK,UPDATE: Found by Handle | Assuming MERGE for Variant Command | Assuming MERGE for Image Command | Variants updated by SKU: 1
S-11514,S-11514,Arka,FALSE,Size,17x11x2.50,,,,,62,S-11514,draft,https://img.uline.com/is/image/uline/S-11514?$MediumRHD$,uline,Home > All Products > Retail Packaging > Retail Boxes > Apparel Boxes,8.19266E+12,s-11514,OK,UPDATE: Found by Handle | Assuming MERGE for Variant Command | Assuming MERGE for Image Command | Variants updated by SKU: 1
S-14153,S-14153,Arka,FALSE,Size,24x14x4,,,,,72,S-14153,draft,https://img.uline.com/is/image/uline/S-14153?$MediumRHD$,uline,Home > All Products > Retail Packaging > Retail Boxes > Apparel Boxes,8.19266E+12,s-14153,OK,UPDATE: Found by Handle | Assuming MERGE for Variant Command | Assuming MERGE for Image Command | Variants updated by SKU: 1
S-10614,S-10614,Arka,FALSE,Size,12x12x4,,,,,91,S-10614,draft,https://img.uline.com/is/image/uline/S-10614?$MediumRHD$,uline,Home > All Products > Retail Packaging > Retail Boxes > Apparel Boxes,8.19266E+12,s-10614,OK,UPDATE: Found by Handle | Assuming MERGE for Variant Command | Assuming MERGE for Image Command | Variants updated by SKU: 1
S-7093,S-7093,Arka,FALSE,Size,11.50x8.50x1.63,,,,,63,S-7093,draft,https://img.uline.com/is/image/uline/S-7093?$MediumRHD$,uline,Home > All Products > Retail Packaging > Retail Boxes > Apparel Boxes,8.19266E+12,s-7093,OK,UPDATE: Found by Handle | Assuming MERGE for Variant Command | Assuming MERGE for Image Command | Variants updated by SKU: 1
S-8556,S-8556,Arka,FALSE,Size,10x7x1.50,,,,,58,S-8556,draft,https://img.uline.com/is/image/uline/S-8556?$MediumRHD$,uline,Home > All Products > Retail Packaging > Retail Boxes > Apparel Boxes,8.19266E+12,s-8556,OK,UPDATE: Found by Handle | Assuming MERGE for Variant Command | Assuming MERGE for Image Command | Variants updated by SKU: 1
S-7094,S-7094,Arka,FALSE,Size,15x9.50x2,,,,,74,S-7094,draft,https://img.uline.com/is/image/uline/S-7094?$MediumRHD$,uline,Home > All Products > Retail Packaging > Retail Boxes > Apparel Boxes,8.19266E+12,s-7094,OK,UPDATE: Found by Handle | Assuming MERGE for Variant Command | Assuming MERGE for Image Command | Variants updated by SKU: 1
S-7095,S-7095,Arka,FALSE,Size,17x11x2.50,,,,,57,S-7095,draft,https://img.uline.com/is/image/uline/S-7095?$MediumRHD$,uline,Home > All Products > Retail Packaging > Retail Boxes > Apparel Boxes,8.19266E+12,s-7095,OK,UPDATE: Found by Handle | Assuming MERGE for Variant Command | Assuming MERGE for Image Command | Variants updated by SKU: 1
S-7096,S-7096,Arka,FALSE,Size,19x12x3,,,,,74,S-7096,draft,https://img.uline.com/is/image/uline/S-7096?$MediumRHD$,uline,Home > All Products > Retail Packaging > Retail Boxes > Apparel Boxes,8.19266E+12,s-7096,OK,UPDATE: Found by Handle | Assuming MERGE for Variant Command | Assuming MERGE for Image Command | Variants updated by SKU: 1
S-8559,S-8559,Arka,FALSE,Size,24x14x4,,,,,66,S-8559,draft,https://img.uline.com/is/image/uline/S-8559?$MediumRHD$,uline,Home > All Products > Retail Packaging > Retail Boxes > Apparel Boxes,8.19266E+12,s-8559,OK,UPDATE: Found by Handle | Assuming MERGE for Variant Command | Assuming MERGE for Image Command | Variants updated by SKU: 1
S-16842,S-16842,Arka,FALSE,Size,10x7x1.50,,,,,58,S-16842,draft,https://img.uline.com/is/image/uline/S-16842?$MediumRHD$,uline,Home > All Products > Retail Packaging > Retail Boxes > Apparel Boxes,8.19266E+12,s-16842,OK,UPDATE: Found by Handle | Assuming MERGE for Variant Command | Assuming MERGE for Image Command | Variants updated by SKU: 1
S-10598,S-10598,Arka,FALSE,Size,11.50x8.50x1.63,,,,,58,S-10598,draft,https://img.uline.com/is/image/uline/S-10598?$MediumRHD$,uline,Home > All Products > Retail Packaging > Retail Boxes > Apparel Boxes,8.19266E+12,s-10598,OK,UPDATE: Found by Handle | Assuming MERGE for Variant Command | Assuming MERGE for Image Command | Variants updated by SKU: 1
S-7634,S-7634,Arka,FALSE,Size,15x9.50x2,,,,,73,S-7634,draft,https://img.uline.com/is/image/uline/S-7634?$MediumRHD$,uline,Home > All Products > Retail Packaging > Retail Boxes > Apparel Boxes,8.19266E+12,s-7634,OK,UPDATE: Found by Handle | Assuming MERGE for Variant Command | Assuming MERGE for Image Command | Variants updated by SKU: 1
S-12382,S-12382,Arka,FALSE,Size,19x12x3,,,,,70,S-12382,draft,https://img.uline.com/is/image/uline/S-12382?$MediumRHD$,uline,Home > All Products > Retail Packaging > Retail Boxes > Apparel Boxes,8.19266E+12,s-12382,OK,UPDATE: Found by Handle | Assuming MERGE for Variant Command | Assuming MERGE for Image Command | Variants updated by SKU: 1
S-7635,S-7635,Arka,FALSE,Size,17x11x2.50,,,,,54,S-7635,draft,https://img.uline.com/is/image/uline/S-7635?$MediumRHD$,uline,Home > All Products > Retail Packaging > Retail Boxes > Apparel Boxes,8.19266E+12,s-7635,OK,UPDATE: Found by Handle | Assuming MERGE for Variant Command | Assuming MERGE for Image Command | Variants updated by SKU: 1
S-13059,S-13059,Arka,FALSE,Size,24x14x4,,,,,62,S-13059,draft,https://img.uline.com/is/image/uline/S-13059?$MediumRHD$,uline,Home > All Products > Retail Packaging > Retail Boxes > Apparel Boxes,8.19266E+12,s-13059,OK,UPDATE: Found by Handle | Assuming MERGE for Variant Command | Assuming MERGE for Image Command | Variants updated by SKU: 1
S-10615,S-10615,Arka,FALSE,Size,14x4.50x3,,,,,101,S-10615,draft,https://img.uline.com/is/image/uline/S-10615?$MediumRHD$,uline,Home > All Products > Retail Packaging > Retail Boxes > Tie Boxes,8.19266E+12,s-10615,OK,UPDATE: Found by Handle | Assuming MERGE for Variant Command | Assuming MERGE for Image Command | Variants updated by SKU: 1
S-12383,S-12383,Arka,FALSE,Size,14x4.50x3,,,,,134,S-12383,draft,https://img.uline.com/is/image/uline/S-12383?$MediumRHD$,uline,Home > All Products > Retail Packaging > Retail Boxes > Tie Boxes,8.19266E+12,s-12383,OK,UPDATE: Found by Handle | Assuming MERGE for Variant Command | Assuming MERGE for Image Command | Variants updated by SKU: 1
S-13062,S-13062,Arka,FALSE,Size,8x6x3,Color,White Gloss,,,48,S-13062W,draft,https://img.uline.com/is/image/uline/S-13062W?$MediumRHD$,uline,Home > All Products > Retail Packaging > Retail Boxes > Shoe Boxes,8.19266E+12,s-13062,OK,UPDATE: Found by Handle | Assuming MERGE for Variant Command | Assuming MERGE for Image Command | Variants updated by SKU: 2
S-11570,S-11570,Arka,FALSE,Size,9x7x4,Color,Kraft,,,50,S-11570K,draft,https://img.uline.com/is/image/uline/S-11570K?$MediumRHD$,uline,Home > All Products > Retail Packaging > Retail Boxes > Shoe Boxes,8.19266E+12,s-11570,OK,UPDATE: Found by Handle | Assuming MERGE for Variant Command | Assuming MERGE for Image Command | Variants updated by SKU: 2
S-10585,S-10585,Arka,FALSE,Size,12x7x4,Color,White Gloss,,,51,S-10585W,draft,https://img.uline.com/is/image/uline/S-10585W?$MediumRHD$,uline,Home > All Products > Retail Packaging > Retail Boxes > Shoe Boxes,8.19266E+12,s-10585,OK,UPDATE: Found by Handle | Assuming MERGE for Variant Command | Assuming MERGE for Image Command | Variants updated by SKU: 2
S-10586,S-10586,Arka,FALSE,Size,14x8x5,Color,White Gloss,,,63,S-10586W,draft,https://img.uline.com/is/image/uline/S-10586W?$MediumRHD$,uline,Home > All Products > Retail Packaging > Retail Boxes > Shoe Boxes,8.19266E+12,s-10586,OK,UPDATE: Found by Handle | Assuming MERGE for Variant Command | Assuming MERGE for Image Command | Variants updated by SKU: 2
S-11571,S-11571,Arka,FALSE,Size,14x10x5,Color,White Gloss,,,66,S-11571W,draft,https://img.uline.com/is/image/uline/S-11571W?$MediumRHD$,uline,Home > All Products > Retail Packaging > Retail Boxes > Shoe Boxes,8.19266E+12,s-11571,OK,UPDATE: Found by Handle | Assuming MERGE for Variant Command | Assuming MERGE for Image Command | Variants updated by SKU: 2
S-13061,S-13061,Arka,FALSE,Size,12x7x4,,,,,61,S-13061,draft,https://img.uline.com/is/image/uline/S-13061?$MediumRHD$,uline,Home > All Products > Retail Packaging > Retail Boxes > Shoe Boxes,8.19266E+12,s-13061,OK,UPDATE: Found by Handle | Assuming MERGE for Variant Command | Assuming MERGE for Image Command | Variants updated by SKU: 1
S-22267,S-22267,Arka,FALSE,Size,6x6x5,,,,,112,S-22267,draft,https://img.uline.com/is/image/uline/S-22267?$MediumRHD$,uline,Home > All Products > Retail Packaging > Retail Boxes > High Gloss Gift Boxes,8.19267E+12,s-22267,OK,UPDATE: Found by Handle | Assuming MERGE for Variant Command | Assuming MERGE for Image Command | Variants updated by SKU: 1
S-15401,S-15401,Arka,FALSE,Size,14x8x5,,,,,73,S-15401,draft,https://img.uline.com/is/image/uline/S-15401?$MediumRHD$,uline,Home > All Products > Retail Packaging > Retail Boxes > Shoe Boxes,8.19266E+12,s-15401,OK,UPDATE: Found by Handle | Assuming MERGE for Variant Command | Assuming MERGE for Image Command | Variants updated by SKU: 1
S-22268,S-22268,Arka,FALSE,Size,8x8x6,,,,,165,S-22268,draft,https://img.uline.com/is/image/uline/S-22268?$MediumRHD$,uline,Home > All Products > Retail Packaging > Retail Boxes > High Gloss Gift Boxes,8.19267E+12,s-22268,OK,UPDATE: Found by Handle | Assuming MERGE for Variant Command | Assuming MERGE for Image Command | Variants updated by SKU: 1
S-22269,S-22269,Arka,FALSE,Size,10x10x8,,,,,141,S-22269,draft,https://img.uline.com/is/image/uline/S-22269?$MediumRHD$,uline,Home > All Products > Retail Packaging > Retail Boxes > High Gloss Gift Boxes,8.19267E+12,s-22269,OK,UPDATE: Found by Handle | Assuming MERGE for Variant Command | Assuming MERGE for Image Command | Variants updated by SKU: 1
S-22271,S-22271,Arka,FALSE,Size,8x8x6,,,,,193,S-22271,draft,https://img.uline.com/is/image/uline/S-22271?$MediumRHD$,uline,Home > All Products > Retail Packaging > Retail Boxes > High Gloss Gift Boxes,8.19267E+12,s-22271,OK,UPDATE: Found by Handle | Assuming MERGE for Variant Command | Assuming MERGE for Image Command | Variants updated by SKU: 1
S-22270,S-22270,Arka,FALSE,Size,6x6x5,,,,,132,S-22270,draft,https://img.uline.com/is/image/uline/S-22270?$MediumRHD$,uline,Home > All Products > Retail Packaging > Retail Boxes > High Gloss Gift Boxes,8.19267E+12,s-22270,OK,UPDATE: Found by Handle | Assuming MERGE for Variant Command | Assuming MERGE for Image Command | Variants updated by SKU: 1
S-22272,S-22272,Arka,FALSE,Size,10x10x8,,,,,163,S-22272,draft,https://img.uline.com/is/image/uline/S-22272?$MediumRHD$,uline,Home > All Products > Retail Packaging > Retail Boxes > High Gloss Gift Boxes,8.19267E+12,s-22272,OK,UPDATE: Found by Handle | Assuming MERGE for Variant Command | Assuming MERGE for Image Command | Variants updated by SKU: 1
S-21240,S-21240,Arka,FALSE,Size,5.75x4.50x3,,,,,46,S-21240,draft,https://img.uline.com/is/image/uline/S-21240?$MediumRHD$,uline,Home > All Products > Retail Packaging > Retail Boxes > Clear Lid Boxes,8.19267E+12,s-21240,OK,UPDATE: Found by Handle | Assuming MERGE for Variant Command | Assuming MERGE for Image Command | Variants updated by SKU: 1
S-21241,S-21241,Arka,FALSE,Size,7.38x5.38x1,,,,,53,S-21241,draft,https://img.uline.com/is/image/uline/S-21241?$MediumRHD$,uline,Home > All Products > Retail Packaging > Retail Boxes > Clear Lid Boxes,8.19267E+12,s-21241,OK,UPDATE: Found by Handle | Assuming MERGE for Variant Command | Assuming MERGE for Image Command | Variants updated by SKU: 1
S-21242,S-21242,Arka,FALSE,Size,7.38x5.38x2,,,,,37,S-21242,draft,https://img.uline.com/is/image/uline/S-21242?$MediumRHD$,uline,Home > All Products > Retail Packaging > Retail Boxes > Clear Lid Boxes,8.19267E+12,s-21242,OK,UPDATE: Found by Handle | Assuming MERGE for Variant Command | Assuming MERGE for Image Command | Variants updated by SKU: 1
S-17334,S-17334,Arka,FALSE,Size,12x7x4,,,,,2.2,S-17334,draft,https://img.uline.com/is/image/uline/S-17334?$MediumRHD$,uline,Home > All Products > Retail Packaging > Retail Boxes > Corrugated Shoe Boxes,8.19267E+12,s-17334,OK,UPDATE: Found by Handle | Assuming MERGE for Variant Command | Assuming MERGE for Image Command | Variants updated by SKU: 1
S-17335,S-17335,Arka,FALSE,Size,13x8x5,,,,,2.4,S-17335,draft,https://img.uline.com/is/image/uline/S-17335?$MediumRHD$,uline,Home > All Products > Retail Packaging > Retail Boxes > Corrugated Shoe Boxes,8.19267E+12,s-17335,OK,UPDATE: Found by Handle | Assuming MERGE for Variant Command | Assuming MERGE for Image Command | Variants updated by SKU: 1
S-17337,S-17337,Arka,FALSE,Size,13x8x5,,,,,2.6,S-17337,draft,https://img.uline.com/is/image/uline/S-17337?$MediumRHD$,uline,Home > All Products > Retail Packaging > Retail Boxes > Corrugated Shoe Boxes,8.19267E+12,s-17337,OK,UPDATE: Found by Handle | Assuming MERGE for Variant Command | Assuming MERGE for Image Command | Variants updated by SKU: 1
S-17336,S-17336,Arka,FALSE,Size,12x7x4,,,,,2.4,S-17336,draft,https://img.uline.com/is/image/uline/S-17336?$MediumRHD$,uline,Home > All Products > Retail Packaging > Retail Boxes > Corrugated Shoe Boxes,8.19267E+12,s-17336,OK,UPDATE: Found by Handle | Assuming MERGE for Variant Command | Assuming MERGE for Image Command | Variants updated by SKU: 1
S-15402,S-15402,Arka,FALSE,Size,13x8x5,,,,,37,S-15402,draft,https://img.uline.com/is/image/uline/S-15402?$MediumRHD$,uline,"Home > All Products > Shelving, Bins and Storage > Sterilite® Storage Boxes > Plastic Shoe Boxes",8.19267E+12,s-15402,OK,UPDATE: Found by Handle | Assuming MERGE for Variant Command | Assuming MERGE for Image Command | Variants updated by SKU: 1
S-10577,S-10577,Arka,FALSE,Size,3.75x3.75x2,,,,,140,S-10577,draft,https://img.uline.com/is/image/uline/S-10577?$MediumRHD$,uline,Home > All Products > Retail Packaging > Retail Boxes > Clear Lid Boxes,8.19267E+12,s-10577,OK,UPDATE: Found by Handle | Assuming MERGE for Variant Command | Assuming MERGE for Image Command | Variants updated by SKU: 1
S-15403,S-15403,Arka,FALSE,Size,16x12x7,,,,,77,S-15403,draft,https://img.uline.com/is/image/uline/S-15403?$MediumRHD$,uline,"Home > All Products > Shelving, Bins and Storage > Sterilite® Storage Boxes > Plastic Shoe Boxes",8.19267E+12,s-15403,OK,UPDATE: Found by Handle | Assuming MERGE for Variant Command | Assuming MERGE for Image Command | Variants updated by SKU: 1
S-10578,S-10578,Arka,FALSE,Size,5.38x5.38x1,,,,,145,S-10578,draft,https://img.uline.com/is/image/uline/S-10578?$MediumRHD$,uline,Home > All Products > Retail Packaging > Retail Boxes > Clear Lid Boxes,8.19267E+12,s-10578,OK,UPDATE: Found by Handle | Assuming MERGE for Variant Command | Assuming MERGE for Image Command | Variants updated by SKU: 1
S-10579,S-10579,Arka,FALSE,Size,5.75x4.50x3,,,,,125,S-10579,draft,https://img.uline.com/is/image/uline/S-10579?$MediumRHD$,uline,Home > All Products > Retail Packaging > Retail Boxes > Clear Lid Boxes,8.19267E+12,s-10579,OK,UPDATE: Found by Handle | Assuming MERGE for Variant Command | Assuming MERGE for Image Command | Variants updated by SKU: 1
S-9725,S-9725,Arka,FALSE,Size,6.69x4.88x3,,,,,135,S-9725,draft,https://img.uline.com/is/image/uline/S-9725?$MediumRHD$,uline,Home > All Products > Retail Packaging > Retail Boxes > Clear Lid Boxes,8.19267E+12,s-9725,OK,UPDATE: Found by Handle | Assuming MERGE for Variant Command | Assuming MERGE for Image Command | Variants updated by SKU: 1
S-9726,S-9726,Arka,FALSE,Size,7.50x5.50x1,,,,,143,S-9726,draft,https://img.uline.com/is/image/uline/S-9726?$MediumRHD$,uline,Home > All Products > Retail Packaging > Retail Boxes > Clear Lid Boxes,8.19267E+12,s-9726,OK,UPDATE: Found by Handle | Assuming MERGE for Variant Command | Assuming MERGE for Image Command | Variants updated by SKU: 1
S-12542,S-12542,Arka,FALSE,Size,11.25x8.88x2,,,,,80,S-12542,draft,https://img.uline.com/is/image/uline/S-12542?$MediumRHD$,uline,Home > All Products > Retail Packaging > Retail Boxes > Clear Lid Boxes,8.19267E+12,s-12542,OK,UPDATE: Found by Handle | Assuming MERGE for Variant Command | Assuming MERGE for Image Command | Variants updated by SKU: 1
S-12543,S-12543,Arka,FALSE,Size,5.75x4.50x3,,,,,50,S-12543,draft,https://img.uline.com/is/image/uline/S-12543?$MediumRHD$,uline,Home > All Products > Retail Packaging > Retail Boxes > Clear Lid Boxes,8.19267E+12,s-12543,OK,UPDATE: Found by Handle | Assuming MERGE for Variant Command | Assuming MERGE for Image Command | Variants updated by SKU: 1
S-9822,S-9822,Arka,FALSE,Size,6.56x4.81x2,,,,,69,S-9822,draft,https://img.uline.com/is/image/uline/S-9822?$MediumRHD$,uline,Home > All Products > Retail Packaging > Retail Boxes > Clear Lid Boxes,8.19267E+12,s-9822,OK,UPDATE: Found by Handle | Assuming MERGE for Variant Command | Assuming MERGE for Image Command | Variants updated by SKU: 1
S-7282,S-7282,Arka,FALSE,Size,7.38x5.38x1,,,,,57,S-7282,draft,https://img.uline.com/is/image/uline/S-7282?$MediumRHD$,uline,Home > All Products > Retail Packaging > Retail Boxes > Clear Lid Boxes,8.19267E+12,s-7282,OK,UPDATE: Found by Handle | Assuming MERGE for Variant Command | Assuming MERGE for Image Command | Variants updated by SKU: 1
S-9823,S-9823,Arka,FALSE,Size,7.38x5.38x2,,,,,40,S-9823,draft,https://img.uline.com/is/image/uline/S-9823?$MediumRHD$,uline,Home > All Products > Retail Packaging > Retail Boxes > Clear Lid Boxes,8.19267E+12,s-9823,OK,UPDATE: Found by Handle | Assuming MERGE for Variant Command | Assuming MERGE for Image Command | Variants updated by SKU: 1
S-9824,S-9824,Arka,FALSE,Size,8.63x5.63x2,,,,,41,S-9824,draft,https://img.uline.com/is/image/uline/S-9824?$MediumRHD$,uline,Home > All Products > Retail Packaging > Retail Boxes > Clear Lid Boxes,8.19267E+12,s-9824,OK,UPDATE: Found by Handle | Assuming MERGE for Variant Command | Assuming MERGE for Image Command | Variants updated by SKU: 1
S-7283,S-7283,Arka,FALSE,Size,8.63x5.63x1.38,,,,,64,S-7283,draft,https://img.uline.com/is/image/uline/S-7283?$MediumRHD$,uline,Home > All Products > Retail Packaging > Retail Boxes > Clear Lid Boxes,8.19267E+12,s-7283,OK,UPDATE: Found by Handle | Assuming MERGE for Variant Command | Assuming MERGE for Image Command | Variants updated by SKU: 1
S-8542,S-8542,Arka,FALSE,Size,9.63x6.38x1.63,,,,,74,S-8542,draft,https://img.uline.com/is/image/uline/S-8542?$MediumRHD$,uline,Home > All Products > Retail Packaging > Retail Boxes > Clear Lid Boxes,8.19267E+12,s-8542,OK,UPDATE: Found by Handle | Assuming MERGE for Variant Command | Assuming MERGE for Image Command | Variants updated by SKU: 1
S-7284,S-7284,Arka,FALSE,Size,10x7x2,,,,,76,S-7284,draft,https://img.uline.com/is/image/uline/S-7284?$MediumRHD$,uline,Home > All Products > Retail Packaging > Retail Boxes > Clear Lid Boxes,8.19267E+12,s-7284,OK,UPDATE: Found by Handle | Assuming MERGE for Variant Command | Assuming MERGE for Image Command | Variants updated by SKU: 1
S-8543,S-8543,Arka,FALSE,Size,11.25x8.75x2,,,,,37,S-8543,draft,https://img.uline.com/is/image/uline/S-8543?$MediumRHD$,uline,Home > All Products > Retail Packaging > Retail Boxes > Clear Lid Boxes,8.19267E+12,s-8543,OK,UPDATE: Found by Handle | Assuming MERGE for Variant Command | Assuming MERGE for Image Command | Variants updated by SKU: 1
S-10576,S-10576,Arka,FALSE,Size,12x12x2,,,,,46,S-10576,draft,https://img.uline.com/is/image/uline/S-10576?$MediumRHD$,uline,Home > All Products > Retail Packaging > Retail Boxes > Clear Lid Boxes,8.19267E+12,s-10576,OK,UPDATE: Found by Handle | Assuming MERGE for Variant Command | Assuming MERGE for Image Command | Variants updated by SKU: 1
S-15409,S-15409,Arka,FALSE,Size,4x3x2.75,,,,,78,S-15409,draft,https://img.uline.com/is/image/uline/S-15409?$MediumRHD$,uline,Home > All Products > Retail Packaging > Retail Boxes > Gable Boxes,8.19267E+12,s-15409,OK,UPDATE: Found by Handle | Assuming MERGE for Variant Command | Assuming MERGE for Image Command | Variants updated by SKU: 1
S-10567,S-10567,Arka,FALSE,Size,4x2.50x2.50,,,,,46,S-10567,draft,https://img.uline.com/is/image/uline/S-10567?$MediumRHD$,uline,Home > All Products > Retail Packaging > Retail Boxes > Gable Boxes,8.19267E+12,s-10567,OK,UPDATE: Found by Handle | Assuming MERGE for Variant Command | Assuming MERGE for Image Command | Variants updated by SKU: 1
S-13182,S-13182,Arka,FALSE,Size,6x4x4,,,,,67,S-13182,draft,https://img.uline.com/is/image/uline/S-13182?$MediumRHD$,uline,Home > All Products > Retail Packaging > Retail Boxes > Gable Boxes,8.19267E+12,s-13182,OK,UPDATE: Found by Handle | Assuming MERGE for Variant Command | Assuming MERGE for Image Command | Variants updated by SKU: 1
S-8568,S-8568,Arka,FALSE,Size,8x4.88x5.25,,,,,71,S-8568,draft,https://img.uline.com/is/image/uline/S-8568?$MediumRHD$,uline,Home > All Products > Retail Packaging > Retail Boxes > Gable Boxes,8.19267E+12,s-8568,OK,UPDATE: Found by Handle | Assuming MERGE for Variant Command | Assuming MERGE for Image Command | Variants updated by SKU: 1
S-12535,S-12535,Arka,FALSE,Size,10x7x8,,,,,132,S-12535,draft,https://img.uline.com/is/image/uline/S-12535?$MediumRHD$,uline,Home > All Products > Retail Packaging > Retail Boxes > Gable Boxes,8.19267E+12,s-12535,OK,UPDATE: Found by Handle | Assuming MERGE for Variant Command | Assuming MERGE for Image Command | Variants updated by SKU: 1
S-9616,S-9616,Arka,FALSE,Size,9x6x6,,,,,86,S-9616,draft,https://img.uline.com/is/image/uline/S-9616?$MediumRHD$,uline,Home > All Products > Retail Packaging > Retail Boxes > Gable Boxes,8.19267E+12,s-9616,OK,UPDATE: Found by Handle | Assuming MERGE for Variant Command | Assuming MERGE for Image Command | Variants updated by SKU: 1
S-13183,S-13183,Arka,FALSE,Size,6x4x4,,,,,65,S-13183,draft,https://img.uline.com/is/image/uline/S-13183?$MediumRHD$,uline,Home > All Products > Retail Packaging > Retail Boxes > Gable Boxes,8.19404E+12,s-13183,OK,NEW
S-10568,S-10568,Arka,FALSE,Size,4x2.50x2.50,,,,,44,S-10568,draft,https://img.uline.com/is/image/uline/S-10568?$MediumRHD$,uline,Home > All Products > Retail Packaging > Retail Boxes > Gable Boxes,8.19267E+12,s-10568,OK,UPDATE: Found by Handle | Assuming MERGE for Variant Command | Assuming MERGE for Image Command | Variants updated by SKU: 1
S-8567,S-8567,Arka,FALSE,Size,8x4.88x5.25,,,,,69,S-8567,draft,https://img.uline.com/is/image/uline/S-8567?$MediumRHD$,uline,Home > All Products > Retail Packaging > Retail Boxes > Gable Boxes,8.19267E+12,s-8567,OK,UPDATE: Found by Handle | Assuming MERGE for Variant Command | Assuming MERGE for Image Command | Variants updated by SKU: 1
S-9615,S-9615,Arka,FALSE,Size,9x6x6,,,,,79,S-9615,draft,https://img.uline.com/is/image/uline/S-9615?$MediumRHD$,uline,Home > All Products > Retail Packaging > Retail Boxes > Gable Boxes,8.19267E+12,s-9615,OK,UPDATE: Found by Handle | Assuming MERGE for Variant Command | Assuming MERGE for Image Command | Variants updated by SKU: 1
S-12536,S-12536,Arka,FALSE,Size,10x7x8,,,,,122,S-12536,draft,https://img.uline.com/is/image/uline/S-12536?$MediumRHD$,uline,Home > All Products > Retail Packaging > Retail Boxes > Gable Boxes,8.19267E+12,s-12536,OK,UPDATE: Found by Handle | Assuming MERGE for Variant Command | Assuming MERGE for Image Command | Variants updated by SKU: 1
S-10569,S-10569,Arka,FALSE,Size,4x2.50x2.50,Color,Black,,,51,S-10569BL,draft,https://img.uline.com/is/image/uline/S-10569BL?$MediumRHD$,uline,Home > All Products > Retail Packaging > Retail Boxes > Gable Boxes,8.19267E+12,s-10569,OK,UPDATE: Found by Handle | Assuming MERGE for Variant Command | Assuming MERGE for Image Command | Variants updated by SKU: 4
S-13184,S-13184,Arka,FALSE,Size,6x4x4,Color,Red,,,71,S-13184R,draft,https://img.uline.com/is/image/uline/S-13184R?$MediumRHD$,uline,Home > All Products > Retail Packaging > Retail Boxes > Gable Boxes,8.19267E+12,s-13184,OK,UPDATE: Found by Handle | Assuming MERGE for Variant Command | Assuming MERGE for Image Command | Variants updated by SKU: 4
S-9799,S-9799,Arka,FALSE,Size,9x6x6,Color,Black,,,107,S-9799BL,draft,https://img.uline.com/is/image/uline/S-9799BL?$MediumRHD$,uline,Home > All Products > Retail Packaging > Retail Boxes > Gable Boxes,8.19267E+12,s-9799,OK,UPDATE: Found by Handle | Assuming MERGE for Variant Command | Assuming MERGE for Image Command | Variants updated by SKU: 4
S-9798,S-9798,Arka,FALSE,Size,8x4.88x5.25,Color,Red,,,79,S-9798R,draft,https://img.uline.com/is/image/uline/S-9798R?$MediumRHD$,uline,Home > All Products > Retail Packaging > Retail Boxes > Gable Boxes,8.19267E+12,s-9798,OK,UPDATE: Found by Handle | Assuming MERGE for Variant Command | Assuming MERGE for Image Command | Variants updated by SKU: 4
S-13402,S-13402,Arka,FALSE,Size,3.50x3x1,Color,Kraft,,,36,S-13402K,draft,https://img.uline.com/is/image/uline/S-13402K?$MediumRHD$,uline,Home > All Products > Retail Packaging > Retail Boxes > Pillow Boxes,8.19267E+12,s-13402,OK,UPDATE: Found by Handle | Assuming MERGE for Variant Command | Assuming MERGE for Image Command | Variants updated by SKU: 2
S-12540,S-12540,Arka,FALSE,Size,4.50x4.50x1.50,Color,Kraft,,,46,S-12540K,draft,https://img.uline.com/is/image/uline/S-12540K?$MediumRHD$,uline,Home > All Products > Retail Packaging > Retail Boxes > Pillow Boxes,8.19267E+12,s-12540,OK,UPDATE: Found by Handle | Assuming MERGE for Variant Command | Assuming MERGE for Image Command | Variants updated by SKU: 2
S-11518,S-11518,Arka,FALSE,Size,7x5.50x2,Color,Kraft,,,69,S-11518K,draft,https://img.uline.com/is/image/uline/S-11518K?$MediumRHD$,uline,Home > All Products > Retail Packaging > Retail Boxes > Pillow Boxes,8.19267E+12,s-11518,OK,UPDATE: Found by Handle | Assuming MERGE for Variant Command | Assuming MERGE for Image Command | Variants updated by SKU: 2
S-12537,S-12537,Arka,FALSE,Size,10x7x8,Color,Black,,,137,S-12537BL,draft,https://img.uline.com/is/image/uline/S-12537BL?$MediumRHD$,uline,Home > All Products > Retail Packaging > Retail Boxes > Gable Boxes,8.19267E+12,s-12537,OK,UPDATE: Found by Handle | Assuming MERGE for Variant Command | Assuming MERGE for Image Command | Variants updated by SKU: 4
S-9806,S-9806,Arka,FALSE,Size,8.88x5x2,Color,White,,,61,S-9806W,draft,https://img.uline.com/is/image/uline/S-9806W?$MediumRHD$,uline,Home > All Products > Retail Packaging > Retail Boxes > Pillow Boxes,8.19267E+12,s-9806,OK,UPDATE: Found by Handle | Assuming MERGE for Variant Command | Assuming MERGE for Image Command | Variants updated by SKU: 2
S-12541,S-12541,Arka,FALSE,Size,12x4.75x1.25,Color,White,,,40,S-12541W,draft,https://img.uline.com/is/image/uline/S-12541W?$MediumRHD$,uline,Home > All Products > Retail Packaging > Retail Boxes > Pillow Boxes,8.19267E+12,s-12541,OK,UPDATE: Found by Handle | Assuming MERGE for Variant Command | Assuming MERGE for Image Command | Variants updated by SKU: 2
S-16771,S-16771,Arka,FALSE,Size,3.50x3x1,,,,,64,S-16771,draft,https://img.uline.com/is/image/uline/S-16771?$MediumRHD$,uline,Home > All Products > Retail Packaging > Retail Boxes > Pillow Boxes,8.19267E+12,s-16771,OK,UPDATE: Found by Handle | Assuming MERGE for Variant Command | Assuming MERGE for Image Command | Variants updated by SKU: 1
S-23001,S-23001,Arka,FALSE,Size,4.50x4.50x1.50,Color,Black,,,46,S-23001BL,draft,https://img.uline.com/is/image/uline/S-23001BL?$MediumRHD$,uline,Home > All Products > Retail Packaging > Retail Boxes > Pillow Boxes,8.19267E+12,s-23001,OK,UPDATE: Found by Handle | Assuming MERGE for Variant Command | Assuming MERGE for Image Command | Variants updated by SKU: 4
S-23000,S-23000,Arka,FALSE,Size,3.50x3x1,Color,Black,,,36,S-23000BL,draft,https://img.uline.com/is/image/uline/S-23000BL?$MediumRHD$,uline,Home > All Products > Retail Packaging > Retail Boxes > Pillow Boxes,8.19267E+12,s-23000,OK,UPDATE: Found by Handle | Assuming MERGE for Variant Command | Assuming MERGE for Image Command | Variants updated by SKU: 4
S-12538,S-12538,Arka,FALSE,Size,4.13x3.50x3,,,,,59,S-12538,draft,https://img.uline.com/is/image/uline/S-12538?$MediumRHD$,uline,Home > All Products > Retail Packaging > Retail Boxes > Pillow Boxes,8.19267E+12,s-12538,OK,UPDATE: Found by Handle | Assuming MERGE for Variant Command | Assuming MERGE for Image Command | Variants updated by SKU: 1
S-16772,S-16772,Arka,FALSE,Size,4.50x4.50x1.50,,,,,79,S-16772,draft,https://img.uline.com/is/image/uline/S-16772?$MediumRHD$,uline,Home > All Products > Retail Packaging > Retail Boxes > Pillow Boxes,8.19267E+12,s-16772,OK,UPDATE: Found by Handle | Assuming MERGE for Variant Command | Assuming MERGE for Image Command | Variants updated by SKU: 1
S-13403,S-13403,Arka,FALSE,Size,7x5.50x2,Color,Silver,,,69,S-13403SIL,draft,https://img.uline.com/is/image/uline/S-13403SIL?$MediumRHD$,uline,Home > All Products > Retail Packaging > Retail Boxes > Pillow Boxes,8.19267E+12,s-13403,OK,UPDATE: Found by Handle | Assuming MERGE for Variant Command | Assuming MERGE for Image Command | Variants updated by SKU: 4
S-13348,S-13348,Arka,FALSE,Size,7x5.50x2,,,,,91,S-13348,draft,https://img.uline.com/is/image/uline/S-13348?$MediumRHD$,uline,Home > All Products > Retail Packaging > Retail Boxes > Pillow Boxes,8.19267E+12,s-13348,OK,UPDATE: Found by Handle | Assuming MERGE for Variant Command | Assuming MERGE for Image Command | Variants updated by SKU: 1
S-12539,S-12539,Arka,FALSE,Size,8x4.50x1.13,,,,,69,S-12539,draft,https://img.uline.com/is/image/uline/S-12539?$MediumRHD$,uline,Home > All Products > Retail Packaging > Retail Boxes > Pillow Boxes,8.19267E+12,s-12539,OK,UPDATE: Found by Handle | Assuming MERGE for Variant Command | Assuming MERGE for Image Command | Variants updated by SKU: 1
S-16773,S-16773,Arka,FALSE,Size,12x4.75x1.25,,,,,123,S-16773,draft,https://img.uline.com/is/image/uline/S-16773?$MediumRHD$,uline,Home > All Products > Retail Packaging > Retail Boxes > Pillow Boxes,8.19267E+12,s-16773,OK,UPDATE: Found by Handle | Assuming MERGE for Variant Command | Assuming MERGE for Image Command | Variants updated by SKU: 1
S-13349,S-13349,Arka,FALSE,Size,8.88x5x2,,,,,95,S-13349,draft,https://img.uline.com/is/image/uline/S-13349?$MediumRHD$,uline,Home > All Products > Retail Packaging > Retail Boxes > Pillow Boxes,8.19267E+12,s-13349,OK,UPDATE: Found by Handle | Assuming MERGE for Variant Command | Assuming MERGE for Image Command | Variants updated by SKU: 1
S-25100,S-25100,Arka,FALSE,Size,6x6x3,Color,Black,,,2.55,S-25100BL,draft,https://img.uline.com/is/image/uline/S-25100BL?$MediumRHD$,uline,Home > All Products > Retail Packaging > Retail Boxes > Glamour Boxes,8.19267E+12,s-25100,OK,UPDATE: Found by Handle | Assuming MERGE for Variant Command | Assuming MERGE for Image Command | Variants updated by SKU: 4
S-25101,S-25101,Arka,FALSE,Size,8x8x3,Color,Black,,,3.05,S-25101BL,draft,https://img.uline.com/is/image/uline/S-25101BL?$MediumRHD$,uline,Home > All Products > Retail Packaging > Retail Boxes > Glamour Boxes,8.19267E+12,s-25101,OK,UPDATE: Found by Handle | Assuming MERGE for Variant Command | Assuming MERGE for Image Command | Variants updated by SKU: 4
S-25102,S-25102,Arka,FALSE,Size,9x6.50x2.75,Color,Black,,,3.05,S-25102BL,draft,https://img.uline.com/is/image/uline/S-25102BL?$MediumRHD$,uline,Home > All Products > Retail Packaging > Retail Boxes > Glamour Boxes,8.19267E+12,s-25102,OK,UPDATE: Found by Handle | Assuming MERGE for Variant Command | Assuming MERGE for Image Command | Variants updated by SKU: 4
S-25103,S-25103,Arka,FALSE,Size,9x6.50x4,Color,Black,,,3.3,S-25103BL,draft,https://img.uline.com/is/image/uline/S-25103BL?$MediumRHD$,uline,Home > All Products > Retail Packaging > Retail Boxes > Glamour Boxes,8.19267E+12,s-25103,OK,UPDATE: Found by Handle | Assuming MERGE for Variant Command | Assuming MERGE for Image Command | Variants updated by SKU: 4
S-10651,S-10651,Arka,FALSE,Size,1.63x1.63x8,,,,,90,S-10651,draft,https://img.uline.com/is/image/uline/S-10651?$MediumRHD$,uline,Home > All Products > Retail Packaging > Retail Boxes > Clear Vinyl Boxes,8.19267E+12,s-10651,OK,UPDATE: Found by Handle | Assuming MERGE for Variant Command | Assuming MERGE for Image Command | Variants updated by SKU: 1
S-9728,S-9728,Arka,FALSE,Size,2x2x2,,,,,76,S-9728,draft,https://img.uline.com/is/image/uline/S-9728?$MediumRHD$,uline,Home > All Products > Retail Packaging > Retail Boxes > Clear Vinyl Boxes,8.19267E+12,s-9728,OK,UPDATE: Found by Handle | Assuming MERGE for Variant Command | Assuming MERGE for Image Command | Variants updated by SKU: 1
S-9729,S-9729,Arka,FALSE,Size,3x3x3,,,,,91,S-9729,draft,https://img.uline.com/is/image/uline/S-9729?$MediumRHD$,uline,Home > All Products > Retail Packaging > Retail Boxes > Clear Vinyl Boxes,8.19267E+12,s-9729,OK,UPDATE: Found by Handle | Assuming MERGE for Variant Command | Assuming MERGE for Image Command | Variants updated by SKU: 1
S-20670,S-20670,Arka,FALSE,Size,4x4x2,,,,,110,S-20670,draft,https://img.uline.com/is/image/uline/S-20670?$MediumRHD$,uline,Home > All Products > Retail Packaging > Retail Boxes > Clear Vinyl Boxes,8.19267E+12,s-20670,OK,UPDATE: Found by Handle | Assuming MERGE for Variant Command | Assuming MERGE for Image Command | Variants updated by SKU: 1
S-9730,S-9730,Arka,FALSE,Size,4x4x4,,,,,128,S-9730,draft,https://img.uline.com/is/image/uline/S-9730?$MediumRHD$,uline,Home > All Products > Retail Packaging > Retail Boxes > Clear Vinyl Boxes,8.19267E+12,s-9730,OK,UPDATE: Found by Handle | Assuming MERGE for Variant Command | Assuming MERGE for Image Command | Variants updated by SKU: 1
S-9731,S-9731,Arka,FALSE,Size,4x4x6,,,,,146,S-9731,draft,https://img.uline.com/is/image/uline/S-9731?$MediumRHD$,uline,Home > All Products > Retail Packaging > Retail Boxes > Clear Vinyl Boxes,8.19267E+12,s-9731,OK,UPDATE: Found by Handle | Assuming MERGE for Variant Command | Assuming MERGE for Image Command | Variants updated by SKU: 1
S-13353,S-13353,Arka,FALSE,Size,4x4x8,,,,,92,S-13353,draft,https://img.uline.com/is/image/uline/S-13353?$MediumRHD$,uline,Home > All Products > Retail Packaging > Retail Boxes > Clear Vinyl Boxes,8.19267E+12,s-13353,OK,UPDATE: Found by Handle | Assuming MERGE for Variant Command | Assuming MERGE for Image Command | Variants updated by SKU: 1
S-12545,S-12545,Arka,FALSE,Size,5x5x5,,,,,160,S-12545,draft,https://img.uline.com/is/image/uline/S-12545?$MediumRHD$,uline,Home > All Products > Retail Packaging > Retail Boxes > Clear Vinyl Boxes,8.19267E+12,s-12545,OK,UPDATE: Found by Handle | Assuming MERGE for Variant Command | Assuming MERGE for Image Command | Variants updated by SKU: 1
S-10650,S-10650,Arka,FALSE,Size,5.50x3.75x2,,,,,108,S-10650,draft,https://img.uline.com/is/image/uline/S-10650?$MediumRHD$,uline,Home > All Products > Retail Packaging > Retail Boxes > Clear Vinyl Boxes,8.19267E+12,s-10650,OK,UPDATE: Found by Handle | Assuming MERGE for Variant Command | Assuming MERGE for Image Command | Variants updated by SKU: 1
S-12546,S-12546,Arka,FALSE,Size,6x6x6,,,,,121,S-12546,draft,https://img.uline.com/is/image/uline/S-12546?$MediumRHD$,uline,Home > All Products > Retail Packaging > Retail Boxes > Clear Vinyl Boxes,8.19267E+12,s-12546,OK,UPDATE: Found by Handle | Assuming MERGE for Variant Command | Assuming MERGE for Image Command | Variants updated by SKU: 1
S-12547,S-12547,Arka,FALSE,Size,12x12x12,,,,,217,S-12547,draft,https://img.uline.com/is/image/uline/S-12547?$MediumRHD$,uline,Home > All Products > Retail Packaging > Retail Boxes > Clear Vinyl Boxes,8.19267E+12,s-12547,OK,UPDATE: Found by Handle | Assuming MERGE for Variant Command | Assuming MERGE for Image Command | Variants updated by SKU: 1
S-25118,S-25118,Arka,FALSE,Size,6.75x4.88x3,,,,,35,S-25118,draft,https://img.uline.com/is/image/uline/S-25118?$MediumRHD$,uline,Home > All Products > Retail Packaging > Retail Boxes > Wood Gift Boxes,8.19267E+12,s-25118,OK,UPDATE: Found by Handle | Assuming MERGE for Variant Command | Assuming MERGE for Image Command | Variants updated by SKU: 1
S-25119,S-25119,Arka,FALSE,Size,8x8x3.13,,,,,45,S-25119,draft,https://img.uline.com/is/image/uline/S-25119?$MediumRHD$,uline,Home > All Products > Retail Packaging > Retail Boxes > Wood Gift Boxes,8.19267E+12,s-25119,OK,UPDATE: Found by Handle | Assuming MERGE for Variant Command | Assuming MERGE for Image Command | Variants updated by SKU: 1
S-25120,S-25120,Arka,FALSE,Size,10x10x5,,,,,85,S-25120,draft,https://img.uline.com/is/image/uline/S-25120?$MediumRHD$,uline,Home > All Products > Retail Packaging > Retail Boxes > Wood Gift Boxes,8.19267E+12,s-25120,OK,UPDATE: Found by Handle | Assuming MERGE for Variant Command | Assuming MERGE for Image Command | Variants updated by SKU: 1
S-25121,S-25121,Arka,FALSE,Size,14x4x4,,,,,65,S-25121,draft,https://img.uline.com/is/image/uline/S-25121?$MediumRHD$,uline,Home > All Products > Retail Packaging > Retail Boxes > Wood Gift Boxes,8.19267E+12,s-25121,OK,UPDATE: Found by Handle | Assuming MERGE for Variant Command | Assuming MERGE for Image Command | Variants updated by SKU: 1
S-25108,S-25108,Arka,FALSE,Size,3.63x3.50x1.50,Color,White,,,55,S-25108W,draft,https://img.uline.com/is/image/uline/S-25108W?$MediumRHD$,uline,Home > All Products > Retail Packaging > Retail Boxes > Magnetic Gift Boxes,8.19267E+12,s-25108,OK,UPDATE: Found by Handle | Assuming MERGE for Variant Command | Assuming MERGE for Image Command | Variants updated by SKU: 3
S-25111,S-25111,Arka,FALSE,Size,3.63x3.50x1.50,Color,Black,,,65,S-25111BL,draft,https://img.uline.com/is/image/uline/S-25111BL?$MediumRHD$,uline,Home > All Products > Retail Packaging > Retail Boxes > Magnetic Gift Boxes,8.19267E+12,s-25111,OK,UPDATE: Found by Handle | Assuming MERGE for Variant Command | Assuming MERGE for Image Command | Variants updated by SKU: 4
S-24094,S-24094,Arka,FALSE,Size,6x6x2.75,Color,White,,,70,S-24094W,draft,https://img.uline.com/is/image/uline/S-24094W?$MediumRHD$,uline,Home > All Products > Retail Packaging > Retail Boxes > Magnetic Gift Boxes,8.19267E+12,s-24094,OK,"UPDATE: Found by Handle | Assuming MERGE for Variant Command | Assuming MERGE for Image Command | Variants updated by SKU: 3 | Warning: The following media were not downloaded by Shopify: [S-24094R => [""Shopify API failed with an unexpected error, usually it's a Shopify outage that takes longer to resolve - please, retry later or contact Matrixify Support.""] - Shopify failed to download media. Test to upload media from URL manually for a Product to be sure that your links are working and supported by Shopify or contact support for assistance.]"
S-24510,S-24510,Arka,FALSE,Size,6x6x2.75,Color,Black,,,90,S-24510BL,draft,https://img.uline.com/is/image/uline/S-24510BL?$MediumRHD$,uline,Home > All Products > Retail Packaging > Retail Boxes > Magnetic Gift Boxes,8.19267E+12,s-24510,OK,UPDATE: Found by Handle | Assuming MERGE for Variant Command | Assuming MERGE for Image Command | Variants updated by SKU: 4
S-24095,S-24095,Arka,FALSE,Size,8x8x3.13,Color,White,,,80,S-24095W,draft,https://img.uline.com/is/image/uline/S-24095W?$MediumRHD$,uline,Home > All Products > Retail Packaging > Retail Boxes > Magnetic Gift Boxes,8.19267E+12,s-24095,OK,UPDATE: Found by Handle | Assuming MERGE for Variant Command | Assuming MERGE for Image Command | Variants updated by SKU: 3
S-24096,S-24096,Arka,FALSE,Size,10x10x4.50,Color,Black,,,90,S-24096BL,draft,https://img.uline.com/is/image/uline/S-24096BL?$MediumRHD$,uline,Home > All Products > Retail Packaging > Retail Boxes > Magnetic Gift Boxes,8.19267E+12,s-24096,OK,UPDATE: Found by Handle | Assuming MERGE for Variant Command | Assuming MERGE for Image Command | Variants updated by SKU: 3
S-24511,S-24511,Arka,FALSE,Size,8x8x3.13,Color,White,,,105,S-24511W,draft,https://img.uline.com/is/image/uline/S-24511W?$MediumRHD$,uline,Home > All Products > Retail Packaging > Retail Boxes > Magnetic Gift Boxes,8.19267E+12,s-24511,OK,UPDATE: Found by Handle | Assuming MERGE for Variant Command | Assuming MERGE for Image Command | Variants updated by SKU: 4
S-24512,S-24512,Arka,FALSE,Size,10x10x4.50,Color,Black,,,120,S-24512BL,draft,https://img.uline.com/is/image/uline/S-24512BL?$MediumRHD$,uline,Home > All Products > Retail Packaging > Retail Boxes > Magnetic Gift Boxes,8.19267E+12,s-24512,OK,UPDATE: Found by Handle | Assuming MERGE for Variant Command | Assuming MERGE for Image Command | Variants updated by SKU: 4
S-25109,S-25109,Arka,FALSE,Size,12x12x4.50,Color,White,,,115,S-25109W,draft,https://img.uline.com/is/image/uline/S-25109W?$MediumRHD$,uline,Home > All Products > Retail Packaging > Retail Boxes > Magnetic Gift Boxes,8.19267E+12,s-25109,OK,UPDATE: Found by Handle | Assuming MERGE for Variant Command | Assuming MERGE for Image Command | Variants updated by SKU: 3
S-24576,S-24576,Arka,FALSE,Size,13x10.75x5.50,Color,White,,,130,S-24576W,draft,https://img.uline.com/is/image/uline/S-24576W?$MediumRHD$,uline,Home > All Products > Retail Packaging > Retail Boxes > Magnetic Gift Boxes,8.19267E+12,s-24576,OK,UPDATE: Found by Handle | Assuming MERGE for Variant Command | Assuming MERGE for Image Command | Variants updated by SKU: 3
S-25112,S-25112,Arka,FALSE,Size,12x12x4.50,Color,Black,,,145,S-25112BL,draft,https://img.uline.com/is/image/uline/S-25112BL?$MediumRHD$,uline,Home > All Products > Retail Packaging > Retail Boxes > Magnetic Gift Boxes,8.19267E+12,s-25112,OK,UPDATE: Found by Handle | Assuming MERGE for Variant Command | Assuming MERGE for Image Command | Variants updated by SKU: 4
S-25110,S-25110,Arka,FALSE,Size,16x12x8,Color,White,,,110,S-25110W,draft,https://img.uline.com/is/image/uline/S-25110W?$MediumRHD$,uline,Home > All Products > Retail Packaging > Retail Boxes > Magnetic Gift Boxes,8.19267E+12,s-25110,OK,UPDATE: Found by Handle | Assuming MERGE for Variant Command | Assuming MERGE for Image Command | Variants updated by SKU: 3
S-17565,S-17565,Arka,FALSE,Size,4.50x4.50x4.50,,,,,188,S-17565,draft,https://img.uline.com/is/image/uline/S-17565?$MediumRHD$,uline,Home > All Products > Food Service and Packaging > Bakery Supplies > Cake and Bakery Boxes,8.19267E+12,s-17565,OK,UPDATE: Found by Handle | Assuming MERGE for Variant Command | Assuming MERGE for Image Command | Variants updated by SKU: 1
S-25113,S-25113,Arka,FALSE,Size,13x10.75x5.50,Color,Black,,,160,S-25113BL,draft,https://img.uline.com/is/image/uline/S-25113BL?$MediumRHD$,uline,Home > All Products > Retail Packaging > Retail Boxes > Magnetic Gift Boxes,8.19267E+12,s-25113,OK,UPDATE: Found by Handle | Assuming MERGE for Variant Command | Assuming MERGE for Image Command | Variants updated by SKU: 4
S-19922,S-19922,Arka,FALSE,Size,6x6x3,,,,,163,S-19922,draft,https://img.uline.com/is/image/uline/S-19922?$MediumRHD$,uline,Home > All Products > Food Service and Packaging > Bakery Supplies > Cake and Bakery Boxes,8.19267E+12,s-19922,OK,UPDATE: Found by Handle | Assuming MERGE for Variant Command | Assuming MERGE for Image Command | Variants updated by SKU: 1
S-16813,S-16813,Arka,FALSE,Size,8x8x2.50,,,,,177,S-16813,draft,https://img.uline.com/is/image/uline/S-16813?$MediumRHD$,uline,Home > All Products > Food Service and Packaging > Bakery Supplies > Cake and Bakery Boxes,8.19267E+12,s-16813,OK,UPDATE: Found by Handle | Assuming MERGE for Variant Command | Assuming MERGE for Image Command | Variants updated by SKU: 1
S-25114,S-25114,Arka,FALSE,Size,16x12x8,Color,Black,,,140,S-25114BL,draft,https://img.uline.com/is/image/uline/S-25114BL?$MediumRHD$,uline,Home > All Products > Retail Packaging > Retail Boxes > Magnetic Gift Boxes,8.19267E+12,s-25114,OK,UPDATE: Found by Handle | Assuming MERGE for Variant Command | Assuming MERGE for Image Command | Variants updated by SKU: 4
S-13254,S-13254,Arka,FALSE,Size,8x8x4,,,,,191,S-13254,draft,https://img.uline.com/is/image/uline/S-13254?$MediumRHD$,uline,Home > All Products > Food Service and Packaging > Bakery Supplies > Cake and Bakery Boxes,8.19267E+12,s-13254,OK,UPDATE: Found by Handle | Assuming MERGE for Variant Command | Assuming MERGE for Image Command | Variants updated by SKU: 1
S-16814,S-16814,Arka,FALSE,Size,9x9x2.50,,,,,195,S-16814,draft,https://img.uline.com/is/image/uline/S-16814?$MediumRHD$,uline,Home > All Products > Food Service and Packaging > Bakery Supplies > Cake and Bakery Boxes,8.19267E+12,s-16814,OK,UPDATE: Found by Handle | Assuming MERGE for Variant Command | Assuming MERGE for Image Command | Variants updated by SKU: 1
S-15467,S-15467,Arka,FALSE,Size,10x10x2.50,,,,,199,S-15467,draft,https://img.uline.com/is/image/uline/S-15467?$MediumRHD$,uline,Home > All Products > Food Service and Packaging > Bakery Supplies > Cake and Bakery Boxes,8.19267E+12,s-15467,OK,UPDATE: Found by Handle | Assuming MERGE for Variant Command | Assuming MERGE for Image Command | Variants updated by SKU: 1
S-12967,S-12967,Arka,FALSE,Size,10x10x5,,,,,215,S-12967,draft,https://img.uline.com/is/image/uline/S-12967?$MediumRHD$,uline,Home > All Products > Food Service and Packaging > Bakery Supplies > Cake and Bakery Boxes,8.19267E+12,s-12967,OK,UPDATE: Found by Handle | Assuming MERGE for Variant Command | Assuming MERGE for Image Command | Variants updated by SKU: 1
S-7981,S-7981,Arka,FALSE,Size,19x14x4,,,,,124,S-7981,draft,https://img.uline.com/is/image/uline/S-7981?$MediumRHD$,uline,Home > All Products > Food Service and Packaging > Bakery Supplies > Cake and Bakery Boxes,8.19267E+12,s-7981,OK,UPDATE: Found by Handle | Assuming MERGE for Variant Command | Assuming MERGE for Image Command | Variants updated by SKU: 1
S-12476,S-12476,Arka,FALSE,Size,14x10x4,,,,,173,S-12476,draft,https://img.uline.com/is/image/uline/S-12476?$MediumRHD$,uline,Home > All Products > Food Service and Packaging > Bakery Supplies > Cake and Bakery Boxes,8.19267E+12,s-12476,OK,UPDATE: Found by Handle | Assuming MERGE for Variant Command | Assuming MERGE for Image Command | Variants updated by SKU: 1
S-17566,S-17566,Arka,FALSE,Size,4.50x4.50x4.50,,,,,105,S-17566,draft,https://img.uline.com/is/image/uline/S-17566?$MediumRHD$,uline,Home > All Products > Food Service and Packaging > Bakery Supplies > Cake and Bakery Boxes,8.19267E+12,s-17566,OK,UPDATE: Found by Handle | Assuming MERGE for Variant Command | Assuming MERGE for Image Command | Variants updated by SKU: 1
S-17916,S-17916,Arka,FALSE,Size,6x6x3,,,,,102,S-17916,draft,https://img.uline.com/is/image/uline/S-17916?$MediumRHD$,uline,Home > All Products > Food Service and Packaging > Bakery Supplies > Cake and Bakery Boxes,8.19267E+12,s-17916,OK,UPDATE: Found by Handle | Assuming MERGE for Variant Command | Assuming MERGE for Image Command | Variants updated by SKU: 1
S-15469,S-15469,Arka,FALSE,Size,6x6x4,,,,,110,S-15469,draft,https://img.uline.com/is/image/uline/S-15469?$MediumRHD$,uline,Home > All Products > Food Service and Packaging > Bakery Supplies > Cake and Bakery Boxes,8.19267E+12,s-15469,OK,UPDATE: Found by Handle | Assuming MERGE for Variant Command | Assuming MERGE for Image Command | Variants updated by SKU: 1
S-17917,S-17917,Arka,FALSE,Size,8x4x4,,,,,115,S-17917,draft,https://img.uline.com/is/image/uline/S-17917?$MediumRHD$,uline,Home > All Products > Food Service and Packaging > Bakery Supplies > Cake and Bakery Boxes,8.19267E+12,s-17917,OK,UPDATE: Found by Handle | Assuming MERGE for Variant Command | Assuming MERGE for Image Command | Variants updated by SKU: 1
S-15470,S-15470,Arka,FALSE,Size,8x8x4,,,,,145,S-15470,draft,https://img.uline.com/is/image/uline/S-15470?$MediumRHD$,uline,Home > All Products > Food Service and Packaging > Bakery Supplies > Cake and Bakery Boxes,8.19267E+12,s-15470,OK,UPDATE: Found by Handle | Assuming MERGE for Variant Command | Assuming MERGE for Image Command | Variants updated by SKU: 1
S-19921,S-19921,Arka,FALSE,Size,9x9x2.50,,,,,136,S-19921,draft,https://img.uline.com/is/image/uline/S-19921?$MediumRHD$,uline,Home > All Products > Food Service and Packaging > Bakery Supplies > Cake and Bakery Boxes,8.19267E+12,s-19921,OK,UPDATE: Found by Handle | Assuming MERGE for Variant Command | Assuming MERGE for Image Command | Variants updated by SKU: 1
S-16812,S-16812,Arka,FALSE,Size,10x10x2.50,,,,,144,S-16812,draft,https://img.uline.com/is/image/uline/S-16812?$MediumRHD$,uline,Home > All Products > Food Service and Packaging > Bakery Supplies > Cake and Bakery Boxes,8.19267E+12,s-16812,OK,UPDATE: Found by Handle | Assuming MERGE for Variant Command | Assuming MERGE for Image Command | Variants updated by SKU: 1
S-17918,S-17918,Arka,FALSE,Size,10x10x3,,,,,150,S-17918,draft,https://img.uline.com/is/image/uline/S-17918?$MediumRHD$,uline,Home > All Products > Food Service and Packaging > Bakery Supplies > Cake and Bakery Boxes,8.19267E+12,s-17918,OK,UPDATE: Found by Handle | Assuming MERGE for Variant Command | Assuming MERGE for Image Command | Variants updated by SKU: 1
S-15471,S-15471,Arka,FALSE,Size,10x10x4,,,,,99,S-15471,draft,https://img.uline.com/is/image/uline/S-15471?$MediumRHD$,uline,Home > All Products > Food Service and Packaging > Bakery Supplies > Cake and Bakery Boxes,8.19267E+12,s-15471,OK,UPDATE: Found by Handle | Assuming MERGE for Variant Command | Assuming MERGE for Image Command | Variants updated by SKU: 1
S-10694,S-10694,Arka,FALSE,Size,10x10x5.50,,,,,111,S-10694,draft,https://img.uline.com/is/image/uline/S-10694?$MediumRHD$,uline,Home > All Products > Food Service and Packaging > Bakery Supplies > Cake and Bakery Boxes,8.19267E+12,s-10694,OK,UPDATE: Found by Handle | Assuming MERGE for Variant Command | Assuming MERGE for Image Command | Variants updated by SKU: 1
S-12970,S-12970,Arka,FALSE,Size,12x12x6,,,,,82,S-12970,draft,https://img.uline.com/is/image/uline/S-12970?$MediumRHD$,uline,Home > All Products > Food Service and Packaging > Bakery Supplies > Cake and Bakery Boxes,8.19267E+12,s-12970,OK,UPDATE: Found by Handle | Assuming MERGE for Variant Command | Assuming MERGE for Image Command | Variants updated by SKU: 1
S-12475,S-12475,Arka,FALSE,Size,14x10x4,,,,,113,S-12475,draft,https://img.uline.com/is/image/uline/S-12475?$MediumRHD$,uline,Home > All Products > Food Service and Packaging > Bakery Supplies > Cake and Bakery Boxes,8.19267E+12,s-12475,OK,UPDATE: Found by Handle | Assuming MERGE for Variant Command | Assuming MERGE for Image Command | Variants updated by SKU: 1
S-13256,S-13256,Arka,FALSE,Size,19x14x4,,,,,109,S-13256,draft,https://img.uline.com/is/image/uline/S-13256?$MediumRHD$,uline,Home > All Products > Food Service and Packaging > Bakery Supplies > Cake and Bakery Boxes,8.19267E+12,s-13256,OK,UPDATE: Found by Handle | Assuming MERGE for Variant Command | Assuming MERGE for Image Command | Variants updated by SKU: 1
S-14257,S-14257,Arka,FALSE,Size,26x18.50x4,,,,,94,S-14257,draft,https://img.uline.com/is/image/uline/S-14257?$MediumRHD$,uline,Home > All Products > Food Service and Packaging > Bakery Supplies > Cake and Bakery Boxes,8.19267E+12,s-14257,OK,UPDATE: Found by Handle | Assuming MERGE for Variant Command | Assuming MERGE for Image Command | Variants updated by SKU: 1
S-8569,S-8569,Arka,FALSE,Size,5.50x2.75x1.75,,,,,68,S-8569,draft,https://img.uline.com/is/image/uline/S-8569?$MediumRHD$,uline,Home > All Products > Food Service and Packaging > Bakery Supplies > Candy Boxes and Pads,8.19267E+12,s-8569,OK,UPDATE: Found by Handle | Assuming MERGE for Variant Command | Assuming MERGE for Image Command | Variants updated by SKU: 1
S-9835,S-9835,Arka,FALSE,Size,8.88x3.75x2.38,,,,,130,S-9835,draft,https://img.uline.com/is/image/uline/S-9835?$MediumRHD$,uline,Home > All Products > Food Service and Packaging > Bakery Supplies > Candy Boxes and Pads,8.19267E+12,s-9835,OK,UPDATE: Found by Handle | Assuming MERGE for Variant Command | Assuming MERGE for Image Command | Variants updated by SKU: 1
S-8570,S-8570,Arka,FALSE,Size,7.13x3.38x1.88,,,,,86,S-8570,draft,https://img.uline.com/is/image/uline/S-8570?$MediumRHD$,uline,Home > All Products > Food Service and Packaging > Bakery Supplies > Candy Boxes and Pads,8.19267E+12,s-8570,OK,UPDATE: Found by Handle | Assuming MERGE for Variant Command | Assuming MERGE for Image Command | Variants updated by SKU: 1
S-9820,S-9820,Arka,FALSE,Size,10.63x4.25x2.50,,,,,199,S-9820,draft,https://img.uline.com/is/image/uline/S-9820?$MediumRHD$,uline,Home > All Products > Food Service and Packaging > Bakery Supplies > Candy Boxes and Pads,8.19267E+12,s-9820,OK,UPDATE: Found by Handle | Assuming MERGE for Variant Command | Assuming MERGE for Image Command | Variants updated by SKU: 1
S-12462,S-12462,Arka,FALSE,Size,7x4.38x1.13,,,,,158,S-12462,draft,https://img.uline.com/is/image/uline/S-12462?$MediumRHD$,uline,Home > All Products > Food Service and Packaging > Bakery Supplies > Candy Boxes and Pads,8.19267E+12,s-12462,OK,UPDATE: Found by Handle | Assuming MERGE for Variant Command | Assuming MERGE for Image Command | Variants updated by SKU: 1
S-7982,S-7982,Arka,FALSE,Size,9.38x5.63x1.13,,,,,88,S-7982,draft,https://img.uline.com/is/image/uline/S-7982?$MediumRHD$,uline,Home > All Products > Food Service and Packaging > Bakery Supplies > Candy Boxes and Pads,8.19267E+12,s-7982,OK,UPDATE: Found by Handle | Assuming MERGE for Variant Command | Assuming MERGE for Image Command | Variants updated by SKU: 1
S-8571,S-8571,Arka,FALSE,Size,9.38x5.63x2,,,,,128,S-8571,draft,https://img.uline.com/is/image/uline/S-8571?$MediumRHD$,uline,Home > All Products > Food Service and Packaging > Bakery Supplies > Candy Boxes and Pads,8.19267E+12,s-8571,OK,UPDATE: Found by Handle | Assuming MERGE for Variant Command | Assuming MERGE for Image Command | Variants updated by SKU: 1
S-21901,S-21901,Arka,FALSE,Size,24x18x16,,,,,112,S-21901,draft,https://img.uline.com/is/image/uline/S-21901?$MediumRHD$,uline,"Home > All Products > Shelving, Bins and Storage > Sterilite® Storage Boxes > Storage Boxes",8.1927E+12,s-21901,OK,UPDATE: Found by Handle | Assuming MERGE for Variant Command | Assuming MERGE for Image Command | Variants updated by SKU: 1
S-21902,S-21902,Arka,FALSE,Size,31x20x17,,,,,136,S-21902,draft,https://img.uline.com/is/image/uline/S-21902?$MediumRHD$,uline,"Home > All Products > Shelving, Bins and Storage > Sterilite® Storage Boxes > Storage Boxes",8.1927E+12,s-21902,OK,UPDATE: Found by Handle | Assuming MERGE for Variant Command | Assuming MERGE for Image Command | Variants updated by SKU: 1
S-14599,S-14599,Arka,FALSE,Size,18x12x12,,,,,70,S-14599,draft,https://img.uline.com/is/image/uline/S-14599?$MediumRHD$,uline,"Home > All Products > Shelving, Bins and Storage > Sterilite® Storage Boxes > Clear Storage Boxes",8.19271E+12,s-14599,OK,UPDATE: Found by Handle | Assuming MERGE for Variant Command | Assuming MERGE for Image Command | Variants updated by SKU: 1
S-14598,S-14598,Arka,FALSE,Size,18x12x7,,,,,54,S-14598,draft,https://img.uline.com/is/image/uline/S-14598?$MediumRHD$,uline,"Home > All Products > Shelving, Bins and Storage > Sterilite® Storage Boxes > Clear Storage Boxes",8.19271E+12,s-14598,OK,UPDATE: Found by Handle | Assuming MERGE for Variant Command | Assuming MERGE for Image Command | Variants updated by SKU: 1
S-14600,S-14600,Arka,FALSE,Size,26x16x14,,,,,84,S-14600,draft,https://img.uline.com/is/image/uline/S-14600?$MediumRHD$,uline,"Home > All Products > Shelving, Bins and Storage > Sterilite® Storage Boxes > Clear Storage Boxes",8.19271E+12,s-14600,OK,UPDATE: Found by Handle | Assuming MERGE for Variant Command | Assuming MERGE for Image Command | Variants updated by SKU: 1
S-14601,S-14601,Arka,FALSE,Size,33x20x14,,,,,135,S-14601,draft,https://img.uline.com/is/image/uline/S-14601?$MediumRHD$,uline,"Home > All Products > Shelving, Bins and Storage > Sterilite® Storage Boxes > Clear Storage Boxes",8.19271E+12,s-14601,OK,UPDATE: Found by Handle | Assuming MERGE for Variant Command | Assuming MERGE for Image Command | Variants updated by SKU: 1
S-16975,S-16975,Arka,FALSE,Size,10.75x8.13x5,Color,Blue,,,8.05,S-16975BLU,draft,https://img.uline.com/is/image/uline/S-16975BLU?$MediumRHD$,uline,"Home > All Products > Shelving, Bins and Storage > Plastic Bins > Divider Boxes",8.19271E+12,s-16975,OK,UPDATE: Found by Handle | Assuming MERGE for Variant Command | Assuming MERGE for Image Command | Variants updated by SKU: 3
S-19495,S-19495,Arka,FALSE,Size,16.50x11x3.50,Color,Blue,,,11.5,S-19495BLU,draft,https://img.uline.com/is/image/uline/S-19495BLU?$MediumRHD$,uline,"Home > All Products > Shelving, Bins and Storage > Plastic Bins > Divider Boxes",8.19271E+12,s-19495,OK,UPDATE: Found by Handle | Assuming MERGE for Variant Command | Assuming MERGE for Image Command | Variants updated by SKU: 3
S-16976,S-16976,Arka,FALSE,Size,16.50x10.88x6,Color,Blue,,,13.75,S-16976BLU,draft,https://img.uline.com/is/image/uline/S-16976BLU?$MediumRHD$,uline,"Home > All Products > Shelving, Bins and Storage > Plastic Bins > Divider Boxes",8.19271E+12,s-16976,OK,UPDATE: Found by Handle | Assuming MERGE for Variant Command | Assuming MERGE for Image Command | Variants updated by SKU: 3
S-22734,S-22734,Arka,FALSE,Size,22.50x17.50x3,Color,Blue,,,21.1,S-22734BLU,draft,https://img.uline.com/is/image/uline/S-22734BLU?$MediumRHD$,uline,"Home > All Products > Shelving, Bins and Storage > Plastic Bins > Divider Boxes",8.19271E+12,s-22734,OK,UPDATE: Found by Handle | Assuming MERGE for Variant Command | Assuming MERGE for Image Command | Variants updated by SKU: 3
S-16977,S-16977,Arka,FALSE,Size,16.50x10.88x8,Color,Blue,,,17.35,S-16977BLU,draft,https://img.uline.com/is/image/uline/S-16977BLU?$MediumRHD$,uline,"Home > All Products > Shelving, Bins and Storage > Plastic Bins > Divider Boxes",8.19271E+12,s-16977,OK,UPDATE: Found by Handle | Assuming MERGE for Variant Command | Assuming MERGE for Image Command | Variants updated by SKU: 3
S-19497,S-19497,Arka,FALSE,Size,16.50x10.88x6,,,,,16.5,S-19497,draft,https://img.uline.com/is/image/uline/S-19497?$MediumRHD$,uline,"Home > All Products > Shelving, Bins and Storage > Plastic Bins > Divider Boxes",8.19271E+12,s-19497,OK,UPDATE: Found by Handle | Assuming MERGE for Variant Command | Assuming MERGE for Image Command | Variants updated by SKU: 1
S-19496,S-19496,Arka,FALSE,Size,22.38x17.38x6.13,Color,Blue,,,23.9,S-19496BLU,draft,https://img.uline.com/is/image/uline/S-19496BLU?$MediumRHD$,uline,"Home > All Products > Shelving, Bins and Storage > Plastic Bins > Divider Boxes",8.19271E+12,s-19496,OK,UPDATE: Found by Handle | Assuming MERGE for Variant Command | Assuming MERGE for Image Command | Variants updated by SKU: 3
S-16978,S-16978,Arka,FALSE,Size,22.50x17.50x8,Color,Blue,,,25.65,S-16978BLU,draft,https://img.uline.com/is/image/uline/S-16978BLU?$MediumRHD$,uline,"Home > All Products > Shelving, Bins and Storage > Plastic Bins > Divider Boxes",8.19271E+12,s-16978,OK,UPDATE: Found by Handle | Assuming MERGE for Variant Command | Assuming MERGE for Image Command | Variants updated by SKU: 3
S-19498,S-19498,Arka,FALSE,Size,16.50x10.88x8,,,,,20.7,S-19498,draft,https://img.uline.com/is/image/uline/S-19498?$MediumRHD$,uline,"Home > All Products > Shelving, Bins and Storage > Plastic Bins > Divider Boxes",8.19271E+12,s-19498,OK,UPDATE: Found by Handle | Assuming MERGE for Variant Command | Assuming MERGE for Image Command | Variants updated by SKU: 1
S-16979,S-16979,Arka,FALSE,Size,22.50x17.50x12,Color,Blue,,,33.85,S-16979BLU,draft,https://img.uline.com/is/image/uline/S-16979BLU?$MediumRHD$,uline,"Home > All Products > Shelving, Bins and Storage > Plastic Bins > Divider Boxes",8.19271E+12,s-16979,OK,UPDATE: Found by Handle | Assuming MERGE for Variant Command | Assuming MERGE for Image Command | Variants updated by SKU: 3
S-23362,S-23362,Arka,FALSE,Size,22.38x17.38x6.13,,,,,27.65,S-23362,draft,https://img.uline.com/is/image/uline/S-23362?$MediumRHD$,uline,"Home > All Products > Shelving, Bins and Storage > Plastic Bins > Divider Boxes",8.19271E+12,s-23362,OK,UPDATE: Found by Handle | Assuming MERGE for Variant Command | Assuming MERGE for Image Command | Variants updated by SKU: 1
S-19499,S-19499,Arka,FALSE,Size,22.50x17.50x8,,,,,30.7,S-19499,draft,https://img.uline.com/is/image/uline/S-19499?$MediumRHD$,uline,"Home > All Products > Shelving, Bins and Storage > Plastic Bins > Divider Boxes",8.19271E+12,s-19499,OK,UPDATE: Found by Handle | Assuming MERGE for Variant Command | Assuming MERGE for Image Command | Variants updated by SKU: 1
S-22214,S-22214,Arka,FALSE,Size,22.50x17.50x12,,,,,40.55,S-22214,draft,https://img.uline.com/is/image/uline/S-22214?$MediumRHD$,uline,"Home > All Products > Shelving, Bins and Storage > Plastic Bins > Divider Boxes",8.19271E+12,s-22214,OK,UPDATE: Found by Handle | Assuming MERGE for Variant Command | Assuming MERGE for Image Command | Variants updated by SKU: 1
S-19501,S-19501,Arka,FALSE,Size,22x17x7,,,,,18,S-19501,draft,https://img.uline.com/is/image/uline/S-19501?$MediumRHD$,uline,"Home > All Products > Shelving, Bins and Storage > Totes / Plastic Storage Boxes > Tote Boxes",8.19271E+12,s-19501,OK,UPDATE: Found by Handle | Assuming MERGE for Variant Command | Assuming MERGE for Image Command | Variants updated by SKU: 1
S-19500,S-19500,Arka,FALSE,Size,20x15x5,Color,Gray,,,12,S-19500GR,draft,https://img.uline.com/is/image/uline/S-19500GR?$MediumRHD$,uline,"Home > All Products > Shelving, Bins and Storage > Totes / Plastic Storage Boxes > Tote Boxes",8.19271E+12,s-19500,OK,UPDATE: Found by Handle | Assuming MERGE for Variant Command | Assuming MERGE for Image Command | Variants updated by SKU: 2
